0 2 0 1 0 -2 0 -1152921504606846977
1 2 0 1 0 -2 0 -1152921504606846977
2 2 0 1 0 -2 0 -1152921504606846977
3 2 0 1 0 -2 0 -1152921504606846977
0 2 0 1 0 -2 0 -1
1 2 0 1 0 -2 0 -1
2 2 0 1 0 -2 0 -1
3 2 0 1 0 -2 0 -1
0 2 0 1 0 -2 0 2
1 2 0 1 0 -2 0 2
2 2 0 1 0 -2 0 2
3 2 0 1 0 -2 0 2
0 2 0 1 0 -2 0 15
1 2 0 1 0 -2 0 15
2 2 0 1 0 -2 0 15
3 2 0 1 0 -2 0 15
0 2 0 1 0 -2 0 1152921504606846977
1 2 0 1 0 -2 0 1152921504606846977
2 2 0 1 0 -2 0 1152921504606846977
3 2 0 1 0 -2 0 1152921504606846977
0 2 0 1 0 -1 0 -1152921504606846977
1 2 0 1 0 -1 0 -1152921504606846977
2 2 0 1 0 -1 0 -1152921504606846977
3 2 0 1 0 -1 0 -1152921504606846977
0 2 0 1 0 -1 0 -1
1 2 0 1 0 -1 0 -1
2 2 0 1 0 -1 0 -1
3 2 0 1 0 -1 0 -1
0 2 0 1 0 -1 0 2
1 2 0 1 0 -1 0 2
2 2 0 1 0 -1 0 2
3 2 0 1 0 -1 0 2
0 2 0 1 0 -1 0 15
1 2 0 1 0 -1 0 15
2 2 0 1 0 -1 0 15
3 2 0 1 0 -1 0 15
0 2 0 1 0 -1 0 1152921504606846977
1 2 0 1 0 -1 0 1152921504606846977
2 2 0 1 0 -1 0 1152921504606846977
3 2 0 1 0 -1 0 1152921504606846977
0 2 0 1 0 0 0 -1152921504606846977
1 2 0 1 0 0 0 -1152921504606846977
2 2 0 1 0 0 0 -1152921504606846977
3 2 0 1 0 0 0 -1152921504606846977
0 2 0 1 0 0 0 -1
1 2 0 1 0 0 0 -1
2 2 0 1 0 0 0 -1
3 2 0 1 0 0 0 -1
0 2 0 1 0 0 0 2
1 2 0 1 0 0 0 2
2 2 0 1 0 0 0 2
3 2 0 1 0 0 0 2
0 2 0 1 0 0 0 15
1 2 0 1 0 0 0 15
2 2 0 1 0 0 0 15
3 2 0 1 0 0 0 15
0 2 0 1 0 0 0 1152921504606846977
1 2 0 1 0 0 0 1152921504606846977
2 2 0 1 0 0 0 1152921504606846977
3 2 0 1 0 0 0 1152921504606846977
0 2 0 1 0 1 0 -1152921504606846977
1 2 0 1 0 1 0 -1152921504606846977
2 2 0 1 0 1 0 -1152921504606846977
3 2 0 1 0 1 0 -1152921504606846977
0 2 0 1 0 1 0 -1
1 2 0 1 0 1 0 -1
2 2 0 1 0 1 0 -1
3 2 0 1 0 1 0 -1
0 2 0 1 0 1 0 2
1 2 0 1 0 1 0 2
2 2 0 1 0 1 0 2
3 2 0 1 0 1 0 2
0 2 0 1 0 1 0 15
1 2 0 1 0 1 0 15
2 2 0 1 0 1 0 15
3 2 0 1 0 1 0 15
0 2 0 1 0 1 0 1152921504606846977
1 2 0 1 0 1 0 1152921504606846977
2 2 0 1 0 1 0 1152921504606846977
3 2 0 1 0 1 0 1152921504606846977
0 2 0 1 0 2 0 -1152921504606846977
1 2 0 1 0 2 0 -1152921504606846977
2 2 0 1 0 2 0 -1152921504606846977
3 2 0 1 0 2 0 -1152921504606846977
0 2 0 1 0 2 0 -1
1 2 0 1 0 2 0 -1
2 2 0 1 0 2 0 -1
3 2 0 1 0 2 0 -1
0 2 0 1 0 2 0 2
1 2 0 1 0 2 0 2
2 2 0 1 0 2 0 2
3 2 0 1 0 2 0 2
0 2 0 1 0 2 0 15
1 2 0 1 0 2 0 15
2 2 0 1 0 2 0 15
3 2 0 1 0 2 0 15
0 2 0 1 0 2 0 1152921504606846977
1 2 0 1 0 2 0 1152921504606846977
2 2 0 1 0 2 0 1152921504606846977
3 2 0 1 0 2 0 1152921504606846977
0 2 0 1 0 3 0 -1152921504606846977
1 2 0 1 0 3 0 -1152921504606846977
2 2 0 1 0 3 0 -1152921504606846977
3 2 0 1 0 3 0 -1152921504606846977
0 2 0 1 0 3 0 -1
1 2 0 1 0 3 0 -1
2 2 0 1 0 3 0 -1
3 2 0 1 0 3 0 -1
0 2 0 1 0 3 0 2
1 2 0 1 0 3 0 2
2 2 0 1 0 3 0 2
3 2 0 1 0 3 0 2
0 2 0 1 0 3 0 15
1 2 0 1 0 3 0 15
2 2 0 1 0 3 0 15
3 2 0 1 0 3 0 15
0 2 0 1 0 3 0 1152921504606846977
1 2 0 1 0 3 0 1152921504606846977
2 2 0 1 0 3 0 1152921504606846977
3 2 0 1 0 3 0 1152921504606846977
0 2 0 1 0 4 0 -1152921504606846977
1 2 0 1 0 4 0 -1152921504606846977
2 2 0 1 0 4 0 -1152921504606846977
3 2 0 1 0 4 0 -1152921504606846977
0 2 0 1 0 4 0 -1
1 2 0 1 0 4 0 -1
2 2 0 1 0 4 0 -1
3 2 0 1 0 4 0 -1
0 2 0 1 0 4 0 2
1 2 0 1 0 4 0 2
2 2 0 1 0 4 0 2
3 2 0 1 0 4 0 2
0 2 0 1 0 4 0 15
1 2 0 1 0 4 0 15
2 2 0 1 0 4 0 15
3 2 0 1 0 4 0 15
0 2 0 1 0 4 0 1152921504606846977
1 2 0 1 0 4 0 1152921504606846977
2 2 0 1 0 4 0 1152921504606846977
3 2 0 1 0 4 0 1152921504606846977
0 2 1 1 -1152921504606846977 0 1 -9223372036854775808
1 2 1 1 -1152921504606846977 0 1 -9223372036854775808
2 2 1 1 -1152921504606846977 0 1 -9223372036854775808
3 2 1 1 -1152921504606846977 0 1 -9223372036854775808
0 2 1 1 -1152921504606846977 0 1 2
1 2 1 1 -1152921504606846977 0 1 2
2 2 1 1 -1152921504606846977 0 1 2
3 2 1 1 -1152921504606846977 0 1 2
0 2 1 1 -1152921504606846977 0 1 1152921504606846976
1 2 1 1 -1152921504606846977 0 1 1152921504606846976
2 2 1 1 -1152921504606846977 0 1 1152921504606846976
3 2 1 1 -1152921504606846977 0 1 1152921504606846976
0 2 1 1 -1152921504606846977 0 1 1152921504606846977
1 2 1 1 -1152921504606846977 0 1 1152921504606846977
2 2 1 1 -1152921504606846977 0 1 1152921504606846977
3 2 1 1 -1152921504606846977 0 1 1152921504606846977
0 2 1 1 -1152921504606846977 0 1 9223372036854775807
1 2 1 1 -1152921504606846977 0 1 9223372036854775807
2 2 1 1 -1152921504606846977 0 1 9223372036854775807
3 2 1 1 -1152921504606846977 0 1 9223372036854775807
0 2 1 1 -1152921504606846976 0 1 -9223372036854775808
1 2 1 1 -1152921504606846976 0 1 -9223372036854775808
2 2 1 1 -1152921504606846976 0 1 -9223372036854775808
3 2 1 1 -1152921504606846976 0 1 -9223372036854775808
0 2 1 1 -1152921504606846976 0 1 2
1 2 1 1 -1152921504606846976 0 1 2
2 2 1 1 -1152921504606846976 0 1 2
3 2 1 1 -1152921504606846976 0 1 2
0 2 1 1 -1152921504606846976 0 1 1152921504606846976
1 2 1 1 -1152921504606846976 0 1 1152921504606846976
2 2 1 1 -1152921504606846976 0 1 1152921504606846976
3 2 1 1 -1152921504606846976 0 1 1152921504606846976
0 2 1 1 -1152921504606846976 0 1 1152921504606846977
1 2 1 1 -1152921504606846976 0 1 1152921504606846977
2 2 1 1 -1152921504606846976 0 1 1152921504606846977
3 2 1 1 -1152921504606846976 0 1 1152921504606846977
0 2 1 1 -1152921504606846976 0 1 9223372036854775807
1 2 1 1 -1152921504606846976 0 1 9223372036854775807
2 2 1 1 -1152921504606846976 0 1 9223372036854775807
3 2 1 1 -1152921504606846976 0 1 9223372036854775807
0 2 1 1 -1 0 1 -9223372036854775808
1 2 1 1 -1 0 1 -9223372036854775808
2 2 1 1 -1 0 1 -9223372036854775808
3 2 1 1 -1 0 1 -9223372036854775808
0 2 1 1 -1 0 1 2
1 2 1 1 -1 0 1 2
2 2 1 1 -1 0 1 2
3 2 1 1 -1 0 1 2
0 2 1 1 -1 0 1 1152921504606846976
1 2 1 1 -1 0 1 1152921504606846976
2 2 1 1 -1 0 1 1152921504606846976
3 2 1 1 -1 0 1 1152921504606846976
0 2 1 1 -1 0 1 1152921504606846977
1 2 1 1 -1 0 1 1152921504606846977
2 2 1 1 -1 0 1 1152921504606846977
3 2 1 1 -1 0 1 1152921504606846977
0 2 1 1 -1 0 1 9223372036854775807
1 2 1 1 -1 0 1 9223372036854775807
2 2 1 1 -1 0 1 9223372036854775807
3 2 1 1 -1 0 1 9223372036854775807
0 2 1 1 0 0 1 -9223372036854775808
1 2 1 1 0 0 1 -9223372036854775808
2 2 1 1 0 0 1 -9223372036854775808
3 2 1 1 0 0 1 -9223372036854775808
0 2 1 1 0 0 1 2
1 2 1 1 0 0 1 2
2 2 1 1 0 0 1 2
3 2 1 1 0 0 1 2
0 2 1 1 0 0 1 1152921504606846976
1 2 1 1 0 0 1 1152921504606846976
2 2 1 1 0 0 1 1152921504606846976
3 2 1 1 0 0 1 1152921504606846976
0 2 1 1 0 0 1 1152921504606846977
1 2 1 1 0 0 1 1152921504606846977
2 2 1 1 0 0 1 1152921504606846977
3 2 1 1 0 0 1 1152921504606846977
0 2 1 1 0 0 1 9223372036854775807
1 2 1 1 0 0 1 9223372036854775807
2 2 1 1 0 0 1 9223372036854775807
3 2 1 1 0 0 1 9223372036854775807
0 2 1 1 1 0 1 -9223372036854775808
1 2 1 1 1 0 1 -9223372036854775808
2 2 1 1 1 0 1 -9223372036854775808
3 2 1 1 1 0 1 -9223372036854775808
0 2 1 1 1 0 1 2
1 2 1 1 1 0 1 2
2 2 1 1 1 0 1 2
3 2 1 1 1 0 1 2
0 2 1 1 1 0 1 1152921504606846976
1 2 1 1 1 0 1 1152921504606846976
2 2 1 1 1 0 1 1152921504606846976
3 2 1 1 1 0 1 1152921504606846976
0 2 1 1 1 0 1 1152921504606846977
1 2 1 1 1 0 1 1152921504606846977
2 2 1 1 1 0 1 1152921504606846977
3 2 1 1 1 0 1 1152921504606846977
0 2 1 1 1 0 1 9223372036854775807
1 2 1 1 1 0 1 9223372036854775807
2 2 1 1 1 0 1 9223372036854775807
3 2 1 1 1 0 1 9223372036854775807
0 2 1 1 2 0 1 -9223372036854775808
1 2 1 1 2 0 1 -9223372036854775808
2 2 1 1 2 0 1 -9223372036854775808
3 2 1 1 2 0 1 -9223372036854775808
0 2 1 1 2 0 1 2
1 2 1 1 2 0 1 2
2 2 1 1 2 0 1 2
3 2 1 1 2 0 1 2
0 2 1 1 2 0 1 1152921504606846976
1 2 1 1 2 0 1 1152921504606846976
2 2 1 1 2 0 1 1152921504606846976
3 2 1 1 2 0 1 1152921504606846976
0 2 1 1 2 0 1 1152921504606846977
1 2 1 1 2 0 1 1152921504606846977
2 2 1 1 2 0 1 1152921504606846977
3 2 1 1 2 0 1 1152921504606846977
0 2 1 1 2 0 1 9223372036854775807
1 2 1 1 2 0 1 9223372036854775807
2 2 1 1 2 0 1 9223372036854775807
3 2 1 1 2 0 1 9223372036854775807
0 2 1 1 1152921504606846975 0 1 -9223372036854775808
1 2 1 1 1152921504606846975 0 1 -9223372036854775808
2 2 1 1 1152921504606846975 0 1 -9223372036854775808
3 2 1 1 1152921504606846975 0 1 -9223372036854775808
0 2 1 1 1152921504606846975 0 1 2
1 2 1 1 1152921504606846975 0 1 2
2 2 1 1 1152921504606846975 0 1 2
3 2 1 1 1152921504606846975 0 1 2
0 2 1 1 1152921504606846975 0 1 1152921504606846976
1 2 1 1 1152921504606846975 0 1 1152921504606846976
2 2 1 1 1152921504606846975 0 1 1152921504606846976
3 2 1 1 1152921504606846975 0 1 1152921504606846976
0 2 1 1 1152921504606846975 0 1 1152921504606846977
1 2 1 1 1152921504606846975 0 1 1152921504606846977
2 2 1 1 1152921504606846975 0 1 1152921504606846977
3 2 1 1 1152921504606846975 0 1 1152921504606846977
0 2 1 1 1152921504606846975 0 1 9223372036854775807
1 2 1 1 1152921504606846975 0 1 9223372036854775807
2 2 1 1 1152921504606846975 0 1 9223372036854775807
3 2 1 1 1152921504606846975 0 1 9223372036854775807
0 2 1 1 1152921504606846976 0 1 -9223372036854775808
1 2 1 1 1152921504606846976 0 1 -9223372036854775808
2 2 1 1 1152921504606846976 0 1 -9223372036854775808
3 2 1 1 1152921504606846976 0 1 -9223372036854775808
0 2 1 1 1152921504606846976 0 1 2
1 2 1 1 1152921504606846976 0 1 2
2 2 1 1 1152921504606846976 0 1 2
3 2 1 1 1152921504606846976 0 1 2
0 2 1 1 1152921504606846976 0 1 1152921504606846976
1 2 1 1 1152921504606846976 0 1 1152921504606846976
2 2 1 1 1152921504606846976 0 1 1152921504606846976
3 2 1 1 1152921504606846976 0 1 1152921504606846976
0 2 1 1 1152921504606846976 0 1 1152921504606846977
1 2 1 1 1152921504606846976 0 1 1152921504606846977
2 2 1 1 1152921504606846976 0 1 1152921504606846977
3 2 1 1 1152921504606846976 0 1 1152921504606846977
0 2 1 1 1152921504606846976 0 1 9223372036854775807
1 2 1 1 1152921504606846976 0 1 9223372036854775807
2 2 1 1 1152921504606846976 0 1 9223372036854775807
3 2 1 1 1152921504606846976 0 1 9223372036854775807
0 2 1 1 1152921504606846977 0 1 -9223372036854775808
1 2 1 1 1152921504606846977 0 1 -9223372036854775808
2 2 1 1 1152921504606846977 0 1 -9223372036854775808
3 2 1 1 1152921504606846977 0 1 -9223372036854775808
0 2 1 1 1152921504606846977 0 1 2
1 2 1 1 1152921504606846977 0 1 2
2 2 1 1 1152921504606846977 0 1 2
3 2 1 1 1152921504606846977 0 1 2
0 2 1 1 1152921504606846977 0 1 1152921504606846976
1 2 1 1 1152921504606846977 0 1 1152921504606846976
2 2 1 1 1152921504606846977 0 1 1152921504606846976
3 2 1 1 1152921504606846977 0 1 1152921504606846976
0 2 1 1 1152921504606846977 0 1 1152921504606846977
1 2 1 1 1152921504606846977 0 1 1152921504606846977
2 2 1 1 1152921504606846977 0 1 1152921504606846977
3 2 1 1 1152921504606846977 0 1 1152921504606846977
0 2 1 1 1152921504606846977 0 1 9223372036854775807
1 2 1 1 1152921504606846977 0 1 9223372036854775807
2 2 1 1 1152921504606846977 0 1 9223372036854775807
3 2 1 1 1152921504606846977 0 1 9223372036854775807
0 2 0 1 0 576460752303423488 0 1152921504606846976
1 2 0 1 0 576460752303423488 0 1152921504606846976
2 2 0 1 0 576460752303423488 0 1152921504606846976
3 2 0 1 0 576460752303423488 0 1152921504606846976
0 2 0 1 0 576460752303423488 0 1152921504606846977
1 2 0 1 0 576460752303423488 0 1152921504606846977
2 2 0 1 0 576460752303423488 0 1152921504606846977
3 2 0 1 0 576460752303423488 0 1152921504606846977
0 2 0 1 0 576460752303423488 0 9223372036854775807
1 2 0 1 0 576460752303423488 0 9223372036854775807
2 2 0 1 0 576460752303423488 0 9223372036854775807
3 2 0 1 0 576460752303423488 0 9223372036854775807
0 2 0 1 0 576460752303423489 0 1152921504606846976
1 2 0 1 0 576460752303423489 0 1152921504606846976
2 2 0 1 0 576460752303423489 0 1152921504606846976
3 2 0 1 0 576460752303423489 0 1152921504606846976
0 2 0 1 0 576460752303423489 0 1152921504606846977
1 2 0 1 0 576460752303423489 0 1152921504606846977
2 2 0 1 0 576460752303423489 0 1152921504606846977
3 2 0 1 0 576460752303423489 0 1152921504606846977
0 2 0 1 0 576460752303423489 0 9223372036854775807
1 2 0 1 0 576460752303423489 0 9223372036854775807
2 2 0 1 0 576460752303423489 0 9223372036854775807
3 2 0 1 0 576460752303423489 0 9223372036854775807
0 2 0 1 0 1152921504606846976 0 1152921504606846976
1 2 0 1 0 1152921504606846976 0 1152921504606846976
2 2 0 1 0 1152921504606846976 0 1152921504606846976
3 2 0 1 0 1152921504606846976 0 1152921504606846976
0 2 0 1 0 1152921504606846976 0 1152921504606846977
1 2 0 1 0 1152921504606846976 0 1152921504606846977
2 2 0 1 0 1152921504606846976 0 1152921504606846977
3 2 0 1 0 1152921504606846976 0 1152921504606846977
0 2 0 1 0 1152921504606846976 0 9223372036854775807
1 2 0 1 0 1152921504606846976 0 9223372036854775807
2 2 0 1 0 1152921504606846976 0 9223372036854775807
3 2 0 1 0 1152921504606846976 0 9223372036854775807
0 2 0 1 0 1152921504606846977 0 1152921504606846976
1 2 0 1 0 1152921504606846977 0 1152921504606846976
2 2 0 1 0 1152921504606846977 0 1152921504606846976
3 2 0 1 0 1152921504606846977 0 1152921504606846976
0 2 0 1 0 1152921504606846977 0 1152921504606846977
1 2 0 1 0 1152921504606846977 0 1152921504606846977
2 2 0 1 0 1152921504606846977 0 1152921504606846977
3 2 0 1 0 1152921504606846977 0 1152921504606846977
0 2 0 1 0 1152921504606846977 0 9223372036854775807
1 2 0 1 0 1152921504606846977 0 9223372036854775807
2 2 0 1 0 1152921504606846977 0 9223372036854775807
3 2 0 1 0 1152921504606846977 0 9223372036854775807
0 2 0 1 0 0 1 -9223372036854775808
1 2 0 1 0 0 1 -9223372036854775808
2 2 0 1 0 0 1 -9223372036854775808
3 2 0 1 0 0 1 -9223372036854775808
0 2 0 1 0 0 1 9223372036854775807
1 2 0 1 0 0 1 9223372036854775807
2 2 0 1 0 0 1 9223372036854775807
3 2 0 1 0 0 1 9223372036854775807
0 2 1 1 2 0 1 33554433
1 2 1 1 2 0 1 33554433
2 2 1 1 2 0 1 33554433
3 2 1 1 2 0 1 33554433
0 2 1 1 2 0 1 22369621
1 2 1 1 2 0 1 22369621
2 2 1 1 2 0 1 22369621
3 2 1 1 2 0 1 22369621
0 3 0 1 0 -2 0 -1152921504606846977
1 3 0 1 0 -2 0 -1152921504606846977
2 3 0 1 0 -2 0 -1152921504606846977
3 3 0 1 0 -2 0 -1152921504606846977
0 3 0 1 0 -2 0 -1
1 3 0 1 0 -2 0 -1
2 3 0 1 0 -2 0 -1
3 3 0 1 0 -2 0 -1
0 3 0 1 0 -2 0 1
1 3 0 1 0 -2 0 1
2 3 0 1 0 -2 0 1
3 3 0 1 0 -2 0 1
0 3 0 1 0 -2 0 15
1 3 0 1 0 -2 0 15
2 3 0 1 0 -2 0 15
3 3 0 1 0 -2 0 15
0 3 0 1 0 -2 0 1152921504606846977
1 3 0 1 0 -2 0 1152921504606846977
2 3 0 1 0 -2 0 1152921504606846977
3 3 0 1 0 -2 0 1152921504606846977
0 3 0 1 0 -1 0 -1152921504606846977
1 3 0 1 0 -1 0 -1152921504606846977
2 3 0 1 0 -1 0 -1152921504606846977
3 3 0 1 0 -1 0 -1152921504606846977
0 3 0 1 0 -1 0 -1
1 3 0 1 0 -1 0 -1
2 3 0 1 0 -1 0 -1
3 3 0 1 0 -1 0 -1
0 3 0 1 0 -1 0 1
1 3 0 1 0 -1 0 1
2 3 0 1 0 -1 0 1
3 3 0 1 0 -1 0 1
0 3 0 1 0 -1 0 15
1 3 0 1 0 -1 0 15
2 3 0 1 0 -1 0 15
3 3 0 1 0 -1 0 15
0 3 0 1 0 -1 0 1152921504606846977
1 3 0 1 0 -1 0 1152921504606846977
2 3 0 1 0 -1 0 1152921504606846977
3 3 0 1 0 -1 0 1152921504606846977
0 3 0 1 0 0 0 -1152921504606846977
1 3 0 1 0 0 0 -1152921504606846977
2 3 0 1 0 0 0 -1152921504606846977
3 3 0 1 0 0 0 -1152921504606846977
0 3 0 1 0 0 0 -1
1 3 0 1 0 0 0 -1
2 3 0 1 0 0 0 -1
3 3 0 1 0 0 0 -1
0 3 0 1 0 0 0 1
1 3 0 1 0 0 0 1
2 3 0 1 0 0 0 1
3 3 0 1 0 0 0 1
0 3 0 1 0 0 0 15
1 3 0 1 0 0 0 15
2 3 0 1 0 0 0 15
3 3 0 1 0 0 0 15
0 3 0 1 0 0 0 1152921504606846977
1 3 0 1 0 0 0 1152921504606846977
2 3 0 1 0 0 0 1152921504606846977
3 3 0 1 0 0 0 1152921504606846977
0 3 0 1 0 1 0 -1152921504606846977
1 3 0 1 0 1 0 -1152921504606846977
2 3 0 1 0 1 0 -1152921504606846977
3 3 0 1 0 1 0 -1152921504606846977
0 3 0 1 0 1 0 -1
1 3 0 1 0 1 0 -1
2 3 0 1 0 1 0 -1
3 3 0 1 0 1 0 -1
0 3 0 1 0 1 0 1
1 3 0 1 0 1 0 1
2 3 0 1 0 1 0 1
3 3 0 1 0 1 0 1
0 3 0 1 0 1 0 15
1 3 0 1 0 1 0 15
2 3 0 1 0 1 0 15
3 3 0 1 0 1 0 15
0 3 0 1 0 1 0 1152921504606846977
1 3 0 1 0 1 0 1152921504606846977
2 3 0 1 0 1 0 1152921504606846977
3 3 0 1 0 1 0 1152921504606846977
0 3 0 1 0 2 0 -1152921504606846977
1 3 0 1 0 2 0 -1152921504606846977
2 3 0 1 0 2 0 -1152921504606846977
3 3 0 1 0 2 0 -1152921504606846977
0 3 0 1 0 2 0 -1
1 3 0 1 0 2 0 -1
2 3 0 1 0 2 0 -1
3 3 0 1 0 2 0 -1
0 3 0 1 0 2 0 1
1 3 0 1 0 2 0 1
2 3 0 1 0 2 0 1
3 3 0 1 0 2 0 1
0 3 0 1 0 2 0 15
1 3 0 1 0 2 0 15
2 3 0 1 0 2 0 15
3 3 0 1 0 2 0 15
0 3 0 1 0 2 0 1152921504606846977
1 3 0 1 0 2 0 1152921504606846977
2 3 0 1 0 2 0 1152921504606846977
3 3 0 1 0 2 0 1152921504606846977
0 3 0 1 0 3 0 -1152921504606846977
1 3 0 1 0 3 0 -1152921504606846977
2 3 0 1 0 3 0 -1152921504606846977
3 3 0 1 0 3 0 -1152921504606846977
0 3 0 1 0 3 0 -1
1 3 0 1 0 3 0 -1
2 3 0 1 0 3 0 -1
3 3 0 1 0 3 0 -1
0 3 0 1 0 3 0 1
1 3 0 1 0 3 0 1
2 3 0 1 0 3 0 1
3 3 0 1 0 3 0 1
0 3 0 1 0 3 0 15
1 3 0 1 0 3 0 15
2 3 0 1 0 3 0 15
3 3 0 1 0 3 0 15
0 3 0 1 0 3 0 1152921504606846977
1 3 0 1 0 3 0 1152921504606846977
2 3 0 1 0 3 0 1152921504606846977
3 3 0 1 0 3 0 1152921504606846977
0 3 1 1 -1152921504606846977 0 1 -9223372036854775808
1 3 1 1 -1152921504606846977 0 1 -9223372036854775808
2 3 1 1 -1152921504606846977 0 1 -9223372036854775808
3 3 1 1 -1152921504606846977 0 1 -9223372036854775808
0 3 1 1 -1152921504606846977 0 1 1
1 3 1 1 -1152921504606846977 0 1 1
2 3 1 1 -1152921504606846977 0 1 1
3 3 1 1 -1152921504606846977 0 1 1
0 3 1 1 -1152921504606846977 0 1 1152921504606846976
1 3 1 1 -1152921504606846977 0 1 1152921504606846976
2 3 1 1 -1152921504606846977 0 1 1152921504606846976
3 3 1 1 -1152921504606846977 0 1 1152921504606846976
0 3 1 1 -1152921504606846977 0 1 1152921504606846977
1 3 1 1 -1152921504606846977 0 1 1152921504606846977
2 3 1 1 -1152921504606846977 0 1 1152921504606846977
3 3 1 1 -1152921504606846977 0 1 1152921504606846977
0 3 1 1 -1152921504606846977 0 1 9223372036854775807
1 3 1 1 -1152921504606846977 0 1 9223372036854775807
2 3 1 1 -1152921504606846977 0 1 9223372036854775807
3 3 1 1 -1152921504606846977 0 1 9223372036854775807
0 3 1 1 -1152921504606846976 0 1 -9223372036854775808
1 3 1 1 -1152921504606846976 0 1 -9223372036854775808
2 3 1 1 -1152921504606846976 0 1 -9223372036854775808
3 3 1 1 -1152921504606846976 0 1 -9223372036854775808
0 3 1 1 -1152921504606846976 0 1 1
1 3 1 1 -1152921504606846976 0 1 1
2 3 1 1 -1152921504606846976 0 1 1
3 3 1 1 -1152921504606846976 0 1 1
0 3 1 1 -1152921504606846976 0 1 1152921504606846976
1 3 1 1 -1152921504606846976 0 1 1152921504606846976
2 3 1 1 -1152921504606846976 0 1 1152921504606846976
3 3 1 1 -1152921504606846976 0 1 1152921504606846976
0 3 1 1 -1152921504606846976 0 1 1152921504606846977
1 3 1 1 -1152921504606846976 0 1 1152921504606846977
2 3 1 1 -1152921504606846976 0 1 1152921504606846977
3 3 1 1 -1152921504606846976 0 1 1152921504606846977
0 3 1 1 -1152921504606846976 0 1 9223372036854775807
1 3 1 1 -1152921504606846976 0 1 9223372036854775807
2 3 1 1 -1152921504606846976 0 1 9223372036854775807
3 3 1 1 -1152921504606846976 0 1 9223372036854775807
0 3 1 1 -1 0 1 -9223372036854775808
1 3 1 1 -1 0 1 -9223372036854775808
2 3 1 1 -1 0 1 -9223372036854775808
3 3 1 1 -1 0 1 -9223372036854775808
0 3 1 1 -1 0 1 1
1 3 1 1 -1 0 1 1
2 3 1 1 -1 0 1 1
3 3 1 1 -1 0 1 1
0 3 1 1 -1 0 1 1152921504606846976
1 3 1 1 -1 0 1 1152921504606846976
2 3 1 1 -1 0 1 1152921504606846976
3 3 1 1 -1 0 1 1152921504606846976
0 3 1 1 -1 0 1 1152921504606846977
1 3 1 1 -1 0 1 1152921504606846977
2 3 1 1 -1 0 1 1152921504606846977
3 3 1 1 -1 0 1 1152921504606846977
0 3 1 1 -1 0 1 9223372036854775807
1 3 1 1 -1 0 1 9223372036854775807
2 3 1 1 -1 0 1 9223372036854775807
3 3 1 1 -1 0 1 9223372036854775807
0 3 1 1 0 0 1 -9223372036854775808
1 3 1 1 0 0 1 -9223372036854775808
2 3 1 1 0 0 1 -9223372036854775808
3 3 1 1 0 0 1 -9223372036854775808
0 3 1 1 0 0 1 1
1 3 1 1 0 0 1 1
2 3 1 1 0 0 1 1
3 3 1 1 0 0 1 1
0 3 1 1 0 0 1 1152921504606846976
1 3 1 1 0 0 1 1152921504606846976
2 3 1 1 0 0 1 1152921504606846976
3 3 1 1 0 0 1 1152921504606846976
0 3 1 1 0 0 1 1152921504606846977
1 3 1 1 0 0 1 1152921504606846977
2 3 1 1 0 0 1 1152921504606846977
3 3 1 1 0 0 1 1152921504606846977
0 3 1 1 0 0 1 9223372036854775807
1 3 1 1 0 0 1 9223372036854775807
2 3 1 1 0 0 1 9223372036854775807
3 3 1 1 0 0 1 9223372036854775807
0 3 1 1 0 0 1 -9223372036854775808
1 3 1 1 0 0 1 -9223372036854775808
2 3 1 1 0 0 1 -9223372036854775808
3 3 1 1 0 0 1 -9223372036854775808
0 3 1 1 0 0 1 1
1 3 1 1 0 0 1 1
2 3 1 1 0 0 1 1
3 3 1 1 0 0 1 1
0 3 1 1 0 0 1 1152921504606846976
1 3 1 1 0 0 1 1152921504606846976
2 3 1 1 0 0 1 1152921504606846976
3 3 1 1 0 0 1 1152921504606846976
0 3 1 1 0 0 1 1152921504606846977
1 3 1 1 0 0 1 1152921504606846977
2 3 1 1 0 0 1 1152921504606846977
3 3 1 1 0 0 1 1152921504606846977
0 3 1 1 0 0 1 9223372036854775807
1 3 1 1 0 0 1 9223372036854775807
2 3 1 1 0 0 1 9223372036854775807
3 3 1 1 0 0 1 9223372036854775807
0 3 1 1 1 0 1 -9223372036854775808
1 3 1 1 1 0 1 -9223372036854775808
2 3 1 1 1 0 1 -9223372036854775808
3 3 1 1 1 0 1 -9223372036854775808
0 3 1 1 1 0 1 1
1 3 1 1 1 0 1 1
2 3 1 1 1 0 1 1
3 3 1 1 1 0 1 1
0 3 1 1 1 0 1 1152921504606846976
1 3 1 1 1 0 1 1152921504606846976
2 3 1 1 1 0 1 1152921504606846976
3 3 1 1 1 0 1 1152921504606846976
0 3 1 1 1 0 1 1152921504606846977
1 3 1 1 1 0 1 1152921504606846977
2 3 1 1 1 0 1 1152921504606846977
3 3 1 1 1 0 1 1152921504606846977
0 3 1 1 1 0 1 9223372036854775807
1 3 1 1 1 0 1 9223372036854775807
2 3 1 1 1 0 1 9223372036854775807
3 3 1 1 1 0 1 9223372036854775807
0 3 1 1 1152921504606846975 0 1 -9223372036854775808
1 3 1 1 1152921504606846975 0 1 -9223372036854775808
2 3 1 1 1152921504606846975 0 1 -9223372036854775808
3 3 1 1 1152921504606846975 0 1 -9223372036854775808
0 3 1 1 1152921504606846975 0 1 1
1 3 1 1 1152921504606846975 0 1 1
2 3 1 1 1152921504606846975 0 1 1
3 3 1 1 1152921504606846975 0 1 1
0 3 1 1 1152921504606846975 0 1 1152921504606846976
1 3 1 1 1152921504606846975 0 1 1152921504606846976
2 3 1 1 1152921504606846975 0 1 1152921504606846976
3 3 1 1 1152921504606846975 0 1 1152921504606846976
0 3 1 1 1152921504606846975 0 1 1152921504606846977
1 3 1 1 1152921504606846975 0 1 1152921504606846977
2 3 1 1 1152921504606846975 0 1 1152921504606846977
3 3 1 1 1152921504606846975 0 1 1152921504606846977
0 3 1 1 1152921504606846975 0 1 9223372036854775807
1 3 1 1 1152921504606846975 0 1 9223372036854775807
2 3 1 1 1152921504606846975 0 1 9223372036854775807
3 3 1 1 1152921504606846975 0 1 9223372036854775807
0 3 1 1 1152921504606846976 0 1 -9223372036854775808
1 3 1 1 1152921504606846976 0 1 -9223372036854775808
2 3 1 1 1152921504606846976 0 1 -9223372036854775808
3 3 1 1 1152921504606846976 0 1 -9223372036854775808
0 3 1 1 1152921504606846976 0 1 1
1 3 1 1 1152921504606846976 0 1 1
2 3 1 1 1152921504606846976 0 1 1
3 3 1 1 1152921504606846976 0 1 1
0 3 1 1 1152921504606846976 0 1 1152921504606846976
1 3 1 1 1152921504606846976 0 1 1152921504606846976
2 3 1 1 1152921504606846976 0 1 1152921504606846976
3 3 1 1 1152921504606846976 0 1 1152921504606846976
0 3 1 1 1152921504606846976 0 1 1152921504606846977
1 3 1 1 1152921504606846976 0 1 1152921504606846977
2 3 1 1 1152921504606846976 0 1 1152921504606846977
3 3 1 1 1152921504606846976 0 1 1152921504606846977
0 3 1 1 1152921504606846976 0 1 9223372036854775807
1 3 1 1 1152921504606846976 0 1 9223372036854775807
2 3 1 1 1152921504606846976 0 1 9223372036854775807
3 3 1 1 1152921504606846976 0 1 9223372036854775807
0 3 1 1 1152921504606846977 0 1 -9223372036854775808
1 3 1 1 1152921504606846977 0 1 -9223372036854775808
2 3 1 1 1152921504606846977 0 1 -9223372036854775808
3 3 1 1 1152921504606846977 0 1 -9223372036854775808
0 3 1 1 1152921504606846977 0 1 1
1 3 1 1 1152921504606846977 0 1 1
2 3 1 1 1152921504606846977 0 1 1
3 3 1 1 1152921504606846977 0 1 1
0 3 1 1 1152921504606846977 0 1 1152921504606846976
1 3 1 1 1152921504606846977 0 1 1152921504606846976
2 3 1 1 1152921504606846977 0 1 1152921504606846976
3 3 1 1 1152921504606846977 0 1 1152921504606846976
0 3 1 1 1152921504606846977 0 1 1152921504606846977
1 3 1 1 1152921504606846977 0 1 1152921504606846977
2 3 1 1 1152921504606846977 0 1 1152921504606846977
3 3 1 1 1152921504606846977 0 1 1152921504606846977
0 3 1 1 1152921504606846977 0 1 9223372036854775807
1 3 1 1 1152921504606846977 0 1 9223372036854775807
2 3 1 1 1152921504606846977 0 1 9223372036854775807
3 3 1 1 1152921504606846977 0 1 9223372036854775807
0 3 0 1 0 576460752303423488 0 1152921504606846976
1 3 0 1 0 576460752303423488 0 1152921504606846976
2 3 0 1 0 576460752303423488 0 1152921504606846976
3 3 0 1 0 576460752303423488 0 1152921504606846976
0 3 0 1 0 576460752303423488 0 1152921504606846977
1 3 0 1 0 576460752303423488 0 1152921504606846977
2 3 0 1 0 576460752303423488 0 1152921504606846977
3 3 0 1 0 576460752303423488 0 1152921504606846977
0 3 0 1 0 576460752303423488 0 9223372036854775807
1 3 0 1 0 576460752303423488 0 9223372036854775807
2 3 0 1 0 576460752303423488 0 9223372036854775807
3 3 0 1 0 576460752303423488 0 9223372036854775807
0 3 0 1 0 576460752303423489 0 1152921504606846976
1 3 0 1 0 576460752303423489 0 1152921504606846976
2 3 0 1 0 576460752303423489 0 1152921504606846976
3 3 0 1 0 576460752303423489 0 1152921504606846976
0 3 0 1 0 576460752303423489 0 1152921504606846977
1 3 0 1 0 576460752303423489 0 1152921504606846977
2 3 0 1 0 576460752303423489 0 1152921504606846977
3 3 0 1 0 576460752303423489 0 1152921504606846977
0 3 0 1 0 576460752303423489 0 9223372036854775807
1 3 0 1 0 576460752303423489 0 9223372036854775807
2 3 0 1 0 576460752303423489 0 9223372036854775807
3 3 0 1 0 576460752303423489 0 9223372036854775807
0 3 0 1 0 1152921504606846976 0 1152921504606846976
1 3 0 1 0 1152921504606846976 0 1152921504606846976
2 3 0 1 0 1152921504606846976 0 1152921504606846976
3 3 0 1 0 1152921504606846976 0 1152921504606846976
0 3 0 1 0 1152921504606846976 0 1152921504606846977
1 3 0 1 0 1152921504606846976 0 1152921504606846977
2 3 0 1 0 1152921504606846976 0 1152921504606846977
3 3 0 1 0 1152921504606846976 0 1152921504606846977
0 3 0 1 0 1152921504606846976 0 9223372036854775807
1 3 0 1 0 1152921504606846976 0 9223372036854775807
2 3 0 1 0 1152921504606846976 0 9223372036854775807
3 3 0 1 0 1152921504606846976 0 9223372036854775807
0 3 0 1 0 1152921504606846977 0 1152921504606846976
1 3 0 1 0 1152921504606846977 0 1152921504606846976
2 3 0 1 0 1152921504606846977 0 1152921504606846976
3 3 0 1 0 1152921504606846977 0 1152921504606846976
0 3 0 1 0 1152921504606846977 0 1152921504606846977
1 3 0 1 0 1152921504606846977 0 1152921504606846977
2 3 0 1 0 1152921504606846977 0 1152921504606846977
3 3 0 1 0 1152921504606846977 0 1152921504606846977
0 3 0 1 0 1152921504606846977 0 9223372036854775807
1 3 0 1 0 1152921504606846977 0 9223372036854775807
2 3 0 1 0 1152921504606846977 0 9223372036854775807
3 3 0 1 0 1152921504606846977 0 9223372036854775807
0 3 0 1 0 0 1 -9223372036854775808
1 3 0 1 0 0 1 -9223372036854775808
2 3 0 1 0 0 1 -9223372036854775808
3 3 0 1 0 0 1 -9223372036854775808
0 3 0 1 0 0 1 9223372036854775807
1 3 0 1 0 0 1 9223372036854775807
2 3 0 1 0 0 1 9223372036854775807
3 3 0 1 0 0 1 9223372036854775807
0 3 1 1 1 0 1 33554433
1 3 1 1 1 0 1 33554433
2 3 1 1 1 0 1 33554433
3 3 1 1 1 0 1 33554433
0 3 1 1 1 0 1 22369621
1 3 1 1 1 0 1 22369621
2 3 1 1 1 0 1 22369621
3 3 1 1 1 0 1 22369621
0 5 0 1 0 -2 0 -1152921504606846977
1 5 0 1 0 -2 0 -1152921504606846977
2 5 0 1 0 -2 0 -1152921504606846977
3 5 0 1 0 -2 0 -1152921504606846977
0 5 0 1 0 -2 0 -1
1 5 0 1 0 -2 0 -1
2 5 0 1 0 -2 0 -1
3 5 0 1 0 -2 0 -1
0 5 0 1 0 -2 0 1
1 5 0 1 0 -2 0 1
2 5 0 1 0 -2 0 1
3 5 0 1 0 -2 0 1
0 5 0 1 0 -2 0 15
1 5 0 1 0 -2 0 15
2 5 0 1 0 -2 0 15
3 5 0 1 0 -2 0 15
0 5 0 1 0 -2 0 1152921504606846977
1 5 0 1 0 -2 0 1152921504606846977
2 5 0 1 0 -2 0 1152921504606846977
3 5 0 1 0 -2 0 1152921504606846977
0 5 0 1 0 -1 0 -1152921504606846977
1 5 0 1 0 -1 0 -1152921504606846977
2 5 0 1 0 -1 0 -1152921504606846977
3 5 0 1 0 -1 0 -1152921504606846977
0 5 0 1 0 -1 0 -1
1 5 0 1 0 -1 0 -1
2 5 0 1 0 -1 0 -1
3 5 0 1 0 -1 0 -1
0 5 0 1 0 -1 0 1
1 5 0 1 0 -1 0 1
2 5 0 1 0 -1 0 1
3 5 0 1 0 -1 0 1
0 5 0 1 0 -1 0 15
1 5 0 1 0 -1 0 15
2 5 0 1 0 -1 0 15
3 5 0 1 0 -1 0 15
0 5 0 1 0 -1 0 1152921504606846977
1 5 0 1 0 -1 0 1152921504606846977
2 5 0 1 0 -1 0 1152921504606846977
3 5 0 1 0 -1 0 1152921504606846977
0 5 0 1 0 0 0 -1152921504606846977
1 5 0 1 0 0 0 -1152921504606846977
2 5 0 1 0 0 0 -1152921504606846977
3 5 0 1 0 0 0 -1152921504606846977
0 5 0 1 0 0 0 -1
1 5 0 1 0 0 0 -1
2 5 0 1 0 0 0 -1
3 5 0 1 0 0 0 -1
0 5 0 1 0 0 0 1
1 5 0 1 0 0 0 1
2 5 0 1 0 0 0 1
3 5 0 1 0 0 0 1
0 5 0 1 0 0 0 15
1 5 0 1 0 0 0 15
2 5 0 1 0 0 0 15
3 5 0 1 0 0 0 15
0 5 0 1 0 0 0 1152921504606846977
1 5 0 1 0 0 0 1152921504606846977
2 5 0 1 0 0 0 1152921504606846977
3 5 0 1 0 0 0 1152921504606846977
0 5 0 1 0 1 0 -1152921504606846977
1 5 0 1 0 1 0 -1152921504606846977
2 5 0 1 0 1 0 -1152921504606846977
3 5 0 1 0 1 0 -1152921504606846977
0 5 0 1 0 1 0 -1
1 5 0 1 0 1 0 -1
2 5 0 1 0 1 0 -1
3 5 0 1 0 1 0 -1
0 5 0 1 0 1 0 1
1 5 0 1 0 1 0 1
2 5 0 1 0 1 0 1
3 5 0 1 0 1 0 1
0 5 0 1 0 1 0 15
1 5 0 1 0 1 0 15
2 5 0 1 0 1 0 15
3 5 0 1 0 1 0 15
0 5 0 1 0 1 0 1152921504606846977
1 5 0 1 0 1 0 1152921504606846977
2 5 0 1 0 1 0 1152921504606846977
3 5 0 1 0 1 0 1152921504606846977
0 5 0 1 0 2 0 -1152921504606846977
1 5 0 1 0 2 0 -1152921504606846977
2 5 0 1 0 2 0 -1152921504606846977
3 5 0 1 0 2 0 -1152921504606846977
0 5 0 1 0 2 0 -1
1 5 0 1 0 2 0 -1
2 5 0 1 0 2 0 -1
3 5 0 1 0 2 0 -1
0 5 0 1 0 2 0 1
1 5 0 1 0 2 0 1
2 5 0 1 0 2 0 1
3 5 0 1 0 2 0 1
0 5 0 1 0 2 0 15
1 5 0 1 0 2 0 15
2 5 0 1 0 2 0 15
3 5 0 1 0 2 0 15
0 5 0 1 0 2 0 1152921504606846977
1 5 0 1 0 2 0 1152921504606846977
2 5 0 1 0 2 0 1152921504606846977
3 5 0 1 0 2 0 1152921504606846977
0 5 0 1 0 3 0 -1152921504606846977
1 5 0 1 0 3 0 -1152921504606846977
2 5 0 1 0 3 0 -1152921504606846977
3 5 0 1 0 3 0 -1152921504606846977
0 5 0 1 0 3 0 -1
1 5 0 1 0 3 0 -1
2 5 0 1 0 3 0 -1
3 5 0 1 0 3 0 -1
0 5 0 1 0 3 0 1
1 5 0 1 0 3 0 1
2 5 0 1 0 3 0 1
3 5 0 1 0 3 0 1
0 5 0 1 0 3 0 15
1 5 0 1 0 3 0 15
2 5 0 1 0 3 0 15
3 5 0 1 0 3 0 15
0 5 0 1 0 3 0 1152921504606846977
1 5 0 1 0 3 0 1152921504606846977
2 5 0 1 0 3 0 1152921504606846977
3 5 0 1 0 3 0 1152921504606846977
0 5 1 1 -1152921504606846977 0 1 -9223372036854775808
1 5 1 1 -1152921504606846977 0 1 -9223372036854775808
2 5 1 1 -1152921504606846977 0 1 -9223372036854775808
3 5 1 1 -1152921504606846977 0 1 -9223372036854775808
0 5 1 1 -1152921504606846977 0 1 1
1 5 1 1 -1152921504606846977 0 1 1
2 5 1 1 -1152921504606846977 0 1 1
3 5 1 1 -1152921504606846977 0 1 1
0 5 1 1 -1152921504606846977 0 1 1152921504606846976
1 5 1 1 -1152921504606846977 0 1 1152921504606846976
2 5 1 1 -1152921504606846977 0 1 1152921504606846976
3 5 1 1 -1152921504606846977 0 1 1152921504606846976
0 5 1 1 -1152921504606846977 0 1 1152921504606846977
1 5 1 1 -1152921504606846977 0 1 1152921504606846977
2 5 1 1 -1152921504606846977 0 1 1152921504606846977
3 5 1 1 -1152921504606846977 0 1 1152921504606846977
0 5 1 1 -1152921504606846977 0 1 9223372036854775807
1 5 1 1 -1152921504606846977 0 1 9223372036854775807
2 5 1 1 -1152921504606846977 0 1 9223372036854775807
3 5 1 1 -1152921504606846977 0 1 9223372036854775807
0 5 1 1 -1152921504606846976 0 1 -9223372036854775808
1 5 1 1 -1152921504606846976 0 1 -9223372036854775808
2 5 1 1 -1152921504606846976 0 1 -9223372036854775808
3 5 1 1 -1152921504606846976 0 1 -9223372036854775808
0 5 1 1 -1152921504606846976 0 1 1
1 5 1 1 -1152921504606846976 0 1 1
2 5 1 1 -1152921504606846976 0 1 1
3 5 1 1 -1152921504606846976 0 1 1
0 5 1 1 -1152921504606846976 0 1 1152921504606846976
1 5 1 1 -1152921504606846976 0 1 1152921504606846976
2 5 1 1 -1152921504606846976 0 1 1152921504606846976
3 5 1 1 -1152921504606846976 0 1 1152921504606846976
0 5 1 1 -1152921504606846976 0 1 1152921504606846977
1 5 1 1 -1152921504606846976 0 1 1152921504606846977
2 5 1 1 -1152921504606846976 0 1 1152921504606846977
3 5 1 1 -1152921504606846976 0 1 1152921504606846977
0 5 1 1 -1152921504606846976 0 1 9223372036854775807
1 5 1 1 -1152921504606846976 0 1 9223372036854775807
2 5 1 1 -1152921504606846976 0 1 9223372036854775807
3 5 1 1 -1152921504606846976 0 1 9223372036854775807
0 5 1 1 -1 0 1 -9223372036854775808
1 5 1 1 -1 0 1 -9223372036854775808
2 5 1 1 -1 0 1 -9223372036854775808
3 5 1 1 -1 0 1 -9223372036854775808
0 5 1 1 -1 0 1 1
1 5 1 1 -1 0 1 1
2 5 1 1 -1 0 1 1
3 5 1 1 -1 0 1 1
0 5 1 1 -1 0 1 1152921504606846976
1 5 1 1 -1 0 1 1152921504606846976
2 5 1 1 -1 0 1 1152921504606846976
3 5 1 1 -1 0 1 1152921504606846976
0 5 1 1 -1 0 1 1152921504606846977
1 5 1 1 -1 0 1 1152921504606846977
2 5 1 1 -1 0 1 1152921504606846977
3 5 1 1 -1 0 1 1152921504606846977
0 5 1 1 -1 0 1 9223372036854775807
1 5 1 1 -1 0 1 9223372036854775807
2 5 1 1 -1 0 1 9223372036854775807
3 5 1 1 -1 0 1 9223372036854775807
0 5 1 1 0 0 1 -9223372036854775808
1 5 1 1 0 0 1 -9223372036854775808
2 5 1 1 0 0 1 -9223372036854775808
3 5 1 1 0 0 1 -9223372036854775808
0 5 1 1 0 0 1 1
1 5 1 1 0 0 1 1
2 5 1 1 0 0 1 1
3 5 1 1 0 0 1 1
0 5 1 1 0 0 1 1152921504606846976
1 5 1 1 0 0 1 1152921504606846976
2 5 1 1 0 0 1 1152921504606846976
3 5 1 1 0 0 1 1152921504606846976
0 5 1 1 0 0 1 1152921504606846977
1 5 1 1 0 0 1 1152921504606846977
2 5 1 1 0 0 1 1152921504606846977
3 5 1 1 0 0 1 1152921504606846977
0 5 1 1 0 0 1 9223372036854775807
1 5 1 1 0 0 1 9223372036854775807
2 5 1 1 0 0 1 9223372036854775807
3 5 1 1 0 0 1 9223372036854775807
0 5 1 1 0 0 1 -9223372036854775808
1 5 1 1 0 0 1 -9223372036854775808
2 5 1 1 0 0 1 -9223372036854775808
3 5 1 1 0 0 1 -9223372036854775808
0 5 1 1 0 0 1 1
1 5 1 1 0 0 1 1
2 5 1 1 0 0 1 1
3 5 1 1 0 0 1 1
0 5 1 1 0 0 1 1152921504606846976
1 5 1 1 0 0 1 1152921504606846976
2 5 1 1 0 0 1 1152921504606846976
3 5 1 1 0 0 1 1152921504606846976
0 5 1 1 0 0 1 1152921504606846977
1 5 1 1 0 0 1 1152921504606846977
2 5 1 1 0 0 1 1152921504606846977
3 5 1 1 0 0 1 1152921504606846977
0 5 1 1 0 0 1 9223372036854775807
1 5 1 1 0 0 1 9223372036854775807
2 5 1 1 0 0 1 9223372036854775807
3 5 1 1 0 0 1 9223372036854775807
0 5 1 1 1 0 1 -9223372036854775808
1 5 1 1 1 0 1 -9223372036854775808
2 5 1 1 1 0 1 -9223372036854775808
3 5 1 1 1 0 1 -9223372036854775808
0 5 1 1 1 0 1 1
1 5 1 1 1 0 1 1
2 5 1 1 1 0 1 1
3 5 1 1 1 0 1 1
0 5 1 1 1 0 1 1152921504606846976
1 5 1 1 1 0 1 1152921504606846976
2 5 1 1 1 0 1 1152921504606846976
3 5 1 1 1 0 1 1152921504606846976
0 5 1 1 1 0 1 1152921504606846977
1 5 1 1 1 0 1 1152921504606846977
2 5 1 1 1 0 1 1152921504606846977
3 5 1 1 1 0 1 1152921504606846977
0 5 1 1 1 0 1 9223372036854775807
1 5 1 1 1 0 1 9223372036854775807
2 5 1 1 1 0 1 9223372036854775807
3 5 1 1 1 0 1 9223372036854775807
0 5 1 1 1152921504606846975 0 1 -9223372036854775808
1 5 1 1 1152921504606846975 0 1 -9223372036854775808
2 5 1 1 1152921504606846975 0 1 -9223372036854775808
3 5 1 1 1152921504606846975 0 1 -9223372036854775808
0 5 1 1 1152921504606846975 0 1 1
1 5 1 1 1152921504606846975 0 1 1
2 5 1 1 1152921504606846975 0 1 1
3 5 1 1 1152921504606846975 0 1 1
0 5 1 1 1152921504606846975 0 1 1152921504606846976
1 5 1 1 1152921504606846975 0 1 1152921504606846976
2 5 1 1 1152921504606846975 0 1 1152921504606846976
3 5 1 1 1152921504606846975 0 1 1152921504606846976
0 5 1 1 1152921504606846975 0 1 1152921504606846977
1 5 1 1 1152921504606846975 0 1 1152921504606846977
2 5 1 1 1152921504606846975 0 1 1152921504606846977
3 5 1 1 1152921504606846975 0 1 1152921504606846977
0 5 1 1 1152921504606846975 0 1 9223372036854775807
1 5 1 1 1152921504606846975 0 1 9223372036854775807
2 5 1 1 1152921504606846975 0 1 9223372036854775807
3 5 1 1 1152921504606846975 0 1 9223372036854775807
0 5 1 1 1152921504606846976 0 1 -9223372036854775808
1 5 1 1 1152921504606846976 0 1 -9223372036854775808
2 5 1 1 1152921504606846976 0 1 -9223372036854775808
3 5 1 1 1152921504606846976 0 1 -9223372036854775808
0 5 1 1 1152921504606846976 0 1 1
1 5 1 1 1152921504606846976 0 1 1
2 5 1 1 1152921504606846976 0 1 1
3 5 1 1 1152921504606846976 0 1 1
0 5 1 1 1152921504606846976 0 1 1152921504606846976
1 5 1 1 1152921504606846976 0 1 1152921504606846976
2 5 1 1 1152921504606846976 0 1 1152921504606846976
3 5 1 1 1152921504606846976 0 1 1152921504606846976
0 5 1 1 1152921504606846976 0 1 1152921504606846977
1 5 1 1 1152921504606846976 0 1 1152921504606846977
2 5 1 1 1152921504606846976 0 1 1152921504606846977
3 5 1 1 1152921504606846976 0 1 1152921504606846977
0 5 1 1 1152921504606846976 0 1 9223372036854775807
1 5 1 1 1152921504606846976 0 1 9223372036854775807
2 5 1 1 1152921504606846976 0 1 9223372036854775807
3 5 1 1 1152921504606846976 0 1 9223372036854775807
0 5 1 1 1152921504606846977 0 1 -9223372036854775808
1 5 1 1 1152921504606846977 0 1 -9223372036854775808
2 5 1 1 1152921504606846977 0 1 -9223372036854775808
3 5 1 1 1152921504606846977 0 1 -9223372036854775808
0 5 1 1 1152921504606846977 0 1 1
1 5 1 1 1152921504606846977 0 1 1
2 5 1 1 1152921504606846977 0 1 1
3 5 1 1 1152921504606846977 0 1 1
0 5 1 1 1152921504606846977 0 1 1152921504606846976
1 5 1 1 1152921504606846977 0 1 1152921504606846976
2 5 1 1 1152921504606846977 0 1 1152921504606846976
3 5 1 1 1152921504606846977 0 1 1152921504606846976
0 5 1 1 1152921504606846977 0 1 1152921504606846977
1 5 1 1 1152921504606846977 0 1 1152921504606846977
2 5 1 1 1152921504606846977 0 1 1152921504606846977
3 5 1 1 1152921504606846977 0 1 1152921504606846977
0 5 1 1 1152921504606846977 0 1 9223372036854775807
1 5 1 1 1152921504606846977 0 1 9223372036854775807
2 5 1 1 1152921504606846977 0 1 9223372036854775807
3 5 1 1 1152921504606846977 0 1 9223372036854775807
0 5 0 1 0 576460752303423488 0 1152921504606846976
1 5 0 1 0 576460752303423488 0 1152921504606846976
2 5 0 1 0 576460752303423488 0 1152921504606846976
3 5 0 1 0 576460752303423488 0 1152921504606846976
0 5 0 1 0 576460752303423488 0 1152921504606846977
1 5 0 1 0 576460752303423488 0 1152921504606846977
2 5 0 1 0 576460752303423488 0 1152921504606846977
3 5 0 1 0 576460752303423488 0 1152921504606846977
0 5 0 1 0 576460752303423488 0 9223372036854775807
1 5 0 1 0 576460752303423488 0 9223372036854775807
2 5 0 1 0 576460752303423488 0 9223372036854775807
3 5 0 1 0 576460752303423488 0 9223372036854775807
0 5 0 1 0 576460752303423489 0 1152921504606846976
1 5 0 1 0 576460752303423489 0 1152921504606846976
2 5 0 1 0 576460752303423489 0 1152921504606846976
3 5 0 1 0 576460752303423489 0 1152921504606846976
0 5 0 1 0 576460752303423489 0 1152921504606846977
1 5 0 1 0 576460752303423489 0 1152921504606846977
2 5 0 1 0 576460752303423489 0 1152921504606846977
3 5 0 1 0 576460752303423489 0 1152921504606846977
0 5 0 1 0 576460752303423489 0 9223372036854775807
1 5 0 1 0 576460752303423489 0 9223372036854775807
2 5 0 1 0 576460752303423489 0 9223372036854775807
3 5 0 1 0 576460752303423489 0 9223372036854775807
0 5 0 1 0 1152921504606846976 0 1152921504606846976
1 5 0 1 0 1152921504606846976 0 1152921504606846976
2 5 0 1 0 1152921504606846976 0 1152921504606846976
3 5 0 1 0 1152921504606846976 0 1152921504606846976
0 5 0 1 0 1152921504606846976 0 1152921504606846977
1 5 0 1 0 1152921504606846976 0 1152921504606846977
2 5 0 1 0 1152921504606846976 0 1152921504606846977
3 5 0 1 0 1152921504606846976 0 1152921504606846977
0 5 0 1 0 1152921504606846976 0 9223372036854775807
1 5 0 1 0 1152921504606846976 0 9223372036854775807
2 5 0 1 0 1152921504606846976 0 9223372036854775807
3 5 0 1 0 1152921504606846976 0 9223372036854775807
0 5 0 1 0 1152921504606846977 0 1152921504606846976
1 5 0 1 0 1152921504606846977 0 1152921504606846976
2 5 0 1 0 1152921504606846977 0 1152921504606846976
3 5 0 1 0 1152921504606846977 0 1152921504606846976
0 5 0 1 0 1152921504606846977 0 1152921504606846977
1 5 0 1 0 1152921504606846977 0 1152921504606846977
2 5 0 1 0 1152921504606846977 0 1152921504606846977
3 5 0 1 0 1152921504606846977 0 1152921504606846977
0 5 0 1 0 1152921504606846977 0 9223372036854775807
1 5 0 1 0 1152921504606846977 0 9223372036854775807
2 5 0 1 0 1152921504606846977 0 9223372036854775807
3 5 0 1 0 1152921504606846977 0 9223372036854775807
0 5 0 1 0 0 1 -9223372036854775808
1 5 0 1 0 0 1 -9223372036854775808
2 5 0 1 0 0 1 -9223372036854775808
3 5 0 1 0 0 1 -9223372036854775808
0 5 0 1 0 0 1 9223372036854775807
1 5 0 1 0 0 1 9223372036854775807
2 5 0 1 0 0 1 9223372036854775807
3 5 0 1 0 0 1 9223372036854775807
0 5 1 1 1 0 1 22369622
1 5 1 1 1 0 1 22369622
2 5 1 1 1 0 1 22369622
3 5 1 1 1 0 1 22369622
0 7 0 1 0 -2 0 -1152921504606846977
1 7 0 1 0 -2 0 -1152921504606846977
2 7 0 1 0 -2 0 -1152921504606846977
3 7 0 1 0 -2 0 -1152921504606846977
0 7 0 1 0 -2 0 -1
1 7 0 1 0 -2 0 -1
2 7 0 1 0 -2 0 -1
3 7 0 1 0 -2 0 -1
0 7 0 1 0 -2 0 1
1 7 0 1 0 -2 0 1
2 7 0 1 0 -2 0 1
3 7 0 1 0 -2 0 1
0 7 0 1 0 -2 0 15
1 7 0 1 0 -2 0 15
2 7 0 1 0 -2 0 15
3 7 0 1 0 -2 0 15
0 7 0 1 0 -2 0 1152921504606846977
1 7 0 1 0 -2 0 1152921504606846977
2 7 0 1 0 -2 0 1152921504606846977
3 7 0 1 0 -2 0 1152921504606846977
0 7 0 1 0 -1 0 -1152921504606846977
1 7 0 1 0 -1 0 -1152921504606846977
2 7 0 1 0 -1 0 -1152921504606846977
3 7 0 1 0 -1 0 -1152921504606846977
0 7 0 1 0 -1 0 -1
1 7 0 1 0 -1 0 -1
2 7 0 1 0 -1 0 -1
3 7 0 1 0 -1 0 -1
0 7 0 1 0 -1 0 1
1 7 0 1 0 -1 0 1
2 7 0 1 0 -1 0 1
3 7 0 1 0 -1 0 1
0 7 0 1 0 -1 0 15
1 7 0 1 0 -1 0 15
2 7 0 1 0 -1 0 15
3 7 0 1 0 -1 0 15
0 7 0 1 0 -1 0 1152921504606846977
1 7 0 1 0 -1 0 1152921504606846977
2 7 0 1 0 -1 0 1152921504606846977
3 7 0 1 0 -1 0 1152921504606846977
0 7 0 1 0 0 0 -1152921504606846977
1 7 0 1 0 0 0 -1152921504606846977
2 7 0 1 0 0 0 -1152921504606846977
3 7 0 1 0 0 0 -1152921504606846977
0 7 0 1 0 0 0 -1
1 7 0 1 0 0 0 -1
2 7 0 1 0 0 0 -1
3 7 0 1 0 0 0 -1
0 7 0 1 0 0 0 1
1 7 0 1 0 0 0 1
2 7 0 1 0 0 0 1
3 7 0 1 0 0 0 1
0 7 0 1 0 0 0 15
1 7 0 1 0 0 0 15
2 7 0 1 0 0 0 15
3 7 0 1 0 0 0 15
0 7 0 1 0 0 0 1152921504606846977
1 7 0 1 0 0 0 1152921504606846977
2 7 0 1 0 0 0 1152921504606846977
3 7 0 1 0 0 0 1152921504606846977
0 7 0 1 0 1 0 -1152921504606846977
1 7 0 1 0 1 0 -1152921504606846977
2 7 0 1 0 1 0 -1152921504606846977
3 7 0 1 0 1 0 -1152921504606846977
0 7 0 1 0 1 0 -1
1 7 0 1 0 1 0 -1
2 7 0 1 0 1 0 -1
3 7 0 1 0 1 0 -1
0 7 0 1 0 1 0 1
1 7 0 1 0 1 0 1
2 7 0 1 0 1 0 1
3 7 0 1 0 1 0 1
0 7 0 1 0 1 0 15
1 7 0 1 0 1 0 15
2 7 0 1 0 1 0 15
3 7 0 1 0 1 0 15
0 7 0 1 0 1 0 1152921504606846977
1 7 0 1 0 1 0 1152921504606846977
2 7 0 1 0 1 0 1152921504606846977
3 7 0 1 0 1 0 1152921504606846977
0 7 0 1 0 2 0 -1152921504606846977
1 7 0 1 0 2 0 -1152921504606846977
2 7 0 1 0 2 0 -1152921504606846977
3 7 0 1 0 2 0 -1152921504606846977
0 7 0 1 0 2 0 -1
1 7 0 1 0 2 0 -1
2 7 0 1 0 2 0 -1
3 7 0 1 0 2 0 -1
0 7 0 1 0 2 0 1
1 7 0 1 0 2 0 1
2 7 0 1 0 2 0 1
3 7 0 1 0 2 0 1
0 7 0 1 0 2 0 15
1 7 0 1 0 2 0 15
2 7 0 1 0 2 0 15
3 7 0 1 0 2 0 15
0 7 0 1 0 2 0 1152921504606846977
1 7 0 1 0 2 0 1152921504606846977
2 7 0 1 0 2 0 1152921504606846977
3 7 0 1 0 2 0 1152921504606846977
0 7 0 1 0 3 0 -1152921504606846977
1 7 0 1 0 3 0 -1152921504606846977
2 7 0 1 0 3 0 -1152921504606846977
3 7 0 1 0 3 0 -1152921504606846977
0 7 0 1 0 3 0 -1
1 7 0 1 0 3 0 -1
2 7 0 1 0 3 0 -1
3 7 0 1 0 3 0 -1
0 7 0 1 0 3 0 1
1 7 0 1 0 3 0 1
2 7 0 1 0 3 0 1
3 7 0 1 0 3 0 1
0 7 0 1 0 3 0 15
1 7 0 1 0 3 0 15
2 7 0 1 0 3 0 15
3 7 0 1 0 3 0 15
0 7 0 1 0 3 0 1152921504606846977
1 7 0 1 0 3 0 1152921504606846977
2 7 0 1 0 3 0 1152921504606846977
3 7 0 1 0 3 0 1152921504606846977
0 7 1 1 -1152921504606846977 0 1 -9223372036854775808
1 7 1 1 -1152921504606846977 0 1 -9223372036854775808
2 7 1 1 -1152921504606846977 0 1 -9223372036854775808
3 7 1 1 -1152921504606846977 0 1 -9223372036854775808
0 7 1 1 -1152921504606846977 0 1 1
1 7 1 1 -1152921504606846977 0 1 1
2 7 1 1 -1152921504606846977 0 1 1
3 7 1 1 -1152921504606846977 0 1 1
0 7 1 1 -1152921504606846977 0 1 1152921504606846976
1 7 1 1 -1152921504606846977 0 1 1152921504606846976
2 7 1 1 -1152921504606846977 0 1 1152921504606846976
3 7 1 1 -1152921504606846977 0 1 1152921504606846976
0 7 1 1 -1152921504606846977 0 1 1152921504606846977
1 7 1 1 -1152921504606846977 0 1 1152921504606846977
2 7 1 1 -1152921504606846977 0 1 1152921504606846977
3 7 1 1 -1152921504606846977 0 1 1152921504606846977
0 7 1 1 -1152921504606846977 0 1 9223372036854775807
1 7 1 1 -1152921504606846977 0 1 9223372036854775807
2 7 1 1 -1152921504606846977 0 1 9223372036854775807
3 7 1 1 -1152921504606846977 0 1 9223372036854775807
0 7 1 1 -1152921504606846976 0 1 -9223372036854775808
1 7 1 1 -1152921504606846976 0 1 -9223372036854775808
2 7 1 1 -1152921504606846976 0 1 -9223372036854775808
3 7 1 1 -1152921504606846976 0 1 -9223372036854775808
0 7 1 1 -1152921504606846976 0 1 1
1 7 1 1 -1152921504606846976 0 1 1
2 7 1 1 -1152921504606846976 0 1 1
3 7 1 1 -1152921504606846976 0 1 1
0 7 1 1 -1152921504606846976 0 1 1152921504606846976
1 7 1 1 -1152921504606846976 0 1 1152921504606846976
2 7 1 1 -1152921504606846976 0 1 1152921504606846976
3 7 1 1 -1152921504606846976 0 1 1152921504606846976
0 7 1 1 -1152921504606846976 0 1 1152921504606846977
1 7 1 1 -1152921504606846976 0 1 1152921504606846977
2 7 1 1 -1152921504606846976 0 1 1152921504606846977
3 7 1 1 -1152921504606846976 0 1 1152921504606846977
0 7 1 1 -1152921504606846976 0 1 9223372036854775807
1 7 1 1 -1152921504606846976 0 1 9223372036854775807
2 7 1 1 -1152921504606846976 0 1 9223372036854775807
3 7 1 1 -1152921504606846976 0 1 9223372036854775807
0 7 1 1 -1 0 1 -9223372036854775808
1 7 1 1 -1 0 1 -9223372036854775808
2 7 1 1 -1 0 1 -9223372036854775808
3 7 1 1 -1 0 1 -9223372036854775808
0 7 1 1 -1 0 1 1
1 7 1 1 -1 0 1 1
2 7 1 1 -1 0 1 1
3 7 1 1 -1 0 1 1
0 7 1 1 -1 0 1 1152921504606846976
1 7 1 1 -1 0 1 1152921504606846976
2 7 1 1 -1 0 1 1152921504606846976
3 7 1 1 -1 0 1 1152921504606846976
0 7 1 1 -1 0 1 1152921504606846977
1 7 1 1 -1 0 1 1152921504606846977
2 7 1 1 -1 0 1 1152921504606846977
3 7 1 1 -1 0 1 1152921504606846977
0 7 1 1 -1 0 1 9223372036854775807
1 7 1 1 -1 0 1 9223372036854775807
2 7 1 1 -1 0 1 9223372036854775807
3 7 1 1 -1 0 1 9223372036854775807
0 7 1 1 0 0 1 -9223372036854775808
1 7 1 1 0 0 1 -9223372036854775808
2 7 1 1 0 0 1 -9223372036854775808
3 7 1 1 0 0 1 -9223372036854775808
0 7 1 1 0 0 1 1
1 7 1 1 0 0 1 1
2 7 1 1 0 0 1 1
3 7 1 1 0 0 1 1
0 7 1 1 0 0 1 1152921504606846976
1 7 1 1 0 0 1 1152921504606846976
2 7 1 1 0 0 1 1152921504606846976
3 7 1 1 0 0 1 1152921504606846976
0 7 1 1 0 0 1 1152921504606846977
1 7 1 1 0 0 1 1152921504606846977
2 7 1 1 0 0 1 1152921504606846977
3 7 1 1 0 0 1 1152921504606846977
0 7 1 1 0 0 1 9223372036854775807
1 7 1 1 0 0 1 9223372036854775807
2 7 1 1 0 0 1 9223372036854775807
3 7 1 1 0 0 1 9223372036854775807
0 7 1 1 0 0 1 -9223372036854775808
1 7 1 1 0 0 1 -9223372036854775808
2 7 1 1 0 0 1 -9223372036854775808
3 7 1 1 0 0 1 -9223372036854775808
0 7 1 1 0 0 1 1
1 7 1 1 0 0 1 1
2 7 1 1 0 0 1 1
3 7 1 1 0 0 1 1
0 7 1 1 0 0 1 1152921504606846976
1 7 1 1 0 0 1 1152921504606846976
2 7 1 1 0 0 1 1152921504606846976
3 7 1 1 0 0 1 1152921504606846976
0 7 1 1 0 0 1 1152921504606846977
1 7 1 1 0 0 1 1152921504606846977
2 7 1 1 0 0 1 1152921504606846977
3 7 1 1 0 0 1 1152921504606846977
0 7 1 1 0 0 1 9223372036854775807
1 7 1 1 0 0 1 9223372036854775807
2 7 1 1 0 0 1 9223372036854775807
3 7 1 1 0 0 1 9223372036854775807
0 7 1 1 1 0 1 -9223372036854775808
1 7 1 1 1 0 1 -9223372036854775808
2 7 1 1 1 0 1 -9223372036854775808
3 7 1 1 1 0 1 -9223372036854775808
0 7 1 1 1 0 1 1
1 7 1 1 1 0 1 1
2 7 1 1 1 0 1 1
3 7 1 1 1 0 1 1
0 7 1 1 1 0 1 1152921504606846976
1 7 1 1 1 0 1 1152921504606846976
2 7 1 1 1 0 1 1152921504606846976
3 7 1 1 1 0 1 1152921504606846976
0 7 1 1 1 0 1 1152921504606846977
1 7 1 1 1 0 1 1152921504606846977
2 7 1 1 1 0 1 1152921504606846977
3 7 1 1 1 0 1 1152921504606846977
0 7 1 1 1 0 1 9223372036854775807
1 7 1 1 1 0 1 9223372036854775807
2 7 1 1 1 0 1 9223372036854775807
3 7 1 1 1 0 1 9223372036854775807
0 7 1 1 1152921504606846975 0 1 -9223372036854775808
1 7 1 1 1152921504606846975 0 1 -9223372036854775808
2 7 1 1 1152921504606846975 0 1 -9223372036854775808
3 7 1 1 1152921504606846975 0 1 -9223372036854775808
0 7 1 1 1152921504606846975 0 1 1
1 7 1 1 1152921504606846975 0 1 1
2 7 1 1 1152921504606846975 0 1 1
3 7 1 1 1152921504606846975 0 1 1
0 7 1 1 1152921504606846975 0 1 1152921504606846976
1 7 1 1 1152921504606846975 0 1 1152921504606846976
2 7 1 1 1152921504606846975 0 1 1152921504606846976
3 7 1 1 1152921504606846975 0 1 1152921504606846976
0 7 1 1 1152921504606846975 0 1 1152921504606846977
1 7 1 1 1152921504606846975 0 1 1152921504606846977
2 7 1 1 1152921504606846975 0 1 1152921504606846977
3 7 1 1 1152921504606846975 0 1 1152921504606846977
0 7 1 1 1152921504606846975 0 1 9223372036854775807
1 7 1 1 1152921504606846975 0 1 9223372036854775807
2 7 1 1 1152921504606846975 0 1 9223372036854775807
3 7 1 1 1152921504606846975 0 1 9223372036854775807
0 7 1 1 1152921504606846976 0 1 -9223372036854775808
1 7 1 1 1152921504606846976 0 1 -9223372036854775808
2 7 1 1 1152921504606846976 0 1 -9223372036854775808
3 7 1 1 1152921504606846976 0 1 -9223372036854775808
0 7 1 1 1152921504606846976 0 1 1
1 7 1 1 1152921504606846976 0 1 1
2 7 1 1 1152921504606846976 0 1 1
3 7 1 1 1152921504606846976 0 1 1
0 7 1 1 1152921504606846976 0 1 1152921504606846976
1 7 1 1 1152921504606846976 0 1 1152921504606846976
2 7 1 1 1152921504606846976 0 1 1152921504606846976
3 7 1 1 1152921504606846976 0 1 1152921504606846976
0 7 1 1 1152921504606846976 0 1 1152921504606846977
1 7 1 1 1152921504606846976 0 1 1152921504606846977
2 7 1 1 1152921504606846976 0 1 1152921504606846977
3 7 1 1 1152921504606846976 0 1 1152921504606846977
0 7 1 1 1152921504606846976 0 1 9223372036854775807
1 7 1 1 1152921504606846976 0 1 9223372036854775807
2 7 1 1 1152921504606846976 0 1 9223372036854775807
3 7 1 1 1152921504606846976 0 1 9223372036854775807
0 7 1 1 1152921504606846977 0 1 -9223372036854775808
1 7 1 1 1152921504606846977 0 1 -9223372036854775808
2 7 1 1 1152921504606846977 0 1 -9223372036854775808
3 7 1 1 1152921504606846977 0 1 -9223372036854775808
0 7 1 1 1152921504606846977 0 1 1
1 7 1 1 1152921504606846977 0 1 1
2 7 1 1 1152921504606846977 0 1 1
3 7 1 1 1152921504606846977 0 1 1
0 7 1 1 1152921504606846977 0 1 1152921504606846976
1 7 1 1 1152921504606846977 0 1 1152921504606846976
2 7 1 1 1152921504606846977 0 1 1152921504606846976
3 7 1 1 1152921504606846977 0 1 1152921504606846976
0 7 1 1 1152921504606846977 0 1 1152921504606846977
1 7 1 1 1152921504606846977 0 1 1152921504606846977
2 7 1 1 1152921504606846977 0 1 1152921504606846977
3 7 1 1 1152921504606846977 0 1 1152921504606846977
0 7 1 1 1152921504606846977 0 1 9223372036854775807
1 7 1 1 1152921504606846977 0 1 9223372036854775807
2 7 1 1 1152921504606846977 0 1 9223372036854775807
3 7 1 1 1152921504606846977 0 1 9223372036854775807
0 7 0 1 0 576460752303423488 0 1152921504606846976
1 7 0 1 0 576460752303423488 0 1152921504606846976
2 7 0 1 0 576460752303423488 0 1152921504606846976
3 7 0 1 0 576460752303423488 0 1152921504606846976
0 7 0 1 0 576460752303423488 0 1152921504606846977
1 7 0 1 0 576460752303423488 0 1152921504606846977
2 7 0 1 0 576460752303423488 0 1152921504606846977
3 7 0 1 0 576460752303423488 0 1152921504606846977
0 7 0 1 0 576460752303423488 0 9223372036854775807
1 7 0 1 0 576460752303423488 0 9223372036854775807
2 7 0 1 0 576460752303423488 0 9223372036854775807
3 7 0 1 0 576460752303423488 0 9223372036854775807
0 7 0 1 0 576460752303423489 0 1152921504606846976
1 7 0 1 0 576460752303423489 0 1152921504606846976
2 7 0 1 0 576460752303423489 0 1152921504606846976
3 7 0 1 0 576460752303423489 0 1152921504606846976
0 7 0 1 0 576460752303423489 0 1152921504606846977
1 7 0 1 0 576460752303423489 0 1152921504606846977
2 7 0 1 0 576460752303423489 0 1152921504606846977
3 7 0 1 0 576460752303423489 0 1152921504606846977
0 7 0 1 0 576460752303423489 0 9223372036854775807
1 7 0 1 0 576460752303423489 0 9223372036854775807
2 7 0 1 0 576460752303423489 0 9223372036854775807
3 7 0 1 0 576460752303423489 0 9223372036854775807
0 7 0 1 0 1152921504606846976 0 1152921504606846976
1 7 0 1 0 1152921504606846976 0 1152921504606846976
2 7 0 1 0 1152921504606846976 0 1152921504606846976
3 7 0 1 0 1152921504606846976 0 1152921504606846976
0 7 0 1 0 1152921504606846976 0 1152921504606846977
1 7 0 1 0 1152921504606846976 0 1152921504606846977
2 7 0 1 0 1152921504606846976 0 1152921504606846977
3 7 0 1 0 1152921504606846976 0 1152921504606846977
0 7 0 1 0 1152921504606846976 0 9223372036854775807
1 7 0 1 0 1152921504606846976 0 9223372036854775807
2 7 0 1 0 1152921504606846976 0 9223372036854775807
3 7 0 1 0 1152921504606846976 0 9223372036854775807
0 7 0 1 0 1152921504606846977 0 1152921504606846976
1 7 0 1 0 1152921504606846977 0 1152921504606846976
2 7 0 1 0 1152921504606846977 0 1152921504606846976
3 7 0 1 0 1152921504606846977 0 1152921504606846976
0 7 0 1 0 1152921504606846977 0 1152921504606846977
1 7 0 1 0 1152921504606846977 0 1152921504606846977
2 7 0 1 0 1152921504606846977 0 1152921504606846977
3 7 0 1 0 1152921504606846977 0 1152921504606846977
0 7 0 1 0 1152921504606846977 0 9223372036854775807
1 7 0 1 0 1152921504606846977 0 9223372036854775807
2 7 0 1 0 1152921504606846977 0 9223372036854775807
3 7 0 1 0 1152921504606846977 0 9223372036854775807
0 7 0 1 0 0 1 -9223372036854775808
1 7 0 1 0 0 1 -9223372036854775808
2 7 0 1 0 0 1 -9223372036854775808
3 7 0 1 0 0 1 -9223372036854775808
0 7 0 1 0 0 1 9223372036854775807
1 7 0 1 0 0 1 9223372036854775807
2 7 0 1 0 0 1 9223372036854775807
3 7 0 1 0 0 1 9223372036854775807
0 7 1 1 1 0 1 22369622
1 7 1 1 1 0 1 22369622
2 7 1 1 1 0 1 22369622
3 7 1 1 1 0 1 22369622
0 13 0 1 0 -2 0 -1152921504606846977
1 13 0 1 0 -2 0 -1152921504606846977
2 13 0 1 0 -2 0 -1152921504606846977
3 13 0 1 0 -2 0 -1152921504606846977
0 13 0 1 0 -2 0 -1
1 13 0 1 0 -2 0 -1
2 13 0 1 0 -2 0 -1
3 13 0 1 0 -2 0 -1
0 13 0 1 0 -2 0 1
1 13 0 1 0 -2 0 1
2 13 0 1 0 -2 0 1
3 13 0 1 0 -2 0 1
0 13 0 1 0 -2 0 15
1 13 0 1 0 -2 0 15
2 13 0 1 0 -2 0 15
3 13 0 1 0 -2 0 15
0 13 0 1 0 -2 0 1152921504606846977
1 13 0 1 0 -2 0 1152921504606846977
2 13 0 1 0 -2 0 1152921504606846977
3 13 0 1 0 -2 0 1152921504606846977
0 13 0 1 0 -1 0 -1152921504606846977
1 13 0 1 0 -1 0 -1152921504606846977
2 13 0 1 0 -1 0 -1152921504606846977
3 13 0 1 0 -1 0 -1152921504606846977
0 13 0 1 0 -1 0 -1
1 13 0 1 0 -1 0 -1
2 13 0 1 0 -1 0 -1
3 13 0 1 0 -1 0 -1
0 13 0 1 0 -1 0 1
1 13 0 1 0 -1 0 1
2 13 0 1 0 -1 0 1
3 13 0 1 0 -1 0 1
0 13 0 1 0 -1 0 15
1 13 0 1 0 -1 0 15
2 13 0 1 0 -1 0 15
3 13 0 1 0 -1 0 15
0 13 0 1 0 -1 0 1152921504606846977
1 13 0 1 0 -1 0 1152921504606846977
2 13 0 1 0 -1 0 1152921504606846977
3 13 0 1 0 -1 0 1152921504606846977
0 13 0 1 0 0 0 -1152921504606846977
1 13 0 1 0 0 0 -1152921504606846977
2 13 0 1 0 0 0 -1152921504606846977
3 13 0 1 0 0 0 -1152921504606846977
0 13 0 1 0 0 0 -1
1 13 0 1 0 0 0 -1
2 13 0 1 0 0 0 -1
3 13 0 1 0 0 0 -1
0 13 0 1 0 0 0 1
1 13 0 1 0 0 0 1
2 13 0 1 0 0 0 1
3 13 0 1 0 0 0 1
0 13 0 1 0 0 0 15
1 13 0 1 0 0 0 15
2 13 0 1 0 0 0 15
3 13 0 1 0 0 0 15
0 13 0 1 0 0 0 1152921504606846977
1 13 0 1 0 0 0 1152921504606846977
2 13 0 1 0 0 0 1152921504606846977
3 13 0 1 0 0 0 1152921504606846977
0 13 0 1 0 1 0 -1152921504606846977
1 13 0 1 0 1 0 -1152921504606846977
2 13 0 1 0 1 0 -1152921504606846977
3 13 0 1 0 1 0 -1152921504606846977
0 13 0 1 0 1 0 -1
1 13 0 1 0 1 0 -1
2 13 0 1 0 1 0 -1
3 13 0 1 0 1 0 -1
0 13 0 1 0 1 0 1
1 13 0 1 0 1 0 1
2 13 0 1 0 1 0 1
3 13 0 1 0 1 0 1
0 13 0 1 0 1 0 15
1 13 0 1 0 1 0 15
2 13 0 1 0 1 0 15
3 13 0 1 0 1 0 15
0 13 0 1 0 1 0 1152921504606846977
1 13 0 1 0 1 0 1152921504606846977
2 13 0 1 0 1 0 1152921504606846977
3 13 0 1 0 1 0 1152921504606846977
0 13 0 1 0 2 0 -1152921504606846977
1 13 0 1 0 2 0 -1152921504606846977
2 13 0 1 0 2 0 -1152921504606846977
3 13 0 1 0 2 0 -1152921504606846977
0 13 0 1 0 2 0 -1
1 13 0 1 0 2 0 -1
2 13 0 1 0 2 0 -1
3 13 0 1 0 2 0 -1
0 13 0 1 0 2 0 1
1 13 0 1 0 2 0 1
2 13 0 1 0 2 0 1
3 13 0 1 0 2 0 1
0 13 0 1 0 2 0 15
1 13 0 1 0 2 0 15
2 13 0 1 0 2 0 15
3 13 0 1 0 2 0 15
0 13 0 1 0 2 0 1152921504606846977
1 13 0 1 0 2 0 1152921504606846977
2 13 0 1 0 2 0 1152921504606846977
3 13 0 1 0 2 0 1152921504606846977
0 13 0 1 0 3 0 -1152921504606846977
1 13 0 1 0 3 0 -1152921504606846977
2 13 0 1 0 3 0 -1152921504606846977
3 13 0 1 0 3 0 -1152921504606846977
0 13 0 1 0 3 0 -1
1 13 0 1 0 3 0 -1
2 13 0 1 0 3 0 -1
3 13 0 1 0 3 0 -1
0 13 0 1 0 3 0 1
1 13 0 1 0 3 0 1
2 13 0 1 0 3 0 1
3 13 0 1 0 3 0 1
0 13 0 1 0 3 0 15
1 13 0 1 0 3 0 15
2 13 0 1 0 3 0 15
3 13 0 1 0 3 0 15
0 13 0 1 0 3 0 1152921504606846977
1 13 0 1 0 3 0 1152921504606846977
2 13 0 1 0 3 0 1152921504606846977
3 13 0 1 0 3 0 1152921504606846977
0 13 1 1 -1152921504606846977 0 1 -9223372036854775808
1 13 1 1 -1152921504606846977 0 1 -9223372036854775808
2 13 1 1 -1152921504606846977 0 1 -9223372036854775808
3 13 1 1 -1152921504606846977 0 1 -9223372036854775808
0 13 1 1 -1152921504606846977 0 1 1
1 13 1 1 -1152921504606846977 0 1 1
2 13 1 1 -1152921504606846977 0 1 1
3 13 1 1 -1152921504606846977 0 1 1
0 13 1 1 -1152921504606846977 0 1 1152921504606846976
1 13 1 1 -1152921504606846977 0 1 1152921504606846976
2 13 1 1 -1152921504606846977 0 1 1152921504606846976
3 13 1 1 -1152921504606846977 0 1 1152921504606846976
0 13 1 1 -1152921504606846977 0 1 1152921504606846977
1 13 1 1 -1152921504606846977 0 1 1152921504606846977
2 13 1 1 -1152921504606846977 0 1 1152921504606846977
3 13 1 1 -1152921504606846977 0 1 1152921504606846977
0 13 1 1 -1152921504606846977 0 1 9223372036854775807
1 13 1 1 -1152921504606846977 0 1 9223372036854775807
2 13 1 1 -1152921504606846977 0 1 9223372036854775807
3 13 1 1 -1152921504606846977 0 1 9223372036854775807
0 13 1 1 -1152921504606846976 0 1 -9223372036854775808
1 13 1 1 -1152921504606846976 0 1 -9223372036854775808
2 13 1 1 -1152921504606846976 0 1 -9223372036854775808
3 13 1 1 -1152921504606846976 0 1 -9223372036854775808
0 13 1 1 -1152921504606846976 0 1 1
1 13 1 1 -1152921504606846976 0 1 1
2 13 1 1 -1152921504606846976 0 1 1
3 13 1 1 -1152921504606846976 0 1 1
0 13 1 1 -1152921504606846976 0 1 1152921504606846976
1 13 1 1 -1152921504606846976 0 1 1152921504606846976
2 13 1 1 -1152921504606846976 0 1 1152921504606846976
3 13 1 1 -1152921504606846976 0 1 1152921504606846976
0 13 1 1 -1152921504606846976 0 1 1152921504606846977
1 13 1 1 -1152921504606846976 0 1 1152921504606846977
2 13 1 1 -1152921504606846976 0 1 1152921504606846977
3 13 1 1 -1152921504606846976 0 1 1152921504606846977
0 13 1 1 -1152921504606846976 0 1 9223372036854775807
1 13 1 1 -1152921504606846976 0 1 9223372036854775807
2 13 1 1 -1152921504606846976 0 1 9223372036854775807
3 13 1 1 -1152921504606846976 0 1 9223372036854775807
0 13 1 1 -1 0 1 -9223372036854775808
1 13 1 1 -1 0 1 -9223372036854775808
2 13 1 1 -1 0 1 -9223372036854775808
3 13 1 1 -1 0 1 -9223372036854775808
0 13 1 1 -1 0 1 1
1 13 1 1 -1 0 1 1
2 13 1 1 -1 0 1 1
3 13 1 1 -1 0 1 1
0 13 1 1 -1 0 1 1152921504606846976
1 13 1 1 -1 0 1 1152921504606846976
2 13 1 1 -1 0 1 1152921504606846976
3 13 1 1 -1 0 1 1152921504606846976
0 13 1 1 -1 0 1 1152921504606846977
1 13 1 1 -1 0 1 1152921504606846977
2 13 1 1 -1 0 1 1152921504606846977
3 13 1 1 -1 0 1 1152921504606846977
0 13 1 1 -1 0 1 9223372036854775807
1 13 1 1 -1 0 1 9223372036854775807
2 13 1 1 -1 0 1 9223372036854775807
3 13 1 1 -1 0 1 9223372036854775807
0 13 1 1 0 0 1 -9223372036854775808
1 13 1 1 0 0 1 -9223372036854775808
2 13 1 1 0 0 1 -9223372036854775808
3 13 1 1 0 0 1 -9223372036854775808
0 13 1 1 0 0 1 1
1 13 1 1 0 0 1 1
2 13 1 1 0 0 1 1
3 13 1 1 0 0 1 1
0 13 1 1 0 0 1 1152921504606846976
1 13 1 1 0 0 1 1152921504606846976
2 13 1 1 0 0 1 1152921504606846976
3 13 1 1 0 0 1 1152921504606846976
0 13 1 1 0 0 1 1152921504606846977
1 13 1 1 0 0 1 1152921504606846977
2 13 1 1 0 0 1 1152921504606846977
3 13 1 1 0 0 1 1152921504606846977
0 13 1 1 0 0 1 9223372036854775807
1 13 1 1 0 0 1 9223372036854775807
2 13 1 1 0 0 1 9223372036854775807
3 13 1 1 0 0 1 9223372036854775807
0 13 1 1 0 0 1 -9223372036854775808
1 13 1 1 0 0 1 -9223372036854775808
2 13 1 1 0 0 1 -9223372036854775808
3 13 1 1 0 0 1 -9223372036854775808
0 13 1 1 0 0 1 1
1 13 1 1 0 0 1 1
2 13 1 1 0 0 1 1
3 13 1 1 0 0 1 1
0 13 1 1 0 0 1 1152921504606846976
1 13 1 1 0 0 1 1152921504606846976
2 13 1 1 0 0 1 1152921504606846976
3 13 1 1 0 0 1 1152921504606846976
0 13 1 1 0 0 1 1152921504606846977
1 13 1 1 0 0 1 1152921504606846977
2 13 1 1 0 0 1 1152921504606846977
3 13 1 1 0 0 1 1152921504606846977
0 13 1 1 0 0 1 9223372036854775807
1 13 1 1 0 0 1 9223372036854775807
2 13 1 1 0 0 1 9223372036854775807
3 13 1 1 0 0 1 9223372036854775807
0 13 1 1 1 0 1 -9223372036854775808
1 13 1 1 1 0 1 -9223372036854775808
2 13 1 1 1 0 1 -9223372036854775808
3 13 1 1 1 0 1 -9223372036854775808
0 13 1 1 1 0 1 1
1 13 1 1 1 0 1 1
2 13 1 1 1 0 1 1
3 13 1 1 1 0 1 1
0 13 1 1 1 0 1 1152921504606846976
1 13 1 1 1 0 1 1152921504606846976
2 13 1 1 1 0 1 1152921504606846976
3 13 1 1 1 0 1 1152921504606846976
0 13 1 1 1 0 1 1152921504606846977
1 13 1 1 1 0 1 1152921504606846977
2 13 1 1 1 0 1 1152921504606846977
3 13 1 1 1 0 1 1152921504606846977
0 13 1 1 1 0 1 9223372036854775807
1 13 1 1 1 0 1 9223372036854775807
2 13 1 1 1 0 1 9223372036854775807
3 13 1 1 1 0 1 9223372036854775807
0 13 1 1 1152921504606846975 0 1 -9223372036854775808
1 13 1 1 1152921504606846975 0 1 -9223372036854775808
2 13 1 1 1152921504606846975 0 1 -9223372036854775808
3 13 1 1 1152921504606846975 0 1 -9223372036854775808
0 13 1 1 1152921504606846975 0 1 1
1 13 1 1 1152921504606846975 0 1 1
2 13 1 1 1152921504606846975 0 1 1
3 13 1 1 1152921504606846975 0 1 1
0 13 1 1 1152921504606846975 0 1 1152921504606846976
1 13 1 1 1152921504606846975 0 1 1152921504606846976
2 13 1 1 1152921504606846975 0 1 1152921504606846976
3 13 1 1 1152921504606846975 0 1 1152921504606846976
0 13 1 1 1152921504606846975 0 1 1152921504606846977
1 13 1 1 1152921504606846975 0 1 1152921504606846977
2 13 1 1 1152921504606846975 0 1 1152921504606846977
3 13 1 1 1152921504606846975 0 1 1152921504606846977
0 13 1 1 1152921504606846975 0 1 9223372036854775807
1 13 1 1 1152921504606846975 0 1 9223372036854775807
2 13 1 1 1152921504606846975 0 1 9223372036854775807
3 13 1 1 1152921504606846975 0 1 9223372036854775807
0 13 1 1 1152921504606846976 0 1 -9223372036854775808
1 13 1 1 1152921504606846976 0 1 -9223372036854775808
2 13 1 1 1152921504606846976 0 1 -9223372036854775808
3 13 1 1 1152921504606846976 0 1 -9223372036854775808
0 13 1 1 1152921504606846976 0 1 1
1 13 1 1 1152921504606846976 0 1 1
2 13 1 1 1152921504606846976 0 1 1
3 13 1 1 1152921504606846976 0 1 1
0 13 1 1 1152921504606846976 0 1 1152921504606846976
1 13 1 1 1152921504606846976 0 1 1152921504606846976
2 13 1 1 1152921504606846976 0 1 1152921504606846976
3 13 1 1 1152921504606846976 0 1 1152921504606846976
0 13 1 1 1152921504606846976 0 1 1152921504606846977
1 13 1 1 1152921504606846976 0 1 1152921504606846977
2 13 1 1 1152921504606846976 0 1 1152921504606846977
3 13 1 1 1152921504606846976 0 1 1152921504606846977
0 13 1 1 1152921504606846976 0 1 9223372036854775807
1 13 1 1 1152921504606846976 0 1 9223372036854775807
2 13 1 1 1152921504606846976 0 1 9223372036854775807
3 13 1 1 1152921504606846976 0 1 9223372036854775807
0 13 1 1 1152921504606846977 0 1 -9223372036854775808
1 13 1 1 1152921504606846977 0 1 -9223372036854775808
2 13 1 1 1152921504606846977 0 1 -9223372036854775808
3 13 1 1 1152921504606846977 0 1 -9223372036854775808
0 13 1 1 1152921504606846977 0 1 1
1 13 1 1 1152921504606846977 0 1 1
2 13 1 1 1152921504606846977 0 1 1
3 13 1 1 1152921504606846977 0 1 1
0 13 1 1 1152921504606846977 0 1 1152921504606846976
1 13 1 1 1152921504606846977 0 1 1152921504606846976
2 13 1 1 1152921504606846977 0 1 1152921504606846976
3 13 1 1 1152921504606846977 0 1 1152921504606846976
0 13 1 1 1152921504606846977 0 1 1152921504606846977
1 13 1 1 1152921504606846977 0 1 1152921504606846977
2 13 1 1 1152921504606846977 0 1 1152921504606846977
3 13 1 1 1152921504606846977 0 1 1152921504606846977
0 13 1 1 1152921504606846977 0 1 9223372036854775807
1 13 1 1 1152921504606846977 0 1 9223372036854775807
2 13 1 1 1152921504606846977 0 1 9223372036854775807
3 13 1 1 1152921504606846977 0 1 9223372036854775807
0 13 0 1 0 576460752303423488 0 1152921504606846976
1 13 0 1 0 576460752303423488 0 1152921504606846976
2 13 0 1 0 576460752303423488 0 1152921504606846976
3 13 0 1 0 576460752303423488 0 1152921504606846976
0 13 0 1 0 576460752303423488 0 1152921504606846977
1 13 0 1 0 576460752303423488 0 1152921504606846977
2 13 0 1 0 576460752303423488 0 1152921504606846977
3 13 0 1 0 576460752303423488 0 1152921504606846977
0 13 0 1 0 576460752303423488 0 9223372036854775807
1 13 0 1 0 576460752303423488 0 9223372036854775807
2 13 0 1 0 576460752303423488 0 9223372036854775807
3 13 0 1 0 576460752303423488 0 9223372036854775807
0 13 0 1 0 576460752303423489 0 1152921504606846976
1 13 0 1 0 576460752303423489 0 1152921504606846976
2 13 0 1 0 576460752303423489 0 1152921504606846976
3 13 0 1 0 576460752303423489 0 1152921504606846976
0 13 0 1 0 576460752303423489 0 1152921504606846977
1 13 0 1 0 576460752303423489 0 1152921504606846977
2 13 0 1 0 576460752303423489 0 1152921504606846977
3 13 0 1 0 576460752303423489 0 1152921504606846977
0 13 0 1 0 576460752303423489 0 9223372036854775807
1 13 0 1 0 576460752303423489 0 9223372036854775807
2 13 0 1 0 576460752303423489 0 9223372036854775807
3 13 0 1 0 576460752303423489 0 9223372036854775807
0 13 0 1 0 1152921504606846976 0 1152921504606846976
1 13 0 1 0 1152921504606846976 0 1152921504606846976
2 13 0 1 0 1152921504606846976 0 1152921504606846976
3 13 0 1 0 1152921504606846976 0 1152921504606846976
0 13 0 1 0 1152921504606846976 0 1152921504606846977
1 13 0 1 0 1152921504606846976 0 1152921504606846977
2 13 0 1 0 1152921504606846976 0 1152921504606846977
3 13 0 1 0 1152921504606846976 0 1152921504606846977
0 13 0 1 0 1152921504606846976 0 9223372036854775807
1 13 0 1 0 1152921504606846976 0 9223372036854775807
2 13 0 1 0 1152921504606846976 0 9223372036854775807
3 13 0 1 0 1152921504606846976 0 9223372036854775807
0 13 0 1 0 1152921504606846977 0 1152921504606846976
1 13 0 1 0 1152921504606846977 0 1152921504606846976
2 13 0 1 0 1152921504606846977 0 1152921504606846976
3 13 0 1 0 1152921504606846977 0 1152921504606846976
0 13 0 1 0 1152921504606846977 0 1152921504606846977
1 13 0 1 0 1152921504606846977 0 1152921504606846977
2 13 0 1 0 1152921504606846977 0 1152921504606846977
3 13 0 1 0 1152921504606846977 0 1152921504606846977
0 13 0 1 0 1152921504606846977 0 9223372036854775807
1 13 0 1 0 1152921504606846977 0 9223372036854775807
2 13 0 1 0 1152921504606846977 0 9223372036854775807
3 13 0 1 0 1152921504606846977 0 9223372036854775807
0 13 0 1 0 0 1 -9223372036854775808
1 13 0 1 0 0 1 -9223372036854775808
2 13 0 1 0 0 1 -9223372036854775808
3 13 0 1 0 0 1 -9223372036854775808
0 13 0 1 0 0 1 9223372036854775807
1 13 0 1 0 0 1 9223372036854775807
2 13 0 1 0 0 1 9223372036854775807
3 13 0 1 0 0 1 9223372036854775807
0 13 1 1 1 0 1 16777217
1 13 1 1 1 0 1 16777217
2 13 1 1 1 0 1 16777217
3 13 1 1 1 0 1 16777217
0 65537 0 1 0 -2 0 -1152921504606846977
1 65537 0 1 0 -2 0 -1152921504606846977
2 65537 0 1 0 -2 0 -1152921504606846977
3 65537 0 1 0 -2 0 -1152921504606846977
0 65537 0 1 0 -2 0 -1
1 65537 0 1 0 -2 0 -1
2 65537 0 1 0 -2 0 -1
3 65537 0 1 0 -2 0 -1
0 65537 0 1 0 -2 0 1
1 65537 0 1 0 -2 0 1
2 65537 0 1 0 -2 0 1
3 65537 0 1 0 -2 0 1
0 65537 0 1 0 -2 0 15
1 65537 0 1 0 -2 0 15
2 65537 0 1 0 -2 0 15
3 65537 0 1 0 -2 0 15
0 65537 0 1 0 -2 0 1152921504606846977
1 65537 0 1 0 -2 0 1152921504606846977
2 65537 0 1 0 -2 0 1152921504606846977
3 65537 0 1 0 -2 0 1152921504606846977
0 65537 0 1 0 -1 0 -1152921504606846977
1 65537 0 1 0 -1 0 -1152921504606846977
2 65537 0 1 0 -1 0 -1152921504606846977
3 65537 0 1 0 -1 0 -1152921504606846977
0 65537 0 1 0 -1 0 -1
1 65537 0 1 0 -1 0 -1
2 65537 0 1 0 -1 0 -1
3 65537 0 1 0 -1 0 -1
0 65537 0 1 0 -1 0 1
1 65537 0 1 0 -1 0 1
2 65537 0 1 0 -1 0 1
3 65537 0 1 0 -1 0 1
0 65537 0 1 0 -1 0 15
1 65537 0 1 0 -1 0 15
2 65537 0 1 0 -1 0 15
3 65537 0 1 0 -1 0 15
0 65537 0 1 0 -1 0 1152921504606846977
1 65537 0 1 0 -1 0 1152921504606846977
2 65537 0 1 0 -1 0 1152921504606846977
3 65537 0 1 0 -1 0 1152921504606846977
0 65537 0 1 0 0 0 -1152921504606846977
1 65537 0 1 0 0 0 -1152921504606846977
2 65537 0 1 0 0 0 -1152921504606846977
3 65537 0 1 0 0 0 -1152921504606846977
0 65537 0 1 0 0 0 -1
1 65537 0 1 0 0 0 -1
2 65537 0 1 0 0 0 -1
3 65537 0 1 0 0 0 -1
0 65537 0 1 0 0 0 1
1 65537 0 1 0 0 0 1
2 65537 0 1 0 0 0 1
3 65537 0 1 0 0 0 1
0 65537 0 1 0 0 0 15
1 65537 0 1 0 0 0 15
2 65537 0 1 0 0 0 15
3 65537 0 1 0 0 0 15
0 65537 0 1 0 0 0 1152921504606846977
1 65537 0 1 0 0 0 1152921504606846977
2 65537 0 1 0 0 0 1152921504606846977
3 65537 0 1 0 0 0 1152921504606846977
0 65537 0 1 0 1 0 -1152921504606846977
1 65537 0 1 0 1 0 -1152921504606846977
2 65537 0 1 0 1 0 -1152921504606846977
3 65537 0 1 0 1 0 -1152921504606846977
0 65537 0 1 0 1 0 -1
1 65537 0 1 0 1 0 -1
2 65537 0 1 0 1 0 -1
3 65537 0 1 0 1 0 -1
0 65537 0 1 0 1 0 1
1 65537 0 1 0 1 0 1
2 65537 0 1 0 1 0 1
3 65537 0 1 0 1 0 1
0 65537 0 1 0 1 0 15
1 65537 0 1 0 1 0 15
2 65537 0 1 0 1 0 15
3 65537 0 1 0 1 0 15
0 65537 0 1 0 1 0 1152921504606846977
1 65537 0 1 0 1 0 1152921504606846977
2 65537 0 1 0 1 0 1152921504606846977
3 65537 0 1 0 1 0 1152921504606846977
0 65537 0 1 0 2 0 -1152921504606846977
1 65537 0 1 0 2 0 -1152921504606846977
2 65537 0 1 0 2 0 -1152921504606846977
3 65537 0 1 0 2 0 -1152921504606846977
0 65537 0 1 0 2 0 -1
1 65537 0 1 0 2 0 -1
2 65537 0 1 0 2 0 -1
3 65537 0 1 0 2 0 -1
0 65537 0 1 0 2 0 1
1 65537 0 1 0 2 0 1
2 65537 0 1 0 2 0 1
3 65537 0 1 0 2 0 1
0 65537 0 1 0 2 0 15
1 65537 0 1 0 2 0 15
2 65537 0 1 0 2 0 15
3 65537 0 1 0 2 0 15
0 65537 0 1 0 2 0 1152921504606846977
1 65537 0 1 0 2 0 1152921504606846977
2 65537 0 1 0 2 0 1152921504606846977
3 65537 0 1 0 2 0 1152921504606846977
0 65537 0 1 0 3 0 -1152921504606846977
1 65537 0 1 0 3 0 -1152921504606846977
2 65537 0 1 0 3 0 -1152921504606846977
3 65537 0 1 0 3 0 -1152921504606846977
0 65537 0 1 0 3 0 -1
1 65537 0 1 0 3 0 -1
2 65537 0 1 0 3 0 -1
3 65537 0 1 0 3 0 -1
0 65537 0 1 0 3 0 1
1 65537 0 1 0 3 0 1
2 65537 0 1 0 3 0 1
3 65537 0 1 0 3 0 1
0 65537 0 1 0 3 0 15
1 65537 0 1 0 3 0 15
2 65537 0 1 0 3 0 15
3 65537 0 1 0 3 0 15
0 65537 0 1 0 3 0 1152921504606846977
1 65537 0 1 0 3 0 1152921504606846977
2 65537 0 1 0 3 0 1152921504606846977
3 65537 0 1 0 3 0 1152921504606846977
0 65537 1 1 -1152921504606846977 0 1 -9223372036854775808
1 65537 1 1 -1152921504606846977 0 1 -9223372036854775808
2 65537 1 1 -1152921504606846977 0 1 -9223372036854775808
3 65537 1 1 -1152921504606846977 0 1 -9223372036854775808
0 65537 1 1 -1152921504606846977 0 1 1
1 65537 1 1 -1152921504606846977 0 1 1
2 65537 1 1 -1152921504606846977 0 1 1
3 65537 1 1 -1152921504606846977 0 1 1
0 65537 1 1 -1152921504606846977 0 1 1152921504606846976
1 65537 1 1 -1152921504606846977 0 1 1152921504606846976
2 65537 1 1 -1152921504606846977 0 1 1152921504606846976
3 65537 1 1 -1152921504606846977 0 1 1152921504606846976
0 65537 1 1 -1152921504606846977 0 1 1152921504606846977
1 65537 1 1 -1152921504606846977 0 1 1152921504606846977
2 65537 1 1 -1152921504606846977 0 1 1152921504606846977
3 65537 1 1 -1152921504606846977 0 1 1152921504606846977
0 65537 1 1 -1152921504606846977 0 1 9223372036854775807
1 65537 1 1 -1152921504606846977 0 1 9223372036854775807
2 65537 1 1 -1152921504606846977 0 1 9223372036854775807
3 65537 1 1 -1152921504606846977 0 1 9223372036854775807
0 65537 1 1 -1152921504606846976 0 1 -9223372036854775808
1 65537 1 1 -1152921504606846976 0 1 -9223372036854775808
2 65537 1 1 -1152921504606846976 0 1 -9223372036854775808
3 65537 1 1 -1152921504606846976 0 1 -9223372036854775808
0 65537 1 1 -1152921504606846976 0 1 1
1 65537 1 1 -1152921504606846976 0 1 1
2 65537 1 1 -1152921504606846976 0 1 1
3 65537 1 1 -1152921504606846976 0 1 1
0 65537 1 1 -1152921504606846976 0 1 1152921504606846976
1 65537 1 1 -1152921504606846976 0 1 1152921504606846976
2 65537 1 1 -1152921504606846976 0 1 1152921504606846976
3 65537 1 1 -1152921504606846976 0 1 1152921504606846976
0 65537 1 1 -1152921504606846976 0 1 1152921504606846977
1 65537 1 1 -1152921504606846976 0 1 1152921504606846977
2 65537 1 1 -1152921504606846976 0 1 1152921504606846977
3 65537 1 1 -1152921504606846976 0 1 1152921504606846977
0 65537 1 1 -1152921504606846976 0 1 9223372036854775807
1 65537 1 1 -1152921504606846976 0 1 9223372036854775807
2 65537 1 1 -1152921504606846976 0 1 9223372036854775807
3 65537 1 1 -1152921504606846976 0 1 9223372036854775807
0 65537 1 1 -1 0 1 -9223372036854775808
1 65537 1 1 -1 0 1 -9223372036854775808
2 65537 1 1 -1 0 1 -9223372036854775808
3 65537 1 1 -1 0 1 -9223372036854775808
0 65537 1 1 -1 0 1 1
1 65537 1 1 -1 0 1 1
2 65537 1 1 -1 0 1 1
3 65537 1 1 -1 0 1 1
0 65537 1 1 -1 0 1 1152921504606846976
1 65537 1 1 -1 0 1 1152921504606846976
2 65537 1 1 -1 0 1 1152921504606846976
3 65537 1 1 -1 0 1 1152921504606846976
0 65537 1 1 -1 0 1 1152921504606846977
1 65537 1 1 -1 0 1 1152921504606846977
2 65537 1 1 -1 0 1 1152921504606846977
3 65537 1 1 -1 0 1 1152921504606846977
0 65537 1 1 -1 0 1 9223372036854775807
1 65537 1 1 -1 0 1 9223372036854775807
2 65537 1 1 -1 0 1 9223372036854775807
3 65537 1 1 -1 0 1 9223372036854775807
0 65537 1 1 0 0 1 -9223372036854775808
1 65537 1 1 0 0 1 -9223372036854775808
2 65537 1 1 0 0 1 -9223372036854775808
3 65537 1 1 0 0 1 -9223372036854775808
0 65537 1 1 0 0 1 1
1 65537 1 1 0 0 1 1
2 65537 1 1 0 0 1 1
3 65537 1 1 0 0 1 1
0 65537 1 1 0 0 1 1152921504606846976
1 65537 1 1 0 0 1 1152921504606846976
2 65537 1 1 0 0 1 1152921504606846976
3 65537 1 1 0 0 1 1152921504606846976
0 65537 1 1 0 0 1 1152921504606846977
1 65537 1 1 0 0 1 1152921504606846977
2 65537 1 1 0 0 1 1152921504606846977
3 65537 1 1 0 0 1 1152921504606846977
0 65537 1 1 0 0 1 9223372036854775807
1 65537 1 1 0 0 1 9223372036854775807
2 65537 1 1 0 0 1 9223372036854775807
3 65537 1 1 0 0 1 9223372036854775807
0 65537 1 1 0 0 1 -9223372036854775808
1 65537 1 1 0 0 1 -9223372036854775808
2 65537 1 1 0 0 1 -9223372036854775808
3 65537 1 1 0 0 1 -9223372036854775808
0 65537 1 1 0 0 1 1
1 65537 1 1 0 0 1 1
2 65537 1 1 0 0 1 1
3 65537 1 1 0 0 1 1
0 65537 1 1 0 0 1 1152921504606846976
1 65537 1 1 0 0 1 1152921504606846976
2 65537 1 1 0 0 1 1152921504606846976
3 65537 1 1 0 0 1 1152921504606846976
0 65537 1 1 0 0 1 1152921504606846977
1 65537 1 1 0 0 1 1152921504606846977
2 65537 1 1 0 0 1 1152921504606846977
3 65537 1 1 0 0 1 1152921504606846977
0 65537 1 1 0 0 1 9223372036854775807
1 65537 1 1 0 0 1 9223372036854775807
2 65537 1 1 0 0 1 9223372036854775807
3 65537 1 1 0 0 1 9223372036854775807
0 65537 1 1 1 0 1 -9223372036854775808
1 65537 1 1 1 0 1 -9223372036854775808
2 65537 1 1 1 0 1 -9223372036854775808
3 65537 1 1 1 0 1 -9223372036854775808
0 65537 1 1 1 0 1 1
1 65537 1 1 1 0 1 1
2 65537 1 1 1 0 1 1
3 65537 1 1 1 0 1 1
0 65537 1 1 1 0 1 1152921504606846976
1 65537 1 1 1 0 1 1152921504606846976
2 65537 1 1 1 0 1 1152921504606846976
3 65537 1 1 1 0 1 1152921504606846976
0 65537 1 1 1 0 1 1152921504606846977
1 65537 1 1 1 0 1 1152921504606846977
2 65537 1 1 1 0 1 1152921504606846977
3 65537 1 1 1 0 1 1152921504606846977
0 65537 1 1 1 0 1 9223372036854775807
1 65537 1 1 1 0 1 9223372036854775807
2 65537 1 1 1 0 1 9223372036854775807
3 65537 1 1 1 0 1 9223372036854775807
0 65537 1 1 1152921504606846975 0 1 -9223372036854775808
1 65537 1 1 1152921504606846975 0 1 -9223372036854775808
2 65537 1 1 1152921504606846975 0 1 -9223372036854775808
3 65537 1 1 1152921504606846975 0 1 -9223372036854775808
0 65537 1 1 1152921504606846975 0 1 1
1 65537 1 1 1152921504606846975 0 1 1
2 65537 1 1 1152921504606846975 0 1 1
3 65537 1 1 1152921504606846975 0 1 1
0 65537 1 1 1152921504606846975 0 1 1152921504606846976
1 65537 1 1 1152921504606846975 0 1 1152921504606846976
2 65537 1 1 1152921504606846975 0 1 1152921504606846976
3 65537 1 1 1152921504606846975 0 1 1152921504606846976
0 65537 1 1 1152921504606846975 0 1 1152921504606846977
1 65537 1 1 1152921504606846975 0 1 1152921504606846977
2 65537 1 1 1152921504606846975 0 1 1152921504606846977
3 65537 1 1 1152921504606846975 0 1 1152921504606846977
0 65537 1 1 1152921504606846975 0 1 9223372036854775807
1 65537 1 1 1152921504606846975 0 1 9223372036854775807
2 65537 1 1 1152921504606846975 0 1 9223372036854775807
3 65537 1 1 1152921504606846975 0 1 9223372036854775807
0 65537 1 1 1152921504606846976 0 1 -9223372036854775808
1 65537 1 1 1152921504606846976 0 1 -9223372036854775808
2 65537 1 1 1152921504606846976 0 1 -9223372036854775808
3 65537 1 1 1152921504606846976 0 1 -9223372036854775808
0 65537 1 1 1152921504606846976 0 1 1
1 65537 1 1 1152921504606846976 0 1 1
2 65537 1 1 1152921504606846976 0 1 1
3 65537 1 1 1152921504606846976 0 1 1
0 65537 1 1 1152921504606846976 0 1 1152921504606846976
1 65537 1 1 1152921504606846976 0 1 1152921504606846976
2 65537 1 1 1152921504606846976 0 1 1152921504606846976
3 65537 1 1 1152921504606846976 0 1 1152921504606846976
0 65537 1 1 1152921504606846976 0 1 1152921504606846977
1 65537 1 1 1152921504606846976 0 1 1152921504606846977
2 65537 1 1 1152921504606846976 0 1 1152921504606846977
3 65537 1 1 1152921504606846976 0 1 1152921504606846977
0 65537 1 1 1152921504606846976 0 1 9223372036854775807
1 65537 1 1 1152921504606846976 0 1 9223372036854775807
2 65537 1 1 1152921504606846976 0 1 9223372036854775807
3 65537 1 1 1152921504606846976 0 1 9223372036854775807
0 65537 1 1 1152921504606846977 0 1 -9223372036854775808
1 65537 1 1 1152921504606846977 0 1 -9223372036854775808
2 65537 1 1 1152921504606846977 0 1 -9223372036854775808
3 65537 1 1 1152921504606846977 0 1 -9223372036854775808
0 65537 1 1 1152921504606846977 0 1 1
1 65537 1 1 1152921504606846977 0 1 1
2 65537 1 1 1152921504606846977 0 1 1
3 65537 1 1 1152921504606846977 0 1 1
0 65537 1 1 1152921504606846977 0 1 1152921504606846976
1 65537 1 1 1152921504606846977 0 1 1152921504606846976
2 65537 1 1 1152921504606846977 0 1 1152921504606846976
3 65537 1 1 1152921504606846977 0 1 1152921504606846976
0 65537 1 1 1152921504606846977 0 1 1152921504606846977
1 65537 1 1 1152921504606846977 0 1 1152921504606846977
2 65537 1 1 1152921504606846977 0 1 1152921504606846977
3 65537 1 1 1152921504606846977 0 1 1152921504606846977
0 65537 1 1 1152921504606846977 0 1 9223372036854775807
1 65537 1 1 1152921504606846977 0 1 9223372036854775807
2 65537 1 1 1152921504606846977 0 1 9223372036854775807
3 65537 1 1 1152921504606846977 0 1 9223372036854775807
0 65537 0 1 0 576460752303423488 0 1152921504606846976
1 65537 0 1 0 576460752303423488 0 1152921504606846976
2 65537 0 1 0 576460752303423488 0 1152921504606846976
3 65537 0 1 0 576460752303423488 0 1152921504606846976
0 65537 0 1 0 576460752303423488 0 1152921504606846977
1 65537 0 1 0 576460752303423488 0 1152921504606846977
2 65537 0 1 0 576460752303423488 0 1152921504606846977
3 65537 0 1 0 576460752303423488 0 1152921504606846977
0 65537 0 1 0 576460752303423488 0 9223372036854775807
1 65537 0 1 0 576460752303423488 0 9223372036854775807
2 65537 0 1 0 576460752303423488 0 9223372036854775807
3 65537 0 1 0 576460752303423488 0 9223372036854775807
0 65537 0 1 0 576460752303423489 0 1152921504606846976
1 65537 0 1 0 576460752303423489 0 1152921504606846976
2 65537 0 1 0 576460752303423489 0 1152921504606846976
3 65537 0 1 0 576460752303423489 0 1152921504606846976
0 65537 0 1 0 576460752303423489 0 1152921504606846977
1 65537 0 1 0 576460752303423489 0 1152921504606846977
2 65537 0 1 0 576460752303423489 0 1152921504606846977
3 65537 0 1 0 576460752303423489 0 1152921504606846977
0 65537 0 1 0 576460752303423489 0 9223372036854775807
1 65537 0 1 0 576460752303423489 0 9223372036854775807
2 65537 0 1 0 576460752303423489 0 9223372036854775807
3 65537 0 1 0 576460752303423489 0 9223372036854775807
0 65537 0 1 0 1152921504606846976 0 1152921504606846976
1 65537 0 1 0 1152921504606846976 0 1152921504606846976
2 65537 0 1 0 1152921504606846976 0 1152921504606846976
3 65537 0 1 0 1152921504606846976 0 1152921504606846976
0 65537 0 1 0 1152921504606846976 0 1152921504606846977
1 65537 0 1 0 1152921504606846976 0 1152921504606846977
2 65537 0 1 0 1152921504606846976 0 1152921504606846977
3 65537 0 1 0 1152921504606846976 0 1152921504606846977
0 65537 0 1 0 1152921504606846976 0 9223372036854775807
1 65537 0 1 0 1152921504606846976 0 9223372036854775807
2 65537 0 1 0 1152921504606846976 0 9223372036854775807
3 65537 0 1 0 1152921504606846976 0 9223372036854775807
0 65537 0 1 0 1152921504606846977 0 1152921504606846976
1 65537 0 1 0 1152921504606846977 0 1152921504606846976
2 65537 0 1 0 1152921504606846977 0 1152921504606846976
3 65537 0 1 0 1152921504606846977 0 1152921504606846976
0 65537 0 1 0 1152921504606846977 0 1152921504606846977
1 65537 0 1 0 1152921504606846977 0 1152921504606846977
2 65537 0 1 0 1152921504606846977 0 1152921504606846977
3 65537 0 1 0 1152921504606846977 0 1152921504606846977
0 65537 0 1 0 1152921504606846977 0 9223372036854775807
1 65537 0 1 0 1152921504606846977 0 9223372036854775807
2 65537 0 1 0 1152921504606846977 0 9223372036854775807
3 65537 0 1 0 1152921504606846977 0 9223372036854775807
0 65537 0 1 0 0 1 -9223372036854775808
1 65537 0 1 0 0 1 -9223372036854775808
2 65537 0 1 0 0 1 -9223372036854775808
3 65537 0 1 0 0 1 -9223372036854775808
0 65537 0 1 0 0 1 9223372036854775807
1 65537 0 1 0 0 1 9223372036854775807
2 65537 0 1 0 0 1 9223372036854775807
3 65537 0 1 0 0 1 9223372036854775807
0 65537 1 1 1 0 1 3947581
1 65537 1 1 1 0 1 3947581
2 65537 1 1 1 0 1 3947581
3 65537 1 1 1 0 1 3947581
0 18446744073709551557 0 1 0 -2 0 -1152921504606846977
1 18446744073709551557 0 1 0 -2 0 -1152921504606846977
2 18446744073709551557 0 1 0 -2 0 -1152921504606846977
3 18446744073709551557 0 1 0 -2 0 -1152921504606846977
0 18446744073709551557 0 1 0 -2 0 -1
1 18446744073709551557 0 1 0 -2 0 -1
2 18446744073709551557 0 1 0 -2 0 -1
3 18446744073709551557 0 1 0 -2 0 -1
0 18446744073709551557 0 1 0 -2 0 1
1 18446744073709551557 0 1 0 -2 0 1
2 18446744073709551557 0 1 0 -2 0 1
3 18446744073709551557 0 1 0 -2 0 1
0 18446744073709551557 0 1 0 -2 0 15
1 18446744073709551557 0 1 0 -2 0 15
2 18446744073709551557 0 1 0 -2 0 15
3 18446744073709551557 0 1 0 -2 0 15
0 18446744073709551557 0 1 0 -2 0 1152921504606846977
1 18446744073709551557 0 1 0 -2 0 1152921504606846977
2 18446744073709551557 0 1 0 -2 0 1152921504606846977
3 18446744073709551557 0 1 0 -2 0 1152921504606846977
0 18446744073709551557 0 1 0 -1 0 -1152921504606846977
1 18446744073709551557 0 1 0 -1 0 -1152921504606846977
2 18446744073709551557 0 1 0 -1 0 -1152921504606846977
3 18446744073709551557 0 1 0 -1 0 -1152921504606846977
0 18446744073709551557 0 1 0 -1 0 -1
1 18446744073709551557 0 1 0 -1 0 -1
2 18446744073709551557 0 1 0 -1 0 -1
3 18446744073709551557 0 1 0 -1 0 -1
0 18446744073709551557 0 1 0 -1 0 1
1 18446744073709551557 0 1 0 -1 0 1
2 18446744073709551557 0 1 0 -1 0 1
3 18446744073709551557 0 1 0 -1 0 1
0 18446744073709551557 0 1 0 -1 0 15
1 18446744073709551557 0 1 0 -1 0 15
2 18446744073709551557 0 1 0 -1 0 15
3 18446744073709551557 0 1 0 -1 0 15
0 18446744073709551557 0 1 0 -1 0 1152921504606846977
1 18446744073709551557 0 1 0 -1 0 1152921504606846977
2 18446744073709551557 0 1 0 -1 0 1152921504606846977
3 18446744073709551557 0 1 0 -1 0 1152921504606846977
0 18446744073709551557 0 1 0 0 0 -1152921504606846977
1 18446744073709551557 0 1 0 0 0 -1152921504606846977
2 18446744073709551557 0 1 0 0 0 -1152921504606846977
3 18446744073709551557 0 1 0 0 0 -1152921504606846977
0 18446744073709551557 0 1 0 0 0 -1
1 18446744073709551557 0 1 0 0 0 -1
2 18446744073709551557 0 1 0 0 0 -1
3 18446744073709551557 0 1 0 0 0 -1
0 18446744073709551557 0 1 0 0 0 1
1 18446744073709551557 0 1 0 0 0 1
2 18446744073709551557 0 1 0 0 0 1
3 18446744073709551557 0 1 0 0 0 1
0 18446744073709551557 0 1 0 0 0 15
1 18446744073709551557 0 1 0 0 0 15
2 18446744073709551557 0 1 0 0 0 15
3 18446744073709551557 0 1 0 0 0 15
0 18446744073709551557 0 1 0 0 0 1152921504606846977
1 18446744073709551557 0 1 0 0 0 1152921504606846977
2 18446744073709551557 0 1 0 0 0 1152921504606846977
3 18446744073709551557 0 1 0 0 0 1152921504606846977
0 18446744073709551557 0 1 0 1 0 -1152921504606846977
1 18446744073709551557 0 1 0 1 0 -1152921504606846977
2 18446744073709551557 0 1 0 1 0 -1152921504606846977
3 18446744073709551557 0 1 0 1 0 -1152921504606846977
0 18446744073709551557 0 1 0 1 0 -1
1 18446744073709551557 0 1 0 1 0 -1
2 18446744073709551557 0 1 0 1 0 -1
3 18446744073709551557 0 1 0 1 0 -1
0 18446744073709551557 0 1 0 1 0 1
1 18446744073709551557 0 1 0 1 0 1
2 18446744073709551557 0 1 0 1 0 1
3 18446744073709551557 0 1 0 1 0 1
0 18446744073709551557 0 1 0 1 0 15
1 18446744073709551557 0 1 0 1 0 15
2 18446744073709551557 0 1 0 1 0 15
3 18446744073709551557 0 1 0 1 0 15
0 18446744073709551557 0 1 0 1 0 1152921504606846977
1 18446744073709551557 0 1 0 1 0 1152921504606846977
2 18446744073709551557 0 1 0 1 0 1152921504606846977
3 18446744073709551557 0 1 0 1 0 1152921504606846977
0 18446744073709551557 0 1 0 2 0 -1152921504606846977
1 18446744073709551557 0 1 0 2 0 -1152921504606846977
2 18446744073709551557 0 1 0 2 0 -1152921504606846977
3 18446744073709551557 0 1 0 2 0 -1152921504606846977
0 18446744073709551557 0 1 0 2 0 -1
1 18446744073709551557 0 1 0 2 0 -1
2 18446744073709551557 0 1 0 2 0 -1
3 18446744073709551557 0 1 0 2 0 -1
0 18446744073709551557 0 1 0 2 0 1
1 18446744073709551557 0 1 0 2 0 1
2 18446744073709551557 0 1 0 2 0 1
3 18446744073709551557 0 1 0 2 0 1
0 18446744073709551557 0 1 0 2 0 15
1 18446744073709551557 0 1 0 2 0 15
2 18446744073709551557 0 1 0 2 0 15
3 18446744073709551557 0 1 0 2 0 15
0 18446744073709551557 0 1 0 2 0 1152921504606846977
1 18446744073709551557 0 1 0 2 0 1152921504606846977
2 18446744073709551557 0 1 0 2 0 1152921504606846977
3 18446744073709551557 0 1 0 2 0 1152921504606846977
0 18446744073709551557 0 1 0 3 0 -1152921504606846977
1 18446744073709551557 0 1 0 3 0 -1152921504606846977
2 18446744073709551557 0 1 0 3 0 -1152921504606846977
3 18446744073709551557 0 1 0 3 0 -1152921504606846977
0 18446744073709551557 0 1 0 3 0 -1
1 18446744073709551557 0 1 0 3 0 -1
2 18446744073709551557 0 1 0 3 0 -1
3 18446744073709551557 0 1 0 3 0 -1
0 18446744073709551557 0 1 0 3 0 1
1 18446744073709551557 0 1 0 3 0 1
2 18446744073709551557 0 1 0 3 0 1
3 18446744073709551557 0 1 0 3 0 1
0 18446744073709551557 0 1 0 3 0 15
1 18446744073709551557 0 1 0 3 0 15
2 18446744073709551557 0 1 0 3 0 15
3 18446744073709551557 0 1 0 3 0 15
0 18446744073709551557 0 1 0 3 0 1152921504606846977
1 18446744073709551557 0 1 0 3 0 1152921504606846977
2 18446744073709551557 0 1 0 3 0 1152921504606846977
3 18446744073709551557 0 1 0 3 0 1152921504606846977
0 18446744073709551557 1 1 -1152921504606846977 0 1 -9223372036854775808
1 18446744073709551557 1 1 -1152921504606846977 0 1 -9223372036854775808
2 18446744073709551557 1 1 -1152921504606846977 0 1 -9223372036854775808
3 18446744073709551557 1 1 -1152921504606846977 0 1 -9223372036854775808
0 18446744073709551557 1 1 -1152921504606846977 0 1 1
1 18446744073709551557 1 1 -1152921504606846977 0 1 1
2 18446744073709551557 1 1 -1152921504606846977 0 1 1
3 18446744073709551557 1 1 -1152921504606846977 0 1 1
0 18446744073709551557 1 1 -1152921504606846977 0 1 1152921504606846976
1 18446744073709551557 1 1 -1152921504606846977 0 1 1152921504606846976
2 18446744073709551557 1 1 -1152921504606846977 0 1 1152921504606846976
3 18446744073709551557 1 1 -1152921504606846977 0 1 1152921504606846976
0 18446744073709551557 1 1 -1152921504606846977 0 1 1152921504606846977
1 18446744073709551557 1 1 -1152921504606846977 0 1 1152921504606846977
2 18446744073709551557 1 1 -1152921504606846977 0 1 1152921504606846977
3 18446744073709551557 1 1 -1152921504606846977 0 1 1152921504606846977
0 18446744073709551557 1 1 -1152921504606846977 0 1 9223372036854775807
1 18446744073709551557 1 1 -1152921504606846977 0 1 9223372036854775807
2 18446744073709551557 1 1 -1152921504606846977 0 1 9223372036854775807
3 18446744073709551557 1 1 -1152921504606846977 0 1 9223372036854775807
0 18446744073709551557 1 1 -1152921504606846976 0 1 -9223372036854775808
1 18446744073709551557 1 1 -1152921504606846976 0 1 -9223372036854775808
2 18446744073709551557 1 1 -1152921504606846976 0 1 -9223372036854775808
3 18446744073709551557 1 1 -1152921504606846976 0 1 -9223372036854775808
0 18446744073709551557 1 1 -1152921504606846976 0 1 1
1 18446744073709551557 1 1 -1152921504606846976 0 1 1
2 18446744073709551557 1 1 -1152921504606846976 0 1 1
3 18446744073709551557 1 1 -1152921504606846976 0 1 1
0 18446744073709551557 1 1 -1152921504606846976 0 1 1152921504606846976
1 18446744073709551557 1 1 -1152921504606846976 0 1 1152921504606846976
2 18446744073709551557 1 1 -1152921504606846976 0 1 1152921504606846976
3 18446744073709551557 1 1 -1152921504606846976 0 1 1152921504606846976
0 18446744073709551557 1 1 -1152921504606846976 0 1 1152921504606846977
1 18446744073709551557 1 1 -1152921504606846976 0 1 1152921504606846977
2 18446744073709551557 1 1 -1152921504606846976 0 1 1152921504606846977
3 18446744073709551557 1 1 -1152921504606846976 0 1 1152921504606846977
0 18446744073709551557 1 1 -1152921504606846976 0 1 9223372036854775807
1 18446744073709551557 1 1 -1152921504606846976 0 1 9223372036854775807
2 18446744073709551557 1 1 -1152921504606846976 0 1 9223372036854775807
3 18446744073709551557 1 1 -1152921504606846976 0 1 9223372036854775807
0 18446744073709551557 1 1 -1 0 1 -9223372036854775808
1 18446744073709551557 1 1 -1 0 1 -9223372036854775808
2 18446744073709551557 1 1 -1 0 1 -9223372036854775808
3 18446744073709551557 1 1 -1 0 1 -9223372036854775808
0 18446744073709551557 1 1 -1 0 1 1
1 18446744073709551557 1 1 -1 0 1 1
2 18446744073709551557 1 1 -1 0 1 1
3 18446744073709551557 1 1 -1 0 1 1
0 18446744073709551557 1 1 -1 0 1 1152921504606846976
1 18446744073709551557 1 1 -1 0 1 1152921504606846976
2 18446744073709551557 1 1 -1 0 1 1152921504606846976
3 18446744073709551557 1 1 -1 0 1 1152921504606846976
0 18446744073709551557 1 1 -1 0 1 1152921504606846977
1 18446744073709551557 1 1 -1 0 1 1152921504606846977
2 18446744073709551557 1 1 -1 0 1 1152921504606846977
3 18446744073709551557 1 1 -1 0 1 1152921504606846977
0 18446744073709551557 1 1 -1 0 1 9223372036854775807
1 18446744073709551557 1 1 -1 0 1 9223372036854775807
2 18446744073709551557 1 1 -1 0 1 9223372036854775807
3 18446744073709551557 1 1 -1 0 1 9223372036854775807
0 18446744073709551557 1 1 0 0 1 -9223372036854775808
1 18446744073709551557 1 1 0 0 1 -9223372036854775808
2 18446744073709551557 1 1 0 0 1 -9223372036854775808
3 18446744073709551557 1 1 0 0 1 -9223372036854775808
0 18446744073709551557 1 1 0 0 1 1
1 18446744073709551557 1 1 0 0 1 1
2 18446744073709551557 1 1 0 0 1 1
3 18446744073709551557 1 1 0 0 1 1
0 18446744073709551557 1 1 0 0 1 1152921504606846976
1 18446744073709551557 1 1 0 0 1 1152921504606846976
2 18446744073709551557 1 1 0 0 1 1152921504606846976
3 18446744073709551557 1 1 0 0 1 1152921504606846976
0 18446744073709551557 1 1 0 0 1 1152921504606846977
1 18446744073709551557 1 1 0 0 1 1152921504606846977
2 18446744073709551557 1 1 0 0 1 1152921504606846977
3 18446744073709551557 1 1 0 0 1 1152921504606846977
0 18446744073709551557 1 1 0 0 1 9223372036854775807
1 18446744073709551557 1 1 0 0 1 9223372036854775807
2 18446744073709551557 1 1 0 0 1 9223372036854775807
3 18446744073709551557 1 1 0 0 1 9223372036854775807
0 18446744073709551557 1 1 0 0 1 -9223372036854775808
1 18446744073709551557 1 1 0 0 1 -9223372036854775808
2 18446744073709551557 1 1 0 0 1 -9223372036854775808
3 18446744073709551557 1 1 0 0 1 -9223372036854775808
0 18446744073709551557 1 1 0 0 1 1
1 18446744073709551557 1 1 0 0 1 1
2 18446744073709551557 1 1 0 0 1 1
3 18446744073709551557 1 1 0 0 1 1
0 18446744073709551557 1 1 0 0 1 1152921504606846976
1 18446744073709551557 1 1 0 0 1 1152921504606846976
2 18446744073709551557 1 1 0 0 1 1152921504606846976
3 18446744073709551557 1 1 0 0 1 1152921504606846976
0 18446744073709551557 1 1 0 0 1 1152921504606846977
1 18446744073709551557 1 1 0 0 1 1152921504606846977
2 18446744073709551557 1 1 0 0 1 1152921504606846977
3 18446744073709551557 1 1 0 0 1 1152921504606846977
0 18446744073709551557 1 1 0 0 1 9223372036854775807
1 18446744073709551557 1 1 0 0 1 9223372036854775807
2 18446744073709551557 1 1 0 0 1 9223372036854775807
3 18446744073709551557 1 1 0 0 1 9223372036854775807
0 18446744073709551557 1 1 1 0 1 -9223372036854775808
1 18446744073709551557 1 1 1 0 1 -9223372036854775808
2 18446744073709551557 1 1 1 0 1 -9223372036854775808
3 18446744073709551557 1 1 1 0 1 -9223372036854775808
0 18446744073709551557 1 1 1 0 1 1
1 18446744073709551557 1 1 1 0 1 1
2 18446744073709551557 1 1 1 0 1 1
3 18446744073709551557 1 1 1 0 1 1
0 18446744073709551557 1 1 1 0 1 1152921504606846976
1 18446744073709551557 1 1 1 0 1 1152921504606846976
2 18446744073709551557 1 1 1 0 1 1152921504606846976
3 18446744073709551557 1 1 1 0 1 1152921504606846976
0 18446744073709551557 1 1 1 0 1 1152921504606846977
1 18446744073709551557 1 1 1 0 1 1152921504606846977
2 18446744073709551557 1 1 1 0 1 1152921504606846977
3 18446744073709551557 1 1 1 0 1 1152921504606846977
0 18446744073709551557 1 1 1 0 1 9223372036854775807
1 18446744073709551557 1 1 1 0 1 9223372036854775807
2 18446744073709551557 1 1 1 0 1 9223372036854775807
3 18446744073709551557 1 1 1 0 1 9223372036854775807
0 18446744073709551557 1 1 1152921504606846975 0 1 -9223372036854775808
1 18446744073709551557 1 1 1152921504606846975 0 1 -9223372036854775808
2 18446744073709551557 1 1 1152921504606846975 0 1 -9223372036854775808
3 18446744073709551557 1 1 1152921504606846975 0 1 -9223372036854775808
0 18446744073709551557 1 1 1152921504606846975 0 1 1
1 18446744073709551557 1 1 1152921504606846975 0 1 1
2 18446744073709551557 1 1 1152921504606846975 0 1 1
3 18446744073709551557 1 1 1152921504606846975 0 1 1
0 18446744073709551557 1 1 1152921504606846975 0 1 1152921504606846976
1 18446744073709551557 1 1 1152921504606846975 0 1 1152921504606846976
2 18446744073709551557 1 1 1152921504606846975 0 1 1152921504606846976
3 18446744073709551557 1 1 1152921504606846975 0 1 1152921504606846976
0 18446744073709551557 1 1 1152921504606846975 0 1 1152921504606846977
1 18446744073709551557 1 1 1152921504606846975 0 1 1152921504606846977
2 18446744073709551557 1 1 1152921504606846975 0 1 1152921504606846977
3 18446744073709551557 1 1 1152921504606846975 0 1 1152921504606846977
0 18446744073709551557 1 1 1152921504606846975 0 1 9223372036854775807
1 18446744073709551557 1 1 1152921504606846975 0 1 9223372036854775807
2 18446744073709551557 1 1 1152921504606846975 0 1 9223372036854775807
3 18446744073709551557 1 1 1152921504606846975 0 1 9223372036854775807
0 18446744073709551557 1 1 1152921504606846976 0 1 -9223372036854775808
1 18446744073709551557 1 1 1152921504606846976 0 1 -9223372036854775808
2 18446744073709551557 1 1 1152921504606846976 0 1 -9223372036854775808
3 18446744073709551557 1 1 1152921504606846976 0 1 -9223372036854775808
0 18446744073709551557 1 1 1152921504606846976 0 1 1
1 18446744073709551557 1 1 1152921504606846976 0 1 1
2 18446744073709551557 1 1 1152921504606846976 0 1 1
3 18446744073709551557 1 1 1152921504606846976 0 1 1
0 18446744073709551557 1 1 1152921504606846976 0 1 1152921504606846976
1 18446744073709551557 1 1 1152921504606846976 0 1 1152921504606846976
2 18446744073709551557 1 1 1152921504606846976 0 1 1152921504606846976
3 18446744073709551557 1 1 1152921504606846976 0 1 1152921504606846976
0 18446744073709551557 1 1 1152921504606846976 0 1 1152921504606846977
1 18446744073709551557 1 1 1152921504606846976 0 1 1152921504606846977
2 18446744073709551557 1 1 1152921504606846976 0 1 1152921504606846977
3 18446744073709551557 1 1 1152921504606846976 0 1 1152921504606846977
0 18446744073709551557 1 1 1152921504606846976 0 1 9223372036854775807
1 18446744073709551557 1 1 1152921504606846976 0 1 9223372036854775807
2 18446744073709551557 1 1 1152921504606846976 0 1 9223372036854775807
3 18446744073709551557 1 1 1152921504606846976 0 1 9223372036854775807
0 18446744073709551557 1 1 1152921504606846977 0 1 -9223372036854775808
1 18446744073709551557 1 1 1152921504606846977 0 1 -9223372036854775808
2 18446744073709551557 1 1 1152921504606846977 0 1 -9223372036854775808
3 18446744073709551557 1 1 1152921504606846977 0 1 -9223372036854775808
0 18446744073709551557 1 1 1152921504606846977 0 1 1
1 18446744073709551557 1 1 1152921504606846977 0 1 1
2 18446744073709551557 1 1 1152921504606846977 0 1 1
3 18446744073709551557 1 1 1152921504606846977 0 1 1
0 18446744073709551557 1 1 1152921504606846977 0 1 1152921504606846976
1 18446744073709551557 1 1 1152921504606846977 0 1 1152921504606846976
2 18446744073709551557 1 1 1152921504606846977 0 1 1152921504606846976
3 18446744073709551557 1 1 1152921504606846977 0 1 1152921504606846976
0 18446744073709551557 1 1 1152921504606846977 0 1 1152921504606846977
1 18446744073709551557 1 1 1152921504606846977 0 1 1152921504606846977
2 18446744073709551557 1 1 1152921504606846977 0 1 1152921504606846977
3 18446744073709551557 1 1 1152921504606846977 0 1 1152921504606846977
0 18446744073709551557 1 1 1152921504606846977 0 1 9223372036854775807
1 18446744073709551557 1 1 1152921504606846977 0 1 9223372036854775807
2 18446744073709551557 1 1 1152921504606846977 0 1 9223372036854775807
3 18446744073709551557 1 1 1152921504606846977 0 1 9223372036854775807
0 18446744073709551557 0 1 0 576460752303423488 0 1152921504606846976
1 18446744073709551557 0 1 0 576460752303423488 0 1152921504606846976
2 18446744073709551557 0 1 0 576460752303423488 0 1152921504606846976
3 18446744073709551557 0 1 0 576460752303423488 0 1152921504606846976
0 18446744073709551557 0 1 0 576460752303423488 0 1152921504606846977
1 18446744073709551557 0 1 0 576460752303423488 0 1152921504606846977
2 18446744073709551557 0 1 0 576460752303423488 0 1152921504606846977
3 18446744073709551557 0 1 0 576460752303423488 0 1152921504606846977
0 18446744073709551557 0 1 0 576460752303423488 0 9223372036854775807
1 18446744073709551557 0 1 0 576460752303423488 0 9223372036854775807
2 18446744073709551557 0 1 0 576460752303423488 0 9223372036854775807
3 18446744073709551557 0 1 0 576460752303423488 0 9223372036854775807
0 18446744073709551557 0 1 0 576460752303423489 0 1152921504606846976
1 18446744073709551557 0 1 0 576460752303423489 0 1152921504606846976
2 18446744073709551557 0 1 0 576460752303423489 0 1152921504606846976
3 18446744073709551557 0 1 0 576460752303423489 0 1152921504606846976
0 18446744073709551557 0 1 0 576460752303423489 0 1152921504606846977
1 18446744073709551557 0 1 0 576460752303423489 0 1152921504606846977
2 18446744073709551557 0 1 0 576460752303423489 0 1152921504606846977
3 18446744073709551557 0 1 0 576460752303423489 0 1152921504606846977
0 18446744073709551557 0 1 0 576460752303423489 0 9223372036854775807
1 18446744073709551557 0 1 0 576460752303423489 0 9223372036854775807
2 18446744073709551557 0 1 0 576460752303423489 0 9223372036854775807
3 18446744073709551557 0 1 0 576460752303423489 0 9223372036854775807
0 18446744073709551557 0 1 0 1152921504606846976 0 1152921504606846976
1 18446744073709551557 0 1 0 1152921504606846976 0 1152921504606846976
2 18446744073709551557 0 1 0 1152921504606846976 0 1152921504606846976
3 18446744073709551557 0 1 0 1152921504606846976 0 1152921504606846976
0 18446744073709551557 0 1 0 1152921504606846976 0 1152921504606846977
1 18446744073709551557 0 1 0 1152921504606846976 0 1152921504606846977
2 18446744073709551557 0 1 0 1152921504606846976 0 1152921504606846977
3 18446744073709551557 0 1 0 1152921504606846976 0 1152921504606846977
0 18446744073709551557 0 1 0 1152921504606846976 0 9223372036854775807
1 18446744073709551557 0 1 0 1152921504606846976 0 9223372036854775807
2 18446744073709551557 0 1 0 1152921504606846976 0 9223372036854775807
3 18446744073709551557 0 1 0 1152921504606846976 0 9223372036854775807
0 18446744073709551557 0 1 0 1152921504606846977 0 1152921504606846976
1 18446744073709551557 0 1 0 1152921504606846977 0 1152921504606846976
2 18446744073709551557 0 1 0 1152921504606846977 0 1152921504606846976
3 18446744073709551557 0 1 0 1152921504606846977 0 1152921504606846976
0 18446744073709551557 0 1 0 1152921504606846977 0 1152921504606846977
1 18446744073709551557 0 1 0 1152921504606846977 0 1152921504606846977
2 18446744073709551557 0 1 0 1152921504606846977 0 1152921504606846977
3 18446744073709551557 0 1 0 1152921504606846977 0 1152921504606846977
0 18446744073709551557 0 1 0 1152921504606846977 0 9223372036854775807
1 18446744073709551557 0 1 0 1152921504606846977 0 9223372036854775807
2 18446744073709551557 0 1 0 1152921504606846977 0 9223372036854775807
3 18446744073709551557 0 1 0 1152921504606846977 0 9223372036854775807
0 18446744073709551557 0 1 0 0 1 -9223372036854775808
1 18446744073709551557 0 1 0 0 1 -9223372036854775808
2 18446744073709551557 0 1 0 0 1 -9223372036854775808
3 18446744073709551557 0 1 0 0 1 -9223372036854775808
0 18446744073709551557 0 1 0 0 1 9223372036854775807
1 18446744073709551557 0 1 0 0 1 9223372036854775807
2 18446744073709551557 0 1 0 0 1 9223372036854775807
3 18446744073709551557 0 1 0 0 1 9223372036854775807
0 18446744073709551557 1 1 1 0 1 1048577
1 18446744073709551557 1 1 1 0 1 1048577
2 18446744073709551557 1 1 1 0 1 1048577
3 18446744073709551557 1 1 1 0 1 1048577
