binomial fixture rows: 822
ok   binomial_vectors
ok   binomial_plan_limits_huge
ok   binomial_local_and_mixed
power fixture rows: 1362
ok   power_vectors
ok   power_plan_boundary_huge_statuses
ok   haar_and_existing_content
volume fixture rows: 120
ok   volume_vectors
FAIL tests/test_catalogue.c:356: cyclotomic_vectors: check failed: cyclo_call(inverse,out,&w,x,n)==st | cyclotomic row 0
FAIL tests/test_catalogue.c:358: cyclotomic_vectors: check failed: fmpz_equal(out,st==0 ? want : (alias ? old : want))
FAIL tests/test_catalogue.c:356: cyclotomic_vectors: check failed: cyclo_call(inverse,out,&w,x,n)==st | cyclotomic row 0
FAIL tests/test_catalogue.c:358: cyclotomic_vectors: check failed: fmpz_equal(out,st==0 ? want : (alias ? old : want))
FAIL tests/test_catalogue.c:356: cyclotomic_vectors: check failed: cyclo_call(inverse,out,&w,x,n)==st | cyclotomic row 1
FAIL tests/test_catalogue.c:358: cyclotomic_vectors: check failed: fmpz_equal(out,st==0 ? want : (alias ? old : want))
FAIL tests/test_catalogue.c:356: cyclotomic_vectors: check failed: cyclo_call(inverse,out,&w,x,n)==st | cyclotomic row 1
FAIL tests/test_catalogue.c:358: cyclotomic_vectors: check failed: fmpz_equal(out,st==0 ? want : (alias ? old : want))
FAIL tests/test_catalogue.c:356: cyclotomic_vectors: check failed: cyclo_call(inverse,out,&w,x,n)==st | cyclotomic row 2
FAIL tests/test_catalogue.c:358: cyclotomic_vectors: check failed: fmpz_equal(out,st==0 ? want : (alias ? old : want))
FAIL tests/test_catalogue.c:356: cyclotomic_vectors: check failed: cyclo_call(inverse,out,&w,x,n)==st | cyclotomic row 2
FAIL tests/test_catalogue.c:358: cyclotomic_vectors: check failed: fmpz_equal(out,st==0 ? want : (alias ? old : want))
FAIL tests/test_catalogue.c:356: cyclotomic_vectors: check failed: cyclo_call(inverse,out,&w,x,n)==st | cyclotomic row 3
FAIL tests/test_catalogue.c:358: cyclotomic_vectors: check failed: fmpz_equal(out,st==0 ? want : (alias ? old : want))
FAIL tests/test_catalogue.c:356: cyclotomic_vectors: check failed: cyclo_call(inverse,out,&w,x,n)==st | cyclotomic row 3
FAIL tests/test_catalogue.c:358: cyclotomic_vectors: check failed: fmpz_equal(out,st==0 ? want : (alias ? old : want))
FAIL tests/test_catalogue.c:356: cyclotomic_vectors: check failed: cyclo_call(inverse,out,&w,x,n)==st | cyclotomic row 4
FAIL tests/test_catalogue.c:358: cyclotomic_vectors: check failed: fmpz_equal(out,st==0 ? want : (alias ? old : want))
FAIL tests/test_catalogue.c:356: cyclotomic_vectors: check failed: cyclo_call(inverse,out,&w,x,n)==st | cyclotomic row 4
FAIL tests/test_catalogue.c:358: cyclotomic_vectors: check failed: fmpz_equal(out,st==0 ? want : (alias ? old : want))
FAIL tests/test_catalogue.c:356: cyclotomic_vectors: check failed: cyclo_call(inverse,out,&w,x,n)==st | cyclotomic row 5
FAIL tests/test_catalogue.c:358: cyclotomic_vectors: check failed: fmpz_equal(out,st==0 ? want : (alias ? old : want))
FAIL tests/test_catalogue.c:356: cyclotomic_vectors: check failed: cyclo_call(inverse,out,&w,x,n)==st | cyclotomic row 5
FAIL tests/test_catalogue.c:358: cyclotomic_vectors: check failed: fmpz_equal(out,st==0 ? want : (alias ? old : want))
FAIL tests/test_catalogue.c:356: cyclotomic_vectors: check failed: cyclo_call(inverse,out,&w,x,n)==st | cyclotomic row 6
FAIL tests/test_catalogue.c:358: cyclotomic_vectors: check failed: fmpz_equal(out,st==0 ? want : (alias ? old : want))
FAIL tests/test_catalogue.c:356: cyclotomic_vectors: check failed: cyclo_call(inverse,out,&w,x,n)==st | cyclotomic row 6
FAIL tests/test_catalogue.c:358: cyclotomic_vectors: check failed: fmpz_equal(out,st==0 ? want : (alias ? old : want))
FAIL tests/test_catalogue.c:356: cyclotomic_vectors: check failed: cyclo_call(inverse,out,&w,x,n)==st | cyclotomic row 7
FAIL tests/test_catalogue.c:358: cyclotomic_vectors: check failed: fmpz_equal(out,st==0 ? want : (alias ? old : want))
FAIL tests/test_catalogue.c:356: cyclotomic_vectors: check failed: cyclo_call(inverse,out,&w,x,n)==st | cyclotomic row 7
FAIL tests/test_catalogue.c:358: cyclotomic_vectors: check failed: fmpz_equal(out,st==0 ? want : (alias ? old : want))
FAIL tests/test_catalogue.c:356: cyclotomic_vectors: check failed: cyclo_call(inverse,out,&w,x,n)==st | cyclotomic row 8
FAIL tests/test_catalogue.c:358: cyclotomic_vectors: check failed: fmpz_equal(out,st==0 ? want : (alias ? old : want))
FAIL tests/test_catalogue.c:356: cyclotomic_vectors: check failed: cyclo_call(inverse,out,&w,x,n)==st | cyclotomic row 8
FAIL tests/test_catalogue.c:358: cyclotomic_vectors: check failed: fmpz_equal(out,st==0 ? want : (alias ? old : want))
FAIL tests/test_catalogue.c:356: cyclotomic_vectors: check failed: cyclo_call(inverse,out,&w,x,n)==st | cyclotomic row 9
FAIL tests/test_catalogue.c:358: cyclotomic_vectors: check failed: fmpz_equal(out,st==0 ? want : (alias ? old : want))
FAIL tests/test_catalogue.c:356: cyclotomic_vectors: check failed: cyclo_call(inverse,out,&w,x,n)==st | cyclotomic row 9
FAIL tests/test_catalogue.c:358: cyclotomic_vectors: check failed: fmpz_equal(out,st==0 ? want : (alias ? old : want))
FAIL tests/test_catalogue.c:356: cyclotomic_vectors: check failed: cyclo_call(inverse,out,&w,x,n)==st | cyclotomic row 10
FAIL tests/test_catalogue.c:358: cyclotomic_vectors: check failed: fmpz_equal(out,st==0 ? want : (alias ? old : want))
FAIL tests/test_catalogue.c:356: cyclotomic_vectors: check failed: cyclo_call(inverse,out,&w,x,n)==st | cyclotomic row 10
FAIL tests/test_catalogue.c:358: cyclotomic_vectors: check failed: fmpz_equal(out,st==0 ? want : (alias ? old : want))
FAIL tests/test_catalogue.c:356: cyclotomic_vectors: check failed: cyclo_call(inverse,out,&w,x,n)==st | cyclotomic row 11
FAIL tests/test_catalogue.c:358: cyclotomic_vectors: check failed: fmpz_equal(out,st==0 ? want : (alias ? old : want))
FAIL tests/test_catalogue.c:356: cyclotomic_vectors: check failed: cyclo_call(inverse,out,&w,x,n)==st | cyclotomic row 11
FAIL tests/test_catalogue.c:358: cyclotomic_vectors: check failed: fmpz_equal(out,st==0 ? want : (alias ? old : want))
FAIL tests/test_catalogue.c:356: cyclotomic_vectors: check failed: cyclo_call(inverse,out,&w,x,n)==st | cyclotomic row 12
FAIL tests/test_catalogue.c:358: cyclotomic_vectors: check failed: fmpz_equal(out,st==0 ? want : (alias ? old : want))
FAIL tests/test_catalogue.c:356: cyclotomic_vectors: check failed: cyclo_call(inverse,out,&w,x,n)==st | cyclotomic row 12
FAIL tests/test_catalogue.c:358: cyclotomic_vectors: check failed: fmpz_equal(out,st==0 ? want : (alias ? old : want))
FAIL tests/test_catalogue.c:356: cyclotomic_vectors: check failed: cyclo_call(inverse,out,&w,x,n)==st | cyclotomic row 13
FAIL tests/test_catalogue.c:358: cyclotomic_vectors: check failed: fmpz_equal(out,st==0 ? want : (alias ? old : want))
FAIL tests/test_catalogue.c:356: cyclotomic_vectors: check failed: cyclo_call(inverse,out,&w,x,n)==st | cyclotomic row 13
FAIL tests/test_catalogue.c:358: cyclotomic_vectors: check failed: fmpz_equal(out,st==0 ? want : (alias ? old : want))
FAIL tests/test_catalogue.c:356: cyclotomic_vectors: check failed: cyclo_call(inverse,out,&w,x,n)==st | cyclotomic row 14
FAIL tests/test_catalogue.c:358: cyclotomic_vectors: check failed: fmpz_equal(out,st==0 ? want : (alias ? old : want))
FAIL tests/test_catalogue.c:356: cyclotomic_vectors: check failed: cyclo_call(inverse,out,&w,x,n)==st | cyclotomic row 14
FAIL tests/test_catalogue.c:358: cyclotomic_vectors: check failed: fmpz_equal(out,st==0 ? want : (alias ? old : want))
FAIL tests/test_catalogue.c:356: cyclotomic_vectors: check failed: cyclo_call(inverse,out,&w,x,n)==st | cyclotomic row 15
FAIL tests/test_catalogue.c:358: cyclotomic_vectors: check failed: fmpz_equal(out,st==0 ? want : (alias ? old : want))
FAIL tests/test_catalogue.c:356: cyclotomic_vectors: check failed: cyclo_call(inverse,out,&w,x,n)==st | cyclotomic row 15
FAIL tests/test_catalogue.c:358: cyclotomic_vectors: check failed: fmpz_equal(out,st==0 ? want : (alias ? old : want))
FAIL tests/test_catalogue.c:356: cyclotomic_vectors: check failed: cyclo_call(inverse,out,&w,x,n)==st | cyclotomic row 16
FAIL tests/test_catalogue.c:358: cyclotomic_vectors: check failed: fmpz_equal(out,st==0 ? want : (alias ? old : want))
FAIL tests/test_catalogue.c:356: cyclotomic_vectors: check failed: cyclo_call(inverse,out,&w,x,n)==st | cyclotomic row 16
FAIL tests/test_catalogue.c:358: cyclotomic_vectors: check failed: fmpz_equal(out,st==0 ? want : (alias ? old : want))
FAIL tests/test_catalogue.c:356: cyclotomic_vectors: check failed: cyclo_call(inverse,out,&w,x,n)==st | cyclotomic row 17
FAIL tests/test_catalogue.c:358: cyclotomic_vectors: check failed: fmpz_equal(out,st==0 ? want : (alias ? old : want))
FAIL tests/test_catalogue.c:356: cyclotomic_vectors: check failed: cyclo_call(inverse,out,&w,x,n)==st | cyclotomic row 17
FAIL tests/test_catalogue.c:358: cyclotomic_vectors: check failed: fmpz_equal(out,st==0 ? want : (alias ? old : want))
FAIL tests/test_catalogue.c:356: cyclotomic_vectors: check failed: cyclo_call(inverse,out,&w,x,n)==st | cyclotomic row 18
FAIL tests/test_catalogue.c:358: cyclotomic_vectors: check failed: fmpz_equal(out,st==0 ? want : (alias ? old : want))
FAIL tests/test_catalogue.c:356: cyclotomic_vectors: check failed: cyclo_call(inverse,out,&w,x,n)==st | cyclotomic row 18
FAIL tests/test_catalogue.c:358: cyclotomic_vectors: check failed: fmpz_equal(out,st==0 ? want : (alias ? old : want))
FAIL tests/test_catalogue.c:356: cyclotomic_vectors: check failed: cyclo_call(inverse,out,&w,x,n)==st | cyclotomic row 19
FAIL tests/test_catalogue.c:358: cyclotomic_vectors: check failed: fmpz_equal(out,st==0 ? want : (alias ? old : want))
FAIL tests/test_catalogue.c:356: cyclotomic_vectors: check failed: cyclo_call(inverse,out,&w,x,n)==st | cyclotomic row 19
FAIL tests/test_catalogue.c:358: cyclotomic_vectors: check failed: fmpz_equal(out,st==0 ? want : (alias ? old : want))
FAIL tests/test_catalogue.c:356: cyclotomic_vectors: check failed: cyclo_call(inverse,out,&w,x,n)==st | cyclotomic row 20
FAIL tests/test_catalogue.c:358: cyclotomic_vectors: check failed: fmpz_equal(out,st==0 ? want : (alias ? old : want))
FAIL tests/test_catalogue.c:356: cyclotomic_vectors: check failed: cyclo_call(inverse,out,&w,x,n)==st | cyclotomic row 20
FAIL tests/test_catalogue.c:358: cyclotomic_vectors: check failed: fmpz_equal(out,st==0 ? want : (alias ? old : want))
FAIL tests/test_catalogue.c:356: cyclotomic_vectors: check failed: cyclo_call(inverse,out,&w,x,n)==st | cyclotomic row 21
FAIL tests/test_catalogue.c:358: cyclotomic_vectors: check failed: fmpz_equal(out,st==0 ? want : (alias ? old : want))
FAIL tests/test_catalogue.c:356: cyclotomic_vectors: check failed: cyclo_call(inverse,out,&w,x,n)==st | cyclotomic row 21
FAIL tests/test_catalogue.c:358: cyclotomic_vectors: check failed: fmpz_equal(out,st==0 ? want : (alias ? old : want))
FAIL tests/test_catalogue.c:356: cyclotomic_vectors: check failed: cyclo_call(inverse,out,&w,x,n)==st | cyclotomic row 22
FAIL tests/test_catalogue.c:358: cyclotomic_vectors: check failed: fmpz_equal(out,st==0 ? want : (alias ? old : want))
FAIL tests/test_catalogue.c:356: cyclotomic_vectors: check failed: cyclo_call(inverse,out,&w,x,n)==st | cyclotomic row 22
FAIL tests/test_catalogue.c:358: cyclotomic_vectors: check failed: fmpz_equal(out,st==0 ? want : (alias ? old : want))
FAIL tests/test_catalogue.c:356: cyclotomic_vectors: check failed: cyclo_call(inverse,out,&w,x,n)==st | cyclotomic row 23
FAIL tests/test_catalogue.c:358: cyclotomic_vectors: check failed: fmpz_equal(out,st==0 ? want : (alias ? old : want))
FAIL tests/test_catalogue.c:356: cyclotomic_vectors: check failed: cyclo_call(inverse,out,&w,x,n)==st | cyclotomic row 23
FAIL tests/test_catalogue.c:358: cyclotomic_vectors: check failed: fmpz_equal(out,st==0 ? want : (alias ? old : want))
FAIL tests/test_catalogue.c:356: cyclotomic_vectors: check failed: cyclo_call(inverse,out,&w,x,n)==st | cyclotomic row 24
FAIL tests/test_catalogue.c:358: cyclotomic_vectors: check failed: fmpz_equal(out,st==0 ? want : (alias ? old : want))
FAIL tests/test_catalogue.c:356: cyclotomic_vectors: check failed: cyclo_call(inverse,out,&w,x,n)==st | cyclotomic row 24
FAIL tests/test_catalogue.c:358: cyclotomic_vectors: check failed: fmpz_equal(out,st==0 ? want : (alias ? old : want))
FAIL tests/test_catalogue.c:356: cyclotomic_vectors: check failed: cyclo_call(inverse,out,&w,x,n)==st | cyclotomic row 25
FAIL tests/test_catalogue.c:358: cyclotomic_vectors: check failed: fmpz_equal(out,st==0 ? want : (alias ? old : want))
FAIL tests/test_catalogue.c:356: cyclotomic_vectors: check failed: cyclo_call(inverse,out,&w,x,n)==st | cyclotomic row 25
FAIL tests/test_catalogue.c:358: cyclotomic_vectors: check failed: fmpz_equal(out,st==0 ? want : (alias ? old : want))
FAIL tests/test_catalogue.c:356: cyclotomic_vectors: check failed: cyclo_call(inverse,out,&w,x,n)==st | cyclotomic row 26
FAIL tests/test_catalogue.c:358: cyclotomic_vectors: check failed: fmpz_equal(out,st==0 ? want : (alias ? old : want))
FAIL tests/test_catalogue.c:356: cyclotomic_vectors: check failed: cyclo_call(inverse,out,&w,x,n)==st | cyclotomic row 26
FAIL tests/test_catalogue.c:358: cyclotomic_vectors: check failed: fmpz_equal(out,st==0 ? want : (alias ? old : want))
FAIL tests/test_catalogue.c:356: cyclotomic_vectors: check failed: cyclo_call(inverse,out,&w,x,n)==st | cyclotomic row 27
FAIL tests/test_catalogue.c:358: cyclotomic_vectors: check failed: fmpz_equal(out,st==0 ? want : (alias ? old : want))
FAIL tests/test_catalogue.c:356: cyclotomic_vectors: check failed: cyclo_call(inverse,out,&w,x,n)==st | cyclotomic row 27
FAIL tests/test_catalogue.c:358: cyclotomic_vectors: check failed: fmpz_equal(out,st==0 ? want : (alias ? old : want))
FAIL tests/test_catalogue.c:356: cyclotomic_vectors: check failed: cyclo_call(inverse,out,&w,x,n)==st | cyclotomic row 28
FAIL tests/test_catalogue.c:358: cyclotomic_vectors: check failed: fmpz_equal(out,st==0 ? want : (alias ? old : want))
FAIL tests/test_catalogue.c:356: cyclotomic_vectors: check failed: cyclo_call(inverse,out,&w,x,n)==st | cyclotomic row 28
FAIL tests/test_catalogue.c:358: cyclotomic_vectors: check failed: fmpz_equal(out,st==0 ? want : (alias ? old : want))
FAIL tests/test_catalogue.c:356: cyclotomic_vectors: check failed: cyclo_call(inverse,out,&w,x,n)==st | cyclotomic row 29
FAIL tests/test_catalogue.c:358: cyclotomic_vectors: check failed: fmpz_equal(out,st==0 ? want : (alias ? old : want))
FAIL tests/test_catalogue.c:356: cyclotomic_vectors: check failed: cyclo_call(inverse,out,&w,x,n)==st | cyclotomic row 29
FAIL tests/test_catalogue.c:358: cyclotomic_vectors: check failed: fmpz_equal(out,st==0 ? want : (alias ? old : want))
FAIL tests/test_catalogue.c:356: cyclotomic_vectors: check failed: cyclo_call(inverse,out,&w,x,n)==st | cyclotomic row 30
FAIL tests/test_catalogue.c:358: cyclotomic_vectors: check failed: fmpz_equal(out,st==0 ? want : (alias ? old : want))
FAIL tests/test_catalogue.c:356: cyclotomic_vectors: check failed: cyclo_call(inverse,out,&w,x,n)==st | cyclotomic row 30
FAIL tests/test_catalogue.c:358: cyclotomic_vectors: check failed: fmpz_equal(out,st==0 ? want : (alias ? old : want))
FAIL tests/test_catalogue.c:356: cyclotomic_vectors: check failed: cyclo_call(inverse,out,&w,x,n)==st | cyclotomic row 31
FAIL tests/test_catalogue.c:358: cyclotomic_vectors: check failed: fmpz_equal(out,st==0 ? want : (alias ? old : want))
FAIL tests/test_catalogue.c:356: cyclotomic_vectors: check failed: cyclo_call(inverse,out,&w,x,n)==st | cyclotomic row 31
FAIL tests/test_catalogue.c:358: cyclotomic_vectors: check failed: fmpz_equal(out,st==0 ? want : (alias ? old : want))
FAIL tests/test_catalogue.c:356: cyclotomic_vectors: check failed: cyclo_call(inverse,out,&w,x,n)==st | cyclotomic row 32
FAIL tests/test_catalogue.c:358: cyclotomic_vectors: check failed: fmpz_equal(out,st==0 ? want : (alias ? old : want))
FAIL tests/test_catalogue.c:356: cyclotomic_vectors: check failed: cyclo_call(inverse,out,&w,x,n)==st | cyclotomic row 32
FAIL tests/test_catalogue.c:358: cyclotomic_vectors: check failed: fmpz_equal(out,st==0 ? want : (alias ? old : want))
FAIL tests/test_catalogue.c:356: cyclotomic_vectors: check failed: cyclo_call(inverse,out,&w,x,n)==st | cyclotomic row 33
FAIL tests/test_catalogue.c:358: cyclotomic_vectors: check failed: fmpz_equal(out,st==0 ? want : (alias ? old : want))
FAIL tests/test_catalogue.c:356: cyclotomic_vectors: check failed: cyclo_call(inverse,out,&w,x,n)==st | cyclotomic row 33
FAIL tests/test_catalogue.c:358: cyclotomic_vectors: check failed: fmpz_equal(out,st==0 ? want : (alias ? old : want))
FAIL tests/test_catalogue.c:356: cyclotomic_vectors: check failed: cyclo_call(inverse,out,&w,x,n)==st | cyclotomic row 34
FAIL tests/test_catalogue.c:358: cyclotomic_vectors: check failed: fmpz_equal(out,st==0 ? want : (alias ? old : want))
FAIL tests/test_catalogue.c:356: cyclotomic_vectors: check failed: cyclo_call(inverse,out,&w,x,n)==st | cyclotomic row 34
FAIL tests/test_catalogue.c:358: cyclotomic_vectors: check failed: fmpz_equal(out,st==0 ? want : (alias ? old : want))
FAIL tests/test_catalogue.c:356: cyclotomic_vectors: check failed: cyclo_call(inverse,out,&w,x,n)==st | cyclotomic row 35
FAIL tests/test_catalogue.c:358: cyclotomic_vectors: check failed: fmpz_equal(out,st==0 ? want : (alias ? old : want))
FAIL tests/test_catalogue.c:356: cyclotomic_vectors: check failed: cyclo_call(inverse,out,&w,x,n)==st | cyclotomic row 35
FAIL tests/test_catalogue.c:358: cyclotomic_vectors: check failed: fmpz_equal(out,st==0 ? want : (alias ? old : want))
FAIL tests/test_catalogue.c:356: cyclotomic_vectors: check failed: cyclo_call(inverse,out,&w,x,n)==st | cyclotomic row 36
FAIL tests/test_catalogue.c:358: cyclotomic_vectors: check failed: fmpz_equal(out,st==0 ? want : (alias ? old : want))
FAIL tests/test_catalogue.c:356: cyclotomic_vectors: check failed: cyclo_call(inverse,out,&w,x,n)==st | cyclotomic row 36
FAIL tests/test_catalogue.c:358: cyclotomic_vectors: check failed: fmpz_equal(out,st==0 ? want : (alias ? old : want))
FAIL tests/test_catalogue.c:356: cyclotomic_vectors: check failed: cyclo_call(inverse,out,&w,x,n)==st | cyclotomic row 37
FAIL tests/test_catalogue.c:358: cyclotomic_vectors: check failed: fmpz_equal(out,st==0 ? want : (alias ? old : want))
FAIL tests/test_catalogue.c:356: cyclotomic_vectors: check failed: cyclo_call(inverse,out,&w,x,n)==st | cyclotomic row 37
FAIL tests/test_catalogue.c:358: cyclotomic_vectors: check failed: fmpz_equal(out,st==0 ? want : (alias ? old : want))
FAIL tests/test_catalogue.c:356: cyclotomic_vectors: check failed: cyclo_call(inverse,out,&w,x,n)==st | cyclotomic row 38
FAIL tests/test_catalogue.c:358: cyclotomic_vectors: check failed: fmpz_equal(out,st==0 ? want : (alias ? old : want))
FAIL tests/test_catalogue.c:356: cyclotomic_vectors: check failed: cyclo_call(inverse,out,&w,x,n)==st | cyclotomic row 38
FAIL tests/test_catalogue.c:358: cyclotomic_vectors: check failed: fmpz_equal(out,st==0 ? want : (alias ? old : want))
FAIL tests/test_catalogue.c:356: cyclotomic_vectors: check failed: cyclo_call(inverse,out,&w,x,n)==st | cyclotomic row 39
FAIL tests/test_catalogue.c:358: cyclotomic_vectors: check failed: fmpz_equal(out,st==0 ? want : (alias ? old : want))
FAIL tests/test_catalogue.c:356: cyclotomic_vectors: check failed: cyclo_call(inverse,out,&w,x,n)==st | cyclotomic row 39
FAIL tests/test_catalogue.c:358: cyclotomic_vectors: check failed: fmpz_equal(out,st==0 ? want : (alias ? old : want))
FAIL tests/test_catalogue.c:356: cyclotomic_vectors: check failed: cyclo_call(inverse,out,&w,x,n)==st | cyclotomic row 40
FAIL tests/test_catalogue.c:358: cyclotomic_vectors: check failed: fmpz_equal(out,st==0 ? want : (alias ? old : want))
FAIL tests/test_catalogue.c:356: cyclotomic_vectors: check failed: cyclo_call(inverse,out,&w,x,n)==st | cyclotomic row 40
FAIL tests/test_catalogue.c:358: cyclotomic_vectors: check failed: fmpz_equal(out,st==0 ? want : (alias ? old : want))
FAIL tests/test_catalogue.c:356: cyclotomic_vectors: check failed: cyclo_call(inverse,out,&w,x,n)==st | cyclotomic row 41
FAIL tests/test_catalogue.c:358: cyclotomic_vectors: check failed: fmpz_equal(out,st==0 ? want : (alias ? old : want))
FAIL tests/test_catalogue.c:356: cyclotomic_vectors: check failed: cyclo_call(inverse,out,&w,x,n)==st | cyclotomic row 41
FAIL tests/test_catalogue.c:358: cyclotomic_vectors: check failed: fmpz_equal(out,st==0 ? want : (alias ? old : want))
FAIL tests/test_catalogue.c:356: cyclotomic_vectors: check failed: cyclo_call(inverse,out,&w,x,n)==st | cyclotomic row 42
FAIL tests/test_catalogue.c:358: cyclotomic_vectors: check failed: fmpz_equal(out,st==0 ? want : (alias ? old : want))
FAIL tests/test_catalogue.c:356: cyclotomic_vectors: check failed: cyclo_call(inverse,out,&w,x,n)==st | cyclotomic row 42
FAIL tests/test_catalogue.c:358: cyclotomic_vectors: check failed: fmpz_equal(out,st==0 ? want : (alias ? old : want))
FAIL tests/test_catalogue.c:356: cyclotomic_vectors: check failed: cyclo_call(inverse,out,&w,x,n)==st | cyclotomic row 43
FAIL tests/test_catalogue.c:358: cyclotomic_vectors: check failed: fmpz_equal(out,st==0 ? want : (alias ? old : want))
FAIL tests/test_catalogue.c:356: cyclotomic_vectors: check failed: cyclo_call(inverse,out,&w,x,n)==st | cyclotomic row 43
FAIL tests/test_catalogue.c:358: cyclotomic_vectors: check failed: fmpz_equal(out,st==0 ? want : (alias ? old : want))
FAIL tests/test_catalogue.c:356: cyclotomic_vectors: check failed: cyclo_call(inverse,out,&w,x,n)==st | cyclotomic row 44
FAIL tests/test_catalogue.c:358: cyclotomic_vectors: check failed: fmpz_equal(out,st==0 ? want : (alias ? old : want))
FAIL tests/test_catalogue.c:356: cyclotomic_vectors: check failed: cyclo_call(inverse,out,&w,x,n)==st | cyclotomic row 44
FAIL tests/test_catalogue.c:358: cyclotomic_vectors: check failed: fmpz_equal(out,st==0 ? want : (alias ? old : want))
FAIL tests/test_catalogue.c:356: cyclotomic_vectors: check failed: cyclo_call(inverse,out,&w,x,n)==st | cyclotomic row 45
FAIL tests/test_catalogue.c:358: cyclotomic_vectors: check failed: fmpz_equal(out,st==0 ? want : (alias ? old : want))
FAIL tests/test_catalogue.c:356: cyclotomic_vectors: check failed: cyclo_call(inverse,out,&w,x,n)==st | cyclotomic row 45
FAIL tests/test_catalogue.c:358: cyclotomic_vectors: check failed: fmpz_equal(out,st==0 ? want : (alias ? old : want))
FAIL tests/test_catalogue.c:356: cyclotomic_vectors: check failed: cyclo_call(inverse,out,&w,x,n)==st | cyclotomic row 46
FAIL tests/test_catalogue.c:358: cyclotomic_vectors: check failed: fmpz_equal(out,st==0 ? want : (alias ? old : want))
FAIL tests/test_catalogue.c:356: cyclotomic_vectors: check failed: cyclo_call(inverse,out,&w,x,n)==st | cyclotomic row 46
FAIL tests/test_catalogue.c:358: cyclotomic_vectors: check failed: fmpz_equal(out,st==0 ? want : (alias ? old : want))
FAIL tests/test_catalogue.c:356: cyclotomic_vectors: check failed: cyclo_call(inverse,out,&w,x,n)==st | cyclotomic row 47
FAIL tests/test_catalogue.c:358: cyclotomic_vectors: check failed: fmpz_equal(out,st==0 ? want : (alias ? old : want))
FAIL tests/test_catalogue.c:356: cyclotomic_vectors: check failed: cyclo_call(inverse,out,&w,x,n)==st | cyclotomic row 47
FAIL tests/test_catalogue.c:358: cyclotomic_vectors: check failed: fmpz_equal(out,st==0 ? want : (alias ? old : want))
FAIL tests/test_catalogue.c:356: cyclotomic_vectors: check failed: cyclo_call(inverse,out,&w,x,n)==st | cyclotomic row 48
FAIL tests/test_catalogue.c:358: cyclotomic_vectors: check failed: fmpz_equal(out,st==0 ? want : (alias ? old : want))
FAIL tests/test_catalogue.c:356: cyclotomic_vectors: check failed: cyclo_call(inverse,out,&w,x,n)==st | cyclotomic row 48
FAIL tests/test_catalogue.c:358: cyclotomic_vectors: check failed: fmpz_equal(out,st==0 ? want : (alias ? old : want))
FAIL tests/test_catalogue.c:356: cyclotomic_vectors: check failed: cyclo_call(inverse,out,&w,x,n)==st | cyclotomic row 49
FAIL tests/test_catalogue.c:358: cyclotomic_vectors: check failed: fmpz_equal(out,st==0 ? want : (alias ? old : want))
FAIL tests/test_catalogue.c:356: cyclotomic_vectors: check failed: cyclo_call(inverse,out,&w,x,n)==st | cyclotomic row 49
FAIL tests/test_catalogue.c:358: cyclotomic_vectors: check failed: fmpz_equal(out,st==0 ? want : (alias ? old : want))
FAIL tests/test_catalogue.c:356: cyclotomic_vectors: check failed: cyclo_call(inverse,out,&w,x,n)==st | cyclotomic row 50
FAIL tests/test_catalogue.c:358: cyclotomic_vectors: check failed: fmpz_equal(out,st==0 ? want : (alias ? old : want))
FAIL tests/test_catalogue.c:356: cyclotomic_vectors: check failed: cyclo_call(inverse,out,&w,x,n)==st | cyclotomic row 50
FAIL tests/test_catalogue.c:358: cyclotomic_vectors: check failed: fmpz_equal(out,st==0 ? want : (alias ? old : want))
FAIL tests/test_catalogue.c:356: cyclotomic_vectors: check failed: cyclo_call(inverse,out,&w,x,n)==st | cyclotomic row 51
FAIL tests/test_catalogue.c:358: cyclotomic_vectors: check failed: fmpz_equal(out,st==0 ? want : (alias ? old : want))
FAIL tests/test_catalogue.c:356: cyclotomic_vectors: check failed: cyclo_call(inverse,out,&w,x,n)==st | cyclotomic row 51
FAIL tests/test_catalogue.c:358: cyclotomic_vectors: check failed: fmpz_equal(out,st==0 ? want : (alias ? old : want))
FAIL tests/test_catalogue.c:356: cyclotomic_vectors: check failed: cyclo_call(inverse,out,&w,x,n)==st | cyclotomic row 52
FAIL tests/test_catalogue.c:358: cyclotomic_vectors: check failed: fmpz_equal(out,st==0 ? want : (alias ? old : want))
FAIL tests/test_catalogue.c:356: cyclotomic_vectors: check failed: cyclo_call(inverse,out,&w,x,n)==st | cyclotomic row 52
FAIL tests/test_catalogue.c:358: cyclotomic_vectors: check failed: fmpz_equal(out,st==0 ? want : (alias ? old : want))
FAIL tests/test_catalogue.c:356: cyclotomic_vectors: check failed: cyclo_call(inverse,out,&w,x,n)==st | cyclotomic row 53
FAIL tests/test_catalogue.c:358: cyclotomic_vectors: check failed: fmpz_equal(out,st==0 ? want : (alias ? old : want))
FAIL tests/test_catalogue.c:356: cyclotomic_vectors: check failed: cyclo_call(inverse,out,&w,x,n)==st | cyclotomic row 53
FAIL tests/test_catalogue.c:358: cyclotomic_vectors: check failed: fmpz_equal(out,st==0 ? want : (alias ? old : want))
FAIL tests/test_catalogue.c:356: cyclotomic_vectors: check failed: cyclo_call(inverse,out,&w,x,n)==st | cyclotomic row 54
FAIL tests/test_catalogue.c:358: cyclotomic_vectors: check failed: fmpz_equal(out,st==0 ? want : (alias ? old : want))
FAIL tests/test_catalogue.c:356: cyclotomic_vectors: check failed: cyclo_call(inverse,out,&w,x,n)==st | cyclotomic row 54
FAIL tests/test_catalogue.c:358: cyclotomic_vectors: check failed: fmpz_equal(out,st==0 ? want : (alias ? old : want))
FAIL tests/test_catalogue.c:356: cyclotomic_vectors: check failed: cyclo_call(inverse,out,&w,x,n)==st | cyclotomic row 55
FAIL tests/test_catalogue.c:358: cyclotomic_vectors: check failed: fmpz_equal(out,st==0 ? want : (alias ? old : want))
FAIL tests/test_catalogue.c:356: cyclotomic_vectors: check failed: cyclo_call(inverse,out,&w,x,n)==st | cyclotomic row 55
FAIL tests/test_catalogue.c:358: cyclotomic_vectors: check failed: fmpz_equal(out,st==0 ? want : (alias ? old : want))
FAIL tests/test_catalogue.c:356: cyclotomic_vectors: check failed: cyclo_call(inverse,out,&w,x,n)==st | cyclotomic row 56
FAIL tests/test_catalogue.c:358: cyclotomic_vectors: check failed: fmpz_equal(out,st==0 ? want : (alias ? old : want))
FAIL tests/test_catalogue.c:356: cyclotomic_vectors: check failed: cyclo_call(inverse,out,&w,x,n)==st | cyclotomic row 56
FAIL tests/test_catalogue.c:358: cyclotomic_vectors: check failed: fmpz_equal(out,st==0 ? want : (alias ? old : want))
FAIL tests/test_catalogue.c:356: cyclotomic_vectors: check failed: cyclo_call(inverse,out,&w,x,n)==st | cyclotomic row 57
FAIL tests/test_catalogue.c:358: cyclotomic_vectors: check failed: fmpz_equal(out,st==0 ? want : (alias ? old : want))
FAIL tests/test_catalogue.c:356: cyclotomic_vectors: check failed: cyclo_call(inverse,out,&w,x,n)==st | cyclotomic row 57
FAIL tests/test_catalogue.c:358: cyclotomic_vectors: check failed: fmpz_equal(out,st==0 ? want : (alias ? old : want))
FAIL tests/test_catalogue.c:356: cyclotomic_vectors: check failed: cyclo_call(inverse,out,&w,x,n)==st | cyclotomic row 58
FAIL tests/test_catalogue.c:358: cyclotomic_vectors: check failed: fmpz_equal(out,st==0 ? want : (alias ? old : want))
FAIL tests/test_catalogue.c:356: cyclotomic_vectors: check failed: cyclo_call(inverse,out,&w,x,n)==st | cyclotomic row 58
FAIL tests/test_catalogue.c:358: cyclotomic_vectors: check failed: fmpz_equal(out,st==0 ? want : (alias ? old : want))
FAIL tests/test_catalogue.c:356: cyclotomic_vectors: check failed: cyclo_call(inverse,out,&w,x,n)==st | cyclotomic row 59
FAIL tests/test_catalogue.c:358: cyclotomic_vectors: check failed: fmpz_equal(out,st==0 ? want : (alias ? old : want))
FAIL tests/test_catalogue.c:356: cyclotomic_vectors: check failed: cyclo_call(inverse,out,&w,x,n)==st | cyclotomic row 59
FAIL tests/test_catalogue.c:358: cyclotomic_vectors: check failed: fmpz_equal(out,st==0 ? want : (alias ? old : want))
FAIL tests/test_catalogue.c:356: cyclotomic_vectors: check failed: cyclo_call(inverse,out,&w,x,n)==st | cyclotomic row 60
FAIL tests/test_catalogue.c:358: cyclotomic_vectors: check failed: fmpz_equal(out,st==0 ? want : (alias ? old : want))
FAIL tests/test_catalogue.c:356: cyclotomic_vectors: check failed: cyclo_call(inverse,out,&w,x,n)==st | cyclotomic row 60
FAIL tests/test_catalogue.c:358: cyclotomic_vectors: check failed: fmpz_equal(out,st==0 ? want : (alias ? old : want))
FAIL tests/test_catalogue.c:356: cyclotomic_vectors: check failed: cyclo_call(inverse,out,&w,x,n)==st | cyclotomic row 61
FAIL tests/test_catalogue.c:358: cyclotomic_vectors: check failed: fmpz_equal(out,st==0 ? want : (alias ? old : want))
FAIL tests/test_catalogue.c:356: cyclotomic_vectors: check failed: cyclo_call(inverse,out,&w,x,n)==st | cyclotomic row 61
FAIL tests/test_catalogue.c:358: cyclotomic_vectors: check failed: fmpz_equal(out,st==0 ? want : (alias ? old : want))
FAIL tests/test_catalogue.c:356: cyclotomic_vectors: check failed: cyclo_call(inverse,out,&w,x,n)==st | cyclotomic row 62
FAIL tests/test_catalogue.c:358: cyclotomic_vectors: check failed: fmpz_equal(out,st==0 ? want : (alias ? old : want))
FAIL tests/test_catalogue.c:356: cyclotomic_vectors: check failed: cyclo_call(inverse,out,&w,x,n)==st | cyclotomic row 62
FAIL tests/test_catalogue.c:358: cyclotomic_vectors: check failed: fmpz_equal(out,st==0 ? want : (alias ? old : want))
FAIL tests/test_catalogue.c:356: cyclotomic_vectors: check failed: cyclo_call(inverse,out,&w,x,n)==st | cyclotomic row 63
FAIL tests/test_catalogue.c:358: cyclotomic_vectors: check failed: fmpz_equal(out,st==0 ? want : (alias ? old : want))
FAIL tests/test_catalogue.c:356: cyclotomic_vectors: check failed: cyclo_call(inverse,out,&w,x,n)==st | cyclotomic row 63
FAIL tests/test_catalogue.c:358: cyclotomic_vectors: check failed: fmpz_equal(out,st==0 ? want : (alias ? old : want))
FAIL tests/test_catalogue.c:356: cyclotomic_vectors: check failed: cyclo_call(inverse,out,&w,x,n)==st | cyclotomic row 64
FAIL tests/test_catalogue.c:358: cyclotomic_vectors: check failed: fmpz_equal(out,st==0 ? want : (alias ? old : want))
FAIL tests/test_catalogue.c:356: cyclotomic_vectors: check failed: cyclo_call(inverse,out,&w,x,n)==st | cyclotomic row 64
FAIL tests/test_catalogue.c:358: cyclotomic_vectors: check failed: fmpz_equal(out,st==0 ? want : (alias ? old : want))
FAIL tests/test_catalogue.c:356: cyclotomic_vectors: check failed: cyclo_call(inverse,out,&w,x,n)==st | cyclotomic row 65
FAIL tests/test_catalogue.c:358: cyclotomic_vectors: check failed: fmpz_equal(out,st==0 ? want : (alias ? old : want))
FAIL tests/test_catalogue.c:356: cyclotomic_vectors: check failed: cyclo_call(inverse,out,&w,x,n)==st | cyclotomic row 65
FAIL tests/test_catalogue.c:358: cyclotomic_vectors: check failed: fmpz_equal(out,st==0 ? want : (alias ? old : want))
FAIL tests/test_catalogue.c:356: cyclotomic_vectors: check failed: cyclo_call(inverse,out,&w,x,n)==st | cyclotomic row 66
FAIL tests/test_catalogue.c:358: cyclotomic_vectors: check failed: fmpz_equal(out,st==0 ? want : (alias ? old : want))
FAIL tests/test_catalogue.c:356: cyclotomic_vectors: check failed: cyclo_call(inverse,out,&w,x,n)==st | cyclotomic row 66
FAIL tests/test_catalogue.c:358: cyclotomic_vectors: check failed: fmpz_equal(out,st==0 ? want : (alias ? old : want))
FAIL tests/test_catalogue.c:356: cyclotomic_vectors: check failed: cyclo_call(inverse,out,&w,x,n)==st | cyclotomic row 67
FAIL tests/test_catalogue.c:358: cyclotomic_vectors: check failed: fmpz_equal(out,st==0 ? want : (alias ? old : want))
FAIL tests/test_catalogue.c:356: cyclotomic_vectors: check failed: cyclo_call(inverse,out,&w,x,n)==st | cyclotomic row 67
FAIL tests/test_catalogue.c:358: cyclotomic_vectors: check failed: fmpz_equal(out,st==0 ? want : (alias ? old : want))
FAIL tests/test_catalogue.c:356: cyclotomic_vectors: check failed: cyclo_call(inverse,out,&w,x,n)==st | cyclotomic row 68
FAIL tests/test_catalogue.c:358: cyclotomic_vectors: check failed: fmpz_equal(out,st==0 ? want : (alias ? old : want))
FAIL tests/test_catalogue.c:356: cyclotomic_vectors: check failed: cyclo_call(inverse,out,&w,x,n)==st | cyclotomic row 68
FAIL tests/test_catalogue.c:358: cyclotomic_vectors: check failed: fmpz_equal(out,st==0 ? want : (alias ? old : want))
FAIL tests/test_catalogue.c:356: cyclotomic_vectors: check failed: cyclo_call(inverse,out,&w,x,n)==st | cyclotomic row 69
FAIL tests/test_catalogue.c:358: cyclotomic_vectors: check failed: fmpz_equal(out,st==0 ? want : (alias ? old : want))
FAIL tests/test_catalogue.c:356: cyclotomic_vectors: check failed: cyclo_call(inverse,out,&w,x,n)==st | cyclotomic row 69
FAIL tests/test_catalogue.c:358: cyclotomic_vectors: check failed: fmpz_equal(out,st==0 ? want : (alias ? old : want))
FAIL tests/test_catalogue.c:356: cyclotomic_vectors: check failed: cyclo_call(inverse,out,&w,x,n)==st | cyclotomic row 70
FAIL tests/test_catalogue.c:358: cyclotomic_vectors: check failed: fmpz_equal(out,st==0 ? want : (alias ? old : want))
FAIL tests/test_catalogue.c:356: cyclotomic_vectors: check failed: cyclo_call(inverse,out,&w,x,n)==st | cyclotomic row 70
FAIL tests/test_catalogue.c:358: cyclotomic_vectors: check failed: fmpz_equal(out,st==0 ? want : (alias ? old : want))
FAIL tests/test_catalogue.c:356: cyclotomic_vectors: check failed: cyclo_call(inverse,out,&w,x,n)==st | cyclotomic row 71
FAIL tests/test_catalogue.c:358: cyclotomic_vectors: check failed: fmpz_equal(out,st==0 ? want : (alias ? old : want))
FAIL tests/test_catalogue.c:356: cyclotomic_vectors: check failed: cyclo_call(inverse,out,&w,x,n)==st | cyclotomic row 71
FAIL tests/test_catalogue.c:358: cyclotomic_vectors: check failed: fmpz_equal(out,st==0 ? want : (alias ? old : want))
FAIL tests/test_catalogue.c:356: cyclotomic_vectors: check failed: cyclo_call(inverse,out,&w,x,n)==st | cyclotomic row 72
FAIL tests/test_catalogue.c:358: cyclotomic_vectors: check failed: fmpz_equal(out,st==0 ? want : (alias ? old : want))
FAIL tests/test_catalogue.c:356: cyclotomic_vectors: check failed: cyclo_call(inverse,out,&w,x,n)==st | cyclotomic row 72
FAIL tests/test_catalogue.c:358: cyclotomic_vectors: check failed: fmpz_equal(out,st==0 ? want : (alias ? old : want))
FAIL tests/test_catalogue.c:356: cyclotomic_vectors: check failed: cyclo_call(inverse,out,&w,x,n)==st | cyclotomic row 73
FAIL tests/test_catalogue.c:358: cyclotomic_vectors: check failed: fmpz_equal(out,st==0 ? want : (alias ? old : want))
FAIL tests/test_catalogue.c:356: cyclotomic_vectors: check failed: cyclo_call(inverse,out,&w,x,n)==st | cyclotomic row 73
FAIL tests/test_catalogue.c:358: cyclotomic_vectors: check failed: fmpz_equal(out,st==0 ? want : (alias ? old : want))
FAIL tests/test_catalogue.c:356: cyclotomic_vectors: check failed: cyclo_call(inverse,out,&w,x,n)==st | cyclotomic row 74
FAIL tests/test_catalogue.c:358: cyclotomic_vectors: check failed: fmpz_equal(out,st==0 ? want : (alias ? old : want))
FAIL tests/test_catalogue.c:356: cyclotomic_vectors: check failed: cyclo_call(inverse,out,&w,x,n)==st | cyclotomic row 74
FAIL tests/test_catalogue.c:358: cyclotomic_vectors: check failed: fmpz_equal(out,st==0 ? want : (alias ? old : want))
FAIL tests/test_catalogue.c:356: cyclotomic_vectors: check failed: cyclo_call(inverse,out,&w,x,n)==st | cyclotomic row 75
FAIL tests/test_catalogue.c:358: cyclotomic_vectors: check failed: fmpz_equal(out,st==0 ? want : (alias ? old : want))
FAIL tests/test_catalogue.c:356: cyclotomic_vectors: check failed: cyclo_call(inverse,out,&w,x,n)==st | cyclotomic row 75
FAIL tests/test_catalogue.c:358: cyclotomic_vectors: check failed: fmpz_equal(out,st==0 ? want : (alias ? old : want))
FAIL tests/test_catalogue.c:356: cyclotomic_vectors: check failed: cyclo_call(inverse,out,&w,x,n)==st | cyclotomic row 76
FAIL tests/test_catalogue.c:358: cyclotomic_vectors: check failed: fmpz_equal(out,st==0 ? want : (alias ? old : want))
FAIL tests/test_catalogue.c:356: cyclotomic_vectors: check failed: cyclo_call(inverse,out,&w,x,n)==st | cyclotomic row 76
FAIL tests/test_catalogue.c:358: cyclotomic_vectors: check failed: fmpz_equal(out,st==0 ? want : (alias ? old : want))
FAIL tests/test_catalogue.c:356: cyclotomic_vectors: check failed: cyclo_call(inverse,out,&w,x,n)==st | cyclotomic row 77
FAIL tests/test_catalogue.c:358: cyclotomic_vectors: check failed: fmpz_equal(out,st==0 ? want : (alias ? old : want))
FAIL tests/test_catalogue.c:356: cyclotomic_vectors: check failed: cyclo_call(inverse,out,&w,x,n)==st | cyclotomic row 77
FAIL tests/test_catalogue.c:358: cyclotomic_vectors: check failed: fmpz_equal(out,st==0 ? want : (alias ? old : want))
FAIL tests/test_catalogue.c:356: cyclotomic_vectors: check failed: cyclo_call(inverse,out,&w,x,n)==st | cyclotomic row 78
FAIL tests/test_catalogue.c:358: cyclotomic_vectors: check failed: fmpz_equal(out,st==0 ? want : (alias ? old : want))
FAIL tests/test_catalogue.c:356: cyclotomic_vectors: check failed: cyclo_call(inverse,out,&w,x,n)==st | cyclotomic row 78
FAIL tests/test_catalogue.c:358: cyclotomic_vectors: check failed: fmpz_equal(out,st==0 ? want : (alias ? old : want))
FAIL tests/test_catalogue.c:356: cyclotomic_vectors: check failed: cyclo_call(inverse,out,&w,x,n)==st | cyclotomic row 79
FAIL tests/test_catalogue.c:358: cyclotomic_vectors: check failed: fmpz_equal(out,st==0 ? want : (alias ? old : want))
FAIL tests/test_catalogue.c:356: cyclotomic_vectors: check failed: cyclo_call(inverse,out,&w,x,n)==st | cyclotomic row 79
FAIL tests/test_catalogue.c:358: cyclotomic_vectors: check failed: fmpz_equal(out,st==0 ? want : (alias ? old : want))
FAIL tests/test_catalogue.c:356: cyclotomic_vectors: check failed: cyclo_call(inverse,out,&w,x,n)==st | cyclotomic row 80
FAIL tests/test_catalogue.c:358: cyclotomic_vectors: check failed: fmpz_equal(out,st==0 ? want : (alias ? old : want))
FAIL tests/test_catalogue.c:356: cyclotomic_vectors: check failed: cyclo_call(inverse,out,&w,x,n)==st | cyclotomic row 80
FAIL tests/test_catalogue.c:358: cyclotomic_vectors: check failed: fmpz_equal(out,st==0 ? want : (alias ? old : want))
FAIL tests/test_catalogue.c:356: cyclotomic_vectors: check failed: cyclo_call(inverse,out,&w,x,n)==st | cyclotomic row 81
FAIL tests/test_catalogue.c:358: cyclotomic_vectors: check failed: fmpz_equal(out,st==0 ? want : (alias ? old : want))
FAIL tests/test_catalogue.c:356: cyclotomic_vectors: check failed: cyclo_call(inverse,out,&w,x,n)==st | cyclotomic row 81
FAIL tests/test_catalogue.c:358: cyclotomic_vectors: check failed: fmpz_equal(out,st==0 ? want : (alias ? old : want))
FAIL tests/test_catalogue.c:356: cyclotomic_vectors: check failed: cyclo_call(inverse,out,&w,x,n)==st | cyclotomic row 82
FAIL tests/test_catalogue.c:358: cyclotomic_vectors: check failed: fmpz_equal(out,st==0 ? want : (alias ? old : want))
FAIL tests/test_catalogue.c:356: cyclotomic_vectors: check failed: cyclo_call(inverse,out,&w,x,n)==st | cyclotomic row 82
FAIL tests/test_catalogue.c:358: cyclotomic_vectors: check failed: fmpz_equal(out,st==0 ? want : (alias ? old : want))
FAIL tests/test_catalogue.c:356: cyclotomic_vectors: check failed: cyclo_call(inverse,out,&w,x,n)==st | cyclotomic row 83
FAIL tests/test_catalogue.c:358: cyclotomic_vectors: check failed: fmpz_equal(out,st==0 ? want : (alias ? old : want))
FAIL tests/test_catalogue.c:356: cyclotomic_vectors: check failed: cyclo_call(inverse,out,&w,x,n)==st | cyclotomic row 83
FAIL tests/test_catalogue.c:358: cyclotomic_vectors: check failed: fmpz_equal(out,st==0 ? want : (alias ? old : want))
FAIL tests/test_catalogue.c:356: cyclotomic_vectors: check failed: cyclo_call(inverse,out,&w,x,n)==st | cyclotomic row 84
FAIL tests/test_catalogue.c:358: cyclotomic_vectors: check failed: fmpz_equal(out,st==0 ? want : (alias ? old : want))
FAIL tests/test_catalogue.c:356: cyclotomic_vectors: check failed: cyclo_call(inverse,out,&w,x,n)==st | cyclotomic row 84
FAIL tests/test_catalogue.c:358: cyclotomic_vectors: check failed: fmpz_equal(out,st==0 ? want : (alias ? old : want))
FAIL tests/test_catalogue.c:356: cyclotomic_vectors: check failed: cyclo_call(inverse,out,&w,x,n)==st | cyclotomic row 85
FAIL tests/test_catalogue.c:358: cyclotomic_vectors: check failed: fmpz_equal(out,st==0 ? want : (alias ? old : want))
FAIL tests/test_catalogue.c:356: cyclotomic_vectors: check failed: cyclo_call(inverse,out,&w,x,n)==st | cyclotomic row 85
FAIL tests/test_catalogue.c:358: cyclotomic_vectors: check failed: fmpz_equal(out,st==0 ? want : (alias ? old : want))
FAIL tests/test_catalogue.c:356: cyclotomic_vectors: check failed: cyclo_call(inverse,out,&w,x,n)==st | cyclotomic row 86
FAIL tests/test_catalogue.c:358: cyclotomic_vectors: check failed: fmpz_equal(out,st==0 ? want : (alias ? old : want))
FAIL tests/test_catalogue.c:356: cyclotomic_vectors: check failed: cyclo_call(inverse,out,&w,x,n)==st | cyclotomic row 86
FAIL tests/test_catalogue.c:358: cyclotomic_vectors: check failed: fmpz_equal(out,st==0 ? want : (alias ? old : want))
FAIL tests/test_catalogue.c:356: cyclotomic_vectors: check failed: cyclo_call(inverse,out,&w,x,n)==st | cyclotomic row 87
FAIL tests/test_catalogue.c:358: cyclotomic_vectors: check failed: fmpz_equal(out,st==0 ? want : (alias ? old : want))
FAIL tests/test_catalogue.c:356: cyclotomic_vectors: check failed: cyclo_call(inverse,out,&w,x,n)==st | cyclotomic row 87
FAIL tests/test_catalogue.c:358: cyclotomic_vectors: check failed: fmpz_equal(out,st==0 ? want : (alias ? old : want))
FAIL tests/test_catalogue.c:356: cyclotomic_vectors: check failed: cyclo_call(inverse,out,&w,x,n)==st | cyclotomic row 88
FAIL tests/test_catalogue.c:358: cyclotomic_vectors: check failed: fmpz_equal(out,st==0 ? want : (alias ? old : want))
FAIL tests/test_catalogue.c:356: cyclotomic_vectors: check failed: cyclo_call(inverse,out,&w,x,n)==st | cyclotomic row 88
FAIL tests/test_catalogue.c:358: cyclotomic_vectors: check failed: fmpz_equal(out,st==0 ? want : (alias ? old : want))
FAIL tests/test_catalogue.c:356: cyclotomic_vectors: check failed: cyclo_call(inverse,out,&w,x,n)==st | cyclotomic row 89
FAIL tests/test_catalogue.c:358: cyclotomic_vectors: check failed: fmpz_equal(out,st==0 ? want : (alias ? old : want))
FAIL tests/test_catalogue.c:356: cyclotomic_vectors: check failed: cyclo_call(inverse,out,&w,x,n)==st | cyclotomic row 89
FAIL tests/test_catalogue.c:358: cyclotomic_vectors: check failed: fmpz_equal(out,st==0 ? want : (alias ? old : want))
FAIL tests/test_catalogue.c:356: cyclotomic_vectors: check failed: cyclo_call(inverse,out,&w,x,n)==st | cyclotomic row 90
FAIL tests/test_catalogue.c:358: cyclotomic_vectors: check failed: fmpz_equal(out,st==0 ? want : (alias ? old : want))
FAIL tests/test_catalogue.c:356: cyclotomic_vectors: check failed: cyclo_call(inverse,out,&w,x,n)==st | cyclotomic row 90
FAIL tests/test_catalogue.c:358: cyclotomic_vectors: check failed: fmpz_equal(out,st==0 ? want : (alias ? old : want))
FAIL tests/test_catalogue.c:356: cyclotomic_vectors: check failed: cyclo_call(inverse,out,&w,x,n)==st | cyclotomic row 91
FAIL tests/test_catalogue.c:358: cyclotomic_vectors: check failed: fmpz_equal(out,st==0 ? want : (alias ? old : want))
FAIL tests/test_catalogue.c:356: cyclotomic_vectors: check failed: cyclo_call(inverse,out,&w,x,n)==st | cyclotomic row 91
FAIL tests/test_catalogue.c:358: cyclotomic_vectors: check failed: fmpz_equal(out,st==0 ? want : (alias ? old : want))
FAIL tests/test_catalogue.c:356: cyclotomic_vectors: check failed: cyclo_call(inverse,out,&w,x,n)==st | cyclotomic row 92
FAIL tests/test_catalogue.c:358: cyclotomic_vectors: check failed: fmpz_equal(out,st==0 ? want : (alias ? old : want))
FAIL tests/test_catalogue.c:356: cyclotomic_vectors: check failed: cyclo_call(inverse,out,&w,x,n)==st | cyclotomic row 92
FAIL tests/test_catalogue.c:358: cyclotomic_vectors: check failed: fmpz_equal(out,st==0 ? want : (alias ? old : want))
FAIL tests/test_catalogue.c:356: cyclotomic_vectors: check failed: cyclo_call(inverse,out,&w,x,n)==st | cyclotomic row 93
FAIL tests/test_catalogue.c:358: cyclotomic_vectors: check failed: fmpz_equal(out,st==0 ? want : (alias ? old : want))
FAIL tests/test_catalogue.c:356: cyclotomic_vectors: check failed: cyclo_call(inverse,out,&w,x,n)==st | cyclotomic row 93
FAIL tests/test_catalogue.c:358: cyclotomic_vectors: check failed: fmpz_equal(out,st==0 ? want : (alias ? old : want))
FAIL tests/test_catalogue.c:356: cyclotomic_vectors: check failed: cyclo_call(inverse,out,&w,x,n)==st | cyclotomic row 94
FAIL tests/test_catalogue.c:358: cyclotomic_vectors: check failed: fmpz_equal(out,st==0 ? want : (alias ? old : want))
FAIL tests/test_catalogue.c:356: cyclotomic_vectors: check failed: cyclo_call(inverse,out,&w,x,n)==st | cyclotomic row 94
FAIL tests/test_catalogue.c:358: cyclotomic_vectors: check failed: fmpz_equal(out,st==0 ? want : (alias ? old : want))
FAIL tests/test_catalogue.c:356: cyclotomic_vectors: check failed: cyclo_call(inverse,out,&w,x,n)==st | cyclotomic row 95
FAIL tests/test_catalogue.c:358: cyclotomic_vectors: check failed: fmpz_equal(out,st==0 ? want : (alias ? old : want))
FAIL tests/test_catalogue.c:356: cyclotomic_vectors: check failed: cyclo_call(inverse,out,&w,x,n)==st | cyclotomic row 95
FAIL tests/test_catalogue.c:358: cyclotomic_vectors: check failed: fmpz_equal(out,st==0 ? want : (alias ? old : want))
FAIL tests/test_catalogue.c:356: cyclotomic_vectors: check failed: cyclo_call(inverse,out,&w,x,n)==st | cyclotomic row 96
FAIL tests/test_catalogue.c:358: cyclotomic_vectors: check failed: fmpz_equal(out,st==0 ? want : (alias ? old : want))
FAIL tests/test_catalogue.c:356: cyclotomic_vectors: check failed: cyclo_call(inverse,out,&w,x,n)==st | cyclotomic row 96
FAIL tests/test_catalogue.c:358: cyclotomic_vectors: check failed: fmpz_equal(out,st==0 ? want : (alias ? old : want))
FAIL tests/test_catalogue.c:356: cyclotomic_vectors: check failed: cyclo_call(inverse,out,&w,x,n)==st | cyclotomic row 97
FAIL tests/test_catalogue.c:358: cyclotomic_vectors: check failed: fmpz_equal(out,st==0 ? want : (alias ? old : want))
FAIL tests/test_catalogue.c:356: cyclotomic_vectors: check failed: cyclo_call(inverse,out,&w,x,n)==st | cyclotomic row 97
FAIL tests/test_catalogue.c:358: cyclotomic_vectors: check failed: fmpz_equal(out,st==0 ? want : (alias ? old : want))
FAIL tests/test_catalogue.c:356: cyclotomic_vectors: check failed: cyclo_call(inverse,out,&w,x,n)==st | cyclotomic row 98
FAIL tests/test_catalogue.c:358: cyclotomic_vectors: check failed: fmpz_equal(out,st==0 ? want : (alias ? old : want))
FAIL tests/test_catalogue.c:356: cyclotomic_vectors: check failed: cyclo_call(inverse,out,&w,x,n)==st | cyclotomic row 98
FAIL tests/test_catalogue.c:358: cyclotomic_vectors: check failed: fmpz_equal(out,st==0 ? want : (alias ? old : want))
FAIL tests/test_catalogue.c:356: cyclotomic_vectors: check failed: cyclo_call(inverse,out,&w,x,n)==st | cyclotomic row 99
FAIL tests/test_catalogue.c:358: cyclotomic_vectors: check failed: fmpz_equal(out,st==0 ? want : (alias ? old : want))
FAIL tests/test_catalogue.c:356: cyclotomic_vectors: check failed: cyclo_call(inverse,out,&w,x,n)==st | cyclotomic row 99
FAIL tests/test_catalogue.c:358: cyclotomic_vectors: check failed: fmpz_equal(out,st==0 ? want : (alias ? old : want))
FAIL tests/test_catalogue.c:356: cyclotomic_vectors: check failed: cyclo_call(inverse,out,&w,x,n)==st | cyclotomic row 144
FAIL tests/test_catalogue.c:358: cyclotomic_vectors: check failed: fmpz_equal(out,st==0 ? want : (alias ? old : want))
FAIL tests/test_catalogue.c:356: cyclotomic_vectors: check failed: cyclo_call(inverse,out,&w,x,n)==st | cyclotomic row 144
FAIL tests/test_catalogue.c:358: cyclotomic_vectors: check failed: fmpz_equal(out,st==0 ? want : (alias ? old : want))
FAIL tests/test_catalogue.c:356: cyclotomic_vectors: check failed: cyclo_call(inverse,out,&w,x,n)==st | cyclotomic row 145
FAIL tests/test_catalogue.c:358: cyclotomic_vectors: check failed: fmpz_equal(out,st==0 ? want : (alias ? old : want))
FAIL tests/test_catalogue.c:356: cyclotomic_vectors: check failed: cyclo_call(inverse,out,&w,x,n)==st | cyclotomic row 145
FAIL tests/test_catalogue.c:358: cyclotomic_vectors: check failed: fmpz_equal(out,st==0 ? want : (alias ? old : want))
FAIL tests/test_catalogue.c:356: cyclotomic_vectors: check failed: cyclo_call(inverse,out,&w,x,n)==st | cyclotomic row 146
FAIL tests/test_catalogue.c:358: cyclotomic_vectors: check failed: fmpz_equal(out,st==0 ? want : (alias ? old : want))
FAIL tests/test_catalogue.c:356: cyclotomic_vectors: check failed: cyclo_call(inverse,out,&w,x,n)==st | cyclotomic row 146
FAIL tests/test_catalogue.c:358: cyclotomic_vectors: check failed: fmpz_equal(out,st==0 ? want : (alias ? old : want))
FAIL tests/test_catalogue.c:356: cyclotomic_vectors: check failed: cyclo_call(inverse,out,&w,x,n)==st | cyclotomic row 147
FAIL tests/test_catalogue.c:358: cyclotomic_vectors: check failed: fmpz_equal(out,st==0 ? want : (alias ? old : want))
FAIL tests/test_catalogue.c:356: cyclotomic_vectors: check failed: cyclo_call(inverse,out,&w,x,n)==st | cyclotomic row 147
FAIL tests/test_catalogue.c:358: cyclotomic_vectors: check failed: fmpz_equal(out,st==0 ? want : (alias ? old : want))
FAIL tests/test_catalogue.c:356: cyclotomic_vectors: check failed: cyclo_call(inverse,out,&w,x,n)==st | cyclotomic row 192
FAIL tests/test_catalogue.c:358: cyclotomic_vectors: check failed: fmpz_equal(out,st==0 ? want : (alias ? old : want))
FAIL tests/test_catalogue.c:356: cyclotomic_vectors: check failed: cyclo_call(inverse,out,&w,x,n)==st | cyclotomic row 192
FAIL tests/test_catalogue.c:358: cyclotomic_vectors: check failed: fmpz_equal(out,st==0 ? want : (alias ? old : want))
FAIL tests/test_catalogue.c:356: cyclotomic_vectors: check failed: cyclo_call(inverse,out,&w,x,n)==st | cyclotomic row 193
FAIL tests/test_catalogue.c:358: cyclotomic_vectors: check failed: fmpz_equal(out,st==0 ? want : (alias ? old : want))
FAIL tests/test_catalogue.c:356: cyclotomic_vectors: check failed: cyclo_call(inverse,out,&w,x,n)==st | cyclotomic row 193
FAIL tests/test_catalogue.c:358: cyclotomic_vectors: check failed: fmpz_equal(out,st==0 ? want : (alias ? old : want))
FAIL tests/test_catalogue.c:356: cyclotomic_vectors: check failed: cyclo_call(inverse,out,&w,x,n)==st | cyclotomic row 194
FAIL tests/test_catalogue.c:358: cyclotomic_vectors: check failed: fmpz_equal(out,st==0 ? want : (alias ? old : want))
FAIL tests/test_catalogue.c:356: cyclotomic_vectors: check failed: cyclo_call(inverse,out,&w,x,n)==st | cyclotomic row 194
FAIL tests/test_catalogue.c:358: cyclotomic_vectors: check failed: fmpz_equal(out,st==0 ? want : (alias ? old : want))
FAIL tests/test_catalogue.c:356: cyclotomic_vectors: check failed: cyclo_call(inverse,out,&w,x,n)==st | cyclotomic row 195
FAIL tests/test_catalogue.c:358: cyclotomic_vectors: check failed: fmpz_equal(out,st==0 ? want : (alias ? old : want))
FAIL tests/test_catalogue.c:356: cyclotomic_vectors: check failed: cyclo_call(inverse,out,&w,x,n)==st | cyclotomic row 195
FAIL tests/test_catalogue.c:358: cyclotomic_vectors: check failed: fmpz_equal(out,st==0 ? want : (alias ? old : want))
FAIL tests/test_catalogue.c:356: cyclotomic_vectors: check failed: cyclo_call(inverse,out,&w,x,n)==st | cyclotomic row 196
FAIL tests/test_catalogue.c:358: cyclotomic_vectors: check failed: fmpz_equal(out,st==0 ? want : (alias ? old : want))
FAIL tests/test_catalogue.c:356: cyclotomic_vectors: check failed: cyclo_call(inverse,out,&w,x,n)==st | cyclotomic row 196
FAIL tests/test_catalogue.c:358: cyclotomic_vectors: check failed: fmpz_equal(out,st==0 ? want : (alias ? old : want))
FAIL tests/test_catalogue.c:356: cyclotomic_vectors: check failed: cyclo_call(inverse,out,&w,x,n)==st | cyclotomic row 197
FAIL tests/test_catalogue.c:358: cyclotomic_vectors: check failed: fmpz_equal(out,st==0 ? want : (alias ? old : want))
FAIL tests/test_catalogue.c:356: cyclotomic_vectors: check failed: cyclo_call(inverse,out,&w,x,n)==st | cyclotomic row 197
FAIL tests/test_catalogue.c:358: cyclotomic_vectors: check failed: fmpz_equal(out,st==0 ? want : (alias ? old : want))
FAIL tests/test_catalogue.c:356: cyclotomic_vectors: check failed: cyclo_call(inverse,out,&w,x,n)==st | cyclotomic row 202
FAIL tests/test_catalogue.c:358: cyclotomic_vectors: check failed: fmpz_equal(out,st==0 ? want : (alias ? old : want))
FAIL tests/test_catalogue.c:356: cyclotomic_vectors: check failed: cyclo_call(inverse,out,&w,x,n)==st | cyclotomic row 202
FAIL tests/test_catalogue.c:358: cyclotomic_vectors: check failed: fmpz_equal(out,st==0 ? want : (alias ? old : want))
FAIL tests/test_catalogue.c:356: cyclotomic_vectors: check failed: cyclo_call(inverse,out,&w,x,n)==st | cyclotomic row 203
FAIL tests/test_catalogue.c:358: cyclotomic_vectors: check failed: fmpz_equal(out,st==0 ? want : (alias ? old : want))
FAIL tests/test_catalogue.c:356: cyclotomic_vectors: check failed: cyclo_call(inverse,out,&w,x,n)==st | cyclotomic row 203
FAIL tests/test_catalogue.c:358: cyclotomic_vectors: check failed: fmpz_equal(out,st==0 ? want : (alias ? old : want))
FAIL tests/test_catalogue.c:356: cyclotomic_vectors: check failed: cyclo_call(inverse,out,&w,x,n)==st | cyclotomic row 240
FAIL tests/test_catalogue.c:358: cyclotomic_vectors: check failed: fmpz_equal(out,st==0 ? want : (alias ? old : want))
FAIL tests/test_catalogue.c:356: cyclotomic_vectors: check failed: cyclo_call(inverse,out,&w,x,n)==st | cyclotomic row 240
FAIL tests/test_catalogue.c:358: cyclotomic_vectors: check failed: fmpz_equal(out,st==0 ? want : (alias ? old : want))
FAIL tests/test_catalogue.c:356: cyclotomic_vectors: check failed: cyclo_call(inverse,out,&w,x,n)==st | cyclotomic row 241
FAIL tests/test_catalogue.c:358: cyclotomic_vectors: check failed: fmpz_equal(out,st==0 ? want : (alias ? old : want))
FAIL tests/test_catalogue.c:356: cyclotomic_vectors: check failed: cyclo_call(inverse,out,&w,x,n)==st | cyclotomic row 241
FAIL tests/test_catalogue.c:358: cyclotomic_vectors: check failed: fmpz_equal(out,st==0 ? want : (alias ? old : want))
FAIL tests/test_catalogue.c:356: cyclotomic_vectors: check failed: cyclo_call(inverse,out,&w,x,n)==st | cyclotomic row 242
FAIL tests/test_catalogue.c:358: cyclotomic_vectors: check failed: fmpz_equal(out,st==0 ? want : (alias ? old : want))
FAIL tests/test_catalogue.c:356: cyclotomic_vectors: check failed: cyclo_call(inverse,out,&w,x,n)==st | cyclotomic row 242
FAIL tests/test_catalogue.c:358: cyclotomic_vectors: check failed: fmpz_equal(out,st==0 ? want : (alias ? old : want))
FAIL tests/test_catalogue.c:356: cyclotomic_vectors: check failed: cyclo_call(inverse,out,&w,x,n)==st | cyclotomic row 243
FAIL tests/test_catalogue.c:358: cyclotomic_vectors: check failed: fmpz_equal(out,st==0 ? want : (alias ? old : want))
FAIL tests/test_catalogue.c:356: cyclotomic_vectors: check failed: cyclo_call(inverse,out,&w,x,n)==st | cyclotomic row 243
FAIL tests/test_catalogue.c:358: cyclotomic_vectors: check failed: fmpz_equal(out,st==0 ? want : (alias ? old : want))
FAIL tests/test_catalogue.c:356: cyclotomic_vectors: check failed: cyclo_call(inverse,out,&w,x,n)==st | cyclotomic row 244
FAIL tests/test_catalogue.c:358: cyclotomic_vectors: check failed: fmpz_equal(out,st==0 ? want : (alias ? old : want))
FAIL tests/test_catalogue.c:356: cyclotomic_vectors: check failed: cyclo_call(inverse,out,&w,x,n)==st | cyclotomic row 244
FAIL tests/test_catalogue.c:358: cyclotomic_vectors: check failed: fmpz_equal(out,st==0 ? want : (alias ? old : want))
FAIL tests/test_catalogue.c:356: cyclotomic_vectors: check failed: cyclo_call(inverse,out,&w,x,n)==st | cyclotomic row 245
FAIL tests/test_catalogue.c:358: cyclotomic_vectors: check failed: fmpz_equal(out,st==0 ? want : (alias ? old : want))
FAIL tests/test_catalogue.c:356: cyclotomic_vectors: check failed: cyclo_call(inverse,out,&w,x,n)==st | cyclotomic row 245
FAIL tests/test_catalogue.c:358: cyclotomic_vectors: check failed: fmpz_equal(out,st==0 ? want : (alias ? old : want))
FAIL tests/test_catalogue.c:356: cyclotomic_vectors: check failed: cyclo_call(inverse,out,&w,x,n)==st | cyclotomic row 250
FAIL tests/test_catalogue.c:358: cyclotomic_vectors: check failed: fmpz_equal(out,st==0 ? want : (alias ? old : want))
FAIL tests/test_catalogue.c:356: cyclotomic_vectors: check failed: cyclo_call(inverse,out,&w,x,n)==st | cyclotomic row 250
FAIL tests/test_catalogue.c:358: cyclotomic_vectors: check failed: fmpz_equal(out,st==0 ? want : (alias ? old : want))
FAIL tests/test_catalogue.c:356: cyclotomic_vectors: check failed: cyclo_call(inverse,out,&w,x,n)==st | cyclotomic row 251
FAIL tests/test_catalogue.c:358: cyclotomic_vectors: check failed: fmpz_equal(out,st==0 ? want : (alias ? old : want))
FAIL tests/test_catalogue.c:356: cyclotomic_vectors: check failed: cyclo_call(inverse,out,&w,x,n)==st | cyclotomic row 251
FAIL tests/test_catalogue.c:358: cyclotomic_vectors: check failed: fmpz_equal(out,st==0 ? want : (alias ? old : want))
FAIL tests/test_catalogue.c:356: cyclotomic_vectors: check failed: cyclo_call(inverse,out,&w,x,n)==st | cyclotomic row 288
FAIL tests/test_catalogue.c:358: cyclotomic_vectors: check failed: fmpz_equal(out,st==0 ? want : (alias ? old : want))
FAIL tests/test_catalogue.c:356: cyclotomic_vectors: check failed: cyclo_call(inverse,out,&w,x,n)==st | cyclotomic row 288
FAIL tests/test_catalogue.c:358: cyclotomic_vectors: check failed: fmpz_equal(out,st==0 ? want : (alias ? old : want))
FAIL tests/test_catalogue.c:356: cyclotomic_vectors: check failed: cyclo_call(inverse,out,&w,x,n)==st | cyclotomic row 289
FAIL tests/test_catalogue.c:358: cyclotomic_vectors: check failed: fmpz_equal(out,st==0 ? want : (alias ? old : want))
FAIL tests/test_catalogue.c:356: cyclotomic_vectors: check failed: cyclo_call(inverse,out,&w,x,n)==st | cyclotomic row 289
FAIL tests/test_catalogue.c:358: cyclotomic_vectors: check failed: fmpz_equal(out,st==0 ? want : (alias ? old : want))
FAIL tests/test_catalogue.c:356: cyclotomic_vectors: check failed: cyclo_call(inverse,out,&w,x,n)==st | cyclotomic row 290
FAIL tests/test_catalogue.c:358: cyclotomic_vectors: check failed: fmpz_equal(out,st==0 ? want : (alias ? old : want))
FAIL tests/test_catalogue.c:356: cyclotomic_vectors: check failed: cyclo_call(inverse,out,&w,x,n)==st | cyclotomic row 290
FAIL tests/test_catalogue.c:358: cyclotomic_vectors: check failed: fmpz_equal(out,st==0 ? want : (alias ? old : want))
FAIL tests/test_catalogue.c:356: cyclotomic_vectors: check failed: cyclo_call(inverse,out,&w,x,n)==st | cyclotomic row 291
FAIL tests/test_catalogue.c:358: cyclotomic_vectors: check failed: fmpz_equal(out,st==0 ? want : (alias ? old : want))
FAIL tests/test_catalogue.c:356: cyclotomic_vectors: check failed: cyclo_call(inverse,out,&w,x,n)==st | cyclotomic row 291
FAIL tests/test_catalogue.c:358: cyclotomic_vectors: check failed: fmpz_equal(out,st==0 ? want : (alias ? old : want))
FAIL tests/test_catalogue.c:356: cyclotomic_vectors: check failed: cyclo_call(inverse,out,&w,x,n)==st | cyclotomic row 294
FAIL tests/test_catalogue.c:358: cyclotomic_vectors: check failed: fmpz_equal(out,st==0 ? want : (alias ? old : want))
FAIL tests/test_catalogue.c:356: cyclotomic_vectors: check failed: cyclo_call(inverse,out,&w,x,n)==st | cyclotomic row 294
FAIL tests/test_catalogue.c:358: cyclotomic_vectors: check failed: fmpz_equal(out,st==0 ? want : (alias ? old : want))
FAIL tests/test_catalogue.c:356: cyclotomic_vectors: check failed: cyclo_call(inverse,out,&w,x,n)==st | cyclotomic row 295
FAIL tests/test_catalogue.c:358: cyclotomic_vectors: check failed: fmpz_equal(out,st==0 ? want : (alias ? old : want))
FAIL tests/test_catalogue.c:356: cyclotomic_vectors: check failed: cyclo_call(inverse,out,&w,x,n)==st | cyclotomic row 295
FAIL tests/test_catalogue.c:358: cyclotomic_vectors: check failed: fmpz_equal(out,st==0 ? want : (alias ? old : want))
FAIL tests/test_catalogue.c:356: cyclotomic_vectors: check failed: cyclo_call(inverse,out,&w,x,n)==st | cyclotomic row 336
FAIL tests/test_catalogue.c:358: cyclotomic_vectors: check failed: fmpz_equal(out,st==0 ? want : (alias ? old : want))
FAIL tests/test_catalogue.c:356: cyclotomic_vectors: check failed: cyclo_call(inverse,out,&w,x,n)==st | cyclotomic row 336
FAIL tests/test_catalogue.c:358: cyclotomic_vectors: check failed: fmpz_equal(out,st==0 ? want : (alias ? old : want))
FAIL tests/test_catalogue.c:356: cyclotomic_vectors: check failed: cyclo_call(inverse,out,&w,x,n)==st | cyclotomic row 337
FAIL tests/test_catalogue.c:358: cyclotomic_vectors: check failed: fmpz_equal(out,st==0 ? want : (alias ? old : want))
FAIL tests/test_catalogue.c:356: cyclotomic_vectors: check failed: cyclo_call(inverse,out,&w,x,n)==st | cyclotomic row 337
FAIL tests/test_catalogue.c:358: cyclotomic_vectors: check failed: fmpz_equal(out,st==0 ? want : (alias ? old : want))
FAIL tests/test_catalogue.c:356: cyclotomic_vectors: check failed: cyclo_call(inverse,out,&w,x,n)==st | cyclotomic row 338
FAIL tests/test_catalogue.c:358: cyclotomic_vectors: check failed: fmpz_equal(out,st==0 ? want : (alias ? old : want))
FAIL tests/test_catalogue.c:356: cyclotomic_vectors: check failed: cyclo_call(inverse,out,&w,x,n)==st | cyclotomic row 338
FAIL tests/test_catalogue.c:358: cyclotomic_vectors: check failed: fmpz_equal(out,st==0 ? want : (alias ? old : want))
FAIL tests/test_catalogue.c:356: cyclotomic_vectors: check failed: cyclo_call(inverse,out,&w,x,n)==st | cyclotomic row 339
FAIL tests/test_catalogue.c:358: cyclotomic_vectors: check failed: fmpz_equal(out,st==0 ? want : (alias ? old : want))
FAIL tests/test_catalogue.c:356: cyclotomic_vectors: check failed: cyclo_call(inverse,out,&w,x,n)==st | cyclotomic row 339
FAIL tests/test_catalogue.c:358: cyclotomic_vectors: check failed: fmpz_equal(out,st==0 ? want : (alias ? old : want))
FAIL tests/test_catalogue.c:356: cyclotomic_vectors: check failed: cyclo_call(inverse,out,&w,x,n)==st | cyclotomic row 342
FAIL tests/test_catalogue.c:358: cyclotomic_vectors: check failed: fmpz_equal(out,st==0 ? want : (alias ? old : want))
FAIL tests/test_catalogue.c:356: cyclotomic_vectors: check failed: cyclo_call(inverse,out,&w,x,n)==st | cyclotomic row 342
FAIL tests/test_catalogue.c:358: cyclotomic_vectors: check failed: fmpz_equal(out,st==0 ? want : (alias ? old : want))
FAIL tests/test_catalogue.c:356: cyclotomic_vectors: check failed: cyclo_call(inverse,out,&w,x,n)==st | cyclotomic row 343
FAIL tests/test_catalogue.c:358: cyclotomic_vectors: check failed: fmpz_equal(out,st==0 ? want : (alias ? old : want))
FAIL tests/test_catalogue.c:356: cyclotomic_vectors: check failed: cyclo_call(inverse,out,&w,x,n)==st | cyclotomic row 343
FAIL tests/test_catalogue.c:358: cyclotomic_vectors: check failed: fmpz_equal(out,st==0 ? want : (alias ? old : want))
FAIL tests/test_catalogue.c:356: cyclotomic_vectors: check failed: cyclo_call(inverse,out,&w,x,n)==st | cyclotomic row 384
FAIL tests/test_catalogue.c:358: cyclotomic_vectors: check failed: fmpz_equal(out,st==0 ? want : (alias ? old : want))
FAIL tests/test_catalogue.c:356: cyclotomic_vectors: check failed: cyclo_call(inverse,out,&w,x,n)==st | cyclotomic row 384
FAIL tests/test_catalogue.c:358: cyclotomic_vectors: check failed: fmpz_equal(out,st==0 ? want : (alias ? old : want))
FAIL tests/test_catalogue.c:356: cyclotomic_vectors: check failed: cyclo_call(inverse,out,&w,x,n)==st | cyclotomic row 385
FAIL tests/test_catalogue.c:358: cyclotomic_vectors: check failed: fmpz_equal(out,st==0 ? want : (alias ? old : want))
FAIL tests/test_catalogue.c:356: cyclotomic_vectors: check failed: cyclo_call(inverse,out,&w,x,n)==st | cyclotomic row 385
FAIL tests/test_catalogue.c:358: cyclotomic_vectors: check failed: fmpz_equal(out,st==0 ? want : (alias ? old : want))
FAIL tests/test_catalogue.c:356: cyclotomic_vectors: check failed: cyclo_call(inverse,out,&w,x,n)==st | cyclotomic row 386
FAIL tests/test_catalogue.c:358: cyclotomic_vectors: check failed: fmpz_equal(out,st==0 ? want : (alias ? old : want))
FAIL tests/test_catalogue.c:356: cyclotomic_vectors: check failed: cyclo_call(inverse,out,&w,x,n)==st | cyclotomic row 386
FAIL tests/test_catalogue.c:358: cyclotomic_vectors: check failed: fmpz_equal(out,st==0 ? want : (alias ? old : want))
FAIL tests/test_catalogue.c:356: cyclotomic_vectors: check failed: cyclo_call(inverse,out,&w,x,n)==st | cyclotomic row 387
FAIL tests/test_catalogue.c:358: cyclotomic_vectors: check failed: fmpz_equal(out,st==0 ? want : (alias ? old : want))
FAIL tests/test_catalogue.c:356: cyclotomic_vectors: check failed: cyclo_call(inverse,out,&w,x,n)==st | cyclotomic row 387
FAIL tests/test_catalogue.c:358: cyclotomic_vectors: check failed: fmpz_equal(out,st==0 ? want : (alias ? old : want))
FAIL tests/test_catalogue.c:356: cyclotomic_vectors: check failed: cyclo_call(inverse,out,&w,x,n)==st | cyclotomic row 392
FAIL tests/test_catalogue.c:358: cyclotomic_vectors: check failed: fmpz_equal(out,st==0 ? want : (alias ? old : want))
FAIL tests/test_catalogue.c:356: cyclotomic_vectors: check failed: cyclo_call(inverse,out,&w,x,n)==st | cyclotomic row 392
FAIL tests/test_catalogue.c:358: cyclotomic_vectors: check failed: fmpz_equal(out,st==0 ? want : (alias ? old : want))
FAIL tests/test_catalogue.c:356: cyclotomic_vectors: check failed: cyclo_call(inverse,out,&w,x,n)==st | cyclotomic row 393
FAIL tests/test_catalogue.c:358: cyclotomic_vectors: check failed: fmpz_equal(out,st==0 ? want : (alias ? old : want))
FAIL tests/test_catalogue.c:356: cyclotomic_vectors: check failed: cyclo_call(inverse,out,&w,x,n)==st | cyclotomic row 393
FAIL tests/test_catalogue.c:358: cyclotomic_vectors: check failed: fmpz_equal(out,st==0 ? want : (alias ? old : want))
FAIL tests/test_catalogue.c:356: cyclotomic_vectors: check failed: cyclo_call(inverse,out,&w,x,n)==st | cyclotomic row 402
FAIL tests/test_catalogue.c:358: cyclotomic_vectors: check failed: fmpz_equal(out,st==0 ? want : (alias ? old : want))
FAIL tests/test_catalogue.c:356: cyclotomic_vectors: check failed: cyclo_call(inverse,out,&w,x,n)==st | cyclotomic row 402
FAIL tests/test_catalogue.c:358: cyclotomic_vectors: check failed: fmpz_equal(out,st==0 ? want : (alias ? old : want))
FAIL tests/test_catalogue.c:356: cyclotomic_vectors: check failed: cyclo_call(inverse,out,&w,x,n)==st | cyclotomic row 403
FAIL tests/test_catalogue.c:358: cyclotomic_vectors: check failed: fmpz_equal(out,st==0 ? want : (alias ? old : want))
FAIL tests/test_catalogue.c:356: cyclotomic_vectors: check failed: cyclo_call(inverse,out,&w,x,n)==st | cyclotomic row 403
FAIL tests/test_catalogue.c:358: cyclotomic_vectors: check failed: fmpz_equal(out,st==0 ? want : (alias ? old : want))
FAIL tests/test_catalogue.c:356: cyclotomic_vectors: check failed: cyclo_call(inverse,out,&w,x,n)==st | cyclotomic row 432
FAIL tests/test_catalogue.c:358: cyclotomic_vectors: check failed: fmpz_equal(out,st==0 ? want : (alias ? old : want))
FAIL tests/test_catalogue.c:356: cyclotomic_vectors: check failed: cyclo_call(inverse,out,&w,x,n)==st | cyclotomic row 432
FAIL tests/test_catalogue.c:358: cyclotomic_vectors: check failed: fmpz_equal(out,st==0 ? want : (alias ? old : want))
FAIL tests/test_catalogue.c:356: cyclotomic_vectors: check failed: cyclo_call(inverse,out,&w,x,n)==st | cyclotomic row 433
FAIL tests/test_catalogue.c:358: cyclotomic_vectors: check failed: fmpz_equal(out,st==0 ? want : (alias ? old : want))
FAIL tests/test_catalogue.c:356: cyclotomic_vectors: check failed: cyclo_call(inverse,out,&w,x,n)==st | cyclotomic row 433
FAIL tests/test_catalogue.c:358: cyclotomic_vectors: check failed: fmpz_equal(out,st==0 ? want : (alias ? old : want))
FAIL tests/test_catalogue.c:356: cyclotomic_vectors: check failed: cyclo_call(inverse,out,&w,x,n)==st | cyclotomic row 434
FAIL tests/test_catalogue.c:358: cyclotomic_vectors: check failed: fmpz_equal(out,st==0 ? want : (alias ? old : want))
FAIL tests/test_catalogue.c:356: cyclotomic_vectors: check failed: cyclo_call(inverse,out,&w,x,n)==st | cyclotomic row 434
FAIL tests/test_catalogue.c:358: cyclotomic_vectors: check failed: fmpz_equal(out,st==0 ? want : (alias ? old : want))
FAIL tests/test_catalogue.c:356: cyclotomic_vectors: check failed: cyclo_call(inverse,out,&w,x,n)==st | cyclotomic row 435
FAIL tests/test_catalogue.c:358: cyclotomic_vectors: check failed: fmpz_equal(out,st==0 ? want : (alias ? old : want))
FAIL tests/test_catalogue.c:356: cyclotomic_vectors: check failed: cyclo_call(inverse,out,&w,x,n)==st | cyclotomic row 435
FAIL tests/test_catalogue.c:358: cyclotomic_vectors: check failed: fmpz_equal(out,st==0 ? want : (alias ? old : want))
FAIL tests/test_catalogue.c:356: cyclotomic_vectors: check failed: cyclo_call(inverse,out,&w,x,n)==st | cyclotomic row 440
FAIL tests/test_catalogue.c:358: cyclotomic_vectors: check failed: fmpz_equal(out,st==0 ? want : (alias ? old : want))
FAIL tests/test_catalogue.c:356: cyclotomic_vectors: check failed: cyclo_call(inverse,out,&w,x,n)==st | cyclotomic row 440
FAIL tests/test_catalogue.c:358: cyclotomic_vectors: check failed: fmpz_equal(out,st==0 ? want : (alias ? old : want))
FAIL tests/test_catalogue.c:356: cyclotomic_vectors: check failed: cyclo_call(inverse,out,&w,x,n)==st | cyclotomic row 441
FAIL tests/test_catalogue.c:358: cyclotomic_vectors: check failed: fmpz_equal(out,st==0 ? want : (alias ? old : want))
FAIL tests/test_catalogue.c:356: cyclotomic_vectors: check failed: cyclo_call(inverse,out,&w,x,n)==st | cyclotomic row 441
FAIL tests/test_catalogue.c:358: cyclotomic_vectors: check failed: fmpz_equal(out,st==0 ? want : (alias ? old : want))
FAIL tests/test_catalogue.c:356: cyclotomic_vectors: check failed: cyclo_call(inverse,out,&w,x,n)==st | cyclotomic row 450
FAIL tests/test_catalogue.c:358: cyclotomic_vectors: check failed: fmpz_equal(out,st==0 ? want : (alias ? old : want))
FAIL tests/test_catalogue.c:356: cyclotomic_vectors: check failed: cyclo_call(inverse,out,&w,x,n)==st | cyclotomic row 450
FAIL tests/test_catalogue.c:358: cyclotomic_vectors: check failed: fmpz_equal(out,st==0 ? want : (alias ? old : want))
FAIL tests/test_catalogue.c:356: cyclotomic_vectors: check failed: cyclo_call(inverse,out,&w,x,n)==st | cyclotomic row 451
FAIL tests/test_catalogue.c:358: cyclotomic_vectors: check failed: fmpz_equal(out,st==0 ? want : (alias ? old : want))
FAIL tests/test_catalogue.c:356: cyclotomic_vectors: check failed: cyclo_call(inverse,out,&w,x,n)==st | cyclotomic row 451
FAIL tests/test_catalogue.c:358: cyclotomic_vectors: check failed: fmpz_equal(out,st==0 ? want : (alias ? old : want))
FAIL tests/test_catalogue.c:356: cyclotomic_vectors: check failed: cyclo_call(inverse,out,&w,x,n)==st | cyclotomic row 480
FAIL tests/test_catalogue.c:358: cyclotomic_vectors: check failed: fmpz_equal(out,st==0 ? want : (alias ? old : want))
FAIL tests/test_catalogue.c:356: cyclotomic_vectors: check failed: cyclo_call(inverse,out,&w,x,n)==st | cyclotomic row 480
FAIL tests/test_catalogue.c:358: cyclotomic_vectors: check failed: fmpz_equal(out,st==0 ? want : (alias ? old : want))
FAIL tests/test_catalogue.c:356: cyclotomic_vectors: check failed: cyclo_call(inverse,out,&w,x,n)==st | cyclotomic row 481
FAIL tests/test_catalogue.c:358: cyclotomic_vectors: check failed: fmpz_equal(out,st==0 ? want : (alias ? old : want))
FAIL tests/test_catalogue.c:356: cyclotomic_vectors: check failed: cyclo_call(inverse,out,&w,x,n)==st | cyclotomic row 481
FAIL tests/test_catalogue.c:358: cyclotomic_vectors: check failed: fmpz_equal(out,st==0 ? want : (alias ? old : want))
FAIL tests/test_catalogue.c:356: cyclotomic_vectors: check failed: cyclo_call(inverse,out,&w,x,n)==st | cyclotomic row 482
FAIL tests/test_catalogue.c:358: cyclotomic_vectors: check failed: fmpz_equal(out,st==0 ? want : (alias ? old : want))
FAIL tests/test_catalogue.c:356: cyclotomic_vectors: check failed: cyclo_call(inverse,out,&w,x,n)==st | cyclotomic row 482
FAIL tests/test_catalogue.c:358: cyclotomic_vectors: check failed: fmpz_equal(out,st==0 ? want : (alias ? old : want))
FAIL tests/test_catalogue.c:356: cyclotomic_vectors: check failed: cyclo_call(inverse,out,&w,x,n)==st | cyclotomic row 483
FAIL tests/test_catalogue.c:358: cyclotomic_vectors: check failed: fmpz_equal(out,st==0 ? want : (alias ? old : want))
FAIL tests/test_catalogue.c:356: cyclotomic_vectors: check failed: cyclo_call(inverse,out,&w,x,n)==st | cyclotomic row 483
FAIL tests/test_catalogue.c:358: cyclotomic_vectors: check failed: fmpz_equal(out,st==0 ? want : (alias ? old : want))
FAIL tests/test_catalogue.c:356: cyclotomic_vectors: check failed: cyclo_call(inverse,out,&w,x,n)==st | cyclotomic row 488
FAIL tests/test_catalogue.c:358: cyclotomic_vectors: check failed: fmpz_equal(out,st==0 ? want : (alias ? old : want))
FAIL tests/test_catalogue.c:356: cyclotomic_vectors: check failed: cyclo_call(inverse,out,&w,x,n)==st | cyclotomic row 488
FAIL tests/test_catalogue.c:358: cyclotomic_vectors: check failed: fmpz_equal(out,st==0 ? want : (alias ? old : want))
FAIL tests/test_catalogue.c:356: cyclotomic_vectors: check failed: cyclo_call(inverse,out,&w,x,n)==st | cyclotomic row 489
FAIL tests/test_catalogue.c:358: cyclotomic_vectors: check failed: fmpz_equal(out,st==0 ? want : (alias ? old : want))
FAIL tests/test_catalogue.c:356: cyclotomic_vectors: check failed: cyclo_call(inverse,out,&w,x,n)==st | cyclotomic row 489
FAIL tests/test_catalogue.c:358: cyclotomic_vectors: check failed: fmpz_equal(out,st==0 ? want : (alias ? old : want))
FAIL tests/test_catalogue.c:356: cyclotomic_vectors: check failed: cyclo_call(inverse,out,&w,x,n)==st | cyclotomic row 498
FAIL tests/test_catalogue.c:358: cyclotomic_vectors: check failed: fmpz_equal(out,st==0 ? want : (alias ? old : want))
FAIL tests/test_catalogue.c:356: cyclotomic_vectors: check failed: cyclo_call(inverse,out,&w,x,n)==st | cyclotomic row 498
FAIL tests/test_catalogue.c:358: cyclotomic_vectors: check failed: fmpz_equal(out,st==0 ? want : (alias ? old : want))
FAIL tests/test_catalogue.c:356: cyclotomic_vectors: check failed: cyclo_call(inverse,out,&w,x,n)==st | cyclotomic row 499
FAIL tests/test_catalogue.c:358: cyclotomic_vectors: check failed: fmpz_equal(out,st==0 ? want : (alias ? old : want))
FAIL tests/test_catalogue.c:356: cyclotomic_vectors: check failed: cyclo_call(inverse,out,&w,x,n)==st | cyclotomic row 499
FAIL tests/test_catalogue.c:358: cyclotomic_vectors: check failed: fmpz_equal(out,st==0 ? want : (alias ? old : want))
FAIL tests/test_catalogue.c:356: cyclotomic_vectors: check failed: cyclo_call(inverse,out,&w,x,n)==st | cyclotomic row 528
FAIL tests/test_catalogue.c:358: cyclotomic_vectors: check failed: fmpz_equal(out,st==0 ? want : (alias ? old : want))
FAIL tests/test_catalogue.c:356: cyclotomic_vectors: check failed: cyclo_call(inverse,out,&w,x,n)==st | cyclotomic row 528
FAIL tests/test_catalogue.c:358: cyclotomic_vectors: check failed: fmpz_equal(out,st==0 ? want : (alias ? old : want))
FAIL tests/test_catalogue.c:356: cyclotomic_vectors: check failed: cyclo_call(inverse,out,&w,x,n)==st | cyclotomic row 529
FAIL tests/test_catalogue.c:358: cyclotomic_vectors: check failed: fmpz_equal(out,st==0 ? want : (alias ? old : want))
FAIL tests/test_catalogue.c:356: cyclotomic_vectors: check failed: cyclo_call(inverse,out,&w,x,n)==st | cyclotomic row 529
FAIL tests/test_catalogue.c:358: cyclotomic_vectors: check failed: fmpz_equal(out,st==0 ? want : (alias ? old : want))
FAIL tests/test_catalogue.c:356: cyclotomic_vectors: check failed: cyclo_call(inverse,out,&w,x,n)==st | cyclotomic row 530
FAIL tests/test_catalogue.c:358: cyclotomic_vectors: check failed: fmpz_equal(out,st==0 ? want : (alias ? old : want))
FAIL tests/test_catalogue.c:356: cyclotomic_vectors: check failed: cyclo_call(inverse,out,&w,x,n)==st | cyclotomic row 530
FAIL tests/test_catalogue.c:358: cyclotomic_vectors: check failed: fmpz_equal(out,st==0 ? want : (alias ? old : want))
FAIL tests/test_catalogue.c:356: cyclotomic_vectors: check failed: cyclo_call(inverse,out,&w,x,n)==st | cyclotomic row 531
FAIL tests/test_catalogue.c:358: cyclotomic_vectors: check failed: fmpz_equal(out,st==0 ? want : (alias ? old : want))
FAIL tests/test_catalogue.c:356: cyclotomic_vectors: check failed: cyclo_call(inverse,out,&w,x,n)==st | cyclotomic row 531
FAIL tests/test_catalogue.c:358: cyclotomic_vectors: check failed: fmpz_equal(out,st==0 ? want : (alias ? old : want))
FAIL tests/test_catalogue.c:356: cyclotomic_vectors: check failed: cyclo_call(inverse,out,&w,x,n)==st | cyclotomic row 536
FAIL tests/test_catalogue.c:358: cyclotomic_vectors: check failed: fmpz_equal(out,st==0 ? want : (alias ? old : want))
FAIL tests/test_catalogue.c:356: cyclotomic_vectors: check failed: cyclo_call(inverse,out,&w,x,n)==st | cyclotomic row 536
FAIL tests/test_catalogue.c:358: cyclotomic_vectors: check failed: fmpz_equal(out,st==0 ? want : (alias ? old : want))
FAIL tests/test_catalogue.c:356: cyclotomic_vectors: check failed: cyclo_call(inverse,out,&w,x,n)==st | cyclotomic row 537
FAIL tests/test_catalogue.c:358: cyclotomic_vectors: check failed: fmpz_equal(out,st==0 ? want : (alias ? old : want))
FAIL tests/test_catalogue.c:356: cyclotomic_vectors: check failed: cyclo_call(inverse,out,&w,x,n)==st | cyclotomic row 537
FAIL tests/test_catalogue.c:358: cyclotomic_vectors: check failed: fmpz_equal(out,st==0 ? want : (alias ? old : want))
FAIL tests/test_catalogue.c:356: cyclotomic_vectors: check failed: cyclo_call(inverse,out,&w,x,n)==st | cyclotomic row 546
FAIL tests/test_catalogue.c:358: cyclotomic_vectors: check failed: fmpz_equal(out,st==0 ? want : (alias ? old : want))
FAIL tests/test_catalogue.c:356: cyclotomic_vectors: check failed: cyclo_call(inverse,out,&w,x,n)==st | cyclotomic row 546
FAIL tests/test_catalogue.c:358: cyclotomic_vectors: check failed: fmpz_equal(out,st==0 ? want : (alias ? old : want))
FAIL tests/test_catalogue.c:356: cyclotomic_vectors: check failed: cyclo_call(inverse,out,&w,x,n)==st | cyclotomic row 547
FAIL tests/test_catalogue.c:358: cyclotomic_vectors: check failed: fmpz_equal(out,st==0 ? want : (alias ? old : want))
FAIL tests/test_catalogue.c:356: cyclotomic_vectors: check failed: cyclo_call(inverse,out,&w,x,n)==st | cyclotomic row 547
FAIL tests/test_catalogue.c:358: cyclotomic_vectors: check failed: fmpz_equal(out,st==0 ? want : (alias ? old : want))
FAIL tests/test_catalogue.c:356: cyclotomic_vectors: check failed: cyclo_call(inverse,out,&w,x,n)==st | cyclotomic row 576
FAIL tests/test_catalogue.c:358: cyclotomic_vectors: check failed: fmpz_equal(out,st==0 ? want : (alias ? old : want))
FAIL tests/test_catalogue.c:356: cyclotomic_vectors: check failed: cyclo_call(inverse,out,&w,x,n)==st | cyclotomic row 576
FAIL tests/test_catalogue.c:358: cyclotomic_vectors: check failed: fmpz_equal(out,st==0 ? want : (alias ? old : want))
FAIL tests/test_catalogue.c:356: cyclotomic_vectors: check failed: cyclo_call(inverse,out,&w,x,n)==st | cyclotomic row 577
FAIL tests/test_catalogue.c:358: cyclotomic_vectors: check failed: fmpz_equal(out,st==0 ? want : (alias ? old : want))
FAIL tests/test_catalogue.c:356: cyclotomic_vectors: check failed: cyclo_call(inverse,out,&w,x,n)==st | cyclotomic row 577
FAIL tests/test_catalogue.c:358: cyclotomic_vectors: check failed: fmpz_equal(out,st==0 ? want : (alias ? old : want))
FAIL tests/test_catalogue.c:356: cyclotomic_vectors: check failed: cyclo_call(inverse,out,&w,x,n)==st | cyclotomic row 578
FAIL tests/test_catalogue.c:358: cyclotomic_vectors: check failed: fmpz_equal(out,st==0 ? want : (alias ? old : want))
FAIL tests/test_catalogue.c:356: cyclotomic_vectors: check failed: cyclo_call(inverse,out,&w,x,n)==st | cyclotomic row 578
FAIL tests/test_catalogue.c:358: cyclotomic_vectors: check failed: fmpz_equal(out,st==0 ? want : (alias ? old : want))
FAIL tests/test_catalogue.c:356: cyclotomic_vectors: check failed: cyclo_call(inverse,out,&w,x,n)==st | cyclotomic row 579
FAIL tests/test_catalogue.c:358: cyclotomic_vectors: check failed: fmpz_equal(out,st==0 ? want : (alias ? old : want))
FAIL tests/test_catalogue.c:356: cyclotomic_vectors: check failed: cyclo_call(inverse,out,&w,x,n)==st | cyclotomic row 579
FAIL tests/test_catalogue.c:358: cyclotomic_vectors: check failed: fmpz_equal(out,st==0 ? want : (alias ? old : want))
FAIL tests/test_catalogue.c:356: cyclotomic_vectors: check failed: cyclo_call(inverse,out,&w,x,n)==st | cyclotomic row 580
FAIL tests/test_catalogue.c:358: cyclotomic_vectors: check failed: fmpz_equal(out,st==0 ? want : (alias ? old : want))
FAIL tests/test_catalogue.c:356: cyclotomic_vectors: check failed: cyclo_call(inverse,out,&w,x,n)==st | cyclotomic row 580
FAIL tests/test_catalogue.c:358: cyclotomic_vectors: check failed: fmpz_equal(out,st==0 ? want : (alias ? old : want))
FAIL tests/test_catalogue.c:356: cyclotomic_vectors: check failed: cyclo_call(inverse,out,&w,x,n)==st | cyclotomic row 581
FAIL tests/test_catalogue.c:358: cyclotomic_vectors: check failed: fmpz_equal(out,st==0 ? want : (alias ? old : want))
FAIL tests/test_catalogue.c:356: cyclotomic_vectors: check failed: cyclo_call(inverse,out,&w,x,n)==st | cyclotomic row 581
FAIL tests/test_catalogue.c:358: cyclotomic_vectors: check failed: fmpz_equal(out,st==0 ? want : (alias ? old : want))
FAIL tests/test_catalogue.c:356: cyclotomic_vectors: check failed: cyclo_call(inverse,out,&w,x,n)==st | cyclotomic row 586
FAIL tests/test_catalogue.c:358: cyclotomic_vectors: check failed: fmpz_equal(out,st==0 ? want : (alias ? old : want))
FAIL tests/test_catalogue.c:356: cyclotomic_vectors: check failed: cyclo_call(inverse,out,&w,x,n)==st | cyclotomic row 586
FAIL tests/test_catalogue.c:358: cyclotomic_vectors: check failed: fmpz_equal(out,st==0 ? want : (alias ? old : want))
FAIL tests/test_catalogue.c:356: cyclotomic_vectors: check failed: cyclo_call(inverse,out,&w,x,n)==st | cyclotomic row 587
FAIL tests/test_catalogue.c:358: cyclotomic_vectors: check failed: fmpz_equal(out,st==0 ? want : (alias ? old : want))
FAIL tests/test_catalogue.c:356: cyclotomic_vectors: check failed: cyclo_call(inverse,out,&w,x,n)==st | cyclotomic row 587
FAIL tests/test_catalogue.c:358: cyclotomic_vectors: check failed: fmpz_equal(out,st==0 ? want : (alias ? old : want))
FAIL tests/test_catalogue.c:356: cyclotomic_vectors: check failed: cyclo_call(inverse,out,&w,x,n)==st | cyclotomic row 624
FAIL tests/test_catalogue.c:358: cyclotomic_vectors: check failed: fmpz_equal(out,st==0 ? want : (alias ? old : want))
FAIL tests/test_catalogue.c:356: cyclotomic_vectors: check failed: cyclo_call(inverse,out,&w,x,n)==st | cyclotomic row 624
FAIL tests/test_catalogue.c:358: cyclotomic_vectors: check failed: fmpz_equal(out,st==0 ? want : (alias ? old : want))
FAIL tests/test_catalogue.c:356: cyclotomic_vectors: check failed: cyclo_call(inverse,out,&w,x,n)==st | cyclotomic row 625
FAIL tests/test_catalogue.c:358: cyclotomic_vectors: check failed: fmpz_equal(out,st==0 ? want : (alias ? old : want))
FAIL tests/test_catalogue.c:356: cyclotomic_vectors: check failed: cyclo_call(inverse,out,&w,x,n)==st | cyclotomic row 625
FAIL tests/test_catalogue.c:358: cyclotomic_vectors: check failed: fmpz_equal(out,st==0 ? want : (alias ? old : want))
FAIL tests/test_catalogue.c:356: cyclotomic_vectors: check failed: cyclo_call(inverse,out,&w,x,n)==st | cyclotomic row 626
FAIL tests/test_catalogue.c:358: cyclotomic_vectors: check failed: fmpz_equal(out,st==0 ? want : (alias ? old : want))
FAIL tests/test_catalogue.c:356: cyclotomic_vectors: check failed: cyclo_call(inverse,out,&w,x,n)==st | cyclotomic row 626
FAIL tests/test_catalogue.c:358: cyclotomic_vectors: check failed: fmpz_equal(out,st==0 ? want : (alias ? old : want))
FAIL tests/test_catalogue.c:356: cyclotomic_vectors: check failed: cyclo_call(inverse,out,&w,x,n)==st | cyclotomic row 627
FAIL tests/test_catalogue.c:358: cyclotomic_vectors: check failed: fmpz_equal(out,st==0 ? want : (alias ? old : want))
FAIL tests/test_catalogue.c:356: cyclotomic_vectors: check failed: cyclo_call(inverse,out,&w,x,n)==st | cyclotomic row 627
FAIL tests/test_catalogue.c:358: cyclotomic_vectors: check failed: fmpz_equal(out,st==0 ? want : (alias ? old : want))
FAIL tests/test_catalogue.c:356: cyclotomic_vectors: check failed: cyclo_call(inverse,out,&w,x,n)==st | cyclotomic row 628
FAIL tests/test_catalogue.c:358: cyclotomic_vectors: check failed: fmpz_equal(out,st==0 ? want : (alias ? old : want))
FAIL tests/test_catalogue.c:356: cyclotomic_vectors: check failed: cyclo_call(inverse,out,&w,x,n)==st | cyclotomic row 628
FAIL tests/test_catalogue.c:358: cyclotomic_vectors: check failed: fmpz_equal(out,st==0 ? want : (alias ? old : want))
FAIL tests/test_catalogue.c:356: cyclotomic_vectors: check failed: cyclo_call(inverse,out,&w,x,n)==st | cyclotomic row 629
FAIL tests/test_catalogue.c:358: cyclotomic_vectors: check failed: fmpz_equal(out,st==0 ? want : (alias ? old : want))
FAIL tests/test_catalogue.c:356: cyclotomic_vectors: check failed: cyclo_call(inverse,out,&w,x,n)==st | cyclotomic row 629
FAIL tests/test_catalogue.c:358: cyclotomic_vectors: check failed: fmpz_equal(out,st==0 ? want : (alias ? old : want))
FAIL tests/test_catalogue.c:356: cyclotomic_vectors: check failed: cyclo_call(inverse,out,&w,x,n)==st | cyclotomic row 634
FAIL tests/test_catalogue.c:358: cyclotomic_vectors: check failed: fmpz_equal(out,st==0 ? want : (alias ? old : want))
FAIL tests/test_catalogue.c:356: cyclotomic_vectors: check failed: cyclo_call(inverse,out,&w,x,n)==st | cyclotomic row 634
FAIL tests/test_catalogue.c:358: cyclotomic_vectors: check failed: fmpz_equal(out,st==0 ? want : (alias ? old : want))
FAIL tests/test_catalogue.c:356: cyclotomic_vectors: check failed: cyclo_call(inverse,out,&w,x,n)==st | cyclotomic row 635
FAIL tests/test_catalogue.c:358: cyclotomic_vectors: check failed: fmpz_equal(out,st==0 ? want : (alias ? old : want))
FAIL tests/test_catalogue.c:356: cyclotomic_vectors: check failed: cyclo_call(inverse,out,&w,x,n)==st | cyclotomic row 635
FAIL tests/test_catalogue.c:358: cyclotomic_vectors: check failed: fmpz_equal(out,st==0 ? want : (alias ? old : want))
FAIL tests/test_catalogue.c:356: cyclotomic_vectors: check failed: cyclo_call(inverse,out,&w,x,n)==st | cyclotomic row 672
FAIL tests/test_catalogue.c:358: cyclotomic_vectors: check failed: fmpz_equal(out,st==0 ? want : (alias ? old : want))
FAIL tests/test_catalogue.c:356: cyclotomic_vectors: check failed: cyclo_call(inverse,out,&w,x,n)==st | cyclotomic row 672
FAIL tests/test_catalogue.c:358: cyclotomic_vectors: check failed: fmpz_equal(out,st==0 ? want : (alias ? old : want))
FAIL tests/test_catalogue.c:356: cyclotomic_vectors: check failed: cyclo_call(inverse,out,&w,x,n)==st | cyclotomic row 673
FAIL tests/test_catalogue.c:358: cyclotomic_vectors: check failed: fmpz_equal(out,st==0 ? want : (alias ? old : want))
FAIL tests/test_catalogue.c:356: cyclotomic_vectors: check failed: cyclo_call(inverse,out,&w,x,n)==st | cyclotomic row 673
FAIL tests/test_catalogue.c:358: cyclotomic_vectors: check failed: fmpz_equal(out,st==0 ? want : (alias ? old : want))
FAIL tests/test_catalogue.c:356: cyclotomic_vectors: check failed: cyclo_call(inverse,out,&w,x,n)==st | cyclotomic row 674
FAIL tests/test_catalogue.c:358: cyclotomic_vectors: check failed: fmpz_equal(out,st==0 ? want : (alias ? old : want))
FAIL tests/test_catalogue.c:356: cyclotomic_vectors: check failed: cyclo_call(inverse,out,&w,x,n)==st | cyclotomic row 674
FAIL tests/test_catalogue.c:358: cyclotomic_vectors: check failed: fmpz_equal(out,st==0 ? want : (alias ? old : want))
FAIL tests/test_catalogue.c:356: cyclotomic_vectors: check failed: cyclo_call(inverse,out,&w,x,n)==st | cyclotomic row 675
FAIL tests/test_catalogue.c:358: cyclotomic_vectors: check failed: fmpz_equal(out,st==0 ? want : (alias ? old : want))
FAIL tests/test_catalogue.c:356: cyclotomic_vectors: check failed: cyclo_call(inverse,out,&w,x,n)==st | cyclotomic row 675
FAIL tests/test_catalogue.c:358: cyclotomic_vectors: check failed: fmpz_equal(out,st==0 ? want : (alias ? old : want))
FAIL tests/test_catalogue.c:356: cyclotomic_vectors: check failed: cyclo_call(inverse,out,&w,x,n)==st | cyclotomic row 684
FAIL tests/test_catalogue.c:358: cyclotomic_vectors: check failed: fmpz_equal(out,st==0 ? want : (alias ? old : want))
FAIL tests/test_catalogue.c:356: cyclotomic_vectors: check failed: cyclo_call(inverse,out,&w,x,n)==st | cyclotomic row 684
FAIL tests/test_catalogue.c:358: cyclotomic_vectors: check failed: fmpz_equal(out,st==0 ? want : (alias ? old : want))
FAIL tests/test_catalogue.c:356: cyclotomic_vectors: check failed: cyclo_call(inverse,out,&w,x,n)==st | cyclotomic row 685
FAIL tests/test_catalogue.c:358: cyclotomic_vectors: check failed: fmpz_equal(out,st==0 ? want : (alias ? old : want))
FAIL tests/test_catalogue.c:356: cyclotomic_vectors: check failed: cyclo_call(inverse,out,&w,x,n)==st | cyclotomic row 685
FAIL tests/test_catalogue.c:358: cyclotomic_vectors: check failed: fmpz_equal(out,st==0 ? want : (alias ? old : want))
FAIL tests/test_catalogue.c:356: cyclotomic_vectors: check failed: cyclo_call(inverse,out,&w,x,n)==st | cyclotomic row 698
FAIL tests/test_catalogue.c:358: cyclotomic_vectors: check failed: fmpz_equal(out,st==0 ? want : (alias ? old : want))
FAIL tests/test_catalogue.c:356: cyclotomic_vectors: check failed: cyclo_call(inverse,out,&w,x,n)==st | cyclotomic row 698
FAIL tests/test_catalogue.c:358: cyclotomic_vectors: check failed: fmpz_equal(out,st==0 ? want : (alias ? old : want))
FAIL tests/test_catalogue.c:356: cyclotomic_vectors: check failed: cyclo_call(inverse,out,&w,x,n)==st | cyclotomic row 699
FAIL tests/test_catalogue.c:358: cyclotomic_vectors: check failed: fmpz_equal(out,st==0 ? want : (alias ? old : want))
FAIL tests/test_catalogue.c:356: cyclotomic_vectors: check failed: cyclo_call(inverse,out,&w,x,n)==st | cyclotomic row 699
FAIL tests/test_catalogue.c:358: cyclotomic_vectors: check failed: fmpz_equal(out,st==0 ? want : (alias ? old : want))
FAIL tests/test_catalogue.c:356: cyclotomic_vectors: check failed: cyclo_call(inverse,out,&w,x,n)==st | cyclotomic row 720
FAIL tests/test_catalogue.c:358: cyclotomic_vectors: check failed: fmpz_equal(out,st==0 ? want : (alias ? old : want))
FAIL tests/test_catalogue.c:356: cyclotomic_vectors: check failed: cyclo_call(inverse,out,&w,x,n)==st | cyclotomic row 720
FAIL tests/test_catalogue.c:358: cyclotomic_vectors: check failed: fmpz_equal(out,st==0 ? want : (alias ? old : want))
FAIL tests/test_catalogue.c:356: cyclotomic_vectors: check failed: cyclo_call(inverse,out,&w,x,n)==st | cyclotomic row 721
FAIL tests/test_catalogue.c:358: cyclotomic_vectors: check failed: fmpz_equal(out,st==0 ? want : (alias ? old : want))
FAIL tests/test_catalogue.c:356: cyclotomic_vectors: check failed: cyclo_call(inverse,out,&w,x,n)==st | cyclotomic row 721
FAIL tests/test_catalogue.c:358: cyclotomic_vectors: check failed: fmpz_equal(out,st==0 ? want : (alias ? old : want))
FAIL tests/test_catalogue.c:356: cyclotomic_vectors: check failed: cyclo_call(inverse,out,&w,x,n)==st | cyclotomic row 722
FAIL tests/test_catalogue.c:358: cyclotomic_vectors: check failed: fmpz_equal(out,st==0 ? want : (alias ? old : want))
FAIL tests/test_catalogue.c:356: cyclotomic_vectors: check failed: cyclo_call(inverse,out,&w,x,n)==st | cyclotomic row 722
FAIL tests/test_catalogue.c:358: cyclotomic_vectors: check failed: fmpz_equal(out,st==0 ? want : (alias ? old : want))
FAIL tests/test_catalogue.c:356: cyclotomic_vectors: check failed: cyclo_call(inverse,out,&w,x,n)==st | cyclotomic row 723
FAIL tests/test_catalogue.c:358: cyclotomic_vectors: check failed: fmpz_equal(out,st==0 ? want : (alias ? old : want))
FAIL tests/test_catalogue.c:356: cyclotomic_vectors: check failed: cyclo_call(inverse,out,&w,x,n)==st | cyclotomic row 723
FAIL tests/test_catalogue.c:358: cyclotomic_vectors: check failed: fmpz_equal(out,st==0 ? want : (alias ? old : want))
FAIL tests/test_catalogue.c:356: cyclotomic_vectors: check failed: cyclo_call(inverse,out,&w,x,n)==st | cyclotomic row 732
FAIL tests/test_catalogue.c:358: cyclotomic_vectors: check failed: fmpz_equal(out,st==0 ? want : (alias ? old : want))
FAIL tests/test_catalogue.c:356: cyclotomic_vectors: check failed: cyclo_call(inverse,out,&w,x,n)==st | cyclotomic row 732
FAIL tests/test_catalogue.c:358: cyclotomic_vectors: check failed: fmpz_equal(out,st==0 ? want : (alias ? old : want))
FAIL tests/test_catalogue.c:356: cyclotomic_vectors: check failed: cyclo_call(inverse,out,&w,x,n)==st | cyclotomic row 733
FAIL tests/test_catalogue.c:358: cyclotomic_vectors: check failed: fmpz_equal(out,st==0 ? want : (alias ? old : want))
FAIL tests/test_catalogue.c:356: cyclotomic_vectors: check failed: cyclo_call(inverse,out,&w,x,n)==st | cyclotomic row 733
FAIL tests/test_catalogue.c:358: cyclotomic_vectors: check failed: fmpz_equal(out,st==0 ? want : (alias ? old : want))
FAIL tests/test_catalogue.c:356: cyclotomic_vectors: check failed: cyclo_call(inverse,out,&w,x,n)==st | cyclotomic row 746
FAIL tests/test_catalogue.c:358: cyclotomic_vectors: check failed: fmpz_equal(out,st==0 ? want : (alias ? old : want))
FAIL tests/test_catalogue.c:356: cyclotomic_vectors: check failed: cyclo_call(inverse,out,&w,x,n)==st | cyclotomic row 746
FAIL tests/test_catalogue.c:358: cyclotomic_vectors: check failed: fmpz_equal(out,st==0 ? want : (alias ? old : want))
FAIL tests/test_catalogue.c:356: cyclotomic_vectors: check failed: cyclo_call(inverse,out,&w,x,n)==st | cyclotomic row 747
FAIL tests/test_catalogue.c:358: cyclotomic_vectors: check failed: fmpz_equal(out,st==0 ? want : (alias ? old : want))
FAIL tests/test_catalogue.c:356: cyclotomic_vectors: check failed: cyclo_call(inverse,out,&w,x,n)==st | cyclotomic row 747
FAIL tests/test_catalogue.c:358: cyclotomic_vectors: check failed: fmpz_equal(out,st==0 ? want : (alias ? old : want))
FAIL tests/test_catalogue.c:356: cyclotomic_vectors: check failed: cyclo_call(inverse,out,&w,x,n)==st | cyclotomic row 768
FAIL tests/test_catalogue.c:358: cyclotomic_vectors: check failed: fmpz_equal(out,st==0 ? want : (alias ? old : want))
FAIL tests/test_catalogue.c:356: cyclotomic_vectors: check failed: cyclo_call(inverse,out,&w,x,n)==st | cyclotomic row 768
FAIL tests/test_catalogue.c:358: cyclotomic_vectors: check failed: fmpz_equal(out,st==0 ? want : (alias ? old : want))
FAIL tests/test_catalogue.c:356: cyclotomic_vectors: check failed: cyclo_call(inverse,out,&w,x,n)==st | cyclotomic row 769
FAIL tests/test_catalogue.c:358: cyclotomic_vectors: check failed: fmpz_equal(out,st==0 ? want : (alias ? old : want))
FAIL tests/test_catalogue.c:356: cyclotomic_vectors: check failed: cyclo_call(inverse,out,&w,x,n)==st | cyclotomic row 769
FAIL tests/test_catalogue.c:358: cyclotomic_vectors: check failed: fmpz_equal(out,st==0 ? want : (alias ? old : want))
FAIL tests/test_catalogue.c:356: cyclotomic_vectors: check failed: cyclo_call(inverse,out,&w,x,n)==st | cyclotomic row 770
FAIL tests/test_catalogue.c:358: cyclotomic_vectors: check failed: fmpz_equal(out,st==0 ? want : (alias ? old : want))
FAIL tests/test_catalogue.c:356: cyclotomic_vectors: check failed: cyclo_call(inverse,out,&w,x,n)==st | cyclotomic row 770
FAIL tests/test_catalogue.c:358: cyclotomic_vectors: check failed: fmpz_equal(out,st==0 ? want : (alias ? old : want))
FAIL tests/test_catalogue.c:356: cyclotomic_vectors: check failed: cyclo_call(inverse,out,&w,x,n)==st | cyclotomic row 771
FAIL tests/test_catalogue.c:358: cyclotomic_vectors: check failed: fmpz_equal(out,st==0 ? want : (alias ? old : want))
FAIL tests/test_catalogue.c:356: cyclotomic_vectors: check failed: cyclo_call(inverse,out,&w,x,n)==st | cyclotomic row 771
FAIL tests/test_catalogue.c:358: cyclotomic_vectors: check failed: fmpz_equal(out,st==0 ? want : (alias ? old : want))
FAIL tests/test_catalogue.c:356: cyclotomic_vectors: check failed: cyclo_call(inverse,out,&w,x,n)==st | cyclotomic row 780
FAIL tests/test_catalogue.c:358: cyclotomic_vectors: check failed: fmpz_equal(out,st==0 ? want : (alias ? old : want))
FAIL tests/test_catalogue.c:356: cyclotomic_vectors: check failed: cyclo_call(inverse,out,&w,x,n)==st | cyclotomic row 780
FAIL tests/test_catalogue.c:358: cyclotomic_vectors: check failed: fmpz_equal(out,st==0 ? want : (alias ? old : want))
FAIL tests/test_catalogue.c:356: cyclotomic_vectors: check failed: cyclo_call(inverse,out,&w,x,n)==st | cyclotomic row 781
FAIL tests/test_catalogue.c:358: cyclotomic_vectors: check failed: fmpz_equal(out,st==0 ? want : (alias ? old : want))
FAIL tests/test_catalogue.c:356: cyclotomic_vectors: check failed: cyclo_call(inverse,out,&w,x,n)==st | cyclotomic row 781
FAIL tests/test_catalogue.c:358: cyclotomic_vectors: check failed: fmpz_equal(out,st==0 ? want : (alias ? old : want))
FAIL tests/test_catalogue.c:356: cyclotomic_vectors: check failed: cyclo_call(inverse,out,&w,x,n)==st | cyclotomic row 794
FAIL tests/test_catalogue.c:358: cyclotomic_vectors: check failed: fmpz_equal(out,st==0 ? want : (alias ? old : want))
FAIL tests/test_catalogue.c:356: cyclotomic_vectors: check failed: cyclo_call(inverse,out,&w,x,n)==st | cyclotomic row 794
FAIL tests/test_catalogue.c:358: cyclotomic_vectors: check failed: fmpz_equal(out,st==0 ? want : (alias ? old : want))
FAIL tests/test_catalogue.c:356: cyclotomic_vectors: check failed: cyclo_call(inverse,out,&w,x,n)==st | cyclotomic row 795
FAIL tests/test_catalogue.c:358: cyclotomic_vectors: check failed: fmpz_equal(out,st==0 ? want : (alias ? old : want))
FAIL tests/test_catalogue.c:356: cyclotomic_vectors: check failed: cyclo_call(inverse,out,&w,x,n)==st | cyclotomic row 795
FAIL tests/test_catalogue.c:358: cyclotomic_vectors: check failed: fmpz_equal(out,st==0 ? want : (alias ? old : want))
FAIL tests/test_catalogue.c:356: cyclotomic_vectors: check failed: cyclo_call(inverse,out,&w,x,n)==st | cyclotomic row 816
FAIL tests/test_catalogue.c:358: cyclotomic_vectors: check failed: fmpz_equal(out,st==0 ? want : (alias ? old : want))
FAIL tests/test_catalogue.c:356: cyclotomic_vectors: check failed: cyclo_call(inverse,out,&w,x,n)==st | cyclotomic row 816
FAIL tests/test_catalogue.c:358: cyclotomic_vectors: check failed: fmpz_equal(out,st==0 ? want : (alias ? old : want))
FAIL tests/test_catalogue.c:356: cyclotomic_vectors: check failed: cyclo_call(inverse,out,&w,x,n)==st | cyclotomic row 817
FAIL tests/test_catalogue.c:358: cyclotomic_vectors: check failed: fmpz_equal(out,st==0 ? want : (alias ? old : want))
FAIL tests/test_catalogue.c:356: cyclotomic_vectors: check failed: cyclo_call(inverse,out,&w,x,n)==st | cyclotomic row 817
FAIL tests/test_catalogue.c:358: cyclotomic_vectors: check failed: fmpz_equal(out,st==0 ? want : (alias ? old : want))
FAIL tests/test_catalogue.c:356: cyclotomic_vectors: check failed: cyclo_call(inverse,out,&w,x,n)==st | cyclotomic row 818
FAIL tests/test_catalogue.c:358: cyclotomic_vectors: check failed: fmpz_equal(out,st==0 ? want : (alias ? old : want))
FAIL tests/test_catalogue.c:356: cyclotomic_vectors: check failed: cyclo_call(inverse,out,&w,x,n)==st | cyclotomic row 818
FAIL tests/test_catalogue.c:358: cyclotomic_vectors: check failed: fmpz_equal(out,st==0 ? want : (alias ? old : want))
FAIL tests/test_catalogue.c:356: cyclotomic_vectors: check failed: cyclo_call(inverse,out,&w,x,n)==st | cyclotomic row 819
FAIL tests/test_catalogue.c:358: cyclotomic_vectors: check failed: fmpz_equal(out,st==0 ? want : (alias ? old : want))
FAIL tests/test_catalogue.c:356: cyclotomic_vectors: check failed: cyclo_call(inverse,out,&w,x,n)==st | cyclotomic row 819
FAIL tests/test_catalogue.c:358: cyclotomic_vectors: check failed: fmpz_equal(out,st==0 ? want : (alias ? old : want))
FAIL tests/test_catalogue.c:356: cyclotomic_vectors: check failed: cyclo_call(inverse,out,&w,x,n)==st | cyclotomic row 828
FAIL tests/test_catalogue.c:358: cyclotomic_vectors: check failed: fmpz_equal(out,st==0 ? want : (alias ? old : want))
FAIL tests/test_catalogue.c:356: cyclotomic_vectors: check failed: cyclo_call(inverse,out,&w,x,n)==st | cyclotomic row 828
FAIL tests/test_catalogue.c:358: cyclotomic_vectors: check failed: fmpz_equal(out,st==0 ? want : (alias ? old : want))
FAIL tests/test_catalogue.c:356: cyclotomic_vectors: check failed: cyclo_call(inverse,out,&w,x,n)==st | cyclotomic row 829
FAIL tests/test_catalogue.c:358: cyclotomic_vectors: check failed: fmpz_equal(out,st==0 ? want : (alias ? old : want))
FAIL tests/test_catalogue.c:356: cyclotomic_vectors: check failed: cyclo_call(inverse,out,&w,x,n)==st | cyclotomic row 829
FAIL tests/test_catalogue.c:358: cyclotomic_vectors: check failed: fmpz_equal(out,st==0 ? want : (alias ? old : want))
FAIL tests/test_catalogue.c:356: cyclotomic_vectors: check failed: cyclo_call(inverse,out,&w,x,n)==st | cyclotomic row 842
FAIL tests/test_catalogue.c:358: cyclotomic_vectors: check failed: fmpz_equal(out,st==0 ? want : (alias ? old : want))
FAIL tests/test_catalogue.c:356: cyclotomic_vectors: check failed: cyclo_call(inverse,out,&w,x,n)==st | cyclotomic row 842
FAIL tests/test_catalogue.c:358: cyclotomic_vectors: check failed: fmpz_equal(out,st==0 ? want : (alias ? old : want))
FAIL tests/test_catalogue.c:356: cyclotomic_vectors: check failed: cyclo_call(inverse,out,&w,x,n)==st | cyclotomic row 843
FAIL tests/test_catalogue.c:358: cyclotomic_vectors: check failed: fmpz_equal(out,st==0 ? want : (alias ? old : want))
FAIL tests/test_catalogue.c:356: cyclotomic_vectors: check failed: cyclo_call(inverse,out,&w,x,n)==st | cyclotomic row 843
FAIL tests/test_catalogue.c:358: cyclotomic_vectors: check failed: fmpz_equal(out,st==0 ? want : (alias ? old : want))
FAIL tests/test_catalogue.c:356: cyclotomic_vectors: check failed: cyclo_call(inverse,out,&w,x,n)==st | cyclotomic row 864
FAIL tests/test_catalogue.c:358: cyclotomic_vectors: check failed: fmpz_equal(out,st==0 ? want : (alias ? old : want))
FAIL tests/test_catalogue.c:356: cyclotomic_vectors: check failed: cyclo_call(inverse,out,&w,x,n)==st | cyclotomic row 864
FAIL tests/test_catalogue.c:358: cyclotomic_vectors: check failed: fmpz_equal(out,st==0 ? want : (alias ? old : want))
FAIL tests/test_catalogue.c:356: cyclotomic_vectors: check failed: cyclo_call(inverse,out,&w,x,n)==st | cyclotomic row 865
FAIL tests/test_catalogue.c:358: cyclotomic_vectors: check failed: fmpz_equal(out,st==0 ? want : (alias ? old : want))
FAIL tests/test_catalogue.c:356: cyclotomic_vectors: check failed: cyclo_call(inverse,out,&w,x,n)==st | cyclotomic row 865
FAIL tests/test_catalogue.c:358: cyclotomic_vectors: check failed: fmpz_equal(out,st==0 ? want : (alias ? old : want))
FAIL tests/test_catalogue.c:356: cyclotomic_vectors: check failed: cyclo_call(inverse,out,&w,x,n)==st | cyclotomic row 866
FAIL tests/test_catalogue.c:358: cyclotomic_vectors: check failed: fmpz_equal(out,st==0 ? want : (alias ? old : want))
FAIL tests/test_catalogue.c:356: cyclotomic_vectors: check failed: cyclo_call(inverse,out,&w,x,n)==st | cyclotomic row 866
FAIL tests/test_catalogue.c:358: cyclotomic_vectors: check failed: fmpz_equal(out,st==0 ? want : (alias ? old : want))
FAIL tests/test_catalogue.c:356: cyclotomic_vectors: check failed: cyclo_call(inverse,out,&w,x,n)==st | cyclotomic row 867
FAIL tests/test_catalogue.c:358: cyclotomic_vectors: check failed: fmpz_equal(out,st==0 ? want : (alias ? old : want))
FAIL tests/test_catalogue.c:356: cyclotomic_vectors: check failed: cyclo_call(inverse,out,&w,x,n)==st | cyclotomic row 867
FAIL tests/test_catalogue.c:358: cyclotomic_vectors: check failed: fmpz_equal(out,st==0 ? want : (alias ? old : want))
FAIL tests/test_catalogue.c:356: cyclotomic_vectors: check failed: cyclo_call(inverse,out,&w,x,n)==st | cyclotomic row 876
FAIL tests/test_catalogue.c:358: cyclotomic_vectors: check failed: fmpz_equal(out,st==0 ? want : (alias ? old : want))
FAIL tests/test_catalogue.c:356: cyclotomic_vectors: check failed: cyclo_call(inverse,out,&w,x,n)==st | cyclotomic row 876
FAIL tests/test_catalogue.c:358: cyclotomic_vectors: check failed: fmpz_equal(out,st==0 ? want : (alias ? old : want))
FAIL tests/test_catalogue.c:356: cyclotomic_vectors: check failed: cyclo_call(inverse,out,&w,x,n)==st | cyclotomic row 877
FAIL tests/test_catalogue.c:358: cyclotomic_vectors: check failed: fmpz_equal(out,st==0 ? want : (alias ? old : want))
FAIL tests/test_catalogue.c:356: cyclotomic_vectors: check failed: cyclo_call(inverse,out,&w,x,n)==st | cyclotomic row 877
FAIL tests/test_catalogue.c:358: cyclotomic_vectors: check failed: fmpz_equal(out,st==0 ? want : (alias ? old : want))
FAIL tests/test_catalogue.c:356: cyclotomic_vectors: check failed: cyclo_call(inverse,out,&w,x,n)==st | cyclotomic row 890
FAIL tests/test_catalogue.c:358: cyclotomic_vectors: check failed: fmpz_equal(out,st==0 ? want : (alias ? old : want))
FAIL tests/test_catalogue.c:356: cyclotomic_vectors: check failed: cyclo_call(inverse,out,&w,x,n)==st | cyclotomic row 890
FAIL tests/test_catalogue.c:358: cyclotomic_vectors: check failed: fmpz_equal(out,st==0 ? want : (alias ? old : want))
FAIL tests/test_catalogue.c:356: cyclotomic_vectors: check failed: cyclo_call(inverse,out,&w,x,n)==st | cyclotomic row 891
FAIL tests/test_catalogue.c:358: cyclotomic_vectors: check failed: fmpz_equal(out,st==0 ? want : (alias ? old : want))
FAIL tests/test_catalogue.c:356: cyclotomic_vectors: check failed: cyclo_call(inverse,out,&w,x,n)==st | cyclotomic row 891
FAIL tests/test_catalogue.c:358: cyclotomic_vectors: check failed: fmpz_equal(out,st==0 ? want : (alias ? old : want))
FAIL tests/test_catalogue.c:356: cyclotomic_vectors: check failed: cyclo_call(inverse,out,&w,x,n)==st | cyclotomic row 912
FAIL tests/test_catalogue.c:358: cyclotomic_vectors: check failed: fmpz_equal(out,st==0 ? want : (alias ? old : want))
FAIL tests/test_catalogue.c:356: cyclotomic_vectors: check failed: cyclo_call(inverse,out,&w,x,n)==st | cyclotomic row 912
FAIL tests/test_catalogue.c:358: cyclotomic_vectors: check failed: fmpz_equal(out,st==0 ? want : (alias ? old : want))
FAIL tests/test_catalogue.c:356: cyclotomic_vectors: check failed: cyclo_call(inverse,out,&w,x,n)==st | cyclotomic row 913
FAIL tests/test_catalogue.c:358: cyclotomic_vectors: check failed: fmpz_equal(out,st==0 ? want : (alias ? old : want))
FAIL tests/test_catalogue.c:356: cyclotomic_vectors: check failed: cyclo_call(inverse,out,&w,x,n)==st | cyclotomic row 913
FAIL tests/test_catalogue.c:358: cyclotomic_vectors: check failed: fmpz_equal(out,st==0 ? want : (alias ? old : want))
FAIL tests/test_catalogue.c:356: cyclotomic_vectors: check failed: cyclo_call(inverse,out,&w,x,n)==st | cyclotomic row 914
FAIL tests/test_catalogue.c:358: cyclotomic_vectors: check failed: fmpz_equal(out,st==0 ? want : (alias ? old : want))
FAIL tests/test_catalogue.c:356: cyclotomic_vectors: check failed: cyclo_call(inverse,out,&w,x,n)==st | cyclotomic row 914
FAIL tests/test_catalogue.c:358: cyclotomic_vectors: check failed: fmpz_equal(out,st==0 ? want : (alias ? old : want))
FAIL tests/test_catalogue.c:356: cyclotomic_vectors: check failed: cyclo_call(inverse,out,&w,x,n)==st | cyclotomic row 915
FAIL tests/test_catalogue.c:358: cyclotomic_vectors: check failed: fmpz_equal(out,st==0 ? want : (alias ? old : want))
FAIL tests/test_catalogue.c:356: cyclotomic_vectors: check failed: cyclo_call(inverse,out,&w,x,n)==st | cyclotomic row 915
FAIL tests/test_catalogue.c:358: cyclotomic_vectors: check failed: fmpz_equal(out,st==0 ? want : (alias ? old : want))
FAIL tests/test_catalogue.c:356: cyclotomic_vectors: check failed: cyclo_call(inverse,out,&w,x,n)==st | cyclotomic row 924
FAIL tests/test_catalogue.c:358: cyclotomic_vectors: check failed: fmpz_equal(out,st==0 ? want : (alias ? old : want))
FAIL tests/test_catalogue.c:356: cyclotomic_vectors: check failed: cyclo_call(inverse,out,&w,x,n)==st | cyclotomic row 924
FAIL tests/test_catalogue.c:358: cyclotomic_vectors: check failed: fmpz_equal(out,st==0 ? want : (alias ? old : want))
FAIL tests/test_catalogue.c:356: cyclotomic_vectors: check failed: cyclo_call(inverse,out,&w,x,n)==st | cyclotomic row 925
FAIL tests/test_catalogue.c:358: cyclotomic_vectors: check failed: fmpz_equal(out,st==0 ? want : (alias ? old : want))
FAIL tests/test_catalogue.c:356: cyclotomic_vectors: check failed: cyclo_call(inverse,out,&w,x,n)==st | cyclotomic row 925
FAIL tests/test_catalogue.c:358: cyclotomic_vectors: check failed: fmpz_equal(out,st==0 ? want : (alias ? old : want))
FAIL tests/test_catalogue.c:356: cyclotomic_vectors: check failed: cyclo_call(inverse,out,&w,x,n)==st | cyclotomic row 938
FAIL tests/test_catalogue.c:358: cyclotomic_vectors: check failed: fmpz_equal(out,st==0 ? want : (alias ? old : want))
FAIL tests/test_catalogue.c:356: cyclotomic_vectors: check failed: cyclo_call(inverse,out,&w,x,n)==st | cyclotomic row 938
FAIL tests/test_catalogue.c:358: cyclotomic_vectors: check failed: fmpz_equal(out,st==0 ? want : (alias ? old : want))
FAIL tests/test_catalogue.c:356: cyclotomic_vectors: check failed: cyclo_call(inverse,out,&w,x,n)==st | cyclotomic row 939
FAIL tests/test_catalogue.c:358: cyclotomic_vectors: check failed: fmpz_equal(out,st==0 ? want : (alias ? old : want))
FAIL tests/test_catalogue.c:356: cyclotomic_vectors: check failed: cyclo_call(inverse,out,&w,x,n)==st | cyclotomic row 939
FAIL tests/test_catalogue.c:358: cyclotomic_vectors: check failed: fmpz_equal(out,st==0 ? want : (alias ? old : want))
FAIL tests/test_catalogue.c:356: cyclotomic_vectors: check failed: cyclo_call(inverse,out,&w,x,n)==st | cyclotomic row 960
FAIL tests/test_catalogue.c:358: cyclotomic_vectors: check failed: fmpz_equal(out,st==0 ? want : (alias ? old : want))
FAIL tests/test_catalogue.c:356: cyclotomic_vectors: check failed: cyclo_call(inverse,out,&w,x,n)==st | cyclotomic row 960
FAIL tests/test_catalogue.c:358: cyclotomic_vectors: check failed: fmpz_equal(out,st==0 ? want : (alias ? old : want))
FAIL tests/test_catalogue.c:356: cyclotomic_vectors: check failed: cyclo_call(inverse,out,&w,x,n)==st | cyclotomic row 961
FAIL tests/test_catalogue.c:358: cyclotomic_vectors: check failed: fmpz_equal(out,st==0 ? want : (alias ? old : want))
FAIL tests/test_catalogue.c:356: cyclotomic_vectors: check failed: cyclo_call(inverse,out,&w,x,n)==st | cyclotomic row 961
FAIL tests/test_catalogue.c:358: cyclotomic_vectors: check failed: fmpz_equal(out,st==0 ? want : (alias ? old : want))
FAIL tests/test_catalogue.c:356: cyclotomic_vectors: check failed: cyclo_call(inverse,out,&w,x,n)==st | cyclotomic row 962
FAIL tests/test_catalogue.c:358: cyclotomic_vectors: check failed: fmpz_equal(out,st==0 ? want : (alias ? old : want))
FAIL tests/test_catalogue.c:356: cyclotomic_vectors: check failed: cyclo_call(inverse,out,&w,x,n)==st | cyclotomic row 962
FAIL tests/test_catalogue.c:358: cyclotomic_vectors: check failed: fmpz_equal(out,st==0 ? want : (alias ? old : want))
FAIL tests/test_catalogue.c:356: cyclotomic_vectors: check failed: cyclo_call(inverse,out,&w,x,n)==st | cyclotomic row 963
FAIL tests/test_catalogue.c:358: cyclotomic_vectors: check failed: fmpz_equal(out,st==0 ? want : (alias ? old : want))
FAIL tests/test_catalogue.c:356: cyclotomic_vectors: check failed: cyclo_call(inverse,out,&w,x,n)==st | cyclotomic row 963
FAIL tests/test_catalogue.c:358: cyclotomic_vectors: check failed: fmpz_equal(out,st==0 ? want : (alias ? old : want))
FAIL tests/test_catalogue.c:356: cyclotomic_vectors: check failed: cyclo_call(inverse,out,&w,x,n)==st | cyclotomic row 966
FAIL tests/test_catalogue.c:358: cyclotomic_vectors: check failed: fmpz_equal(out,st==0 ? want : (alias ? old : want))
FAIL tests/test_catalogue.c:356: cyclotomic_vectors: check failed: cyclo_call(inverse,out,&w,x,n)==st | cyclotomic row 966
FAIL tests/test_catalogue.c:358: cyclotomic_vectors: check failed: fmpz_equal(out,st==0 ? want : (alias ? old : want))
FAIL tests/test_catalogue.c:356: cyclotomic_vectors: check failed: cyclo_call(inverse,out,&w,x,n)==st | cyclotomic row 967
FAIL tests/test_catalogue.c:358: cyclotomic_vectors: check failed: fmpz_equal(out,st==0 ? want : (alias ? old : want))
FAIL tests/test_catalogue.c:356: cyclotomic_vectors: check failed: cyclo_call(inverse,out,&w,x,n)==st | cyclotomic row 967
FAIL tests/test_catalogue.c:358: cyclotomic_vectors: check failed: fmpz_equal(out,st==0 ? want : (alias ? old : want))
FAIL tests/test_catalogue.c:356: cyclotomic_vectors: check failed: cyclo_call(inverse,out,&w,x,n)==st | cyclotomic row 974
FAIL tests/test_catalogue.c:358: cyclotomic_vectors: check failed: fmpz_equal(out,st==0 ? want : (alias ? old : want))
FAIL tests/test_catalogue.c:356: cyclotomic_vectors: check failed: cyclo_call(inverse,out,&w,x,n)==st | cyclotomic row 974
FAIL tests/test_catalogue.c:358: cyclotomic_vectors: check failed: fmpz_equal(out,st==0 ? want : (alias ? old : want))
FAIL tests/test_catalogue.c:356: cyclotomic_vectors: check failed: cyclo_call(inverse,out,&w,x,n)==st | cyclotomic row 975
FAIL tests/test_catalogue.c:358: cyclotomic_vectors: check failed: fmpz_equal(out,st==0 ? want : (alias ? old : want))
FAIL tests/test_catalogue.c:356: cyclotomic_vectors: check failed: cyclo_call(inverse,out,&w,x,n)==st | cyclotomic row 975
FAIL tests/test_catalogue.c:358: cyclotomic_vectors: check failed: fmpz_equal(out,st==0 ? want : (alias ? old : want))
FAIL tests/test_catalogue.c:356: cyclotomic_vectors: check failed: cyclo_call(inverse,out,&w,x,n)==st | cyclotomic row 1008
FAIL tests/test_catalogue.c:358: cyclotomic_vectors: check failed: fmpz_equal(out,st==0 ? want : (alias ? old : want))
FAIL tests/test_catalogue.c:356: cyclotomic_vectors: check failed: cyclo_call(inverse,out,&w,x,n)==st | cyclotomic row 1008
FAIL tests/test_catalogue.c:358: cyclotomic_vectors: check failed: fmpz_equal(out,st==0 ? want : (alias ? old : want))
FAIL tests/test_catalogue.c:356: cyclotomic_vectors: check failed: cyclo_call(inverse,out,&w,x,n)==st | cyclotomic row 1009
FAIL tests/test_catalogue.c:358: cyclotomic_vectors: check failed: fmpz_equal(out,st==0 ? want : (alias ? old : want))
FAIL tests/test_catalogue.c:356: cyclotomic_vectors: check failed: cyclo_call(inverse,out,&w,x,n)==st | cyclotomic row 1009
FAIL tests/test_catalogue.c:358: cyclotomic_vectors: check failed: fmpz_equal(out,st==0 ? want : (alias ? old : want))
FAIL tests/test_catalogue.c:356: cyclotomic_vectors: check failed: cyclo_call(inverse,out,&w,x,n)==st | cyclotomic row 1010
FAIL tests/test_catalogue.c:358: cyclotomic_vectors: check failed: fmpz_equal(out,st==0 ? want : (alias ? old : want))
FAIL tests/test_catalogue.c:356: cyclotomic_vectors: check failed: cyclo_call(inverse,out,&w,x,n)==st | cyclotomic row 1010
FAIL tests/test_catalogue.c:358: cyclotomic_vectors: check failed: fmpz_equal(out,st==0 ? want : (alias ? old : want))
FAIL tests/test_catalogue.c:356: cyclotomic_vectors: check failed: cyclo_call(inverse,out,&w,x,n)==st | cyclotomic row 1011
FAIL tests/test_catalogue.c:358: cyclotomic_vectors: check failed: fmpz_equal(out,st==0 ? want : (alias ? old : want))
FAIL tests/test_catalogue.c:356: cyclotomic_vectors: check failed: cyclo_call(inverse,out,&w,x,n)==st | cyclotomic row 1011
FAIL tests/test_catalogue.c:358: cyclotomic_vectors: check failed: fmpz_equal(out,st==0 ? want : (alias ? old : want))
FAIL tests/test_catalogue.c:356: cyclotomic_vectors: check failed: cyclo_call(inverse,out,&w,x,n)==st | cyclotomic row 1014
FAIL tests/test_catalogue.c:358: cyclotomic_vectors: check failed: fmpz_equal(out,st==0 ? want : (alias ? old : want))
FAIL tests/test_catalogue.c:356: cyclotomic_vectors: check failed: cyclo_call(inverse,out,&w,x,n)==st | cyclotomic row 1014
FAIL tests/test_catalogue.c:358: cyclotomic_vectors: check failed: fmpz_equal(out,st==0 ? want : (alias ? old : want))
FAIL tests/test_catalogue.c:356: cyclotomic_vectors: check failed: cyclo_call(inverse,out,&w,x,n)==st | cyclotomic row 1015
FAIL tests/test_catalogue.c:358: cyclotomic_vectors: check failed: fmpz_equal(out,st==0 ? want : (alias ? old : want))
FAIL tests/test_catalogue.c:356: cyclotomic_vectors: check failed: cyclo_call(inverse,out,&w,x,n)==st | cyclotomic row 1015
FAIL tests/test_catalogue.c:358: cyclotomic_vectors: check failed: fmpz_equal(out,st==0 ? want : (alias ? old : want))
FAIL tests/test_catalogue.c:356: cyclotomic_vectors: check failed: cyclo_call(inverse,out,&w,x,n)==st | cyclotomic row 1022
FAIL tests/test_catalogue.c:358: cyclotomic_vectors: check failed: fmpz_equal(out,st==0 ? want : (alias ? old : want))
FAIL tests/test_catalogue.c:356: cyclotomic_vectors: check failed: cyclo_call(inverse,out,&w,x,n)==st | cyclotomic row 1022
FAIL tests/test_catalogue.c:358: cyclotomic_vectors: check failed: fmpz_equal(out,st==0 ? want : (alias ? old : want))
FAIL tests/test_catalogue.c:356: cyclotomic_vectors: check failed: cyclo_call(inverse,out,&w,x,n)==st | cyclotomic row 1023
FAIL tests/test_catalogue.c:358: cyclotomic_vectors: check failed: fmpz_equal(out,st==0 ? want : (alias ? old : want))
FAIL tests/test_catalogue.c:356: cyclotomic_vectors: check failed: cyclo_call(inverse,out,&w,x,n)==st | cyclotomic row 1023
FAIL tests/test_catalogue.c:358: cyclotomic_vectors: check failed: fmpz_equal(out,st==0 ? want : (alias ? old : want))
FAIL tests/test_catalogue.c:356: cyclotomic_vectors: check failed: cyclo_call(inverse,out,&w,x,n)==st | cyclotomic row 1056
FAIL tests/test_catalogue.c:358: cyclotomic_vectors: check failed: fmpz_equal(out,st==0 ? want : (alias ? old : want))
FAIL tests/test_catalogue.c:356: cyclotomic_vectors: check failed: cyclo_call(inverse,out,&w,x,n)==st | cyclotomic row 1056
FAIL tests/test_catalogue.c:358: cyclotomic_vectors: check failed: fmpz_equal(out,st==0 ? want : (alias ? old : want))
FAIL tests/test_catalogue.c:356: cyclotomic_vectors: check failed: cyclo_call(inverse,out,&w,x,n)==st | cyclotomic row 1057
FAIL tests/test_catalogue.c:358: cyclotomic_vectors: check failed: fmpz_equal(out,st==0 ? want : (alias ? old : want))
FAIL tests/test_catalogue.c:356: cyclotomic_vectors: check failed: cyclo_call(inverse,out,&w,x,n)==st | cyclotomic row 1057
FAIL tests/test_catalogue.c:358: cyclotomic_vectors: check failed: fmpz_equal(out,st==0 ? want : (alias ? old : want))
FAIL tests/test_catalogue.c:356: cyclotomic_vectors: check failed: cyclo_call(inverse,out,&w,x,n)==st | cyclotomic row 1058
FAIL tests/test_catalogue.c:358: cyclotomic_vectors: check failed: fmpz_equal(out,st==0 ? want : (alias ? old : want))
FAIL tests/test_catalogue.c:356: cyclotomic_vectors: check failed: cyclo_call(inverse,out,&w,x,n)==st | cyclotomic row 1058
FAIL tests/test_catalogue.c:358: cyclotomic_vectors: check failed: fmpz_equal(out,st==0 ? want : (alias ? old : want))
FAIL tests/test_catalogue.c:356: cyclotomic_vectors: check failed: cyclo_call(inverse,out,&w,x,n)==st | cyclotomic row 1059
FAIL tests/test_catalogue.c:358: cyclotomic_vectors: check failed: fmpz_equal(out,st==0 ? want : (alias ? old : want))
FAIL tests/test_catalogue.c:356: cyclotomic_vectors: check failed: cyclo_call(inverse,out,&w,x,n)==st | cyclotomic row 1059
FAIL tests/test_catalogue.c:358: cyclotomic_vectors: check failed: fmpz_equal(out,st==0 ? want : (alias ? old : want))
FAIL tests/test_catalogue.c:356: cyclotomic_vectors: check failed: cyclo_call(inverse,out,&w,x,n)==st | cyclotomic row 1062
FAIL tests/test_catalogue.c:358: cyclotomic_vectors: check failed: fmpz_equal(out,st==0 ? want : (alias ? old : want))
FAIL tests/test_catalogue.c:356: cyclotomic_vectors: check failed: cyclo_call(inverse,out,&w,x,n)==st | cyclotomic row 1062
FAIL tests/test_catalogue.c:358: cyclotomic_vectors: check failed: fmpz_equal(out,st==0 ? want : (alias ? old : want))
FAIL tests/test_catalogue.c:356: cyclotomic_vectors: check failed: cyclo_call(inverse,out,&w,x,n)==st | cyclotomic row 1063
FAIL tests/test_catalogue.c:358: cyclotomic_vectors: check failed: fmpz_equal(out,st==0 ? want : (alias ? old : want))
FAIL tests/test_catalogue.c:356: cyclotomic_vectors: check failed: cyclo_call(inverse,out,&w,x,n)==st | cyclotomic row 1063
FAIL tests/test_catalogue.c:358: cyclotomic_vectors: check failed: fmpz_equal(out,st==0 ? want : (alias ? old : want))
FAIL tests/test_catalogue.c:356: cyclotomic_vectors: check failed: cyclo_call(inverse,out,&w,x,n)==st | cyclotomic row 1070
FAIL tests/test_catalogue.c:358: cyclotomic_vectors: check failed: fmpz_equal(out,st==0 ? want : (alias ? old : want))
FAIL tests/test_catalogue.c:356: cyclotomic_vectors: check failed: cyclo_call(inverse,out,&w,x,n)==st | cyclotomic row 1070
FAIL tests/test_catalogue.c:358: cyclotomic_vectors: check failed: fmpz_equal(out,st==0 ? want : (alias ? old : want))
FAIL tests/test_catalogue.c:356: cyclotomic_vectors: check failed: cyclo_call(inverse,out,&w,x,n)==st | cyclotomic row 1071
FAIL tests/test_catalogue.c:358: cyclotomic_vectors: check failed: fmpz_equal(out,st==0 ? want : (alias ? old : want))
FAIL tests/test_catalogue.c:356: cyclotomic_vectors: check failed: cyclo_call(inverse,out,&w,x,n)==st | cyclotomic row 1071
FAIL tests/test_catalogue.c:358: cyclotomic_vectors: check failed: fmpz_equal(out,st==0 ? want : (alias ? old : want))
FAIL tests/test_catalogue.c:356: cyclotomic_vectors: check failed: cyclo_call(inverse,out,&w,x,n)==st | cyclotomic row 1104
FAIL tests/test_catalogue.c:358: cyclotomic_vectors: check failed: fmpz_equal(out,st==0 ? want : (alias ? old : want))
FAIL tests/test_catalogue.c:356: cyclotomic_vectors: check failed: cyclo_call(inverse,out,&w,x,n)==st | cyclotomic row 1104
FAIL tests/test_catalogue.c:358: cyclotomic_vectors: check failed: fmpz_equal(out,st==0 ? want : (alias ? old : want))
FAIL tests/test_catalogue.c:356: cyclotomic_vectors: check failed: cyclo_call(inverse,out,&w,x,n)==st | cyclotomic row 1105
FAIL tests/test_catalogue.c:358: cyclotomic_vectors: check failed: fmpz_equal(out,st==0 ? want : (alias ? old : want))
FAIL tests/test_catalogue.c:356: cyclotomic_vectors: check failed: cyclo_call(inverse,out,&w,x,n)==st | cyclotomic row 1105
FAIL tests/test_catalogue.c:358: cyclotomic_vectors: check failed: fmpz_equal(out,st==0 ? want : (alias ? old : want))
FAIL tests/test_catalogue.c:356: cyclotomic_vectors: check failed: cyclo_call(inverse,out,&w,x,n)==st | cyclotomic row 1106
FAIL tests/test_catalogue.c:358: cyclotomic_vectors: check failed: fmpz_equal(out,st==0 ? want : (alias ? old : want))
FAIL tests/test_catalogue.c:356: cyclotomic_vectors: check failed: cyclo_call(inverse,out,&w,x,n)==st | cyclotomic row 1106
FAIL tests/test_catalogue.c:358: cyclotomic_vectors: check failed: fmpz_equal(out,st==0 ? want : (alias ? old : want))
FAIL tests/test_catalogue.c:356: cyclotomic_vectors: check failed: cyclo_call(inverse,out,&w,x,n)==st | cyclotomic row 1107
FAIL tests/test_catalogue.c:358: cyclotomic_vectors: check failed: fmpz_equal(out,st==0 ? want : (alias ? old : want))
FAIL tests/test_catalogue.c:356: cyclotomic_vectors: check failed: cyclo_call(inverse,out,&w,x,n)==st | cyclotomic row 1107
FAIL tests/test_catalogue.c:358: cyclotomic_vectors: check failed: fmpz_equal(out,st==0 ? want : (alias ? old : want))
FAIL tests/test_catalogue.c:356: cyclotomic_vectors: check failed: cyclo_call(inverse,out,&w,x,n)==st | cyclotomic row 1110
FAIL tests/test_catalogue.c:358: cyclotomic_vectors: check failed: fmpz_equal(out,st==0 ? want : (alias ? old : want))
FAIL tests/test_catalogue.c:356: cyclotomic_vectors: check failed: cyclo_call(inverse,out,&w,x,n)==st | cyclotomic row 1110
FAIL tests/test_catalogue.c:358: cyclotomic_vectors: check failed: fmpz_equal(out,st==0 ? want : (alias ? old : want))
FAIL tests/test_catalogue.c:356: cyclotomic_vectors: check failed: cyclo_call(inverse,out,&w,x,n)==st | cyclotomic row 1111
FAIL tests/test_catalogue.c:358: cyclotomic_vectors: check failed: fmpz_equal(out,st==0 ? want : (alias ? old : want))
FAIL tests/test_catalogue.c:356: cyclotomic_vectors: check failed: cyclo_call(inverse,out,&w,x,n)==st | cyclotomic row 1111
FAIL tests/test_catalogue.c:358: cyclotomic_vectors: check failed: fmpz_equal(out,st==0 ? want : (alias ? old : want))
FAIL tests/test_catalogue.c:356: cyclotomic_vectors: check failed: cyclo_call(inverse,out,&w,x,n)==st | cyclotomic row 1118
FAIL tests/test_catalogue.c:358: cyclotomic_vectors: check failed: fmpz_equal(out,st==0 ? want : (alias ? old : want))
FAIL tests/test_catalogue.c:356: cyclotomic_vectors: check failed: cyclo_call(inverse,out,&w,x,n)==st | cyclotomic row 1118
FAIL tests/test_catalogue.c:358: cyclotomic_vectors: check failed: fmpz_equal(out,st==0 ? want : (alias ? old : want))
FAIL tests/test_catalogue.c:356: cyclotomic_vectors: check failed: cyclo_call(inverse,out,&w,x,n)==st | cyclotomic row 1119
FAIL tests/test_catalogue.c:358: cyclotomic_vectors: check failed: fmpz_equal(out,st==0 ? want : (alias ? old : want))
FAIL tests/test_catalogue.c:356: cyclotomic_vectors: check failed: cyclo_call(inverse,out,&w,x,n)==st | cyclotomic row 1119
FAIL tests/test_catalogue.c:358: cyclotomic_vectors: check failed: fmpz_equal(out,st==0 ? want : (alias ? old : want))
FAIL tests/test_catalogue.c:356: cyclotomic_vectors: check failed: cyclo_call(inverse,out,&w,x,n)==st | cyclotomic row 1152
FAIL tests/test_catalogue.c:358: cyclotomic_vectors: check failed: fmpz_equal(out,st==0 ? want : (alias ? old : want))
FAIL tests/test_catalogue.c:356: cyclotomic_vectors: check failed: cyclo_call(inverse,out,&w,x,n)==st | cyclotomic row 1152
FAIL tests/test_catalogue.c:358: cyclotomic_vectors: check failed: fmpz_equal(out,st==0 ? want : (alias ? old : want))
FAIL tests/test_catalogue.c:356: cyclotomic_vectors: check failed: cyclo_call(inverse,out,&w,x,n)==st | cyclotomic row 1153
FAIL tests/test_catalogue.c:358: cyclotomic_vectors: check failed: fmpz_equal(out,st==0 ? want : (alias ? old : want))
FAIL tests/test_catalogue.c:356: cyclotomic_vectors: check failed: cyclo_call(inverse,out,&w,x,n)==st | cyclotomic row 1153
FAIL tests/test_catalogue.c:358: cyclotomic_vectors: check failed: fmpz_equal(out,st==0 ? want : (alias ? old : want))
FAIL tests/test_catalogue.c:356: cyclotomic_vectors: check failed: cyclo_call(inverse,out,&w,x,n)==st | cyclotomic row 1154
FAIL tests/test_catalogue.c:358: cyclotomic_vectors: check failed: fmpz_equal(out,st==0 ? want : (alias ? old : want))
FAIL tests/test_catalogue.c:356: cyclotomic_vectors: check failed: cyclo_call(inverse,out,&w,x,n)==st | cyclotomic row 1154
FAIL tests/test_catalogue.c:358: cyclotomic_vectors: check failed: fmpz_equal(out,st==0 ? want : (alias ? old : want))
FAIL tests/test_catalogue.c:356: cyclotomic_vectors: check failed: cyclo_call(inverse,out,&w,x,n)==st | cyclotomic row 1155
FAIL tests/test_catalogue.c:358: cyclotomic_vectors: check failed: fmpz_equal(out,st==0 ? want : (alias ? old : want))
FAIL tests/test_catalogue.c:356: cyclotomic_vectors: check failed: cyclo_call(inverse,out,&w,x,n)==st | cyclotomic row 1155
FAIL tests/test_catalogue.c:358: cyclotomic_vectors: check failed: fmpz_equal(out,st==0 ? want : (alias ? old : want))
FAIL tests/test_catalogue.c:356: cyclotomic_vectors: check failed: cyclo_call(inverse,out,&w,x,n)==st | cyclotomic row 1156
FAIL tests/test_catalogue.c:358: cyclotomic_vectors: check failed: fmpz_equal(out,st==0 ? want : (alias ? old : want))
FAIL tests/test_catalogue.c:356: cyclotomic_vectors: check failed: cyclo_call(inverse,out,&w,x,n)==st | cyclotomic row 1156
FAIL tests/test_catalogue.c:358: cyclotomic_vectors: check failed: fmpz_equal(out,st==0 ? want : (alias ? old : want))
FAIL tests/test_catalogue.c:356: cyclotomic_vectors: check failed: cyclo_call(inverse,out,&w,x,n)==st | cyclotomic row 1157
FAIL tests/test_catalogue.c:358: cyclotomic_vectors: check failed: fmpz_equal(out,st==0 ? want : (alias ? old : want))
FAIL tests/test_catalogue.c:356: cyclotomic_vectors: check failed: cyclo_call(inverse,out,&w,x,n)==st | cyclotomic row 1157
FAIL tests/test_catalogue.c:358: cyclotomic_vectors: check failed: fmpz_equal(out,st==0 ? want : (alias ? old : want))
FAIL tests/test_catalogue.c:356: cyclotomic_vectors: check failed: cyclo_call(inverse,out,&w,x,n)==st | cyclotomic row 1162
FAIL tests/test_catalogue.c:358: cyclotomic_vectors: check failed: fmpz_equal(out,st==0 ? want : (alias ? old : want))
FAIL tests/test_catalogue.c:356: cyclotomic_vectors: check failed: cyclo_call(inverse,out,&w,x,n)==st | cyclotomic row 1162
FAIL tests/test_catalogue.c:358: cyclotomic_vectors: check failed: fmpz_equal(out,st==0 ? want : (alias ? old : want))
FAIL tests/test_catalogue.c:356: cyclotomic_vectors: check failed: cyclo_call(inverse,out,&w,x,n)==st | cyclotomic row 1163
FAIL tests/test_catalogue.c:358: cyclotomic_vectors: check failed: fmpz_equal(out,st==0 ? want : (alias ? old : want))
FAIL tests/test_catalogue.c:356: cyclotomic_vectors: check failed: cyclo_call(inverse,out,&w,x,n)==st | cyclotomic row 1163
FAIL tests/test_catalogue.c:358: cyclotomic_vectors: check failed: fmpz_equal(out,st==0 ? want : (alias ? old : want))
FAIL tests/test_catalogue.c:356: cyclotomic_vectors: check failed: cyclo_call(inverse,out,&w,x,n)==st | cyclotomic row 1168
FAIL tests/test_catalogue.c:358: cyclotomic_vectors: check failed: fmpz_equal(out,st==0 ? want : (alias ? old : want))
FAIL tests/test_catalogue.c:356: cyclotomic_vectors: check failed: cyclo_call(inverse,out,&w,x,n)==st | cyclotomic row 1168
FAIL tests/test_catalogue.c:358: cyclotomic_vectors: check failed: fmpz_equal(out,st==0 ? want : (alias ? old : want))
FAIL tests/test_catalogue.c:356: cyclotomic_vectors: check failed: cyclo_call(inverse,out,&w,x,n)==st | cyclotomic row 1169
FAIL tests/test_catalogue.c:358: cyclotomic_vectors: check failed: fmpz_equal(out,st==0 ? want : (alias ? old : want))
FAIL tests/test_catalogue.c:356: cyclotomic_vectors: check failed: cyclo_call(inverse,out,&w,x,n)==st | cyclotomic row 1169
FAIL tests/test_catalogue.c:358: cyclotomic_vectors: check failed: fmpz_equal(out,st==0 ? want : (alias ? old : want))
FAIL tests/test_catalogue.c:356: cyclotomic_vectors: check failed: cyclo_call(inverse,out,&w,x,n)==st | cyclotomic row 1186
FAIL tests/test_catalogue.c:358: cyclotomic_vectors: check failed: fmpz_equal(out,st==0 ? want : (alias ? old : want))
FAIL tests/test_catalogue.c:356: cyclotomic_vectors: check failed: cyclo_call(inverse,out,&w,x,n)==st | cyclotomic row 1186
FAIL tests/test_catalogue.c:358: cyclotomic_vectors: check failed: fmpz_equal(out,st==0 ? want : (alias ? old : want))
FAIL tests/test_catalogue.c:356: cyclotomic_vectors: check failed: cyclo_call(inverse,out,&w,x,n)==st | cyclotomic row 1187
FAIL tests/test_catalogue.c:358: cyclotomic_vectors: check failed: fmpz_equal(out,st==0 ? want : (alias ? old : want))
FAIL tests/test_catalogue.c:356: cyclotomic_vectors: check failed: cyclo_call(inverse,out,&w,x,n)==st | cyclotomic row 1187
FAIL tests/test_catalogue.c:358: cyclotomic_vectors: check failed: fmpz_equal(out,st==0 ? want : (alias ? old : want))
FAIL tests/test_catalogue.c:356: cyclotomic_vectors: check failed: cyclo_call(inverse,out,&w,x,n)==st | cyclotomic row 1200
FAIL tests/test_catalogue.c:358: cyclotomic_vectors: check failed: fmpz_equal(out,st==0 ? want : (alias ? old : want))
FAIL tests/test_catalogue.c:356: cyclotomic_vectors: check failed: cyclo_call(inverse,out,&w,x,n)==st | cyclotomic row 1200
FAIL tests/test_catalogue.c:358: cyclotomic_vectors: check failed: fmpz_equal(out,st==0 ? want : (alias ? old : want))
FAIL tests/test_catalogue.c:356: cyclotomic_vectors: check failed: cyclo_call(inverse,out,&w,x,n)==st | cyclotomic row 1201
FAIL tests/test_catalogue.c:358: cyclotomic_vectors: check failed: fmpz_equal(out,st==0 ? want : (alias ? old : want))
FAIL tests/test_catalogue.c:356: cyclotomic_vectors: check failed: cyclo_call(inverse,out,&w,x,n)==st | cyclotomic row 1201
FAIL tests/test_catalogue.c:358: cyclotomic_vectors: check failed: fmpz_equal(out,st==0 ? want : (alias ? old : want))
FAIL tests/test_catalogue.c:356: cyclotomic_vectors: check failed: cyclo_call(inverse,out,&w,x,n)==st | cyclotomic row 1202
FAIL tests/test_catalogue.c:358: cyclotomic_vectors: check failed: fmpz_equal(out,st==0 ? want : (alias ? old : want))
FAIL tests/test_catalogue.c:356: cyclotomic_vectors: check failed: cyclo_call(inverse,out,&w,x,n)==st | cyclotomic row 1202
FAIL tests/test_catalogue.c:358: cyclotomic_vectors: check failed: fmpz_equal(out,st==0 ? want : (alias ? old : want))
FAIL tests/test_catalogue.c:356: cyclotomic_vectors: check failed: cyclo_call(inverse,out,&w,x,n)==st | cyclotomic row 1203
FAIL tests/test_catalogue.c:358: cyclotomic_vectors: check failed: fmpz_equal(out,st==0 ? want : (alias ? old : want))
FAIL tests/test_catalogue.c:356: cyclotomic_vectors: check failed: cyclo_call(inverse,out,&w,x,n)==st | cyclotomic row 1203
FAIL tests/test_catalogue.c:358: cyclotomic_vectors: check failed: fmpz_equal(out,st==0 ? want : (alias ? old : want))
FAIL tests/test_catalogue.c:356: cyclotomic_vectors: check failed: cyclo_call(inverse,out,&w,x,n)==st | cyclotomic row 1204
FAIL tests/test_catalogue.c:358: cyclotomic_vectors: check failed: fmpz_equal(out,st==0 ? want : (alias ? old : want))
FAIL tests/test_catalogue.c:356: cyclotomic_vectors: check failed: cyclo_call(inverse,out,&w,x,n)==st | cyclotomic row 1204
FAIL tests/test_catalogue.c:358: cyclotomic_vectors: check failed: fmpz_equal(out,st==0 ? want : (alias ? old : want))
FAIL tests/test_catalogue.c:356: cyclotomic_vectors: check failed: cyclo_call(inverse,out,&w,x,n)==st | cyclotomic row 1205
FAIL tests/test_catalogue.c:358: cyclotomic_vectors: check failed: fmpz_equal(out,st==0 ? want : (alias ? old : want))
FAIL tests/test_catalogue.c:356: cyclotomic_vectors: check failed: cyclo_call(inverse,out,&w,x,n)==st | cyclotomic row 1205
FAIL tests/test_catalogue.c:358: cyclotomic_vectors: check failed: fmpz_equal(out,st==0 ? want : (alias ? old : want))
FAIL tests/test_catalogue.c:356: cyclotomic_vectors: check failed: cyclo_call(inverse,out,&w,x,n)==st | cyclotomic row 1210
FAIL tests/test_catalogue.c:358: cyclotomic_vectors: check failed: fmpz_equal(out,st==0 ? want : (alias ? old : want))
FAIL tests/test_catalogue.c:356: cyclotomic_vectors: check failed: cyclo_call(inverse,out,&w,x,n)==st | cyclotomic row 1210
FAIL tests/test_catalogue.c:358: cyclotomic_vectors: check failed: fmpz_equal(out,st==0 ? want : (alias ? old : want))
FAIL tests/test_catalogue.c:356: cyclotomic_vectors: check failed: cyclo_call(inverse,out,&w,x,n)==st | cyclotomic row 1211
FAIL tests/test_catalogue.c:358: cyclotomic_vectors: check failed: fmpz_equal(out,st==0 ? want : (alias ? old : want))
FAIL tests/test_catalogue.c:356: cyclotomic_vectors: check failed: cyclo_call(inverse,out,&w,x,n)==st | cyclotomic row 1211
FAIL tests/test_catalogue.c:358: cyclotomic_vectors: check failed: fmpz_equal(out,st==0 ? want : (alias ? old : want))
FAIL tests/test_catalogue.c:356: cyclotomic_vectors: check failed: cyclo_call(inverse,out,&w,x,n)==st | cyclotomic row 1216
FAIL tests/test_catalogue.c:358: cyclotomic_vectors: check failed: fmpz_equal(out,st==0 ? want : (alias ? old : want))
FAIL tests/test_catalogue.c:356: cyclotomic_vectors: check failed: cyclo_call(inverse,out,&w,x,n)==st | cyclotomic row 1216
FAIL tests/test_catalogue.c:358: cyclotomic_vectors: check failed: fmpz_equal(out,st==0 ? want : (alias ? old : want))
FAIL tests/test_catalogue.c:356: cyclotomic_vectors: check failed: cyclo_call(inverse,out,&w,x,n)==st | cyclotomic row 1217
FAIL tests/test_catalogue.c:358: cyclotomic_vectors: check failed: fmpz_equal(out,st==0 ? want : (alias ? old : want))
FAIL tests/test_catalogue.c:356: cyclotomic_vectors: check failed: cyclo_call(inverse,out,&w,x,n)==st | cyclotomic row 1217
FAIL tests/test_catalogue.c:358: cyclotomic_vectors: check failed: fmpz_equal(out,st==0 ? want : (alias ? old : want))
FAIL tests/test_catalogue.c:356: cyclotomic_vectors: check failed: cyclo_call(inverse,out,&w,x,n)==st | cyclotomic row 1234
FAIL tests/test_catalogue.c:358: cyclotomic_vectors: check failed: fmpz_equal(out,st==0 ? want : (alias ? old : want))
FAIL tests/test_catalogue.c:356: cyclotomic_vectors: check failed: cyclo_call(inverse,out,&w,x,n)==st | cyclotomic row 1234
FAIL tests/test_catalogue.c:358: cyclotomic_vectors: check failed: fmpz_equal(out,st==0 ? want : (alias ? old : want))
FAIL tests/test_catalogue.c:356: cyclotomic_vectors: check failed: cyclo_call(inverse,out,&w,x,n)==st | cyclotomic row 1235
FAIL tests/test_catalogue.c:358: cyclotomic_vectors: check failed: fmpz_equal(out,st==0 ? want : (alias ? old : want))
FAIL tests/test_catalogue.c:356: cyclotomic_vectors: check failed: cyclo_call(inverse,out,&w,x,n)==st | cyclotomic row 1235
FAIL tests/test_catalogue.c:358: cyclotomic_vectors: check failed: fmpz_equal(out,st==0 ? want : (alias ? old : want))
FAIL tests/test_catalogue.c:356: cyclotomic_vectors: check failed: cyclo_call(inverse,out,&w,x,n)==st | cyclotomic row 1248
FAIL tests/test_catalogue.c:358: cyclotomic_vectors: check failed: fmpz_equal(out,st==0 ? want : (alias ? old : want))
FAIL tests/test_catalogue.c:356: cyclotomic_vectors: check failed: cyclo_call(inverse,out,&w,x,n)==st | cyclotomic row 1248
FAIL tests/test_catalogue.c:358: cyclotomic_vectors: check failed: fmpz_equal(out,st==0 ? want : (alias ? old : want))
FAIL tests/test_catalogue.c:356: cyclotomic_vectors: check failed: cyclo_call(inverse,out,&w,x,n)==st | cyclotomic row 1249
FAIL tests/test_catalogue.c:358: cyclotomic_vectors: check failed: fmpz_equal(out,st==0 ? want : (alias ? old : want))
FAIL tests/test_catalogue.c:356: cyclotomic_vectors: check failed: cyclo_call(inverse,out,&w,x,n)==st | cyclotomic row 1249
FAIL tests/test_catalogue.c:358: cyclotomic_vectors: check failed: fmpz_equal(out,st==0 ? want : (alias ? old : want))
FAIL tests/test_catalogue.c:356: cyclotomic_vectors: check failed: cyclo_call(inverse,out,&w,x,n)==st | cyclotomic row 1250
FAIL tests/test_catalogue.c:358: cyclotomic_vectors: check failed: fmpz_equal(out,st==0 ? want : (alias ? old : want))
FAIL tests/test_catalogue.c:356: cyclotomic_vectors: check failed: cyclo_call(inverse,out,&w,x,n)==st | cyclotomic row 1250
FAIL tests/test_catalogue.c:358: cyclotomic_vectors: check failed: fmpz_equal(out,st==0 ? want : (alias ? old : want))
FAIL tests/test_catalogue.c:356: cyclotomic_vectors: check failed: cyclo_call(inverse,out,&w,x,n)==st | cyclotomic row 1251
FAIL tests/test_catalogue.c:358: cyclotomic_vectors: check failed: fmpz_equal(out,st==0 ? want : (alias ? old : want))
FAIL tests/test_catalogue.c:356: cyclotomic_vectors: check failed: cyclo_call(inverse,out,&w,x,n)==st | cyclotomic row 1251
FAIL tests/test_catalogue.c:358: cyclotomic_vectors: check failed: fmpz_equal(out,st==0 ? want : (alias ? old : want))
FAIL tests/test_catalogue.c:356: cyclotomic_vectors: check failed: cyclo_call(inverse,out,&w,x,n)==st | cyclotomic row 1252
FAIL tests/test_catalogue.c:358: cyclotomic_vectors: check failed: fmpz_equal(out,st==0 ? want : (alias ? old : want))
FAIL tests/test_catalogue.c:356: cyclotomic_vectors: check failed: cyclo_call(inverse,out,&w,x,n)==st | cyclotomic row 1252
FAIL tests/test_catalogue.c:358: cyclotomic_vectors: check failed: fmpz_equal(out,st==0 ? want : (alias ? old : want))
FAIL tests/test_catalogue.c:356: cyclotomic_vectors: check failed: cyclo_call(inverse,out,&w,x,n)==st | cyclotomic row 1253
FAIL tests/test_catalogue.c:358: cyclotomic_vectors: check failed: fmpz_equal(out,st==0 ? want : (alias ? old : want))
FAIL tests/test_catalogue.c:356: cyclotomic_vectors: check failed: cyclo_call(inverse,out,&w,x,n)==st | cyclotomic row 1253
FAIL tests/test_catalogue.c:358: cyclotomic_vectors: check failed: fmpz_equal(out,st==0 ? want : (alias ? old : want))
FAIL tests/test_catalogue.c:356: cyclotomic_vectors: check failed: cyclo_call(inverse,out,&w,x,n)==st | cyclotomic row 1258
FAIL tests/test_catalogue.c:358: cyclotomic_vectors: check failed: fmpz_equal(out,st==0 ? want : (alias ? old : want))
FAIL tests/test_catalogue.c:356: cyclotomic_vectors: check failed: cyclo_call(inverse,out,&w,x,n)==st | cyclotomic row 1258
FAIL tests/test_catalogue.c:358: cyclotomic_vectors: check failed: fmpz_equal(out,st==0 ? want : (alias ? old : want))
FAIL tests/test_catalogue.c:356: cyclotomic_vectors: check failed: cyclo_call(inverse,out,&w,x,n)==st | cyclotomic row 1259
FAIL tests/test_catalogue.c:358: cyclotomic_vectors: check failed: fmpz_equal(out,st==0 ? want : (alias ? old : want))
FAIL tests/test_catalogue.c:356: cyclotomic_vectors: check failed: cyclo_call(inverse,out,&w,x,n)==st | cyclotomic row 1259
FAIL tests/test_catalogue.c:358: cyclotomic_vectors: check failed: fmpz_equal(out,st==0 ? want : (alias ? old : want))
FAIL tests/test_catalogue.c:356: cyclotomic_vectors: check failed: cyclo_call(inverse,out,&w,x,n)==st | cyclotomic row 1264
FAIL tests/test_catalogue.c:358: cyclotomic_vectors: check failed: fmpz_equal(out,st==0 ? want : (alias ? old : want))
FAIL tests/test_catalogue.c:356: cyclotomic_vectors: check failed: cyclo_call(inverse,out,&w,x,n)==st | cyclotomic row 1264
FAIL tests/test_catalogue.c:358: cyclotomic_vectors: check failed: fmpz_equal(out,st==0 ? want : (alias ? old : want))
FAIL tests/test_catalogue.c:356: cyclotomic_vectors: check failed: cyclo_call(inverse,out,&w,x,n)==st | cyclotomic row 1265
FAIL tests/test_catalogue.c:358: cyclotomic_vectors: check failed: fmpz_equal(out,st==0 ? want : (alias ? old : want))
FAIL tests/test_catalogue.c:356: cyclotomic_vectors: check failed: cyclo_call(inverse,out,&w,x,n)==st | cyclotomic row 1265
FAIL tests/test_catalogue.c:358: cyclotomic_vectors: check failed: fmpz_equal(out,st==0 ? want : (alias ? old : want))
FAIL tests/test_catalogue.c:356: cyclotomic_vectors: check failed: cyclo_call(inverse,out,&w,x,n)==st | cyclotomic row 1282
FAIL tests/test_catalogue.c:358: cyclotomic_vectors: check failed: fmpz_equal(out,st==0 ? want : (alias ? old : want))
FAIL tests/test_catalogue.c:356: cyclotomic_vectors: check failed: cyclo_call(inverse,out,&w,x,n)==st | cyclotomic row 1282
FAIL tests/test_catalogue.c:358: cyclotomic_vectors: check failed: fmpz_equal(out,st==0 ? want : (alias ? old : want))
FAIL tests/test_catalogue.c:356: cyclotomic_vectors: check failed: cyclo_call(inverse,out,&w,x,n)==st | cyclotomic row 1283
FAIL tests/test_catalogue.c:358: cyclotomic_vectors: check failed: fmpz_equal(out,st==0 ? want : (alias ? old : want))
FAIL tests/test_catalogue.c:356: cyclotomic_vectors: check failed: cyclo_call(inverse,out,&w,x,n)==st | cyclotomic row 1283
FAIL tests/test_catalogue.c:358: cyclotomic_vectors: check failed: fmpz_equal(out,st==0 ? want : (alias ? old : want))
FAIL tests/test_catalogue.c:356: cyclotomic_vectors: check failed: cyclo_call(inverse,out,&w,x,n)==st | cyclotomic row 1296
FAIL tests/test_catalogue.c:358: cyclotomic_vectors: check failed: fmpz_equal(out,st==0 ? want : (alias ? old : want))
FAIL tests/test_catalogue.c:356: cyclotomic_vectors: check failed: cyclo_call(inverse,out,&w,x,n)==st | cyclotomic row 1296
FAIL tests/test_catalogue.c:358: cyclotomic_vectors: check failed: fmpz_equal(out,st==0 ? want : (alias ? old : want))
FAIL tests/test_catalogue.c:356: cyclotomic_vectors: check failed: cyclo_call(inverse,out,&w,x,n)==st | cyclotomic row 1297
FAIL tests/test_catalogue.c:358: cyclotomic_vectors: check failed: fmpz_equal(out,st==0 ? want : (alias ? old : want))
FAIL tests/test_catalogue.c:356: cyclotomic_vectors: check failed: cyclo_call(inverse,out,&w,x,n)==st | cyclotomic row 1297
FAIL tests/test_catalogue.c:358: cyclotomic_vectors: check failed: fmpz_equal(out,st==0 ? want : (alias ? old : want))
FAIL tests/test_catalogue.c:356: cyclotomic_vectors: check failed: cyclo_call(inverse,out,&w,x,n)==st | cyclotomic row 1298
FAIL tests/test_catalogue.c:358: cyclotomic_vectors: check failed: fmpz_equal(out,st==0 ? want : (alias ? old : want))
FAIL tests/test_catalogue.c:356: cyclotomic_vectors: check failed: cyclo_call(inverse,out,&w,x,n)==st | cyclotomic row 1298
FAIL tests/test_catalogue.c:358: cyclotomic_vectors: check failed: fmpz_equal(out,st==0 ? want : (alias ? old : want))
FAIL tests/test_catalogue.c:356: cyclotomic_vectors: check failed: cyclo_call(inverse,out,&w,x,n)==st | cyclotomic row 1299
FAIL tests/test_catalogue.c:358: cyclotomic_vectors: check failed: fmpz_equal(out,st==0 ? want : (alias ? old : want))
FAIL tests/test_catalogue.c:356: cyclotomic_vectors: check failed: cyclo_call(inverse,out,&w,x,n)==st | cyclotomic row 1299
FAIL tests/test_catalogue.c:358: cyclotomic_vectors: check failed: fmpz_equal(out,st==0 ? want : (alias ? old : want))
FAIL tests/test_catalogue.c:356: cyclotomic_vectors: check failed: cyclo_call(inverse,out,&w,x,n)==st | cyclotomic row 1300
FAIL tests/test_catalogue.c:358: cyclotomic_vectors: check failed: fmpz_equal(out,st==0 ? want : (alias ? old : want))
FAIL tests/test_catalogue.c:356: cyclotomic_vectors: check failed: cyclo_call(inverse,out,&w,x,n)==st | cyclotomic row 1300
FAIL tests/test_catalogue.c:358: cyclotomic_vectors: check failed: fmpz_equal(out,st==0 ? want : (alias ? old : want))
FAIL tests/test_catalogue.c:356: cyclotomic_vectors: check failed: cyclo_call(inverse,out,&w,x,n)==st | cyclotomic row 1301
FAIL tests/test_catalogue.c:358: cyclotomic_vectors: check failed: fmpz_equal(out,st==0 ? want : (alias ? old : want))
FAIL tests/test_catalogue.c:356: cyclotomic_vectors: check failed: cyclo_call(inverse,out,&w,x,n)==st | cyclotomic row 1301
FAIL tests/test_catalogue.c:358: cyclotomic_vectors: check failed: fmpz_equal(out,st==0 ? want : (alias ? old : want))
FAIL tests/test_catalogue.c:356: cyclotomic_vectors: check failed: cyclo_call(inverse,out,&w,x,n)==st | cyclotomic row 1306
FAIL tests/test_catalogue.c:358: cyclotomic_vectors: check failed: fmpz_equal(out,st==0 ? want : (alias ? old : want))
FAIL tests/test_catalogue.c:356: cyclotomic_vectors: check failed: cyclo_call(inverse,out,&w,x,n)==st | cyclotomic row 1306
FAIL tests/test_catalogue.c:358: cyclotomic_vectors: check failed: fmpz_equal(out,st==0 ? want : (alias ? old : want))
FAIL tests/test_catalogue.c:356: cyclotomic_vectors: check failed: cyclo_call(inverse,out,&w,x,n)==st | cyclotomic row 1307
FAIL tests/test_catalogue.c:358: cyclotomic_vectors: check failed: fmpz_equal(out,st==0 ? want : (alias ? old : want))
FAIL tests/test_catalogue.c:356: cyclotomic_vectors: check failed: cyclo_call(inverse,out,&w,x,n)==st | cyclotomic row 1307
FAIL tests/test_catalogue.c:358: cyclotomic_vectors: check failed: fmpz_equal(out,st==0 ? want : (alias ? old : want))
FAIL tests/test_catalogue.c:356: cyclotomic_vectors: check failed: cyclo_call(inverse,out,&w,x,n)==st | cyclotomic row 1312
FAIL tests/test_catalogue.c:358: cyclotomic_vectors: check failed: fmpz_equal(out,st==0 ? want : (alias ? old : want))
FAIL tests/test_catalogue.c:356: cyclotomic_vectors: check failed: cyclo_call(inverse,out,&w,x,n)==st | cyclotomic row 1312
FAIL tests/test_catalogue.c:358: cyclotomic_vectors: check failed: fmpz_equal(out,st==0 ? want : (alias ? old : want))
FAIL tests/test_catalogue.c:356: cyclotomic_vectors: check failed: cyclo_call(inverse,out,&w,x,n)==st | cyclotomic row 1313
FAIL tests/test_catalogue.c:358: cyclotomic_vectors: check failed: fmpz_equal(out,st==0 ? want : (alias ? old : want))
FAIL tests/test_catalogue.c:356: cyclotomic_vectors: check failed: cyclo_call(inverse,out,&w,x,n)==st | cyclotomic row 1313
FAIL tests/test_catalogue.c:358: cyclotomic_vectors: check failed: fmpz_equal(out,st==0 ? want : (alias ? old : want))
FAIL tests/test_catalogue.c:356: cyclotomic_vectors: check failed: cyclo_call(inverse,out,&w,x,n)==st | cyclotomic row 1330
FAIL tests/test_catalogue.c:358: cyclotomic_vectors: check failed: fmpz_equal(out,st==0 ? want : (alias ? old : want))
FAIL tests/test_catalogue.c:356: cyclotomic_vectors: check failed: cyclo_call(inverse,out,&w,x,n)==st | cyclotomic row 1330
FAIL tests/test_catalogue.c:358: cyclotomic_vectors: check failed: fmpz_equal(out,st==0 ? want : (alias ? old : want))
FAIL tests/test_catalogue.c:356: cyclotomic_vectors: check failed: cyclo_call(inverse,out,&w,x,n)==st | cyclotomic row 1331
FAIL tests/test_catalogue.c:358: cyclotomic_vectors: check failed: fmpz_equal(out,st==0 ? want : (alias ? old : want))
FAIL tests/test_catalogue.c:356: cyclotomic_vectors: check failed: cyclo_call(inverse,out,&w,x,n)==st | cyclotomic row 1331
FAIL tests/test_catalogue.c:358: cyclotomic_vectors: check failed: fmpz_equal(out,st==0 ? want : (alias ? old : want))
FAIL tests/test_catalogue.c:356: cyclotomic_vectors: check failed: cyclo_call(inverse,out,&w,x,n)==st | cyclotomic row 1344
FAIL tests/test_catalogue.c:358: cyclotomic_vectors: check failed: fmpz_equal(out,st==0 ? want : (alias ? old : want))
FAIL tests/test_catalogue.c:356: cyclotomic_vectors: check failed: cyclo_call(inverse,out,&w,x,n)==st | cyclotomic row 1344
FAIL tests/test_catalogue.c:358: cyclotomic_vectors: check failed: fmpz_equal(out,st==0 ? want : (alias ? old : want))
FAIL tests/test_catalogue.c:356: cyclotomic_vectors: check failed: cyclo_call(inverse,out,&w,x,n)==st | cyclotomic row 1345
FAIL tests/test_catalogue.c:358: cyclotomic_vectors: check failed: fmpz_equal(out,st==0 ? want : (alias ? old : want))
FAIL tests/test_catalogue.c:356: cyclotomic_vectors: check failed: cyclo_call(inverse,out,&w,x,n)==st | cyclotomic row 1345
FAIL tests/test_catalogue.c:358: cyclotomic_vectors: check failed: fmpz_equal(out,st==0 ? want : (alias ? old : want))
FAIL tests/test_catalogue.c:356: cyclotomic_vectors: check failed: cyclo_call(inverse,out,&w,x,n)==st | cyclotomic row 1346
FAIL tests/test_catalogue.c:358: cyclotomic_vectors: check failed: fmpz_equal(out,st==0 ? want : (alias ? old : want))
FAIL tests/test_catalogue.c:356: cyclotomic_vectors: check failed: cyclo_call(inverse,out,&w,x,n)==st | cyclotomic row 1346
FAIL tests/test_catalogue.c:358: cyclotomic_vectors: check failed: fmpz_equal(out,st==0 ? want : (alias ? old : want))
FAIL tests/test_catalogue.c:356: cyclotomic_vectors: check failed: cyclo_call(inverse,out,&w,x,n)==st | cyclotomic row 1347
FAIL tests/test_catalogue.c:358: cyclotomic_vectors: check failed: fmpz_equal(out,st==0 ? want : (alias ? old : want))
FAIL tests/test_catalogue.c:356: cyclotomic_vectors: check failed: cyclo_call(inverse,out,&w,x,n)==st | cyclotomic row 1347
FAIL tests/test_catalogue.c:358: cyclotomic_vectors: check failed: fmpz_equal(out,st==0 ? want : (alias ? old : want))
FAIL tests/test_catalogue.c:356: cyclotomic_vectors: check failed: cyclo_call(inverse,out,&w,x,n)==st | cyclotomic row 1348
FAIL tests/test_catalogue.c:358: cyclotomic_vectors: check failed: fmpz_equal(out,st==0 ? want : (alias ? old : want))
FAIL tests/test_catalogue.c:356: cyclotomic_vectors: check failed: cyclo_call(inverse,out,&w,x,n)==st | cyclotomic row 1348
FAIL tests/test_catalogue.c:358: cyclotomic_vectors: check failed: fmpz_equal(out,st==0 ? want : (alias ? old : want))
FAIL tests/test_catalogue.c:356: cyclotomic_vectors: check failed: cyclo_call(inverse,out,&w,x,n)==st | cyclotomic row 1349
FAIL tests/test_catalogue.c:358: cyclotomic_vectors: check failed: fmpz_equal(out,st==0 ? want : (alias ? old : want))
FAIL tests/test_catalogue.c:356: cyclotomic_vectors: check failed: cyclo_call(inverse,out,&w,x,n)==st | cyclotomic row 1349
FAIL tests/test_catalogue.c:358: cyclotomic_vectors: check failed: fmpz_equal(out,st==0 ? want : (alias ? old : want))
FAIL tests/test_catalogue.c:356: cyclotomic_vectors: check failed: cyclo_call(inverse,out,&w,x,n)==st | cyclotomic row 1354
FAIL tests/test_catalogue.c:358: cyclotomic_vectors: check failed: fmpz_equal(out,st==0 ? want : (alias ? old : want))
FAIL tests/test_catalogue.c:356: cyclotomic_vectors: check failed: cyclo_call(inverse,out,&w,x,n)==st | cyclotomic row 1354
FAIL tests/test_catalogue.c:358: cyclotomic_vectors: check failed: fmpz_equal(out,st==0 ? want : (alias ? old : want))
FAIL tests/test_catalogue.c:356: cyclotomic_vectors: check failed: cyclo_call(inverse,out,&w,x,n)==st | cyclotomic row 1355
FAIL tests/test_catalogue.c:358: cyclotomic_vectors: check failed: fmpz_equal(out,st==0 ? want : (alias ? old : want))
FAIL tests/test_catalogue.c:356: cyclotomic_vectors: check failed: cyclo_call(inverse,out,&w,x,n)==st | cyclotomic row 1355
FAIL tests/test_catalogue.c:358: cyclotomic_vectors: check failed: fmpz_equal(out,st==0 ? want : (alias ? old : want))
FAIL tests/test_catalogue.c:356: cyclotomic_vectors: check failed: cyclo_call(inverse,out,&w,x,n)==st | cyclotomic row 1360
FAIL tests/test_catalogue.c:358: cyclotomic_vectors: check failed: fmpz_equal(out,st==0 ? want : (alias ? old : want))
FAIL tests/test_catalogue.c:356: cyclotomic_vectors: check failed: cyclo_call(inverse,out,&w,x,n)==st | cyclotomic row 1360
FAIL tests/test_catalogue.c:358: cyclotomic_vectors: check failed: fmpz_equal(out,st==0 ? want : (alias ? old : want))
FAIL tests/test_catalogue.c:356: cyclotomic_vectors: check failed: cyclo_call(inverse,out,&w,x,n)==st | cyclotomic row 1361
FAIL tests/test_catalogue.c:358: cyclotomic_vectors: check failed: fmpz_equal(out,st==0 ? want : (alias ? old : want))
FAIL tests/test_catalogue.c:356: cyclotomic_vectors: check failed: cyclo_call(inverse,out,&w,x,n)==st | cyclotomic row 1361
FAIL tests/test_catalogue.c:358: cyclotomic_vectors: check failed: fmpz_equal(out,st==0 ? want : (alias ? old : want))
FAIL tests/test_catalogue.c:356: cyclotomic_vectors: check failed: cyclo_call(inverse,out,&w,x,n)==st | cyclotomic row 1378
FAIL tests/test_catalogue.c:358: cyclotomic_vectors: check failed: fmpz_equal(out,st==0 ? want : (alias ? old : want))
FAIL tests/test_catalogue.c:356: cyclotomic_vectors: check failed: cyclo_call(inverse,out,&w,x,n)==st | cyclotomic row 1378
FAIL tests/test_catalogue.c:358: cyclotomic_vectors: check failed: fmpz_equal(out,st==0 ? want : (alias ? old : want))
FAIL tests/test_catalogue.c:356: cyclotomic_vectors: check failed: cyclo_call(inverse,out,&w,x,n)==st | cyclotomic row 1379
FAIL tests/test_catalogue.c:358: cyclotomic_vectors: check failed: fmpz_equal(out,st==0 ? want : (alias ? old : want))
FAIL tests/test_catalogue.c:356: cyclotomic_vectors: check failed: cyclo_call(inverse,out,&w,x,n)==st | cyclotomic row 1379
FAIL tests/test_catalogue.c:358: cyclotomic_vectors: check failed: fmpz_equal(out,st==0 ? want : (alias ? old : want))
FAIL tests/test_catalogue.c:356: cyclotomic_vectors: check failed: cyclo_call(inverse,out,&w,x,n)==st | cyclotomic row 1392
FAIL tests/test_catalogue.c:358: cyclotomic_vectors: check failed: fmpz_equal(out,st==0 ? want : (alias ? old : want))
FAIL tests/test_catalogue.c:356: cyclotomic_vectors: check failed: cyclo_call(inverse,out,&w,x,n)==st | cyclotomic row 1392
FAIL tests/test_catalogue.c:358: cyclotomic_vectors: check failed: fmpz_equal(out,st==0 ? want : (alias ? old : want))
FAIL tests/test_catalogue.c:356: cyclotomic_vectors: check failed: cyclo_call(inverse,out,&w,x,n)==st | cyclotomic row 1393
FAIL tests/test_catalogue.c:358: cyclotomic_vectors: check failed: fmpz_equal(out,st==0 ? want : (alias ? old : want))
FAIL tests/test_catalogue.c:356: cyclotomic_vectors: check failed: cyclo_call(inverse,out,&w,x,n)==st | cyclotomic row 1393
FAIL tests/test_catalogue.c:358: cyclotomic_vectors: check failed: fmpz_equal(out,st==0 ? want : (alias ? old : want))
FAIL tests/test_catalogue.c:356: cyclotomic_vectors: check failed: cyclo_call(inverse,out,&w,x,n)==st | cyclotomic row 1394
FAIL tests/test_catalogue.c:358: cyclotomic_vectors: check failed: fmpz_equal(out,st==0 ? want : (alias ? old : want))
FAIL tests/test_catalogue.c:356: cyclotomic_vectors: check failed: cyclo_call(inverse,out,&w,x,n)==st | cyclotomic row 1394
FAIL tests/test_catalogue.c:358: cyclotomic_vectors: check failed: fmpz_equal(out,st==0 ? want : (alias ? old : want))
FAIL tests/test_catalogue.c:356: cyclotomic_vectors: check failed: cyclo_call(inverse,out,&w,x,n)==st | cyclotomic row 1395
FAIL tests/test_catalogue.c:358: cyclotomic_vectors: check failed: fmpz_equal(out,st==0 ? want : (alias ? old : want))
FAIL tests/test_catalogue.c:356: cyclotomic_vectors: check failed: cyclo_call(inverse,out,&w,x,n)==st | cyclotomic row 1395
FAIL tests/test_catalogue.c:358: cyclotomic_vectors: check failed: fmpz_equal(out,st==0 ? want : (alias ? old : want))
FAIL tests/test_catalogue.c:356: cyclotomic_vectors: check failed: cyclo_call(inverse,out,&w,x,n)==st | cyclotomic row 1396
FAIL tests/test_catalogue.c:358: cyclotomic_vectors: check failed: fmpz_equal(out,st==0 ? want : (alias ? old : want))
FAIL tests/test_catalogue.c:356: cyclotomic_vectors: check failed: cyclo_call(inverse,out,&w,x,n)==st | cyclotomic row 1396
FAIL tests/test_catalogue.c:358: cyclotomic_vectors: check failed: fmpz_equal(out,st==0 ? want : (alias ? old : want))
FAIL tests/test_catalogue.c:356: cyclotomic_vectors: check failed: cyclo_call(inverse,out,&w,x,n)==st | cyclotomic row 1397
FAIL tests/test_catalogue.c:358: cyclotomic_vectors: check failed: fmpz_equal(out,st==0 ? want : (alias ? old : want))
FAIL tests/test_catalogue.c:356: cyclotomic_vectors: check failed: cyclo_call(inverse,out,&w,x,n)==st | cyclotomic row 1397
FAIL tests/test_catalogue.c:358: cyclotomic_vectors: check failed: fmpz_equal(out,st==0 ? want : (alias ? old : want))
FAIL tests/test_catalogue.c:356: cyclotomic_vectors: check failed: cyclo_call(inverse,out,&w,x,n)==st | cyclotomic row 1402
FAIL tests/test_catalogue.c:358: cyclotomic_vectors: check failed: fmpz_equal(out,st==0 ? want : (alias ? old : want))
FAIL tests/test_catalogue.c:356: cyclotomic_vectors: check failed: cyclo_call(inverse,out,&w,x,n)==st | cyclotomic row 1402
FAIL tests/test_catalogue.c:358: cyclotomic_vectors: check failed: fmpz_equal(out,st==0 ? want : (alias ? old : want))
FAIL tests/test_catalogue.c:356: cyclotomic_vectors: check failed: cyclo_call(inverse,out,&w,x,n)==st | cyclotomic row 1403
FAIL tests/test_catalogue.c:358: cyclotomic_vectors: check failed: fmpz_equal(out,st==0 ? want : (alias ? old : want))
FAIL tests/test_catalogue.c:356: cyclotomic_vectors: check failed: cyclo_call(inverse,out,&w,x,n)==st | cyclotomic row 1403
FAIL tests/test_catalogue.c:358: cyclotomic_vectors: check failed: fmpz_equal(out,st==0 ? want : (alias ? old : want))
FAIL tests/test_catalogue.c:356: cyclotomic_vectors: check failed: cyclo_call(inverse,out,&w,x,n)==st | cyclotomic row 1408
FAIL tests/test_catalogue.c:358: cyclotomic_vectors: check failed: fmpz_equal(out,st==0 ? want : (alias ? old : want))
FAIL tests/test_catalogue.c:356: cyclotomic_vectors: check failed: cyclo_call(inverse,out,&w,x,n)==st | cyclotomic row 1408
FAIL tests/test_catalogue.c:358: cyclotomic_vectors: check failed: fmpz_equal(out,st==0 ? want : (alias ? old : want))
FAIL tests/test_catalogue.c:356: cyclotomic_vectors: check failed: cyclo_call(inverse,out,&w,x,n)==st | cyclotomic row 1409
FAIL tests/test_catalogue.c:358: cyclotomic_vectors: check failed: fmpz_equal(out,st==0 ? want : (alias ? old : want))
FAIL tests/test_catalogue.c:356: cyclotomic_vectors: check failed: cyclo_call(inverse,out,&w,x,n)==st | cyclotomic row 1409
FAIL tests/test_catalogue.c:358: cyclotomic_vectors: check failed: fmpz_equal(out,st==0 ? want : (alias ? old : want))
FAIL tests/test_catalogue.c:356: cyclotomic_vectors: check failed: cyclo_call(inverse,out,&w,x,n)==st | cyclotomic row 1426
FAIL tests/test_catalogue.c:358: cyclotomic_vectors: check failed: fmpz_equal(out,st==0 ? want : (alias ? old : want))
FAIL tests/test_catalogue.c:356: cyclotomic_vectors: check failed: cyclo_call(inverse,out,&w,x,n)==st | cyclotomic row 1426
FAIL tests/test_catalogue.c:358: cyclotomic_vectors: check failed: fmpz_equal(out,st==0 ? want : (alias ? old : want))
FAIL tests/test_catalogue.c:356: cyclotomic_vectors: check failed: cyclo_call(inverse,out,&w,x,n)==st | cyclotomic row 1427
FAIL tests/test_catalogue.c:358: cyclotomic_vectors: check failed: fmpz_equal(out,st==0 ? want : (alias ? old : want))
FAIL tests/test_catalogue.c:356: cyclotomic_vectors: check failed: cyclo_call(inverse,out,&w,x,n)==st | cyclotomic row 1427
FAIL tests/test_catalogue.c:358: cyclotomic_vectors: check failed: fmpz_equal(out,st==0 ? want : (alias ? old : want))
FAIL tests/test_catalogue.c:356: cyclotomic_vectors: check failed: cyclo_call(inverse,out,&w,x,n)==st | cyclotomic row 1440
FAIL tests/test_catalogue.c:358: cyclotomic_vectors: check failed: fmpz_equal(out,st==0 ? want : (alias ? old : want))
FAIL tests/test_catalogue.c:356: cyclotomic_vectors: check failed: cyclo_call(inverse,out,&w,x,n)==st | cyclotomic row 1440
FAIL tests/test_catalogue.c:358: cyclotomic_vectors: check failed: fmpz_equal(out,st==0 ? want : (alias ? old : want))
FAIL tests/test_catalogue.c:356: cyclotomic_vectors: check failed: cyclo_call(inverse,out,&w,x,n)==st | cyclotomic row 1441
FAIL tests/test_catalogue.c:358: cyclotomic_vectors: check failed: fmpz_equal(out,st==0 ? want : (alias ? old : want))
FAIL tests/test_catalogue.c:356: cyclotomic_vectors: check failed: cyclo_call(inverse,out,&w,x,n)==st | cyclotomic row 1441
FAIL tests/test_catalogue.c:358: cyclotomic_vectors: check failed: fmpz_equal(out,st==0 ? want : (alias ? old : want))
FAIL tests/test_catalogue.c:356: cyclotomic_vectors: check failed: cyclo_call(inverse,out,&w,x,n)==st | cyclotomic row 1442
FAIL tests/test_catalogue.c:358: cyclotomic_vectors: check failed: fmpz_equal(out,st==0 ? want : (alias ? old : want))
FAIL tests/test_catalogue.c:356: cyclotomic_vectors: check failed: cyclo_call(inverse,out,&w,x,n)==st | cyclotomic row 1442
FAIL tests/test_catalogue.c:358: cyclotomic_vectors: check failed: fmpz_equal(out,st==0 ? want : (alias ? old : want))
FAIL tests/test_catalogue.c:356: cyclotomic_vectors: check failed: cyclo_call(inverse,out,&w,x,n)==st | cyclotomic row 1443
FAIL tests/test_catalogue.c:358: cyclotomic_vectors: check failed: fmpz_equal(out,st==0 ? want : (alias ? old : want))
FAIL tests/test_catalogue.c:356: cyclotomic_vectors: check failed: cyclo_call(inverse,out,&w,x,n)==st | cyclotomic row 1443
FAIL tests/test_catalogue.c:358: cyclotomic_vectors: check failed: fmpz_equal(out,st==0 ? want : (alias ? old : want))
FAIL tests/test_catalogue.c:356: cyclotomic_vectors: check failed: cyclo_call(inverse,out,&w,x,n)==st | cyclotomic row 1448
FAIL tests/test_catalogue.c:358: cyclotomic_vectors: check failed: fmpz_equal(out,st==0 ? want : (alias ? old : want))
FAIL tests/test_catalogue.c:356: cyclotomic_vectors: check failed: cyclo_call(inverse,out,&w,x,n)==st | cyclotomic row 1448
FAIL tests/test_catalogue.c:358: cyclotomic_vectors: check failed: fmpz_equal(out,st==0 ? want : (alias ? old : want))
FAIL tests/test_catalogue.c:356: cyclotomic_vectors: check failed: cyclo_call(inverse,out,&w,x,n)==st | cyclotomic row 1449
FAIL tests/test_catalogue.c:358: cyclotomic_vectors: check failed: fmpz_equal(out,st==0 ? want : (alias ? old : want))
FAIL tests/test_catalogue.c:356: cyclotomic_vectors: check failed: cyclo_call(inverse,out,&w,x,n)==st | cyclotomic row 1449
FAIL tests/test_catalogue.c:358: cyclotomic_vectors: check failed: fmpz_equal(out,st==0 ? want : (alias ? old : want))
FAIL tests/test_catalogue.c:356: cyclotomic_vectors: check failed: cyclo_call(inverse,out,&w,x,n)==st | cyclotomic row 1458
FAIL tests/test_catalogue.c:358: cyclotomic_vectors: check failed: fmpz_equal(out,st==0 ? want : (alias ? old : want))
FAIL tests/test_catalogue.c:356: cyclotomic_vectors: check failed: cyclo_call(inverse,out,&w,x,n)==st | cyclotomic row 1458
FAIL tests/test_catalogue.c:358: cyclotomic_vectors: check failed: fmpz_equal(out,st==0 ? want : (alias ? old : want))
FAIL tests/test_catalogue.c:356: cyclotomic_vectors: check failed: cyclo_call(inverse,out,&w,x,n)==st | cyclotomic row 1459
FAIL tests/test_catalogue.c:358: cyclotomic_vectors: check failed: fmpz_equal(out,st==0 ? want : (alias ? old : want))
FAIL tests/test_catalogue.c:356: cyclotomic_vectors: check failed: cyclo_call(inverse,out,&w,x,n)==st | cyclotomic row 1459
FAIL tests/test_catalogue.c:358: cyclotomic_vectors: check failed: fmpz_equal(out,st==0 ? want : (alias ? old : want))
FAIL tests/test_catalogue.c:356: cyclotomic_vectors: check failed: cyclo_call(inverse,out,&w,x,n)==st | cyclotomic row 1488
FAIL tests/test_catalogue.c:358: cyclotomic_vectors: check failed: fmpz_equal(out,st==0 ? want : (alias ? old : want))
FAIL tests/test_catalogue.c:356: cyclotomic_vectors: check failed: cyclo_call(inverse,out,&w,x,n)==st | cyclotomic row 1488
FAIL tests/test_catalogue.c:358: cyclotomic_vectors: check failed: fmpz_equal(out,st==0 ? want : (alias ? old : want))
FAIL tests/test_catalogue.c:356: cyclotomic_vectors: check failed: cyclo_call(inverse,out,&w,x,n)==st | cyclotomic row 1489
FAIL tests/test_catalogue.c:358: cyclotomic_vectors: check failed: fmpz_equal(out,st==0 ? want : (alias ? old : want))
FAIL tests/test_catalogue.c:356: cyclotomic_vectors: check failed: cyclo_call(inverse,out,&w,x,n)==st | cyclotomic row 1489
FAIL tests/test_catalogue.c:358: cyclotomic_vectors: check failed: fmpz_equal(out,st==0 ? want : (alias ? old : want))
FAIL tests/test_catalogue.c:356: cyclotomic_vectors: check failed: cyclo_call(inverse,out,&w,x,n)==st | cyclotomic row 1490
FAIL tests/test_catalogue.c:358: cyclotomic_vectors: check failed: fmpz_equal(out,st==0 ? want : (alias ? old : want))
FAIL tests/test_catalogue.c:356: cyclotomic_vectors: check failed: cyclo_call(inverse,out,&w,x,n)==st | cyclotomic row 1490
FAIL tests/test_catalogue.c:358: cyclotomic_vectors: check failed: fmpz_equal(out,st==0 ? want : (alias ? old : want))
FAIL tests/test_catalogue.c:356: cyclotomic_vectors: check failed: cyclo_call(inverse,out,&w,x,n)==st | cyclotomic row 1491
FAIL tests/test_catalogue.c:358: cyclotomic_vectors: check failed: fmpz_equal(out,st==0 ? want : (alias ? old : want))
FAIL tests/test_catalogue.c:356: cyclotomic_vectors: check failed: cyclo_call(inverse,out,&w,x,n)==st | cyclotomic row 1491
FAIL tests/test_catalogue.c:358: cyclotomic_vectors: check failed: fmpz_equal(out,st==0 ? want : (alias ? old : want))
FAIL tests/test_catalogue.c:356: cyclotomic_vectors: check failed: cyclo_call(inverse,out,&w,x,n)==st | cyclotomic row 1496
FAIL tests/test_catalogue.c:358: cyclotomic_vectors: check failed: fmpz_equal(out,st==0 ? want : (alias ? old : want))
FAIL tests/test_catalogue.c:356: cyclotomic_vectors: check failed: cyclo_call(inverse,out,&w,x,n)==st | cyclotomic row 1496
FAIL tests/test_catalogue.c:358: cyclotomic_vectors: check failed: fmpz_equal(out,st==0 ? want : (alias ? old : want))
FAIL tests/test_catalogue.c:356: cyclotomic_vectors: check failed: cyclo_call(inverse,out,&w,x,n)==st | cyclotomic row 1497
FAIL tests/test_catalogue.c:358: cyclotomic_vectors: check failed: fmpz_equal(out,st==0 ? want : (alias ? old : want))
FAIL tests/test_catalogue.c:356: cyclotomic_vectors: check failed: cyclo_call(inverse,out,&w,x,n)==st | cyclotomic row 1497
FAIL tests/test_catalogue.c:358: cyclotomic_vectors: check failed: fmpz_equal(out,st==0 ? want : (alias ? old : want))
FAIL tests/test_catalogue.c:356: cyclotomic_vectors: check failed: cyclo_call(inverse,out,&w,x,n)==st | cyclotomic row 1506
FAIL tests/test_catalogue.c:358: cyclotomic_vectors: check failed: fmpz_equal(out,st==0 ? want : (alias ? old : want))
FAIL tests/test_catalogue.c:356: cyclotomic_vectors: check failed: cyclo_call(inverse,out,&w,x,n)==st | cyclotomic row 1506
FAIL tests/test_catalogue.c:358: cyclotomic_vectors: check failed: fmpz_equal(out,st==0 ? want : (alias ? old : want))
FAIL tests/test_catalogue.c:356: cyclotomic_vectors: check failed: cyclo_call(inverse,out,&w,x,n)==st | cyclotomic row 1507
FAIL tests/test_catalogue.c:358: cyclotomic_vectors: check failed: fmpz_equal(out,st==0 ? want : (alias ? old : want))
FAIL tests/test_catalogue.c:356: cyclotomic_vectors: check failed: cyclo_call(inverse,out,&w,x,n)==st | cyclotomic row 1507
FAIL tests/test_catalogue.c:358: cyclotomic_vectors: check failed: fmpz_equal(out,st==0 ? want : (alias ? old : want))
FAIL tests/test_catalogue.c:356: cyclotomic_vectors: check failed: cyclo_call(inverse,out,&w,x,n)==st | cyclotomic row 1536
FAIL tests/test_catalogue.c:358: cyclotomic_vectors: check failed: fmpz_equal(out,st==0 ? want : (alias ? old : want))
FAIL tests/test_catalogue.c:356: cyclotomic_vectors: check failed: cyclo_call(inverse,out,&w,x,n)==st | cyclotomic row 1536
FAIL tests/test_catalogue.c:358: cyclotomic_vectors: check failed: fmpz_equal(out,st==0 ? want : (alias ? old : want))
FAIL tests/test_catalogue.c:356: cyclotomic_vectors: check failed: cyclo_call(inverse,out,&w,x,n)==st | cyclotomic row 1537
FAIL tests/test_catalogue.c:358: cyclotomic_vectors: check failed: fmpz_equal(out,st==0 ? want : (alias ? old : want))
FAIL tests/test_catalogue.c:356: cyclotomic_vectors: check failed: cyclo_call(inverse,out,&w,x,n)==st | cyclotomic row 1537
FAIL tests/test_catalogue.c:358: cyclotomic_vectors: check failed: fmpz_equal(out,st==0 ? want : (alias ? old : want))
FAIL tests/test_catalogue.c:356: cyclotomic_vectors: check failed: cyclo_call(inverse,out,&w,x,n)==st | cyclotomic row 1538
FAIL tests/test_catalogue.c:358: cyclotomic_vectors: check failed: fmpz_equal(out,st==0 ? want : (alias ? old : want))
FAIL tests/test_catalogue.c:356: cyclotomic_vectors: check failed: cyclo_call(inverse,out,&w,x,n)==st | cyclotomic row 1538
FAIL tests/test_catalogue.c:358: cyclotomic_vectors: check failed: fmpz_equal(out,st==0 ? want : (alias ? old : want))
FAIL tests/test_catalogue.c:356: cyclotomic_vectors: check failed: cyclo_call(inverse,out,&w,x,n)==st | cyclotomic row 1539
FAIL tests/test_catalogue.c:358: cyclotomic_vectors: check failed: fmpz_equal(out,st==0 ? want : (alias ? old : want))
FAIL tests/test_catalogue.c:356: cyclotomic_vectors: check failed: cyclo_call(inverse,out,&w,x,n)==st | cyclotomic row 1539
FAIL tests/test_catalogue.c:358: cyclotomic_vectors: check failed: fmpz_equal(out,st==0 ? want : (alias ? old : want))
FAIL tests/test_catalogue.c:356: cyclotomic_vectors: check failed: cyclo_call(inverse,out,&w,x,n)==st | cyclotomic row 1544
FAIL tests/test_catalogue.c:358: cyclotomic_vectors: check failed: fmpz_equal(out,st==0 ? want : (alias ? old : want))
FAIL tests/test_catalogue.c:356: cyclotomic_vectors: check failed: cyclo_call(inverse,out,&w,x,n)==st | cyclotomic row 1544
FAIL tests/test_catalogue.c:358: cyclotomic_vectors: check failed: fmpz_equal(out,st==0 ? want : (alias ? old : want))
FAIL tests/test_catalogue.c:356: cyclotomic_vectors: check failed: cyclo_call(inverse,out,&w,x,n)==st | cyclotomic row 1545
FAIL tests/test_catalogue.c:358: cyclotomic_vectors: check failed: fmpz_equal(out,st==0 ? want : (alias ? old : want))
FAIL tests/test_catalogue.c:356: cyclotomic_vectors: check failed: cyclo_call(inverse,out,&w,x,n)==st | cyclotomic row 1545
FAIL tests/test_catalogue.c:358: cyclotomic_vectors: check failed: fmpz_equal(out,st==0 ? want : (alias ? old : want))
FAIL tests/test_catalogue.c:356: cyclotomic_vectors: check failed: cyclo_call(inverse,out,&w,x,n)==st | cyclotomic row 1554
FAIL tests/test_catalogue.c:358: cyclotomic_vectors: check failed: fmpz_equal(out,st==0 ? want : (alias ? old : want))
FAIL tests/test_catalogue.c:356: cyclotomic_vectors: check failed: cyclo_call(inverse,out,&w,x,n)==st | cyclotomic row 1554
FAIL tests/test_catalogue.c:358: cyclotomic_vectors: check failed: fmpz_equal(out,st==0 ? want : (alias ? old : want))
FAIL tests/test_catalogue.c:356: cyclotomic_vectors: check failed: cyclo_call(inverse,out,&w,x,n)==st | cyclotomic row 1555
FAIL tests/test_catalogue.c:358: cyclotomic_vectors: check failed: fmpz_equal(out,st==0 ? want : (alias ? old : want))
FAIL tests/test_catalogue.c:356: cyclotomic_vectors: check failed: cyclo_call(inverse,out,&w,x,n)==st | cyclotomic row 1555
FAIL tests/test_catalogue.c:358: cyclotomic_vectors: check failed: fmpz_equal(out,st==0 ? want : (alias ? old : want))
FAIL tests/test_catalogue.c:356: cyclotomic_vectors: check failed: cyclo_call(inverse,out,&w,x,n)==st | cyclotomic row 1584
FAIL tests/test_catalogue.c:358: cyclotomic_vectors: check failed: fmpz_equal(out,st==0 ? want : (alias ? old : want))
FAIL tests/test_catalogue.c:356: cyclotomic_vectors: check failed: cyclo_call(inverse,out,&w,x,n)==st | cyclotomic row 1584
FAIL tests/test_catalogue.c:358: cyclotomic_vectors: check failed: fmpz_equal(out,st==0 ? want : (alias ? old : want))
FAIL tests/test_catalogue.c:356: cyclotomic_vectors: check failed: cyclo_call(inverse,out,&w,x,n)==st | cyclotomic row 1585
FAIL tests/test_catalogue.c:358: cyclotomic_vectors: check failed: fmpz_equal(out,st==0 ? want : (alias ? old : want))
FAIL tests/test_catalogue.c:356: cyclotomic_vectors: check failed: cyclo_call(inverse,out,&w,x,n)==st | cyclotomic row 1585
FAIL tests/test_catalogue.c:358: cyclotomic_vectors: check failed: fmpz_equal(out,st==0 ? want : (alias ? old : want))
FAIL tests/test_catalogue.c:356: cyclotomic_vectors: check failed: cyclo_call(inverse,out,&w,x,n)==st | cyclotomic row 1586
FAIL tests/test_catalogue.c:358: cyclotomic_vectors: check failed: fmpz_equal(out,st==0 ? want : (alias ? old : want))
FAIL tests/test_catalogue.c:356: cyclotomic_vectors: check failed: cyclo_call(inverse,out,&w,x,n)==st | cyclotomic row 1586
FAIL tests/test_catalogue.c:358: cyclotomic_vectors: check failed: fmpz_equal(out,st==0 ? want : (alias ? old : want))
FAIL tests/test_catalogue.c:356: cyclotomic_vectors: check failed: cyclo_call(inverse,out,&w,x,n)==st | cyclotomic row 1587
FAIL tests/test_catalogue.c:358: cyclotomic_vectors: check failed: fmpz_equal(out,st==0 ? want : (alias ? old : want))
FAIL tests/test_catalogue.c:356: cyclotomic_vectors: check failed: cyclo_call(inverse,out,&w,x,n)==st | cyclotomic row 1587
FAIL tests/test_catalogue.c:358: cyclotomic_vectors: check failed: fmpz_equal(out,st==0 ? want : (alias ? old : want))
FAIL tests/test_catalogue.c:356: cyclotomic_vectors: check failed: cyclo_call(inverse,out,&w,x,n)==st | cyclotomic row 1592
FAIL tests/test_catalogue.c:358: cyclotomic_vectors: check failed: fmpz_equal(out,st==0 ? want : (alias ? old : want))
FAIL tests/test_catalogue.c:356: cyclotomic_vectors: check failed: cyclo_call(inverse,out,&w,x,n)==st | cyclotomic row 1592
FAIL tests/test_catalogue.c:358: cyclotomic_vectors: check failed: fmpz_equal(out,st==0 ? want : (alias ? old : want))
FAIL tests/test_catalogue.c:356: cyclotomic_vectors: check failed: cyclo_call(inverse,out,&w,x,n)==st | cyclotomic row 1593
FAIL tests/test_catalogue.c:358: cyclotomic_vectors: check failed: fmpz_equal(out,st==0 ? want : (alias ? old : want))
FAIL tests/test_catalogue.c:356: cyclotomic_vectors: check failed: cyclo_call(inverse,out,&w,x,n)==st | cyclotomic row 1593
FAIL tests/test_catalogue.c:358: cyclotomic_vectors: check failed: fmpz_equal(out,st==0 ? want : (alias ? old : want))
FAIL tests/test_catalogue.c:356: cyclotomic_vectors: check failed: cyclo_call(inverse,out,&w,x,n)==st | cyclotomic row 1602
FAIL tests/test_catalogue.c:358: cyclotomic_vectors: check failed: fmpz_equal(out,st==0 ? want : (alias ? old : want))
FAIL tests/test_catalogue.c:356: cyclotomic_vectors: check failed: cyclo_call(inverse,out,&w,x,n)==st | cyclotomic row 1602
FAIL tests/test_catalogue.c:358: cyclotomic_vectors: check failed: fmpz_equal(out,st==0 ? want : (alias ? old : want))
FAIL tests/test_catalogue.c:356: cyclotomic_vectors: check failed: cyclo_call(inverse,out,&w,x,n)==st | cyclotomic row 1603
FAIL tests/test_catalogue.c:358: cyclotomic_vectors: check failed: fmpz_equal(out,st==0 ? want : (alias ? old : want))
FAIL tests/test_catalogue.c:356: cyclotomic_vectors: check failed: cyclo_call(inverse,out,&w,x,n)==st | cyclotomic row 1603
FAIL tests/test_catalogue.c:358: cyclotomic_vectors: check failed: fmpz_equal(out,st==0 ? want : (alias ? old : want))
FAIL tests/test_catalogue.c:356: cyclotomic_vectors: check failed: cyclo_call(inverse,out,&w,x,n)==st | cyclotomic row 1632
FAIL tests/test_catalogue.c:358: cyclotomic_vectors: check failed: fmpz_equal(out,st==0 ? want : (alias ? old : want))
FAIL tests/test_catalogue.c:356: cyclotomic_vectors: check failed: cyclo_call(inverse,out,&w,x,n)==st | cyclotomic row 1632
FAIL tests/test_catalogue.c:358: cyclotomic_vectors: check failed: fmpz_equal(out,st==0 ? want : (alias ? old : want))
FAIL tests/test_catalogue.c:356: cyclotomic_vectors: check failed: cyclo_call(inverse,out,&w,x,n)==st | cyclotomic row 1633
FAIL tests/test_catalogue.c:358: cyclotomic_vectors: check failed: fmpz_equal(out,st==0 ? want : (alias ? old : want))
FAIL tests/test_catalogue.c:356: cyclotomic_vectors: check failed: cyclo_call(inverse,out,&w,x,n)==st | cyclotomic row 1633
FAIL tests/test_catalogue.c:358: cyclotomic_vectors: check failed: fmpz_equal(out,st==0 ? want : (alias ? old : want))
FAIL tests/test_catalogue.c:356: cyclotomic_vectors: check failed: cyclo_call(inverse,out,&w,x,n)==st | cyclotomic row 1634
FAIL tests/test_catalogue.c:358: cyclotomic_vectors: check failed: fmpz_equal(out,st==0 ? want : (alias ? old : want))
FAIL tests/test_catalogue.c:356: cyclotomic_vectors: check failed: cyclo_call(inverse,out,&w,x,n)==st | cyclotomic row 1634
FAIL tests/test_catalogue.c:358: cyclotomic_vectors: check failed: fmpz_equal(out,st==0 ? want : (alias ? old : want))
FAIL tests/test_catalogue.c:356: cyclotomic_vectors: check failed: cyclo_call(inverse,out,&w,x,n)==st | cyclotomic row 1635
FAIL tests/test_catalogue.c:358: cyclotomic_vectors: check failed: fmpz_equal(out,st==0 ? want : (alias ? old : want))
FAIL tests/test_catalogue.c:356: cyclotomic_vectors: check failed: cyclo_call(inverse,out,&w,x,n)==st | cyclotomic row 1635
FAIL tests/test_catalogue.c:358: cyclotomic_vectors: check failed: fmpz_equal(out,st==0 ? want : (alias ? old : want))
FAIL tests/test_catalogue.c:356: cyclotomic_vectors: check failed: cyclo_call(inverse,out,&w,x,n)==st | cyclotomic row 1652
FAIL tests/test_catalogue.c:358: cyclotomic_vectors: check failed: fmpz_equal(out,st==0 ? want : (alias ? old : want))
FAIL tests/test_catalogue.c:356: cyclotomic_vectors: check failed: cyclo_call(inverse,out,&w,x,n)==st | cyclotomic row 1652
FAIL tests/test_catalogue.c:358: cyclotomic_vectors: check failed: fmpz_equal(out,st==0 ? want : (alias ? old : want))
FAIL tests/test_catalogue.c:356: cyclotomic_vectors: check failed: cyclo_call(inverse,out,&w,x,n)==st | cyclotomic row 1653
FAIL tests/test_catalogue.c:358: cyclotomic_vectors: check failed: fmpz_equal(out,st==0 ? want : (alias ? old : want))
FAIL tests/test_catalogue.c:356: cyclotomic_vectors: check failed: cyclo_call(inverse,out,&w,x,n)==st | cyclotomic row 1653
FAIL tests/test_catalogue.c:358: cyclotomic_vectors: check failed: fmpz_equal(out,st==0 ? want : (alias ? old : want))
FAIL tests/test_catalogue.c:356: cyclotomic_vectors: check failed: cyclo_call(inverse,out,&w,x,n)==st | cyclotomic row 1674
FAIL tests/test_catalogue.c:358: cyclotomic_vectors: check failed: fmpz_equal(out,st==0 ? want : (alias ? old : want))
FAIL tests/test_catalogue.c:356: cyclotomic_vectors: check failed: cyclo_call(inverse,out,&w,x,n)==st | cyclotomic row 1674
FAIL tests/test_catalogue.c:358: cyclotomic_vectors: check failed: fmpz_equal(out,st==0 ? want : (alias ? old : want))
FAIL tests/test_catalogue.c:356: cyclotomic_vectors: check failed: cyclo_call(inverse,out,&w,x,n)==st | cyclotomic row 1675
FAIL tests/test_catalogue.c:358: cyclotomic_vectors: check failed: fmpz_equal(out,st==0 ? want : (alias ? old : want))
FAIL tests/test_catalogue.c:356: cyclotomic_vectors: check failed: cyclo_call(inverse,out,&w,x,n)==st | cyclotomic row 1675
FAIL tests/test_catalogue.c:358: cyclotomic_vectors: check failed: fmpz_equal(out,st==0 ? want : (alias ? old : want))
FAIL tests/test_catalogue.c:356: cyclotomic_vectors: check failed: cyclo_call(inverse,out,&w,x,n)==st | cyclotomic row 1680
FAIL tests/test_catalogue.c:358: cyclotomic_vectors: check failed: fmpz_equal(out,st==0 ? want : (alias ? old : want))
FAIL tests/test_catalogue.c:356: cyclotomic_vectors: check failed: cyclo_call(inverse,out,&w,x,n)==st | cyclotomic row 1680
FAIL tests/test_catalogue.c:358: cyclotomic_vectors: check failed: fmpz_equal(out,st==0 ? want : (alias ? old : want))
FAIL tests/test_catalogue.c:356: cyclotomic_vectors: check failed: cyclo_call(inverse,out,&w,x,n)==st | cyclotomic row 1681
FAIL tests/test_catalogue.c:358: cyclotomic_vectors: check failed: fmpz_equal(out,st==0 ? want : (alias ? old : want))
FAIL tests/test_catalogue.c:356: cyclotomic_vectors: check failed: cyclo_call(inverse,out,&w,x,n)==st | cyclotomic row 1681
FAIL tests/test_catalogue.c:358: cyclotomic_vectors: check failed: fmpz_equal(out,st==0 ? want : (alias ? old : want))
FAIL tests/test_catalogue.c:356: cyclotomic_vectors: check failed: cyclo_call(inverse,out,&w,x,n)==st | cyclotomic row 1682
FAIL tests/test_catalogue.c:358: cyclotomic_vectors: check failed: fmpz_equal(out,st==0 ? want : (alias ? old : want))
FAIL tests/test_catalogue.c:356: cyclotomic_vectors: check failed: cyclo_call(inverse,out,&w,x,n)==st | cyclotomic row 1682
FAIL tests/test_catalogue.c:358: cyclotomic_vectors: check failed: fmpz_equal(out,st==0 ? want : (alias ? old : want))
FAIL tests/test_catalogue.c:356: cyclotomic_vectors: check failed: cyclo_call(inverse,out,&w,x,n)==st | cyclotomic row 1683
FAIL tests/test_catalogue.c:358: cyclotomic_vectors: check failed: fmpz_equal(out,st==0 ? want : (alias ? old : want))
FAIL tests/test_catalogue.c:356: cyclotomic_vectors: check failed: cyclo_call(inverse,out,&w,x,n)==st | cyclotomic row 1683
FAIL tests/test_catalogue.c:358: cyclotomic_vectors: check failed: fmpz_equal(out,st==0 ? want : (alias ? old : want))
FAIL tests/test_catalogue.c:356: cyclotomic_vectors: check failed: cyclo_call(inverse,out,&w,x,n)==st | cyclotomic row 1700
FAIL tests/test_catalogue.c:358: cyclotomic_vectors: check failed: fmpz_equal(out,st==0 ? want : (alias ? old : want))
FAIL tests/test_catalogue.c:356: cyclotomic_vectors: check failed: cyclo_call(inverse,out,&w,x,n)==st | cyclotomic row 1700
FAIL tests/test_catalogue.c:358: cyclotomic_vectors: check failed: fmpz_equal(out,st==0 ? want : (alias ? old : want))
FAIL tests/test_catalogue.c:356: cyclotomic_vectors: check failed: cyclo_call(inverse,out,&w,x,n)==st | cyclotomic row 1701
FAIL tests/test_catalogue.c:358: cyclotomic_vectors: check failed: fmpz_equal(out,st==0 ? want : (alias ? old : want))
FAIL tests/test_catalogue.c:356: cyclotomic_vectors: check failed: cyclo_call(inverse,out,&w,x,n)==st | cyclotomic row 1701
FAIL tests/test_catalogue.c:358: cyclotomic_vectors: check failed: fmpz_equal(out,st==0 ? want : (alias ? old : want))
FAIL tests/test_catalogue.c:356: cyclotomic_vectors: check failed: cyclo_call(inverse,out,&w,x,n)==st | cyclotomic row 1722
FAIL tests/test_catalogue.c:358: cyclotomic_vectors: check failed: fmpz_equal(out,st==0 ? want : (alias ? old : want))
FAIL tests/test_catalogue.c:356: cyclotomic_vectors: check failed: cyclo_call(inverse,out,&w,x,n)==st | cyclotomic row 1722
FAIL tests/test_catalogue.c:358: cyclotomic_vectors: check failed: fmpz_equal(out,st==0 ? want : (alias ? old : want))
FAIL tests/test_catalogue.c:356: cyclotomic_vectors: check failed: cyclo_call(inverse,out,&w,x,n)==st | cyclotomic row 1723
FAIL tests/test_catalogue.c:358: cyclotomic_vectors: check failed: fmpz_equal(out,st==0 ? want : (alias ? old : want))
FAIL tests/test_catalogue.c:356: cyclotomic_vectors: check failed: cyclo_call(inverse,out,&w,x,n)==st | cyclotomic row 1723
FAIL tests/test_catalogue.c:358: cyclotomic_vectors: check failed: fmpz_equal(out,st==0 ? want : (alias ? old : want))
FAIL tests/test_catalogue.c:356: cyclotomic_vectors: check failed: cyclo_call(inverse,out,&w,x,n)==st | cyclotomic row 1728
FAIL tests/test_catalogue.c:358: cyclotomic_vectors: check failed: fmpz_equal(out,st==0 ? want : (alias ? old : want))
FAIL tests/test_catalogue.c:356: cyclotomic_vectors: check failed: cyclo_call(inverse,out,&w,x,n)==st | cyclotomic row 1728
FAIL tests/test_catalogue.c:358: cyclotomic_vectors: check failed: fmpz_equal(out,st==0 ? want : (alias ? old : want))
FAIL tests/test_catalogue.c:356: cyclotomic_vectors: check failed: cyclo_call(inverse,out,&w,x,n)==st | cyclotomic row 1729
FAIL tests/test_catalogue.c:358: cyclotomic_vectors: check failed: fmpz_equal(out,st==0 ? want : (alias ? old : want))
FAIL tests/test_catalogue.c:356: cyclotomic_vectors: check failed: cyclo_call(inverse,out,&w,x,n)==st | cyclotomic row 1729
FAIL tests/test_catalogue.c:358: cyclotomic_vectors: check failed: fmpz_equal(out,st==0 ? want : (alias ? old : want))
FAIL tests/test_catalogue.c:356: cyclotomic_vectors: check failed: cyclo_call(inverse,out,&w,x,n)==st | cyclotomic row 1730
FAIL tests/test_catalogue.c:358: cyclotomic_vectors: check failed: fmpz_equal(out,st==0 ? want : (alias ? old : want))
FAIL tests/test_catalogue.c:356: cyclotomic_vectors: check failed: cyclo_call(inverse,out,&w,x,n)==st | cyclotomic row 1730
FAIL tests/test_catalogue.c:358: cyclotomic_vectors: check failed: fmpz_equal(out,st==0 ? want : (alias ? old : want))
FAIL tests/test_catalogue.c:356: cyclotomic_vectors: check failed: cyclo_call(inverse,out,&w,x,n)==st | cyclotomic row 1731
FAIL tests/test_catalogue.c:358: cyclotomic_vectors: check failed: fmpz_equal(out,st==0 ? want : (alias ? old : want))
FAIL tests/test_catalogue.c:356: cyclotomic_vectors: check failed: cyclo_call(inverse,out,&w,x,n)==st | cyclotomic row 1731
FAIL tests/test_catalogue.c:358: cyclotomic_vectors: check failed: fmpz_equal(out,st==0 ? want : (alias ? old : want))
FAIL tests/test_catalogue.c:356: cyclotomic_vectors: check failed: cyclo_call(inverse,out,&w,x,n)==st | cyclotomic row 1748
FAIL tests/test_catalogue.c:358: cyclotomic_vectors: check failed: fmpz_equal(out,st==0 ? want : (alias ? old : want))
FAIL tests/test_catalogue.c:356: cyclotomic_vectors: check failed: cyclo_call(inverse,out,&w,x,n)==st | cyclotomic row 1748
FAIL tests/test_catalogue.c:358: cyclotomic_vectors: check failed: fmpz_equal(out,st==0 ? want : (alias ? old : want))
FAIL tests/test_catalogue.c:356: cyclotomic_vectors: check failed: cyclo_call(inverse,out,&w,x,n)==st | cyclotomic row 1749
FAIL tests/test_catalogue.c:358: cyclotomic_vectors: check failed: fmpz_equal(out,st==0 ? want : (alias ? old : want))
FAIL tests/test_catalogue.c:356: cyclotomic_vectors: check failed: cyclo_call(inverse,out,&w,x,n)==st | cyclotomic row 1749
FAIL tests/test_catalogue.c:358: cyclotomic_vectors: check failed: fmpz_equal(out,st==0 ? want : (alias ? old : want))
FAIL tests/test_catalogue.c:356: cyclotomic_vectors: check failed: cyclo_call(inverse,out,&w,x,n)==st | cyclotomic row 1770
FAIL tests/test_catalogue.c:358: cyclotomic_vectors: check failed: fmpz_equal(out,st==0 ? want : (alias ? old : want))
FAIL tests/test_catalogue.c:356: cyclotomic_vectors: check failed: cyclo_call(inverse,out,&w,x,n)==st | cyclotomic row 1770
FAIL tests/test_catalogue.c:358: cyclotomic_vectors: check failed: fmpz_equal(out,st==0 ? want : (alias ? old : want))
FAIL tests/test_catalogue.c:356: cyclotomic_vectors: check failed: cyclo_call(inverse,out,&w,x,n)==st | cyclotomic row 1771
FAIL tests/test_catalogue.c:358: cyclotomic_vectors: check failed: fmpz_equal(out,st==0 ? want : (alias ? old : want))
FAIL tests/test_catalogue.c:356: cyclotomic_vectors: check failed: cyclo_call(inverse,out,&w,x,n)==st | cyclotomic row 1771
FAIL tests/test_catalogue.c:358: cyclotomic_vectors: check failed: fmpz_equal(out,st==0 ? want : (alias ? old : want))
FAIL tests/test_catalogue.c:356: cyclotomic_vectors: check failed: cyclo_call(inverse,out,&w,x,n)==st | cyclotomic row 1776
FAIL tests/test_catalogue.c:358: cyclotomic_vectors: check failed: fmpz_equal(out,st==0 ? want : (alias ? old : want))
FAIL tests/test_catalogue.c:356: cyclotomic_vectors: check failed: cyclo_call(inverse,out,&w,x,n)==st | cyclotomic row 1776
FAIL tests/test_catalogue.c:358: cyclotomic_vectors: check failed: fmpz_equal(out,st==0 ? want : (alias ? old : want))
FAIL tests/test_catalogue.c:356: cyclotomic_vectors: check failed: cyclo_call(inverse,out,&w,x,n)==st | cyclotomic row 1777
FAIL tests/test_catalogue.c:358: cyclotomic_vectors: check failed: fmpz_equal(out,st==0 ? want : (alias ? old : want))
FAIL tests/test_catalogue.c:356: cyclotomic_vectors: check failed: cyclo_call(inverse,out,&w,x,n)==st | cyclotomic row 1777
FAIL tests/test_catalogue.c:358: cyclotomic_vectors: check failed: fmpz_equal(out,st==0 ? want : (alias ? old : want))
FAIL tests/test_catalogue.c:356: cyclotomic_vectors: check failed: cyclo_call(inverse,out,&w,x,n)==st | cyclotomic row 1778
FAIL tests/test_catalogue.c:358: cyclotomic_vectors: check failed: fmpz_equal(out,st==0 ? want : (alias ? old : want))
FAIL tests/test_catalogue.c:356: cyclotomic_vectors: check failed: cyclo_call(inverse,out,&w,x,n)==st | cyclotomic row 1778
FAIL tests/test_catalogue.c:358: cyclotomic_vectors: check failed: fmpz_equal(out,st==0 ? want : (alias ? old : want))
FAIL tests/test_catalogue.c:356: cyclotomic_vectors: check failed: cyclo_call(inverse,out,&w,x,n)==st | cyclotomic row 1779
FAIL tests/test_catalogue.c:358: cyclotomic_vectors: check failed: fmpz_equal(out,st==0 ? want : (alias ? old : want))
FAIL tests/test_catalogue.c:356: cyclotomic_vectors: check failed: cyclo_call(inverse,out,&w,x,n)==st | cyclotomic row 1779
FAIL tests/test_catalogue.c:358: cyclotomic_vectors: check failed: fmpz_equal(out,st==0 ? want : (alias ? old : want))
FAIL tests/test_catalogue.c:356: cyclotomic_vectors: check failed: cyclo_call(inverse,out,&w,x,n)==st | cyclotomic row 1796
FAIL tests/test_catalogue.c:358: cyclotomic_vectors: check failed: fmpz_equal(out,st==0 ? want : (alias ? old : want))
FAIL tests/test_catalogue.c:356: cyclotomic_vectors: check failed: cyclo_call(inverse,out,&w,x,n)==st | cyclotomic row 1796
FAIL tests/test_catalogue.c:358: cyclotomic_vectors: check failed: fmpz_equal(out,st==0 ? want : (alias ? old : want))
FAIL tests/test_catalogue.c:356: cyclotomic_vectors: check failed: cyclo_call(inverse,out,&w,x,n)==st | cyclotomic row 1797
FAIL tests/test_catalogue.c:358: cyclotomic_vectors: check failed: fmpz_equal(out,st==0 ? want : (alias ? old : want))
FAIL tests/test_catalogue.c:356: cyclotomic_vectors: check failed: cyclo_call(inverse,out,&w,x,n)==st | cyclotomic row 1797
FAIL tests/test_catalogue.c:358: cyclotomic_vectors: check failed: fmpz_equal(out,st==0 ? want : (alias ? old : want))
FAIL tests/test_catalogue.c:356: cyclotomic_vectors: check failed: cyclo_call(inverse,out,&w,x,n)==st | cyclotomic row 1818
FAIL tests/test_catalogue.c:358: cyclotomic_vectors: check failed: fmpz_equal(out,st==0 ? want : (alias ? old : want))
FAIL tests/test_catalogue.c:356: cyclotomic_vectors: check failed: cyclo_call(inverse,out,&w,x,n)==st | cyclotomic row 1818
FAIL tests/test_catalogue.c:358: cyclotomic_vectors: check failed: fmpz_equal(out,st==0 ? want : (alias ? old : want))
FAIL tests/test_catalogue.c:356: cyclotomic_vectors: check failed: cyclo_call(inverse,out,&w,x,n)==st | cyclotomic row 1819
FAIL tests/test_catalogue.c:358: cyclotomic_vectors: check failed: fmpz_equal(out,st==0 ? want : (alias ? old : want))
FAIL tests/test_catalogue.c:356: cyclotomic_vectors: check failed: cyclo_call(inverse,out,&w,x,n)==st | cyclotomic row 1819
FAIL tests/test_catalogue.c:358: cyclotomic_vectors: check failed: fmpz_equal(out,st==0 ? want : (alias ? old : want))
FAIL tests/test_catalogue.c:356: cyclotomic_vectors: check failed: cyclo_call(inverse,out,&w,x,n)==st | cyclotomic row 1824
FAIL tests/test_catalogue.c:358: cyclotomic_vectors: check failed: fmpz_equal(out,st==0 ? want : (alias ? old : want))
FAIL tests/test_catalogue.c:356: cyclotomic_vectors: check failed: cyclo_call(inverse,out,&w,x,n)==st | cyclotomic row 1824
FAIL tests/test_catalogue.c:358: cyclotomic_vectors: check failed: fmpz_equal(out,st==0 ? want : (alias ? old : want))
FAIL tests/test_catalogue.c:356: cyclotomic_vectors: check failed: cyclo_call(inverse,out,&w,x,n)==st | cyclotomic row 1825
FAIL tests/test_catalogue.c:358: cyclotomic_vectors: check failed: fmpz_equal(out,st==0 ? want : (alias ? old : want))
FAIL tests/test_catalogue.c:356: cyclotomic_vectors: check failed: cyclo_call(inverse,out,&w,x,n)==st | cyclotomic row 1825
FAIL tests/test_catalogue.c:358: cyclotomic_vectors: check failed: fmpz_equal(out,st==0 ? want : (alias ? old : want))
FAIL tests/test_catalogue.c:356: cyclotomic_vectors: check failed: cyclo_call(inverse,out,&w,x,n)==st | cyclotomic row 1826
FAIL tests/test_catalogue.c:358: cyclotomic_vectors: check failed: fmpz_equal(out,st==0 ? want : (alias ? old : want))
FAIL tests/test_catalogue.c:356: cyclotomic_vectors: check failed: cyclo_call(inverse,out,&w,x,n)==st | cyclotomic row 1826
FAIL tests/test_catalogue.c:358: cyclotomic_vectors: check failed: fmpz_equal(out,st==0 ? want : (alias ? old : want))
FAIL tests/test_catalogue.c:356: cyclotomic_vectors: check failed: cyclo_call(inverse,out,&w,x,n)==st | cyclotomic row 1827
FAIL tests/test_catalogue.c:358: cyclotomic_vectors: check failed: fmpz_equal(out,st==0 ? want : (alias ? old : want))
FAIL tests/test_catalogue.c:356: cyclotomic_vectors: check failed: cyclo_call(inverse,out,&w,x,n)==st | cyclotomic row 1827
FAIL tests/test_catalogue.c:358: cyclotomic_vectors: check failed: fmpz_equal(out,st==0 ? want : (alias ? old : want))
FAIL tests/test_catalogue.c:356: cyclotomic_vectors: check failed: cyclo_call(inverse,out,&w,x,n)==st | cyclotomic row 1844
FAIL tests/test_catalogue.c:358: cyclotomic_vectors: check failed: fmpz_equal(out,st==0 ? want : (alias ? old : want))
FAIL tests/test_catalogue.c:356: cyclotomic_vectors: check failed: cyclo_call(inverse,out,&w,x,n)==st | cyclotomic row 1844
FAIL tests/test_catalogue.c:358: cyclotomic_vectors: check failed: fmpz_equal(out,st==0 ? want : (alias ? old : want))
FAIL tests/test_catalogue.c:356: cyclotomic_vectors: check failed: cyclo_call(inverse,out,&w,x,n)==st | cyclotomic row 1845
FAIL tests/test_catalogue.c:358: cyclotomic_vectors: check failed: fmpz_equal(out,st==0 ? want : (alias ? old : want))
FAIL tests/test_catalogue.c:356: cyclotomic_vectors: check failed: cyclo_call(inverse,out,&w,x,n)==st | cyclotomic row 1845
FAIL tests/test_catalogue.c:358: cyclotomic_vectors: check failed: fmpz_equal(out,st==0 ? want : (alias ? old : want))
FAIL tests/test_catalogue.c:356: cyclotomic_vectors: check failed: cyclo_call(inverse,out,&w,x,n)==st | cyclotomic row 1866
FAIL tests/test_catalogue.c:358: cyclotomic_vectors: check failed: fmpz_equal(out,st==0 ? want : (alias ? old : want))
FAIL tests/test_catalogue.c:356: cyclotomic_vectors: check failed: cyclo_call(inverse,out,&w,x,n)==st | cyclotomic row 1866
FAIL tests/test_catalogue.c:358: cyclotomic_vectors: check failed: fmpz_equal(out,st==0 ? want : (alias ? old : want))
FAIL tests/test_catalogue.c:356: cyclotomic_vectors: check failed: cyclo_call(inverse,out,&w,x,n)==st | cyclotomic row 1867
FAIL tests/test_catalogue.c:358: cyclotomic_vectors: check failed: fmpz_equal(out,st==0 ? want : (alias ? old : want))
FAIL tests/test_catalogue.c:356: cyclotomic_vectors: check failed: cyclo_call(inverse,out,&w,x,n)==st | cyclotomic row 1867
FAIL tests/test_catalogue.c:358: cyclotomic_vectors: check failed: fmpz_equal(out,st==0 ? want : (alias ? old : want))
FAIL tests/test_catalogue.c:356: cyclotomic_vectors: check failed: cyclo_call(inverse,out,&w,x,n)==st | cyclotomic row 1872
FAIL tests/test_catalogue.c:358: cyclotomic_vectors: check failed: fmpz_equal(out,st==0 ? want : (alias ? old : want))
FAIL tests/test_catalogue.c:356: cyclotomic_vectors: check failed: cyclo_call(inverse,out,&w,x,n)==st | cyclotomic row 1872
FAIL tests/test_catalogue.c:358: cyclotomic_vectors: check failed: fmpz_equal(out,st==0 ? want : (alias ? old : want))
FAIL tests/test_catalogue.c:356: cyclotomic_vectors: check failed: cyclo_call(inverse,out,&w,x,n)==st | cyclotomic row 1873
FAIL tests/test_catalogue.c:358: cyclotomic_vectors: check failed: fmpz_equal(out,st==0 ? want : (alias ? old : want))
FAIL tests/test_catalogue.c:356: cyclotomic_vectors: check failed: cyclo_call(inverse,out,&w,x,n)==st | cyclotomic row 1873
FAIL tests/test_catalogue.c:358: cyclotomic_vectors: check failed: fmpz_equal(out,st==0 ? want : (alias ? old : want))
FAIL tests/test_catalogue.c:356: cyclotomic_vectors: check failed: cyclo_call(inverse,out,&w,x,n)==st | cyclotomic row 1874
FAIL tests/test_catalogue.c:358: cyclotomic_vectors: check failed: fmpz_equal(out,st==0 ? want : (alias ? old : want))
FAIL tests/test_catalogue.c:356: cyclotomic_vectors: check failed: cyclo_call(inverse,out,&w,x,n)==st | cyclotomic row 1874
FAIL tests/test_catalogue.c:358: cyclotomic_vectors: check failed: fmpz_equal(out,st==0 ? want : (alias ? old : want))
FAIL tests/test_catalogue.c:356: cyclotomic_vectors: check failed: cyclo_call(inverse,out,&w,x,n)==st | cyclotomic row 1875
FAIL tests/test_catalogue.c:358: cyclotomic_vectors: check failed: fmpz_equal(out,st==0 ? want : (alias ? old : want))
FAIL tests/test_catalogue.c:356: cyclotomic_vectors: check failed: cyclo_call(inverse,out,&w,x,n)==st | cyclotomic row 1875
FAIL tests/test_catalogue.c:358: cyclotomic_vectors: check failed: fmpz_equal(out,st==0 ? want : (alias ? old : want))
FAIL tests/test_catalogue.c:356: cyclotomic_vectors: check failed: cyclo_call(inverse,out,&w,x,n)==st | cyclotomic row 1892
FAIL tests/test_catalogue.c:358: cyclotomic_vectors: check failed: fmpz_equal(out,st==0 ? want : (alias ? old : want))
FAIL tests/test_catalogue.c:356: cyclotomic_vectors: check failed: cyclo_call(inverse,out,&w,x,n)==st | cyclotomic row 1892
FAIL tests/test_catalogue.c:358: cyclotomic_vectors: check failed: fmpz_equal(out,st==0 ? want : (alias ? old : want))
FAIL tests/test_catalogue.c:356: cyclotomic_vectors: check failed: cyclo_call(inverse,out,&w,x,n)==st | cyclotomic row 1893
FAIL tests/test_catalogue.c:358: cyclotomic_vectors: check failed: fmpz_equal(out,st==0 ? want : (alias ? old : want))
FAIL tests/test_catalogue.c:356: cyclotomic_vectors: check failed: cyclo_call(inverse,out,&w,x,n)==st | cyclotomic row 1893
FAIL tests/test_catalogue.c:358: cyclotomic_vectors: check failed: fmpz_equal(out,st==0 ? want : (alias ? old : want))
FAIL tests/test_catalogue.c:356: cyclotomic_vectors: check failed: cyclo_call(inverse,out,&w,x,n)==st | cyclotomic row 1914
FAIL tests/test_catalogue.c:358: cyclotomic_vectors: check failed: fmpz_equal(out,st==0 ? want : (alias ? old : want))
FAIL tests/test_catalogue.c:356: cyclotomic_vectors: check failed: cyclo_call(inverse,out,&w,x,n)==st | cyclotomic row 1914
FAIL tests/test_catalogue.c:358: cyclotomic_vectors: check failed: fmpz_equal(out,st==0 ? want : (alias ? old : want))
FAIL tests/test_catalogue.c:356: cyclotomic_vectors: check failed: cyclo_call(inverse,out,&w,x,n)==st | cyclotomic row 1915
FAIL tests/test_catalogue.c:358: cyclotomic_vectors: check failed: fmpz_equal(out,st==0 ? want : (alias ? old : want))
FAIL tests/test_catalogue.c:356: cyclotomic_vectors: check failed: cyclo_call(inverse,out,&w,x,n)==st | cyclotomic row 1915
FAIL tests/test_catalogue.c:358: cyclotomic_vectors: check failed: fmpz_equal(out,st==0 ? want : (alias ? old : want))
FAIL tests/test_catalogue.c:356: cyclotomic_vectors: check failed: cyclo_call(inverse,out,&w,x,n)==st | cyclotomic row 1920
FAIL tests/test_catalogue.c:358: cyclotomic_vectors: check failed: fmpz_equal(out,st==0 ? want : (alias ? old : want))
FAIL tests/test_catalogue.c:356: cyclotomic_vectors: check failed: cyclo_call(inverse,out,&w,x,n)==st | cyclotomic row 1920
FAIL tests/test_catalogue.c:358: cyclotomic_vectors: check failed: fmpz_equal(out,st==0 ? want : (alias ? old : want))
FAIL tests/test_catalogue.c:356: cyclotomic_vectors: check failed: cyclo_call(inverse,out,&w,x,n)==st | cyclotomic row 1921
FAIL tests/test_catalogue.c:358: cyclotomic_vectors: check failed: fmpz_equal(out,st==0 ? want : (alias ? old : want))
FAIL tests/test_catalogue.c:356: cyclotomic_vectors: check failed: cyclo_call(inverse,out,&w,x,n)==st | cyclotomic row 1921
FAIL tests/test_catalogue.c:358: cyclotomic_vectors: check failed: fmpz_equal(out,st==0 ? want : (alias ? old : want))
FAIL tests/test_catalogue.c:356: cyclotomic_vectors: check failed: cyclo_call(inverse,out,&w,x,n)==st | cyclotomic row 1922
FAIL tests/test_catalogue.c:358: cyclotomic_vectors: check failed: fmpz_equal(out,st==0 ? want : (alias ? old : want))
FAIL tests/test_catalogue.c:356: cyclotomic_vectors: check failed: cyclo_call(inverse,out,&w,x,n)==st | cyclotomic row 1922
FAIL tests/test_catalogue.c:358: cyclotomic_vectors: check failed: fmpz_equal(out,st==0 ? want : (alias ? old : want))
FAIL tests/test_catalogue.c:356: cyclotomic_vectors: check failed: cyclo_call(inverse,out,&w,x,n)==st | cyclotomic row 1923
FAIL tests/test_catalogue.c:358: cyclotomic_vectors: check failed: fmpz_equal(out,st==0 ? want : (alias ? old : want))
FAIL tests/test_catalogue.c:356: cyclotomic_vectors: check failed: cyclo_call(inverse,out,&w,x,n)==st | cyclotomic row 1923
FAIL tests/test_catalogue.c:358: cyclotomic_vectors: check failed: fmpz_equal(out,st==0 ? want : (alias ? old : want))
FAIL tests/test_catalogue.c:356: cyclotomic_vectors: check failed: cyclo_call(inverse,out,&w,x,n)==st | cyclotomic row 1940
FAIL tests/test_catalogue.c:358: cyclotomic_vectors: check failed: fmpz_equal(out,st==0 ? want : (alias ? old : want))
FAIL tests/test_catalogue.c:356: cyclotomic_vectors: check failed: cyclo_call(inverse,out,&w,x,n)==st | cyclotomic row 1940
FAIL tests/test_catalogue.c:358: cyclotomic_vectors: check failed: fmpz_equal(out,st==0 ? want : (alias ? old : want))
FAIL tests/test_catalogue.c:356: cyclotomic_vectors: check failed: cyclo_call(inverse,out,&w,x,n)==st | cyclotomic row 1941
FAIL tests/test_catalogue.c:358: cyclotomic_vectors: check failed: fmpz_equal(out,st==0 ? want : (alias ? old : want))
FAIL tests/test_catalogue.c:356: cyclotomic_vectors: check failed: cyclo_call(inverse,out,&w,x,n)==st | cyclotomic row 1941
FAIL tests/test_catalogue.c:358: cyclotomic_vectors: check failed: fmpz_equal(out,st==0 ? want : (alias ? old : want))
FAIL tests/test_catalogue.c:356: cyclotomic_vectors: check failed: cyclo_call(inverse,out,&w,x,n)==st | cyclotomic row 1962
FAIL tests/test_catalogue.c:358: cyclotomic_vectors: check failed: fmpz_equal(out,st==0 ? want : (alias ? old : want))
FAIL tests/test_catalogue.c:356: cyclotomic_vectors: check failed: cyclo_call(inverse,out,&w,x,n)==st | cyclotomic row 1962
FAIL tests/test_catalogue.c:358: cyclotomic_vectors: check failed: fmpz_equal(out,st==0 ? want : (alias ? old : want))
FAIL tests/test_catalogue.c:356: cyclotomic_vectors: check failed: cyclo_call(inverse,out,&w,x,n)==st | cyclotomic row 1963
FAIL tests/test_catalogue.c:358: cyclotomic_vectors: check failed: fmpz_equal(out,st==0 ? want : (alias ? old : want))
FAIL tests/test_catalogue.c:356: cyclotomic_vectors: check failed: cyclo_call(inverse,out,&w,x,n)==st | cyclotomic row 1963
FAIL tests/test_catalogue.c:358: cyclotomic_vectors: check failed: fmpz_equal(out,st==0 ? want : (alias ? old : want))
FAIL tests/test_catalogue.c:356: cyclotomic_vectors: check failed: cyclo_call(inverse,out,&w,x,n)==st | cyclotomic row 1968
FAIL tests/test_catalogue.c:358: cyclotomic_vectors: check failed: fmpz_equal(out,st==0 ? want : (alias ? old : want))
FAIL tests/test_catalogue.c:356: cyclotomic_vectors: check failed: cyclo_call(inverse,out,&w,x,n)==st | cyclotomic row 1968
FAIL tests/test_catalogue.c:358: cyclotomic_vectors: check failed: fmpz_equal(out,st==0 ? want : (alias ? old : want))
FAIL tests/test_catalogue.c:356: cyclotomic_vectors: check failed: cyclo_call(inverse,out,&w,x,n)==st | cyclotomic row 1969
FAIL tests/test_catalogue.c:358: cyclotomic_vectors: check failed: fmpz_equal(out,st==0 ? want : (alias ? old : want))
FAIL tests/test_catalogue.c:356: cyclotomic_vectors: check failed: cyclo_call(inverse,out,&w,x,n)==st | cyclotomic row 1969
FAIL tests/test_catalogue.c:358: cyclotomic_vectors: check failed: fmpz_equal(out,st==0 ? want : (alias ? old : want))
FAIL tests/test_catalogue.c:356: cyclotomic_vectors: check failed: cyclo_call(inverse,out,&w,x,n)==st | cyclotomic row 1970
FAIL tests/test_catalogue.c:358: cyclotomic_vectors: check failed: fmpz_equal(out,st==0 ? want : (alias ? old : want))
FAIL tests/test_catalogue.c:356: cyclotomic_vectors: check failed: cyclo_call(inverse,out,&w,x,n)==st | cyclotomic row 1970
FAIL tests/test_catalogue.c:358: cyclotomic_vectors: check failed: fmpz_equal(out,st==0 ? want : (alias ? old : want))
FAIL tests/test_catalogue.c:356: cyclotomic_vectors: check failed: cyclo_call(inverse,out,&w,x,n)==st | cyclotomic row 1971
FAIL tests/test_catalogue.c:358: cyclotomic_vectors: check failed: fmpz_equal(out,st==0 ? want : (alias ? old : want))
FAIL tests/test_catalogue.c:356: cyclotomic_vectors: check failed: cyclo_call(inverse,out,&w,x,n)==st | cyclotomic row 1971
FAIL tests/test_catalogue.c:358: cyclotomic_vectors: check failed: fmpz_equal(out,st==0 ? want : (alias ? old : want))
FAIL tests/test_catalogue.c:356: cyclotomic_vectors: check failed: cyclo_call(inverse,out,&w,x,n)==st | cyclotomic row 1988
FAIL tests/test_catalogue.c:358: cyclotomic_vectors: check failed: fmpz_equal(out,st==0 ? want : (alias ? old : want))
FAIL tests/test_catalogue.c:356: cyclotomic_vectors: check failed: cyclo_call(inverse,out,&w,x,n)==st | cyclotomic row 1988
FAIL tests/test_catalogue.c:358: cyclotomic_vectors: check failed: fmpz_equal(out,st==0 ? want : (alias ? old : want))
FAIL tests/test_catalogue.c:356: cyclotomic_vectors: check failed: cyclo_call(inverse,out,&w,x,n)==st | cyclotomic row 1989
FAIL tests/test_catalogue.c:358: cyclotomic_vectors: check failed: fmpz_equal(out,st==0 ? want : (alias ? old : want))
FAIL tests/test_catalogue.c:356: cyclotomic_vectors: check failed: cyclo_call(inverse,out,&w,x,n)==st | cyclotomic row 1989
FAIL tests/test_catalogue.c:358: cyclotomic_vectors: check failed: fmpz_equal(out,st==0 ? want : (alias ? old : want))
FAIL tests/test_catalogue.c:356: cyclotomic_vectors: check failed: cyclo_call(inverse,out,&w,x,n)==st | cyclotomic row 2010
FAIL tests/test_catalogue.c:358: cyclotomic_vectors: check failed: fmpz_equal(out,st==0 ? want : (alias ? old : want))
FAIL tests/test_catalogue.c:356: cyclotomic_vectors: check failed: cyclo_call(inverse,out,&w,x,n)==st | cyclotomic row 2010
FAIL tests/test_catalogue.c:358: cyclotomic_vectors: check failed: fmpz_equal(out,st==0 ? want : (alias ? old : want))
FAIL tests/test_catalogue.c:356: cyclotomic_vectors: check failed: cyclo_call(inverse,out,&w,x,n)==st | cyclotomic row 2011
FAIL tests/test_catalogue.c:358: cyclotomic_vectors: check failed: fmpz_equal(out,st==0 ? want : (alias ? old : want))
FAIL tests/test_catalogue.c:356: cyclotomic_vectors: check failed: cyclo_call(inverse,out,&w,x,n)==st | cyclotomic row 2011
FAIL tests/test_catalogue.c:358: cyclotomic_vectors: check failed: fmpz_equal(out,st==0 ? want : (alias ? old : want))
FAIL tests/test_catalogue.c:356: cyclotomic_vectors: check failed: cyclo_call(inverse,out,&w,x,n)==st | cyclotomic row 2016
FAIL tests/test_catalogue.c:358: cyclotomic_vectors: check failed: fmpz_equal(out,st==0 ? want : (alias ? old : want))
FAIL tests/test_catalogue.c:356: cyclotomic_vectors: check failed: cyclo_call(inverse,out,&w,x,n)==st | cyclotomic row 2016
FAIL tests/test_catalogue.c:358: cyclotomic_vectors: check failed: fmpz_equal(out,st==0 ? want : (alias ? old : want))
FAIL tests/test_catalogue.c:356: cyclotomic_vectors: check failed: cyclo_call(inverse,out,&w,x,n)==st | cyclotomic row 2017
FAIL tests/test_catalogue.c:358: cyclotomic_vectors: check failed: fmpz_equal(out,st==0 ? want : (alias ? old : want))
FAIL tests/test_catalogue.c:356: cyclotomic_vectors: check failed: cyclo_call(inverse,out,&w,x,n)==st | cyclotomic row 2017
FAIL tests/test_catalogue.c:358: cyclotomic_vectors: check failed: fmpz_equal(out,st==0 ? want : (alias ? old : want))
FAIL tests/test_catalogue.c:356: cyclotomic_vectors: check failed: cyclo_call(inverse,out,&w,x,n)==st | cyclotomic row 2018
FAIL tests/test_catalogue.c:358: cyclotomic_vectors: check failed: fmpz_equal(out,st==0 ? want : (alias ? old : want))
FAIL tests/test_catalogue.c:356: cyclotomic_vectors: check failed: cyclo_call(inverse,out,&w,x,n)==st | cyclotomic row 2018
FAIL tests/test_catalogue.c:358: cyclotomic_vectors: check failed: fmpz_equal(out,st==0 ? want : (alias ? old : want))
FAIL tests/test_catalogue.c:356: cyclotomic_vectors: check failed: cyclo_call(inverse,out,&w,x,n)==st | cyclotomic row 2019
FAIL tests/test_catalogue.c:358: cyclotomic_vectors: check failed: fmpz_equal(out,st==0 ? want : (alias ? old : want))
FAIL tests/test_catalogue.c:356: cyclotomic_vectors: check failed: cyclo_call(inverse,out,&w,x,n)==st | cyclotomic row 2019
FAIL tests/test_catalogue.c:358: cyclotomic_vectors: check failed: fmpz_equal(out,st==0 ? want : (alias ? old : want))
FAIL tests/test_catalogue.c:356: cyclotomic_vectors: check failed: cyclo_call(inverse,out,&w,x,n)==st | cyclotomic row 2036
FAIL tests/test_catalogue.c:358: cyclotomic_vectors: check failed: fmpz_equal(out,st==0 ? want : (alias ? old : want))
FAIL tests/test_catalogue.c:356: cyclotomic_vectors: check failed: cyclo_call(inverse,out,&w,x,n)==st | cyclotomic row 2036
FAIL tests/test_catalogue.c:358: cyclotomic_vectors: check failed: fmpz_equal(out,st==0 ? want : (alias ? old : want))
FAIL tests/test_catalogue.c:356: cyclotomic_vectors: check failed: cyclo_call(inverse,out,&w,x,n)==st | cyclotomic row 2037
FAIL tests/test_catalogue.c:358: cyclotomic_vectors: check failed: fmpz_equal(out,st==0 ? want : (alias ? old : want))
FAIL tests/test_catalogue.c:356: cyclotomic_vectors: check failed: cyclo_call(inverse,out,&w,x,n)==st | cyclotomic row 2037
FAIL tests/test_catalogue.c:358: cyclotomic_vectors: check failed: fmpz_equal(out,st==0 ? want : (alias ? old : want))
FAIL tests/test_catalogue.c:356: cyclotomic_vectors: check failed: cyclo_call(inverse,out,&w,x,n)==st | cyclotomic row 2058
FAIL tests/test_catalogue.c:358: cyclotomic_vectors: check failed: fmpz_equal(out,st==0 ? want : (alias ? old : want))
FAIL tests/test_catalogue.c:356: cyclotomic_vectors: check failed: cyclo_call(inverse,out,&w,x,n)==st | cyclotomic row 2058
FAIL tests/test_catalogue.c:358: cyclotomic_vectors: check failed: fmpz_equal(out,st==0 ? want : (alias ? old : want))
FAIL tests/test_catalogue.c:356: cyclotomic_vectors: check failed: cyclo_call(inverse,out,&w,x,n)==st | cyclotomic row 2059
FAIL tests/test_catalogue.c:358: cyclotomic_vectors: check failed: fmpz_equal(out,st==0 ? want : (alias ? old : want))
FAIL tests/test_catalogue.c:356: cyclotomic_vectors: check failed: cyclo_call(inverse,out,&w,x,n)==st | cyclotomic row 2059
FAIL tests/test_catalogue.c:358: cyclotomic_vectors: check failed: fmpz_equal(out,st==0 ? want : (alias ? old : want))
FAIL tests/test_catalogue.c:356: cyclotomic_vectors: check failed: cyclo_call(inverse,out,&w,x,n)==st | cyclotomic row 2064
FAIL tests/test_catalogue.c:358: cyclotomic_vectors: check failed: fmpz_equal(out,st==0 ? want : (alias ? old : want))
FAIL tests/test_catalogue.c:356: cyclotomic_vectors: check failed: cyclo_call(inverse,out,&w,x,n)==st | cyclotomic row 2064
FAIL tests/test_catalogue.c:358: cyclotomic_vectors: check failed: fmpz_equal(out,st==0 ? want : (alias ? old : want))
FAIL tests/test_catalogue.c:356: cyclotomic_vectors: check failed: cyclo_call(inverse,out,&w,x,n)==st | cyclotomic row 2065
FAIL tests/test_catalogue.c:358: cyclotomic_vectors: check failed: fmpz_equal(out,st==0 ? want : (alias ? old : want))
FAIL tests/test_catalogue.c:356: cyclotomic_vectors: check failed: cyclo_call(inverse,out,&w,x,n)==st | cyclotomic row 2065
FAIL tests/test_catalogue.c:358: cyclotomic_vectors: check failed: fmpz_equal(out,st==0 ? want : (alias ? old : want))
FAIL tests/test_catalogue.c:356: cyclotomic_vectors: check failed: cyclo_call(inverse,out,&w,x,n)==st | cyclotomic row 2066
FAIL tests/test_catalogue.c:358: cyclotomic_vectors: check failed: fmpz_equal(out,st==0 ? want : (alias ? old : want))
FAIL tests/test_catalogue.c:356: cyclotomic_vectors: check failed: cyclo_call(inverse,out,&w,x,n)==st | cyclotomic row 2066
FAIL tests/test_catalogue.c:358: cyclotomic_vectors: check failed: fmpz_equal(out,st==0 ? want : (alias ? old : want))
FAIL tests/test_catalogue.c:356: cyclotomic_vectors: check failed: cyclo_call(inverse,out,&w,x,n)==st | cyclotomic row 2067
FAIL tests/test_catalogue.c:358: cyclotomic_vectors: check failed: fmpz_equal(out,st==0 ? want : (alias ? old : want))
FAIL tests/test_catalogue.c:356: cyclotomic_vectors: check failed: cyclo_call(inverse,out,&w,x,n)==st | cyclotomic row 2067
FAIL tests/test_catalogue.c:358: cyclotomic_vectors: check failed: fmpz_equal(out,st==0 ? want : (alias ? old : want))
FAIL tests/test_catalogue.c:356: cyclotomic_vectors: check failed: cyclo_call(inverse,out,&w,x,n)==st | cyclotomic row 2084
FAIL tests/test_catalogue.c:358: cyclotomic_vectors: check failed: fmpz_equal(out,st==0 ? want : (alias ? old : want))
FAIL tests/test_catalogue.c:356: cyclotomic_vectors: check failed: cyclo_call(inverse,out,&w,x,n)==st | cyclotomic row 2084
FAIL tests/test_catalogue.c:358: cyclotomic_vectors: check failed: fmpz_equal(out,st==0 ? want : (alias ? old : want))
FAIL tests/test_catalogue.c:356: cyclotomic_vectors: check failed: cyclo_call(inverse,out,&w,x,n)==st | cyclotomic row 2085
FAIL tests/test_catalogue.c:358: cyclotomic_vectors: check failed: fmpz_equal(out,st==0 ? want : (alias ? old : want))
FAIL tests/test_catalogue.c:356: cyclotomic_vectors: check failed: cyclo_call(inverse,out,&w,x,n)==st | cyclotomic row 2085
FAIL tests/test_catalogue.c:358: cyclotomic_vectors: check failed: fmpz_equal(out,st==0 ? want : (alias ? old : want))
FAIL tests/test_catalogue.c:356: cyclotomic_vectors: check failed: cyclo_call(inverse,out,&w,x,n)==st | cyclotomic row 2106
FAIL tests/test_catalogue.c:358: cyclotomic_vectors: check failed: fmpz_equal(out,st==0 ? want : (alias ? old : want))
FAIL tests/test_catalogue.c:356: cyclotomic_vectors: check failed: cyclo_call(inverse,out,&w,x,n)==st | cyclotomic row 2106
FAIL tests/test_catalogue.c:358: cyclotomic_vectors: check failed: fmpz_equal(out,st==0 ? want : (alias ? old : want))
FAIL tests/test_catalogue.c:356: cyclotomic_vectors: check failed: cyclo_call(inverse,out,&w,x,n)==st | cyclotomic row 2107
FAIL tests/test_catalogue.c:358: cyclotomic_vectors: check failed: fmpz_equal(out,st==0 ? want : (alias ? old : want))
FAIL tests/test_catalogue.c:356: cyclotomic_vectors: check failed: cyclo_call(inverse,out,&w,x,n)==st | cyclotomic row 2107
FAIL tests/test_catalogue.c:358: cyclotomic_vectors: check failed: fmpz_equal(out,st==0 ? want : (alias ? old : want))
FAIL tests/test_catalogue.c:356: cyclotomic_vectors: check failed: cyclo_call(inverse,out,&w,x,n)==st | cyclotomic row 2112
FAIL tests/test_catalogue.c:358: cyclotomic_vectors: check failed: fmpz_equal(out,st==0 ? want : (alias ? old : want))
FAIL tests/test_catalogue.c:356: cyclotomic_vectors: check failed: cyclo_call(inverse,out,&w,x,n)==st | cyclotomic row 2112
FAIL tests/test_catalogue.c:358: cyclotomic_vectors: check failed: fmpz_equal(out,st==0 ? want : (alias ? old : want))
FAIL tests/test_catalogue.c:356: cyclotomic_vectors: check failed: cyclo_call(inverse,out,&w,x,n)==st | cyclotomic row 2113
FAIL tests/test_catalogue.c:358: cyclotomic_vectors: check failed: fmpz_equal(out,st==0 ? want : (alias ? old : want))
FAIL tests/test_catalogue.c:356: cyclotomic_vectors: check failed: cyclo_call(inverse,out,&w,x,n)==st | cyclotomic row 2113
FAIL tests/test_catalogue.c:358: cyclotomic_vectors: check failed: fmpz_equal(out,st==0 ? want : (alias ? old : want))
FAIL tests/test_catalogue.c:356: cyclotomic_vectors: check failed: cyclo_call(inverse,out,&w,x,n)==st | cyclotomic row 2114
FAIL tests/test_catalogue.c:358: cyclotomic_vectors: check failed: fmpz_equal(out,st==0 ? want : (alias ? old : want))
FAIL tests/test_catalogue.c:356: cyclotomic_vectors: check failed: cyclo_call(inverse,out,&w,x,n)==st | cyclotomic row 2114
FAIL tests/test_catalogue.c:358: cyclotomic_vectors: check failed: fmpz_equal(out,st==0 ? want : (alias ? old : want))
FAIL tests/test_catalogue.c:356: cyclotomic_vectors: check failed: cyclo_call(inverse,out,&w,x,n)==st | cyclotomic row 2115
FAIL tests/test_catalogue.c:358: cyclotomic_vectors: check failed: fmpz_equal(out,st==0 ? want : (alias ? old : want))
FAIL tests/test_catalogue.c:356: cyclotomic_vectors: check failed: cyclo_call(inverse,out,&w,x,n)==st | cyclotomic row 2115
FAIL tests/test_catalogue.c:358: cyclotomic_vectors: check failed: fmpz_equal(out,st==0 ? want : (alias ? old : want))
FAIL tests/test_catalogue.c:356: cyclotomic_vectors: check failed: cyclo_call(inverse,out,&w,x,n)==st | cyclotomic row 2116
FAIL tests/test_catalogue.c:358: cyclotomic_vectors: check failed: fmpz_equal(out,st==0 ? want : (alias ? old : want))
FAIL tests/test_catalogue.c:356: cyclotomic_vectors: check failed: cyclo_call(inverse,out,&w,x,n)==st | cyclotomic row 2116
FAIL tests/test_catalogue.c:358: cyclotomic_vectors: check failed: fmpz_equal(out,st==0 ? want : (alias ? old : want))
FAIL tests/test_catalogue.c:356: cyclotomic_vectors: check failed: cyclo_call(inverse,out,&w,x,n)==st | cyclotomic row 2117
FAIL tests/test_catalogue.c:358: cyclotomic_vectors: check failed: fmpz_equal(out,st==0 ? want : (alias ? old : want))
FAIL tests/test_catalogue.c:356: cyclotomic_vectors: check failed: cyclo_call(inverse,out,&w,x,n)==st | cyclotomic row 2117
FAIL tests/test_catalogue.c:358: cyclotomic_vectors: check failed: fmpz_equal(out,st==0 ? want : (alias ? old : want))
FAIL tests/test_catalogue.c:356: cyclotomic_vectors: check failed: cyclo_call(inverse,out,&w,x,n)==st | cyclotomic row 2118
FAIL tests/test_catalogue.c:358: cyclotomic_vectors: check failed: fmpz_equal(out,st==0 ? want : (alias ? old : want))
FAIL tests/test_catalogue.c:356: cyclotomic_vectors: check failed: cyclo_call(inverse,out,&w,x,n)==st | cyclotomic row 2118
FAIL tests/test_catalogue.c:358: cyclotomic_vectors: check failed: fmpz_equal(out,st==0 ? want : (alias ? old : want))
FAIL tests/test_catalogue.c:356: cyclotomic_vectors: check failed: cyclo_call(inverse,out,&w,x,n)==st | cyclotomic row 2119
FAIL tests/test_catalogue.c:358: cyclotomic_vectors: check failed: fmpz_equal(out,st==0 ? want : (alias ? old : want))
FAIL tests/test_catalogue.c:356: cyclotomic_vectors: check failed: cyclo_call(inverse,out,&w,x,n)==st | cyclotomic row 2119
FAIL tests/test_catalogue.c:358: cyclotomic_vectors: check failed: fmpz_equal(out,st==0 ? want : (alias ? old : want))
FAIL tests/test_catalogue.c:356: cyclotomic_vectors: check failed: cyclo_call(inverse,out,&w,x,n)==st | cyclotomic row 2122
FAIL tests/test_catalogue.c:358: cyclotomic_vectors: check failed: fmpz_equal(out,st==0 ? want : (alias ? old : want))
FAIL tests/test_catalogue.c:356: cyclotomic_vectors: check failed: cyclo_call(inverse,out,&w,x,n)==st | cyclotomic row 2122
FAIL tests/test_catalogue.c:358: cyclotomic_vectors: check failed: fmpz_equal(out,st==0 ? want : (alias ? old : want))
FAIL tests/test_catalogue.c:356: cyclotomic_vectors: check failed: cyclo_call(inverse,out,&w,x,n)==st | cyclotomic row 2123
FAIL tests/test_catalogue.c:358: cyclotomic_vectors: check failed: fmpz_equal(out,st==0 ? want : (alias ? old : want))
FAIL tests/test_catalogue.c:356: cyclotomic_vectors: check failed: cyclo_call(inverse,out,&w,x,n)==st | cyclotomic row 2123
FAIL tests/test_catalogue.c:358: cyclotomic_vectors: check failed: fmpz_equal(out,st==0 ? want : (alias ? old : want))
FAIL tests/test_catalogue.c:356: cyclotomic_vectors: check failed: cyclo_call(inverse,out,&w,x,n)==st | cyclotomic row 2134
FAIL tests/test_catalogue.c:358: cyclotomic_vectors: check failed: fmpz_equal(out,st==0 ? want : (alias ? old : want))
FAIL tests/test_catalogue.c:356: cyclotomic_vectors: check failed: cyclo_call(inverse,out,&w,x,n)==st | cyclotomic row 2134
FAIL tests/test_catalogue.c:358: cyclotomic_vectors: check failed: fmpz_equal(out,st==0 ? want : (alias ? old : want))
FAIL tests/test_catalogue.c:356: cyclotomic_vectors: check failed: cyclo_call(inverse,out,&w,x,n)==st | cyclotomic row 2135
FAIL tests/test_catalogue.c:358: cyclotomic_vectors: check failed: fmpz_equal(out,st==0 ? want : (alias ? old : want))
FAIL tests/test_catalogue.c:356: cyclotomic_vectors: check failed: cyclo_call(inverse,out,&w,x,n)==st | cyclotomic row 2135
FAIL tests/test_catalogue.c:358: cyclotomic_vectors: check failed: fmpz_equal(out,st==0 ? want : (alias ? old : want))
FAIL tests/test_catalogue.c:356: cyclotomic_vectors: check failed: cyclo_call(inverse,out,&w,x,n)==st | cyclotomic row 2160
FAIL tests/test_catalogue.c:358: cyclotomic_vectors: check failed: fmpz_equal(out,st==0 ? want : (alias ? old : want))
FAIL tests/test_catalogue.c:356: cyclotomic_vectors: check failed: cyclo_call(inverse,out,&w,x,n)==st | cyclotomic row 2160
FAIL tests/test_catalogue.c:358: cyclotomic_vectors: check failed: fmpz_equal(out,st==0 ? want : (alias ? old : want))
FAIL tests/test_catalogue.c:356: cyclotomic_vectors: check failed: cyclo_call(inverse,out,&w,x,n)==st | cyclotomic row 2161
FAIL tests/test_catalogue.c:358: cyclotomic_vectors: check failed: fmpz_equal(out,st==0 ? want : (alias ? old : want))
FAIL tests/test_catalogue.c:356: cyclotomic_vectors: check failed: cyclo_call(inverse,out,&w,x,n)==st | cyclotomic row 2161
FAIL tests/test_catalogue.c:358: cyclotomic_vectors: check failed: fmpz_equal(out,st==0 ? want : (alias ? old : want))
FAIL tests/test_catalogue.c:356: cyclotomic_vectors: check failed: cyclo_call(inverse,out,&w,x,n)==st | cyclotomic row 2162
FAIL tests/test_catalogue.c:358: cyclotomic_vectors: check failed: fmpz_equal(out,st==0 ? want : (alias ? old : want))
FAIL tests/test_catalogue.c:356: cyclotomic_vectors: check failed: cyclo_call(inverse,out,&w,x,n)==st | cyclotomic row 2162
FAIL tests/test_catalogue.c:358: cyclotomic_vectors: check failed: fmpz_equal(out,st==0 ? want : (alias ? old : want))
FAIL tests/test_catalogue.c:356: cyclotomic_vectors: check failed: cyclo_call(inverse,out,&w,x,n)==st | cyclotomic row 2163
FAIL tests/test_catalogue.c:358: cyclotomic_vectors: check failed: fmpz_equal(out,st==0 ? want : (alias ? old : want))
FAIL tests/test_catalogue.c:356: cyclotomic_vectors: check failed: cyclo_call(inverse,out,&w,x,n)==st | cyclotomic row 2163
FAIL tests/test_catalogue.c:358: cyclotomic_vectors: check failed: fmpz_equal(out,st==0 ? want : (alias ? old : want))
FAIL tests/test_catalogue.c:356: cyclotomic_vectors: check failed: cyclo_call(inverse,out,&w,x,n)==st | cyclotomic row 2164
FAIL tests/test_catalogue.c:358: cyclotomic_vectors: check failed: fmpz_equal(out,st==0 ? want : (alias ? old : want))
FAIL tests/test_catalogue.c:356: cyclotomic_vectors: check failed: cyclo_call(inverse,out,&w,x,n)==st | cyclotomic row 2164
FAIL tests/test_catalogue.c:358: cyclotomic_vectors: check failed: fmpz_equal(out,st==0 ? want : (alias ? old : want))
FAIL tests/test_catalogue.c:356: cyclotomic_vectors: check failed: cyclo_call(inverse,out,&w,x,n)==st | cyclotomic row 2165
FAIL tests/test_catalogue.c:358: cyclotomic_vectors: check failed: fmpz_equal(out,st==0 ? want : (alias ? old : want))
FAIL tests/test_catalogue.c:356: cyclotomic_vectors: check failed: cyclo_call(inverse,out,&w,x,n)==st | cyclotomic row 2165
FAIL tests/test_catalogue.c:358: cyclotomic_vectors: check failed: fmpz_equal(out,st==0 ? want : (alias ? old : want))
FAIL tests/test_catalogue.c:356: cyclotomic_vectors: check failed: cyclo_call(inverse,out,&w,x,n)==st | cyclotomic row 2166
FAIL tests/test_catalogue.c:358: cyclotomic_vectors: check failed: fmpz_equal(out,st==0 ? want : (alias ? old : want))
FAIL tests/test_catalogue.c:356: cyclotomic_vectors: check failed: cyclo_call(inverse,out,&w,x,n)==st | cyclotomic row 2166
FAIL tests/test_catalogue.c:358: cyclotomic_vectors: check failed: fmpz_equal(out,st==0 ? want : (alias ? old : want))
FAIL tests/test_catalogue.c:356: cyclotomic_vectors: check failed: cyclo_call(inverse,out,&w,x,n)==st | cyclotomic row 2167
FAIL tests/test_catalogue.c:358: cyclotomic_vectors: check failed: fmpz_equal(out,st==0 ? want : (alias ? old : want))
FAIL tests/test_catalogue.c:356: cyclotomic_vectors: check failed: cyclo_call(inverse,out,&w,x,n)==st | cyclotomic row 2167
FAIL tests/test_catalogue.c:358: cyclotomic_vectors: check failed: fmpz_equal(out,st==0 ? want : (alias ? old : want))
FAIL tests/test_catalogue.c:356: cyclotomic_vectors: check failed: cyclo_call(inverse,out,&w,x,n)==st | cyclotomic row 2170
FAIL tests/test_catalogue.c:358: cyclotomic_vectors: check failed: fmpz_equal(out,st==0 ? want : (alias ? old : want))
FAIL tests/test_catalogue.c:356: cyclotomic_vectors: check failed: cyclo_call(inverse,out,&w,x,n)==st | cyclotomic row 2170
FAIL tests/test_catalogue.c:358: cyclotomic_vectors: check failed: fmpz_equal(out,st==0 ? want : (alias ? old : want))
FAIL tests/test_catalogue.c:356: cyclotomic_vectors: check failed: cyclo_call(inverse,out,&w,x,n)==st | cyclotomic row 2171
FAIL tests/test_catalogue.c:358: cyclotomic_vectors: check failed: fmpz_equal(out,st==0 ? want : (alias ? old : want))
FAIL tests/test_catalogue.c:356: cyclotomic_vectors: check failed: cyclo_call(inverse,out,&w,x,n)==st | cyclotomic row 2171
FAIL tests/test_catalogue.c:358: cyclotomic_vectors: check failed: fmpz_equal(out,st==0 ? want : (alias ? old : want))
FAIL tests/test_catalogue.c:356: cyclotomic_vectors: check failed: cyclo_call(inverse,out,&w,x,n)==st | cyclotomic row 2182
FAIL tests/test_catalogue.c:358: cyclotomic_vectors: check failed: fmpz_equal(out,st==0 ? want : (alias ? old : want))
FAIL tests/test_catalogue.c:356: cyclotomic_vectors: check failed: cyclo_call(inverse,out,&w,x,n)==st | cyclotomic row 2182
FAIL tests/test_catalogue.c:358: cyclotomic_vectors: check failed: fmpz_equal(out,st==0 ? want : (alias ? old : want))
FAIL tests/test_catalogue.c:356: cyclotomic_vectors: check failed: cyclo_call(inverse,out,&w,x,n)==st | cyclotomic row 2183
FAIL tests/test_catalogue.c:358: cyclotomic_vectors: check failed: fmpz_equal(out,st==0 ? want : (alias ? old : want))
FAIL tests/test_catalogue.c:356: cyclotomic_vectors: check failed: cyclo_call(inverse,out,&w,x,n)==st | cyclotomic row 2183
FAIL tests/test_catalogue.c:358: cyclotomic_vectors: check failed: fmpz_equal(out,st==0 ? want : (alias ? old : want))
FAIL tests/test_catalogue.c:356: cyclotomic_vectors: check failed: cyclo_call(inverse,out,&w,x,n)==st | cyclotomic row 2208
FAIL tests/test_catalogue.c:358: cyclotomic_vectors: check failed: fmpz_equal(out,st==0 ? want : (alias ? old : want))
FAIL tests/test_catalogue.c:356: cyclotomic_vectors: check failed: cyclo_call(inverse,out,&w,x,n)==st | cyclotomic row 2208
FAIL tests/test_catalogue.c:358: cyclotomic_vectors: check failed: fmpz_equal(out,st==0 ? want : (alias ? old : want))
FAIL tests/test_catalogue.c:356: cyclotomic_vectors: check failed: cyclo_call(inverse,out,&w,x,n)==st | cyclotomic row 2209
FAIL tests/test_catalogue.c:358: cyclotomic_vectors: check failed: fmpz_equal(out,st==0 ? want : (alias ? old : want))
FAIL tests/test_catalogue.c:356: cyclotomic_vectors: check failed: cyclo_call(inverse,out,&w,x,n)==st | cyclotomic row 2209
FAIL tests/test_catalogue.c:358: cyclotomic_vectors: check failed: fmpz_equal(out,st==0 ? want : (alias ? old : want))
FAIL tests/test_catalogue.c:356: cyclotomic_vectors: check failed: cyclo_call(inverse,out,&w,x,n)==st | cyclotomic row 2210
FAIL tests/test_catalogue.c:358: cyclotomic_vectors: check failed: fmpz_equal(out,st==0 ? want : (alias ? old : want))
FAIL tests/test_catalogue.c:356: cyclotomic_vectors: check failed: cyclo_call(inverse,out,&w,x,n)==st | cyclotomic row 2210
FAIL tests/test_catalogue.c:358: cyclotomic_vectors: check failed: fmpz_equal(out,st==0 ? want : (alias ? old : want))
FAIL tests/test_catalogue.c:356: cyclotomic_vectors: check failed: cyclo_call(inverse,out,&w,x,n)==st | cyclotomic row 2211
FAIL tests/test_catalogue.c:358: cyclotomic_vectors: check failed: fmpz_equal(out,st==0 ? want : (alias ? old : want))
FAIL tests/test_catalogue.c:356: cyclotomic_vectors: check failed: cyclo_call(inverse,out,&w,x,n)==st | cyclotomic row 2211
FAIL tests/test_catalogue.c:358: cyclotomic_vectors: check failed: fmpz_equal(out,st==0 ? want : (alias ? old : want))
FAIL tests/test_catalogue.c:356: cyclotomic_vectors: check failed: cyclo_call(inverse,out,&w,x,n)==st | cyclotomic row 2212
FAIL tests/test_catalogue.c:358: cyclotomic_vectors: check failed: fmpz_equal(out,st==0 ? want : (alias ? old : want))
FAIL tests/test_catalogue.c:356: cyclotomic_vectors: check failed: cyclo_call(inverse,out,&w,x,n)==st | cyclotomic row 2212
FAIL tests/test_catalogue.c:358: cyclotomic_vectors: check failed: fmpz_equal(out,st==0 ? want : (alias ? old : want))
FAIL tests/test_catalogue.c:356: cyclotomic_vectors: check failed: cyclo_call(inverse,out,&w,x,n)==st | cyclotomic row 2213
FAIL tests/test_catalogue.c:358: cyclotomic_vectors: check failed: fmpz_equal(out,st==0 ? want : (alias ? old : want))
FAIL tests/test_catalogue.c:356: cyclotomic_vectors: check failed: cyclo_call(inverse,out,&w,x,n)==st | cyclotomic row 2213
FAIL tests/test_catalogue.c:358: cyclotomic_vectors: check failed: fmpz_equal(out,st==0 ? want : (alias ? old : want))
FAIL tests/test_catalogue.c:356: cyclotomic_vectors: check failed: cyclo_call(inverse,out,&w,x,n)==st | cyclotomic row 2214
FAIL tests/test_catalogue.c:358: cyclotomic_vectors: check failed: fmpz_equal(out,st==0 ? want : (alias ? old : want))
FAIL tests/test_catalogue.c:356: cyclotomic_vectors: check failed: cyclo_call(inverse,out,&w,x,n)==st | cyclotomic row 2214
FAIL tests/test_catalogue.c:358: cyclotomic_vectors: check failed: fmpz_equal(out,st==0 ? want : (alias ? old : want))
FAIL tests/test_catalogue.c:356: cyclotomic_vectors: check failed: cyclo_call(inverse,out,&w,x,n)==st | cyclotomic row 2215
FAIL tests/test_catalogue.c:358: cyclotomic_vectors: check failed: fmpz_equal(out,st==0 ? want : (alias ? old : want))
FAIL tests/test_catalogue.c:356: cyclotomic_vectors: check failed: cyclo_call(inverse,out,&w,x,n)==st | cyclotomic row 2215
FAIL tests/test_catalogue.c:358: cyclotomic_vectors: check failed: fmpz_equal(out,st==0 ? want : (alias ? old : want))
FAIL tests/test_catalogue.c:356: cyclotomic_vectors: check failed: cyclo_call(inverse,out,&w,x,n)==st | cyclotomic row 2218
FAIL tests/test_catalogue.c:358: cyclotomic_vectors: check failed: fmpz_equal(out,st==0 ? want : (alias ? old : want))
FAIL tests/test_catalogue.c:356: cyclotomic_vectors: check failed: cyclo_call(inverse,out,&w,x,n)==st | cyclotomic row 2218
FAIL tests/test_catalogue.c:358: cyclotomic_vectors: check failed: fmpz_equal(out,st==0 ? want : (alias ? old : want))
FAIL tests/test_catalogue.c:356: cyclotomic_vectors: check failed: cyclo_call(inverse,out,&w,x,n)==st | cyclotomic row 2219
FAIL tests/test_catalogue.c:358: cyclotomic_vectors: check failed: fmpz_equal(out,st==0 ? want : (alias ? old : want))
FAIL tests/test_catalogue.c:356: cyclotomic_vectors: check failed: cyclo_call(inverse,out,&w,x,n)==st | cyclotomic row 2219
FAIL tests/test_catalogue.c:358: cyclotomic_vectors: check failed: fmpz_equal(out,st==0 ? want : (alias ? old : want))
FAIL tests/test_catalogue.c:356: cyclotomic_vectors: check failed: cyclo_call(inverse,out,&w,x,n)==st | cyclotomic row 2230
FAIL tests/test_catalogue.c:358: cyclotomic_vectors: check failed: fmpz_equal(out,st==0 ? want : (alias ? old : want))
FAIL tests/test_catalogue.c:356: cyclotomic_vectors: check failed: cyclo_call(inverse,out,&w,x,n)==st | cyclotomic row 2230
FAIL tests/test_catalogue.c:358: cyclotomic_vectors: check failed: fmpz_equal(out,st==0 ? want : (alias ? old : want))
FAIL tests/test_catalogue.c:356: cyclotomic_vectors: check failed: cyclo_call(inverse,out,&w,x,n)==st | cyclotomic row 2231
FAIL tests/test_catalogue.c:358: cyclotomic_vectors: check failed: fmpz_equal(out,st==0 ? want : (alias ? old : want))
FAIL tests/test_catalogue.c:356: cyclotomic_vectors: check failed: cyclo_call(inverse,out,&w,x,n)==st | cyclotomic row 2231
FAIL tests/test_catalogue.c:358: cyclotomic_vectors: check failed: fmpz_equal(out,st==0 ? want : (alias ? old : want))
FAIL tests/test_catalogue.c:356: cyclotomic_vectors: check failed: cyclo_call(inverse,out,&w,x,n)==st | cyclotomic row 2256
FAIL tests/test_catalogue.c:358: cyclotomic_vectors: check failed: fmpz_equal(out,st==0 ? want : (alias ? old : want))
FAIL tests/test_catalogue.c:356: cyclotomic_vectors: check failed: cyclo_call(inverse,out,&w,x,n)==st | cyclotomic row 2256
FAIL tests/test_catalogue.c:358: cyclotomic_vectors: check failed: fmpz_equal(out,st==0 ? want : (alias ? old : want))
FAIL tests/test_catalogue.c:356: cyclotomic_vectors: check failed: cyclo_call(inverse,out,&w,x,n)==st | cyclotomic row 2257
FAIL tests/test_catalogue.c:358: cyclotomic_vectors: check failed: fmpz_equal(out,st==0 ? want : (alias ? old : want))
FAIL tests/test_catalogue.c:356: cyclotomic_vectors: check failed: cyclo_call(inverse,out,&w,x,n)==st | cyclotomic row 2257
FAIL tests/test_catalogue.c:358: cyclotomic_vectors: check failed: fmpz_equal(out,st==0 ? want : (alias ? old : want))
FAIL tests/test_catalogue.c:356: cyclotomic_vectors: check failed: cyclo_call(inverse,out,&w,x,n)==st | cyclotomic row 2258
FAIL tests/test_catalogue.c:358: cyclotomic_vectors: check failed: fmpz_equal(out,st==0 ? want : (alias ? old : want))
FAIL tests/test_catalogue.c:356: cyclotomic_vectors: check failed: cyclo_call(inverse,out,&w,x,n)==st | cyclotomic row 2258
FAIL tests/test_catalogue.c:358: cyclotomic_vectors: check failed: fmpz_equal(out,st==0 ? want : (alias ? old : want))
FAIL tests/test_catalogue.c:356: cyclotomic_vectors: check failed: cyclo_call(inverse,out,&w,x,n)==st | cyclotomic row 2259
FAIL tests/test_catalogue.c:358: cyclotomic_vectors: check failed: fmpz_equal(out,st==0 ? want : (alias ? old : want))
FAIL tests/test_catalogue.c:356: cyclotomic_vectors: check failed: cyclo_call(inverse,out,&w,x,n)==st | cyclotomic row 2259
FAIL tests/test_catalogue.c:358: cyclotomic_vectors: check failed: fmpz_equal(out,st==0 ? want : (alias ? old : want))
FAIL tests/test_catalogue.c:356: cyclotomic_vectors: check failed: cyclo_call(inverse,out,&w,x,n)==st | cyclotomic row 2260
FAIL tests/test_catalogue.c:358: cyclotomic_vectors: check failed: fmpz_equal(out,st==0 ? want : (alias ? old : want))
FAIL tests/test_catalogue.c:356: cyclotomic_vectors: check failed: cyclo_call(inverse,out,&w,x,n)==st | cyclotomic row 2260
FAIL tests/test_catalogue.c:358: cyclotomic_vectors: check failed: fmpz_equal(out,st==0 ? want : (alias ? old : want))
FAIL tests/test_catalogue.c:356: cyclotomic_vectors: check failed: cyclo_call(inverse,out,&w,x,n)==st | cyclotomic row 2261
FAIL tests/test_catalogue.c:358: cyclotomic_vectors: check failed: fmpz_equal(out,st==0 ? want : (alias ? old : want))
FAIL tests/test_catalogue.c:356: cyclotomic_vectors: check failed: cyclo_call(inverse,out,&w,x,n)==st | cyclotomic row 2261
FAIL tests/test_catalogue.c:358: cyclotomic_vectors: check failed: fmpz_equal(out,st==0 ? want : (alias ? old : want))
FAIL tests/test_catalogue.c:356: cyclotomic_vectors: check failed: cyclo_call(inverse,out,&w,x,n)==st | cyclotomic row 2262
FAIL tests/test_catalogue.c:358: cyclotomic_vectors: check failed: fmpz_equal(out,st==0 ? want : (alias ? old : want))
FAIL tests/test_catalogue.c:356: cyclotomic_vectors: check failed: cyclo_call(inverse,out,&w,x,n)==st | cyclotomic row 2262
FAIL tests/test_catalogue.c:358: cyclotomic_vectors: check failed: fmpz_equal(out,st==0 ? want : (alias ? old : want))
FAIL tests/test_catalogue.c:356: cyclotomic_vectors: check failed: cyclo_call(inverse,out,&w,x,n)==st | cyclotomic row 2263
FAIL tests/test_catalogue.c:358: cyclotomic_vectors: check failed: fmpz_equal(out,st==0 ? want : (alias ? old : want))
FAIL tests/test_catalogue.c:356: cyclotomic_vectors: check failed: cyclo_call(inverse,out,&w,x,n)==st | cyclotomic row 2263
FAIL tests/test_catalogue.c:358: cyclotomic_vectors: check failed: fmpz_equal(out,st==0 ? want : (alias ? old : want))
FAIL tests/test_catalogue.c:356: cyclotomic_vectors: check failed: cyclo_call(inverse,out,&w,x,n)==st | cyclotomic row 2266
FAIL tests/test_catalogue.c:358: cyclotomic_vectors: check failed: fmpz_equal(out,st==0 ? want : (alias ? old : want))
FAIL tests/test_catalogue.c:356: cyclotomic_vectors: check failed: cyclo_call(inverse,out,&w,x,n)==st | cyclotomic row 2266
FAIL tests/test_catalogue.c:358: cyclotomic_vectors: check failed: fmpz_equal(out,st==0 ? want : (alias ? old : want))
FAIL tests/test_catalogue.c:356: cyclotomic_vectors: check failed: cyclo_call(inverse,out,&w,x,n)==st | cyclotomic row 2267
FAIL tests/test_catalogue.c:358: cyclotomic_vectors: check failed: fmpz_equal(out,st==0 ? want : (alias ? old : want))
FAIL tests/test_catalogue.c:356: cyclotomic_vectors: check failed: cyclo_call(inverse,out,&w,x,n)==st | cyclotomic row 2267
FAIL tests/test_catalogue.c:358: cyclotomic_vectors: check failed: fmpz_equal(out,st==0 ? want : (alias ? old : want))
FAIL tests/test_catalogue.c:356: cyclotomic_vectors: check failed: cyclo_call(inverse,out,&w,x,n)==st | cyclotomic row 2278
FAIL tests/test_catalogue.c:358: cyclotomic_vectors: check failed: fmpz_equal(out,st==0 ? want : (alias ? old : want))
FAIL tests/test_catalogue.c:356: cyclotomic_vectors: check failed: cyclo_call(inverse,out,&w,x,n)==st | cyclotomic row 2278
FAIL tests/test_catalogue.c:358: cyclotomic_vectors: check failed: fmpz_equal(out,st==0 ? want : (alias ? old : want))
FAIL tests/test_catalogue.c:356: cyclotomic_vectors: check failed: cyclo_call(inverse,out,&w,x,n)==st | cyclotomic row 2279
FAIL tests/test_catalogue.c:358: cyclotomic_vectors: check failed: fmpz_equal(out,st==0 ? want : (alias ? old : want))
FAIL tests/test_catalogue.c:356: cyclotomic_vectors: check failed: cyclo_call(inverse,out,&w,x,n)==st | cyclotomic row 2279
FAIL tests/test_catalogue.c:358: cyclotomic_vectors: check failed: fmpz_equal(out,st==0 ? want : (alias ? old : want))
FAIL tests/test_catalogue.c:356: cyclotomic_vectors: check failed: cyclo_call(inverse,out,&w,x,n)==st | cyclotomic row 2304
FAIL tests/test_catalogue.c:356: cyclotomic_vectors: check failed: cyclo_call(inverse,out,&w,x,n)==st | cyclotomic row 2304
FAIL tests/test_catalogue.c:356: cyclotomic_vectors: check failed: cyclo_call(inverse,out,&w,x,n)==st | cyclotomic row 2305
FAIL tests/test_catalogue.c:356: cyclotomic_vectors: check failed: cyclo_call(inverse,out,&w,x,n)==st | cyclotomic row 2305
FAIL tests/test_catalogue.c:356: cyclotomic_vectors: check failed: cyclo_call(inverse,out,&w,x,n)==st | cyclotomic row 2306
FAIL tests/test_catalogue.c:356: cyclotomic_vectors: check failed: cyclo_call(inverse,out,&w,x,n)==st | cyclotomic row 2306
FAIL tests/test_catalogue.c:356: cyclotomic_vectors: check failed: cyclo_call(inverse,out,&w,x,n)==st | cyclotomic row 2307
FAIL tests/test_catalogue.c:356: cyclotomic_vectors: check failed: cyclo_call(inverse,out,&w,x,n)==st | cyclotomic row 2307
cyclotomic fixture rows: 2308
FAIL cyclotomic_vectors (tests/test_catalogue.c:330, 1976 failed checks)
FAIL tests/test_catalogue.c:381: cyclotomic_spec_boundary_huge: check failed: adf_idclass_cyclo_exp_uinv(j,&w,x,n)==0 && fmpz_equal_ui(j,3)
FAIL tests/test_catalogue.c:382: cyclotomic_spec_boundary_huge: check failed: adf_idclass_cyclo_exp_u(j,NULL,x,n)==0 && fmpz_equal_ui(j,5)
FAIL tests/test_catalogue.c:384: cyclotomic_spec_boundary_huge: check failed: adf_idclass_cyclo_exp_uinv(j,NULL,x,n)==0 && fmpz_is_one(j)
FAIL tests/test_catalogue.c:385: cyclotomic_spec_boundary_huge: check failed: adf_idclass_cyclo_exp_u(j,NULL,x,n)==0 && fmpz_is_one(j)
FAIL tests/test_catalogue.c:399: cyclotomic_spec_boundary_huge: check failed: adf_idclass_cyclo_exp_u(j,NULL,x,n)==0 && fmpz_equal_ui(j,5)
FAIL tests/test_catalogue.c:400: cyclotomic_spec_boundary_huge: check failed: adf_idclass_cyclo_exp_uinv(j,NULL,x,n)==0 && fmpz_equal_ui(j,5)
FAIL tests/test_catalogue.c:406: cyclotomic_spec_boundary_huge: check failed: cyclo_call(inverse,j,NULL,x,n)==0 && fmpz_equal(j,c)
FAIL tests/test_catalogue.c:408: cyclotomic_spec_boundary_huge: check failed: cyclo_call(inverse,n,NULL,x,n)==0
FAIL tests/test_catalogue.c:410: cyclotomic_spec_boundary_huge: check failed: fmpz_equal(n,j)
FAIL tests/test_catalogue.c:406: cyclotomic_spec_boundary_huge: check failed: cyclo_call(inverse,j,NULL,x,n)==0 && fmpz_equal(j,c)
FAIL tests/test_catalogue.c:408: cyclotomic_spec_boundary_huge: check failed: cyclo_call(inverse,n,NULL,x,n)==0
FAIL tests/test_catalogue.c:410: cyclotomic_spec_boundary_huge: check failed: fmpz_equal(n,j)
FAIL cyclotomic_spec_boundary_huge (tests/test_catalogue.c:366, 12 failed checks)
9 tests, 131636 checks, 1988 failed checks, 2 failed tests
