INFO: Running with entropic power schedule (0xFF, 100).
INFO: Seed: 3770106182
INFO: Loaded 1 modules   (1207 inline 8-bit counters): 1207 [0x6493e43d9a00, 0x6493e43d9eb7), 
INFO: Loaded 1 PC tables (1207 PCs): 1207 [0x6493e43d9eb8,0x6493e43dea28), 
INFO:      282 files found in docs/reviews/m1/text/checks/corpus
INFO: seed corpus: files: 282 min: 1b max: 63b total: 3943b rss: 34Mb
#283	INITED cov: 650 ft: 1488 corp: 131/1805b exec/s: 0 rss: 60Mb
#355	NEW    cov: 650 ft: 1489 corp: 132/1807b lim: 61 exec/s: 0 rss: 60Mb L: 2/61 MS: 2 EraseBytes-ChangeASCIIInt-
#381	NEW    cov: 655 ft: 1494 corp: 133/1820b lim: 61 exec/s: 0 rss: 60Mb L: 13/61 MS: 1 CrossOver-
#387	NEW    cov: 657 ft: 1497 corp: 134/1850b lim: 61 exec/s: 0 rss: 61Mb L: 30/61 MS: 1 InsertByte-
#418	NEW    cov: 657 ft: 1502 corp: 135/1867b lim: 61 exec/s: 0 rss: 61Mb L: 17/61 MS: 1 CMP- DE: "\012\000\000\000"-
#434	NEW    cov: 659 ft: 1504 corp: 136/1883b lim: 61 exec/s: 0 rss: 61Mb L: 16/61 MS: 1 ShuffleBytes-
#435	NEW    cov: 659 ft: 1506 corp: 137/1906b lim: 61 exec/s: 0 rss: 61Mb L: 23/61 MS: 1 CopyPart-
#466	NEW    cov: 661 ft: 1508 corp: 138/1923b lim: 61 exec/s: 0 rss: 61Mb L: 17/61 MS: 1 ShuffleBytes-
#486	NEW    cov: 663 ft: 1510 corp: 139/1936b lim: 61 exec/s: 0 rss: 61Mb L: 13/61 MS: 5 CrossOver-CrossOver-CrossOver-ChangeBit-ChangeBinInt-
#492	NEW    cov: 663 ft: 1511 corp: 140/1939b lim: 61 exec/s: 0 rss: 61Mb L: 3/61 MS: 1 ChangeASCIIInt-
#513	NEW    cov: 665 ft: 1515 corp: 141/1942b lim: 61 exec/s: 0 rss: 61Mb L: 3/61 MS: 1 EraseBytes-
#529	REDUCE cov: 665 ft: 1515 corp: 141/1937b lim: 61 exec/s: 0 rss: 61Mb L: 11/61 MS: 1 EraseBytes-
#562	REDUCE cov: 665 ft: 1515 corp: 141/1936b lim: 61 exec/s: 0 rss: 61Mb L: 2/61 MS: 3 ChangeByte-ChangeASCIIInt-EraseBytes-
#579	NEW    cov: 666 ft: 1516 corp: 142/1940b lim: 61 exec/s: 0 rss: 62Mb L: 4/61 MS: 2 ShuffleBytes-CrossOver-
#600	NEW    cov: 667 ft: 1517 corp: 143/1944b lim: 61 exec/s: 0 rss: 62Mb L: 4/61 MS: 1 InsertByte-
#621	REDUCE cov: 667 ft: 1517 corp: 143/1943b lim: 61 exec/s: 0 rss: 62Mb L: 2/61 MS: 1 EraseBytes-
#642	REDUCE cov: 667 ft: 1517 corp: 143/1942b lim: 61 exec/s: 0 rss: 62Mb L: 6/61 MS: 1 EraseBytes-
#643	NEW    cov: 667 ft: 1518 corp: 144/1991b lim: 61 exec/s: 0 rss: 62Mb L: 49/61 MS: 1 CrossOver-
#709	NEW    cov: 668 ft: 1541 corp: 145/2026b lim: 61 exec/s: 0 rss: 63Mb L: 35/61 MS: 1 CopyPart-
#721	REDUCE cov: 668 ft: 1541 corp: 145/2020b lim: 61 exec/s: 0 rss: 63Mb L: 3/61 MS: 2 ShuffleBytes-CrossOver-
#722	NEW    cov: 672 ft: 1545 corp: 146/2039b lim: 61 exec/s: 0 rss: 64Mb L: 19/61 MS: 1 ChangeByte-
#799	NEW    cov: 672 ft: 1548 corp: 147/2045b lim: 61 exec/s: 0 rss: 64Mb L: 6/61 MS: 2 InsertByte-ChangeByte-
#802	REDUCE cov: 672 ft: 1548 corp: 147/2036b lim: 61 exec/s: 0 rss: 65Mb L: 14/61 MS: 3 EraseBytes-ChangeASCIIInt-EraseBytes-
#818	NEW    cov: 673 ft: 1549 corp: 148/2053b lim: 61 exec/s: 0 rss: 66Mb L: 17/61 MS: 1 CopyPart-
#824	NEW    cov: 673 ft: 1551 corp: 149/2083b lim: 61 exec/s: 0 rss: 66Mb L: 30/61 MS: 1 CrossOver-
#900	NEW    cov: 673 ft: 1553 corp: 150/2085b lim: 61 exec/s: 0 rss: 66Mb L: 2/61 MS: 1 CrossOver-
#906	NEW    cov: 673 ft: 1554 corp: 151/2103b lim: 61 exec/s: 0 rss: 66Mb L: 18/61 MS: 1 InsertByte-
#947	NEW    cov: 674 ft: 1557 corp: 152/2130b lim: 61 exec/s: 0 rss: 66Mb L: 27/61 MS: 1 ChangeByte-
#990	NEW    cov: 676 ft: 1559 corp: 153/2158b lim: 61 exec/s: 0 rss: 67Mb L: 28/61 MS: 3 ChangeBit-InsertByte-CrossOver-
#1053	NEW    cov: 676 ft: 1562 corp: 154/2170b lim: 61 exec/s: 0 rss: 67Mb L: 12/61 MS: 3 ChangeByte-CopyPart-CopyPart-
#1080	NEW    cov: 677 ft: 1566 corp: 155/2172b lim: 61 exec/s: 0 rss: 67Mb L: 2/61 MS: 2 ShuffleBytes-EraseBytes-
#1223	NEW    cov: 677 ft: 1571 corp: 156/2186b lim: 61 exec/s: 0 rss: 67Mb L: 14/61 MS: 3 InsertByte-PersAutoDict-CopyPart- DE: "\012\000\000\000"-
#1299	NEW    cov: 679 ft: 1573 corp: 157/2213b lim: 61 exec/s: 0 rss: 67Mb L: 27/61 MS: 1 ChangeByte-
#1320	NEW    cov: 679 ft: 1576 corp: 158/2253b lim: 61 exec/s: 0 rss: 68Mb L: 40/61 MS: 1 InsertRepeatedBytes-
#1326	NEW    cov: 680 ft: 1578 corp: 159/2279b lim: 61 exec/s: 0 rss: 68Mb L: 26/61 MS: 1 ShuffleBytes-
#1352	NEW    cov: 680 ft: 1579 corp: 160/2280b lim: 61 exec/s: 0 rss: 68Mb L: 1/61 MS: 1 ChangeBinInt-
#1373	REDUCE cov: 680 ft: 1579 corp: 160/2275b lim: 61 exec/s: 0 rss: 68Mb L: 9/61 MS: 1 EraseBytes-
#1425	NEW    cov: 681 ft: 1580 corp: 161/2289b lim: 61 exec/s: 0 rss: 68Mb L: 14/61 MS: 2 ShuffleBytes-EraseBytes-
#1461	NEW    cov: 681 ft: 1581 corp: 162/2329b lim: 61 exec/s: 0 rss: 68Mb L: 40/61 MS: 1 InsertRepeatedBytes-
#1502	REDUCE cov: 681 ft: 1581 corp: 162/2327b lim: 61 exec/s: 0 rss: 68Mb L: 7/61 MS: 1 EraseBytes-
#1578	NEW    cov: 681 ft: 1582 corp: 163/2333b lim: 61 exec/s: 0 rss: 68Mb L: 6/61 MS: 1 ChangeByte-
#1584	NEW    cov: 683 ft: 1584 corp: 164/2348b lim: 61 exec/s: 0 rss: 68Mb L: 15/61 MS: 1 ChangeBinInt-
#1625	NEW    cov: 685 ft: 1586 corp: 165/2372b lim: 61 exec/s: 0 rss: 68Mb L: 24/61 MS: 1 CrossOver-
#1691	NEW    cov: 689 ft: 1590 corp: 166/2385b lim: 61 exec/s: 0 rss: 69Mb L: 13/61 MS: 1 EraseBytes-
#1707	NEW    cov: 691 ft: 1592 corp: 167/2398b lim: 61 exec/s: 0 rss: 69Mb L: 13/61 MS: 1 CopyPart-
#1723	NEW    cov: 692 ft: 1595 corp: 168/2411b lim: 61 exec/s: 0 rss: 70Mb L: 13/61 MS: 1 CrossOver-
#1759	NEW    cov: 692 ft: 1597 corp: 169/2424b lim: 61 exec/s: 0 rss: 70Mb L: 13/61 MS: 1 CopyPart-
#1765	NEW    cov: 693 ft: 1598 corp: 170/2453b lim: 61 exec/s: 0 rss: 70Mb L: 29/61 MS: 1 CopyPart-
#1786	REDUCE cov: 693 ft: 1598 corp: 170/2452b lim: 61 exec/s: 0 rss: 70Mb L: 12/61 MS: 1 EraseBytes-
#1787	NEW    cov: 694 ft: 1599 corp: 171/2466b lim: 61 exec/s: 0 rss: 70Mb L: 14/61 MS: 1 CrossOver-
#1937	NEW    cov: 694 ft: 1600 corp: 172/2475b lim: 61 exec/s: 0 rss: 71Mb L: 9/61 MS: 5 InsertByte-EraseBytes-ChangeASCIIInt-ChangeByte-ChangeBinInt-
#1953	NEW    cov: 695 ft: 1601 corp: 173/2485b lim: 61 exec/s: 0 rss: 71Mb L: 10/61 MS: 1 InsertByte-
#1965	REDUCE cov: 695 ft: 1601 corp: 173/2479b lim: 61 exec/s: 0 rss: 71Mb L: 11/61 MS: 2 ChangeBinInt-EraseBytes-
#2066	NEW    cov: 696 ft: 1602 corp: 174/2487b lim: 61 exec/s: 0 rss: 71Mb L: 8/61 MS: 1 CopyPart-
#2125	NEW    cov: 696 ft: 1612 corp: 175/2534b lim: 61 exec/s: 0 rss: 71Mb L: 47/61 MS: 4 CrossOver-CopyPart-CopyPart-InsertRepeatedBytes-
#2172	NEW    cov: 696 ft: 1613 corp: 176/2572b lim: 61 exec/s: 0 rss: 71Mb L: 38/61 MS: 2 InsertRepeatedBytes-ChangeByte-
#2178	NEW    cov: 696 ft: 1614 corp: 177/2589b lim: 61 exec/s: 0 rss: 72Mb L: 17/61 MS: 1 InsertByte-
#2190	NEW    cov: 697 ft: 1617 corp: 178/2650b lim: 61 exec/s: 0 rss: 72Mb L: 61/61 MS: 2 ChangeASCIIInt-ChangeBit-
#2212	NEW    cov: 698 ft: 1618 corp: 179/2667b lim: 61 exec/s: 0 rss: 72Mb L: 17/61 MS: 2 ChangeASCIIInt-ShuffleBytes-
#2213	NEW    cov: 700 ft: 1620 corp: 180/2681b lim: 61 exec/s: 0 rss: 72Mb L: 14/61 MS: 1 ChangeBinInt-
#2274	NEW    cov: 700 ft: 1621 corp: 181/2697b lim: 61 exec/s: 0 rss: 72Mb L: 16/61 MS: 1 InsertByte-
#2306	NEW    cov: 700 ft: 1626 corp: 182/2732b lim: 61 exec/s: 0 rss: 72Mb L: 35/61 MS: 2 InsertByte-InsertRepeatedBytes-
#2342	NEW    cov: 702 ft: 1628 corp: 183/2749b lim: 61 exec/s: 0 rss: 72Mb L: 17/61 MS: 1 ChangeByte-
#2343	REDUCE cov: 702 ft: 1628 corp: 183/2747b lim: 61 exec/s: 0 rss: 73Mb L: 6/61 MS: 1 EraseBytes-
#2354	NEW    cov: 702 ft: 1630 corp: 184/2808b lim: 61 exec/s: 0 rss: 73Mb L: 61/61 MS: 1 CrossOver-
#2415	NEW    cov: 702 ft: 1632 corp: 185/2834b lim: 61 exec/s: 0 rss: 73Mb L: 26/61 MS: 1 CrossOver-
#2461	NEW    cov: 702 ft: 1642 corp: 186/2869b lim: 61 exec/s: 0 rss: 73Mb L: 35/61 MS: 1 CrossOver-
#2488	NEW    cov: 702 ft: 1643 corp: 187/2878b lim: 61 exec/s: 0 rss: 73Mb L: 9/61 MS: 2 CrossOver-InsertRepeatedBytes-
#2494	REDUCE cov: 702 ft: 1643 corp: 187/2871b lim: 61 exec/s: 0 rss: 73Mb L: 22/61 MS: 1 EraseBytes-
#2585	NEW    cov: 704 ft: 1645 corp: 188/2885b lim: 61 exec/s: 0 rss: 74Mb L: 14/61 MS: 1 EraseBytes-
#2677	REDUCE cov: 704 ft: 1645 corp: 188/2869b lim: 61 exec/s: 0 rss: 74Mb L: 24/61 MS: 2 InsertRepeatedBytes-EraseBytes-
#2698	REDUCE cov: 704 ft: 1645 corp: 188/2863b lim: 61 exec/s: 0 rss: 74Mb L: 20/61 MS: 1 EraseBytes-
#2719	NEW    cov: 705 ft: 1647 corp: 189/2924b lim: 61 exec/s: 0 rss: 74Mb L: 61/61 MS: 1 ChangeByte-
#2738	NEW    cov: 705 ft: 1648 corp: 190/2929b lim: 61 exec/s: 0 rss: 74Mb L: 5/61 MS: 4 ChangeBit-CopyPart-ChangeBinInt-CrossOver-
#2774	NEW    cov: 706 ft: 1649 corp: 191/2967b lim: 61 exec/s: 0 rss: 74Mb L: 38/61 MS: 1 InsertRepeatedBytes-
#2800	REDUCE cov: 706 ft: 1649 corp: 191/2966b lim: 61 exec/s: 0 rss: 75Mb L: 2/61 MS: 1 EraseBytes-
#2807	NEW    cov: 707 ft: 1650 corp: 192/3027b lim: 61 exec/s: 0 rss: 75Mb L: 61/61 MS: 2 ChangeASCIIInt-CopyPart-
#2858	NEW    cov: 707 ft: 1651 corp: 193/3073b lim: 61 exec/s: 0 rss: 75Mb L: 46/61 MS: 1 ChangeASCIIInt-
#2879	REDUCE cov: 707 ft: 1651 corp: 193/3067b lim: 61 exec/s: 0 rss: 75Mb L: 23/61 MS: 1 EraseBytes-
#2887	NEW    cov: 708 ft: 1652 corp: 194/3128b lim: 61 exec/s: 0 rss: 75Mb L: 61/61 MS: 3 ChangeASCIIInt-ShuffleBytes-ChangeBinInt-
#2908	NEW    cov: 709 ft: 1653 corp: 195/3189b lim: 61 exec/s: 0 rss: 76Mb L: 61/61 MS: 1 ChangeBit-
#2944	NEW    cov: 709 ft: 1655 corp: 196/3217b lim: 61 exec/s: 0 rss: 76Mb L: 28/61 MS: 1 EraseBytes-
#2970	NEW    cov: 710 ft: 1656 corp: 197/3248b lim: 61 exec/s: 0 rss: 76Mb L: 31/61 MS: 1 CrossOver-
#2981	NEW    cov: 712 ft: 1658 corp: 198/3283b lim: 61 exec/s: 0 rss: 76Mb L: 35/61 MS: 1 ChangeBit-
#3012	NEW    cov: 712 ft: 1659 corp: 199/3327b lim: 61 exec/s: 0 rss: 76Mb L: 44/61 MS: 1 InsertRepeatedBytes-
#3083	NEW    cov: 712 ft: 1661 corp: 200/3366b lim: 61 exec/s: 0 rss: 77Mb L: 39/61 MS: 1 CrossOver-
#3094	REDUCE cov: 712 ft: 1661 corp: 200/3365b lim: 61 exec/s: 0 rss: 77Mb L: 8/61 MS: 1 EraseBytes-
#3131	NEW    cov: 712 ft: 1666 corp: 201/3376b lim: 61 exec/s: 0 rss: 77Mb L: 11/61 MS: 2 CrossOver-InsertByte-
#3152	NEW    cov: 713 ft: 1667 corp: 202/3423b lim: 61 exec/s: 0 rss: 77Mb L: 47/61 MS: 1 EraseBytes-
#3179	NEW    cov: 714 ft: 1668 corp: 203/3440b lim: 61 exec/s: 0 rss: 77Mb L: 17/61 MS: 2 CMP-CrossOver- DE: "\001\013"-
#3180	NEW    cov: 716 ft: 1670 corp: 204/3481b lim: 61 exec/s: 0 rss: 77Mb L: 41/61 MS: 1 EraseBytes-
#3236	NEW    cov: 717 ft: 1676 corp: 205/3511b lim: 61 exec/s: 0 rss: 77Mb L: 30/61 MS: 1 CrossOver-
#3248	NEW    cov: 717 ft: 1678 corp: 206/3557b lim: 61 exec/s: 0 rss: 77Mb L: 46/61 MS: 2 ChangeBit-ShuffleBytes-
#3264	NEW    cov: 717 ft: 1680 corp: 207/3578b lim: 61 exec/s: 0 rss: 77Mb L: 21/61 MS: 1 EraseBytes-
#3285	NEW    cov: 717 ft: 1682 corp: 208/3606b lim: 61 exec/s: 0 rss: 77Mb L: 28/61 MS: 1 ChangeBinInt-
#3386	NEW    cov: 717 ft: 1684 corp: 209/3667b lim: 61 exec/s: 0 rss: 78Mb L: 61/61 MS: 1 ChangeBinInt-
#3432	REDUCE cov: 717 ft: 1684 corp: 209/3666b lim: 61 exec/s: 0 rss: 78Mb L: 29/61 MS: 1 EraseBytes-
#3493	REDUCE cov: 717 ft: 1684 corp: 209/3658b lim: 61 exec/s: 0 rss: 78Mb L: 22/61 MS: 1 EraseBytes-
#3577	NEW    cov: 718 ft: 1685 corp: 210/3668b lim: 61 exec/s: 0 rss: 78Mb L: 10/61 MS: 4 ChangeASCIIInt-EraseBytes-InsertByte-EraseBytes-
#3579	NEW    cov: 720 ft: 1687 corp: 211/3729b lim: 61 exec/s: 0 rss: 78Mb L: 61/61 MS: 2 ChangeByte-ChangeBinInt-
#3590	NEW    cov: 720 ft: 1690 corp: 212/3760b lim: 61 exec/s: 0 rss: 78Mb L: 31/61 MS: 1 EraseBytes-
#3622	NEW    cov: 721 ft: 1691 corp: 213/3808b lim: 61 exec/s: 0 rss: 78Mb L: 48/61 MS: 2 ShuffleBytes-InsertRepeatedBytes-
#3624	REDUCE cov: 721 ft: 1691 corp: 213/3795b lim: 61 exec/s: 0 rss: 78Mb L: 48/61 MS: 2 CopyPart-EraseBytes-
#3634	REDUCE cov: 721 ft: 1691 corp: 213/3776b lim: 61 exec/s: 0 rss: 78Mb L: 20/61 MS: 5 ChangeByte-EraseBytes-EraseBytes-ChangeBinInt-EraseBytes-
#3670	REDUCE cov: 721 ft: 1692 corp: 214/3791b lim: 61 exec/s: 0 rss: 79Mb L: 15/61 MS: 1 EraseBytes-
#3726	REDUCE cov: 721 ft: 1692 corp: 214/3777b lim: 61 exec/s: 0 rss: 79Mb L: 24/61 MS: 1 EraseBytes-
#3736	NEW    cov: 723 ft: 1694 corp: 215/3838b lim: 61 exec/s: 0 rss: 79Mb L: 61/61 MS: 5 ChangeByte-CopyPart-CrossOver-ChangeBinInt-ChangeByte-
#3742	REDUCE cov: 723 ft: 1694 corp: 215/3832b lim: 61 exec/s: 0 rss: 79Mb L: 25/61 MS: 1 EraseBytes-
#3753	NEW    cov: 725 ft: 1696 corp: 216/3859b lim: 61 exec/s: 0 rss: 79Mb L: 27/61 MS: 1 ChangeBit-
#3809	NEW    cov: 725 ft: 1701 corp: 217/3889b lim: 61 exec/s: 0 rss: 80Mb L: 30/61 MS: 1 CopyPart-
#3840	NEW    cov: 725 ft: 1702 corp: 218/3895b lim: 61 exec/s: 0 rss: 80Mb L: 6/61 MS: 1 EraseBytes-
#3867	NEW    cov: 725 ft: 1707 corp: 219/3904b lim: 61 exec/s: 0 rss: 80Mb L: 9/61 MS: 2 ShuffleBytes-ChangeBinInt-
#3928	REDUCE cov: 725 ft: 1707 corp: 219/3884b lim: 61 exec/s: 0 rss: 80Mb L: 41/61 MS: 1 EraseBytes-
#3934	NEW    cov: 725 ft: 1708 corp: 220/3945b lim: 61 exec/s: 0 rss: 80Mb L: 61/61 MS: 1 ShuffleBytes-
#3991	NEW    cov: 725 ft: 1713 corp: 221/3956b lim: 61 exec/s: 0 rss: 80Mb L: 11/61 MS: 2 ChangeASCIIInt-PersAutoDict- DE: "\001\013"-
#4002	NEW    cov: 727 ft: 1715 corp: 222/3993b lim: 61 exec/s: 0 rss: 80Mb L: 37/61 MS: 1 EraseBytes-
#4043	REDUCE cov: 727 ft: 1715 corp: 222/3992b lim: 61 exec/s: 0 rss: 81Mb L: 14/61 MS: 1 EraseBytes-
#4049	NEW    cov: 727 ft: 1716 corp: 223/4007b lim: 61 exec/s: 0 rss: 81Mb L: 15/61 MS: 1 ChangeByte-
#4065	NEW    cov: 728 ft: 1717 corp: 224/4036b lim: 61 exec/s: 0 rss: 81Mb L: 29/61 MS: 1 ChangeByte-
#4088	NEW    cov: 728 ft: 1727 corp: 225/4092b lim: 61 exec/s: 0 rss: 81Mb L: 56/61 MS: 3 CopyPart-CopyPart-InsertRepeatedBytes-
#4178	REDUCE cov: 728 ft: 1727 corp: 225/4089b lim: 61 exec/s: 0 rss: 81Mb L: 14/61 MS: 5 CopyPart-ChangeASCIIInt-CrossOver-CrossOver-EraseBytes-
#4224	NEW    cov: 728 ft: 1728 corp: 226/4091b lim: 61 exec/s: 0 rss: 81Mb L: 2/61 MS: 1 InsertByte-
#4331	REDUCE cov: 728 ft: 1728 corp: 226/4089b lim: 61 exec/s: 0 rss: 81Mb L: 10/61 MS: 2 ChangeByte-EraseBytes-
#4342	NEW    cov: 728 ft: 1729 corp: 227/4121b lim: 61 exec/s: 0 rss: 81Mb L: 32/61 MS: 1 InsertByte-
#4424	REDUCE cov: 728 ft: 1729 corp: 227/4098b lim: 61 exec/s: 0 rss: 81Mb L: 38/61 MS: 2 ChangeBit-EraseBytes-
#4470	NEW    cov: 729 ft: 1730 corp: 228/4159b lim: 61 exec/s: 0 rss: 82Mb L: 61/61 MS: 1 ChangeBit-
#4541	NEW    cov: 730 ft: 1731 corp: 229/4191b lim: 61 exec/s: 0 rss: 82Mb L: 32/61 MS: 1 EraseBytes-
#4597	NEW    cov: 730 ft: 1732 corp: 230/4219b lim: 61 exec/s: 0 rss: 82Mb L: 28/61 MS: 1 InsertByte-
#4613	NEW    cov: 731 ft: 1733 corp: 231/4280b lim: 61 exec/s: 0 rss: 82Mb L: 61/61 MS: 1 ShuffleBytes-
#4623	REDUCE cov: 731 ft: 1733 corp: 231/4277b lim: 61 exec/s: 0 rss: 82Mb L: 27/61 MS: 5 CopyPart-ChangeASCIIInt-ChangeByte-ChangeASCIIInt-EraseBytes-
#4657	NEW    cov: 731 ft: 1734 corp: 232/4281b lim: 61 exec/s: 0 rss: 82Mb L: 4/61 MS: 4 ChangeBinInt-ChangeBinInt-CrossOver-ShuffleBytes-
#4673	REDUCE cov: 731 ft: 1734 corp: 232/4274b lim: 61 exec/s: 0 rss: 82Mb L: 17/61 MS: 1 EraseBytes-
#4719	NEW    cov: 732 ft: 1735 corp: 233/4303b lim: 61 exec/s: 0 rss: 82Mb L: 29/61 MS: 1 ChangeBit-
#4865	NEW    cov: 732 ft: 1736 corp: 234/4311b lim: 61 exec/s: 0 rss: 84Mb L: 8/61 MS: 1 EraseBytes-
#4867	NEW    cov: 732 ft: 1740 corp: 235/4314b lim: 61 exec/s: 0 rss: 84Mb L: 3/61 MS: 2 InsertRepeatedBytes-CrossOver-
#4913	REDUCE cov: 732 ft: 1740 corp: 235/4309b lim: 61 exec/s: 0 rss: 84Mb L: 11/61 MS: 1 EraseBytes-
#4985	REDUCE cov: 732 ft: 1740 corp: 235/4279b lim: 61 exec/s: 0 rss: 85Mb L: 31/61 MS: 2 CopyPart-EraseBytes-
#4986	NEW    cov: 732 ft: 1741 corp: 236/4314b lim: 61 exec/s: 0 rss: 85Mb L: 35/61 MS: 1 ChangeASCIIInt-
#5018	NEW    cov: 732 ft: 1746 corp: 237/4361b lim: 61 exec/s: 0 rss: 85Mb L: 47/61 MS: 2 ChangeByte-ChangeBinInt-
#5044	REDUCE cov: 732 ft: 1746 corp: 237/4358b lim: 61 exec/s: 0 rss: 85Mb L: 24/61 MS: 1 EraseBytes-
#5057	NEW    cov: 733 ft: 1747 corp: 238/4400b lim: 61 exec/s: 0 rss: 85Mb L: 42/61 MS: 3 ChangeASCIIInt-ChangeASCIIInt-CopyPart-
#5078	NEW    cov: 733 ft: 1749 corp: 239/4432b lim: 61 exec/s: 0 rss: 85Mb L: 32/61 MS: 1 ChangeASCIIInt-
#5110	NEW    cov: 734 ft: 1750 corp: 240/4480b lim: 61 exec/s: 0 rss: 85Mb L: 48/61 MS: 2 InsertByte-ChangeBit-
#5126	REDUCE cov: 734 ft: 1751 corp: 241/4496b lim: 61 exec/s: 0 rss: 85Mb L: 16/61 MS: 1 EraseBytes-
#5207	NEW    cov: 734 ft: 1752 corp: 242/4506b lim: 61 exec/s: 0 rss: 85Mb L: 10/61 MS: 1 ChangeBit-
#5246	REDUCE cov: 734 ft: 1752 corp: 242/4504b lim: 61 exec/s: 0 rss: 86Mb L: 33/61 MS: 4 ChangeBit-ChangeBit-ShuffleBytes-EraseBytes-
#5259	REDUCE cov: 734 ft: 1752 corp: 242/4500b lim: 61 exec/s: 0 rss: 86Mb L: 4/61 MS: 3 ChangeBit-ChangeBinInt-EraseBytes-
#5290	NEW    cov: 735 ft: 1753 corp: 243/4508b lim: 61 exec/s: 0 rss: 86Mb L: 8/61 MS: 1 ChangeBit-
#5582	REDUCE cov: 735 ft: 1758 corp: 244/4541b lim: 61 exec/s: 0 rss: 86Mb L: 33/61 MS: 2 ChangeASCIIInt-CrossOver-
#5605	NEW    cov: 735 ft: 1759 corp: 245/4542b lim: 61 exec/s: 0 rss: 87Mb L: 1/61 MS: 3 ChangeASCIIInt-ChangeByte-EraseBytes-
#5751	REDUCE cov: 735 ft: 1759 corp: 245/4534b lim: 61 exec/s: 0 rss: 87Mb L: 36/61 MS: 1 EraseBytes-
#5784	REDUCE cov: 735 ft: 1759 corp: 245/4532b lim: 61 exec/s: 0 rss: 87Mb L: 9/61 MS: 3 PersAutoDict-ShuffleBytes-EraseBytes- DE: "\012\000\000\000"-
#5823	REDUCE cov: 735 ft: 1759 corp: 245/4530b lim: 61 exec/s: 0 rss: 88Mb L: 3/61 MS: 4 ChangeBit-CopyPart-ShuffleBytes-EraseBytes-
#5839	REDUCE cov: 735 ft: 1759 corp: 245/4527b lim: 61 exec/s: 0 rss: 88Mb L: 7/61 MS: 1 EraseBytes-
#5970	NEW    cov: 736 ft: 1760 corp: 246/4588b lim: 61 exec/s: 0 rss: 88Mb L: 61/61 MS: 1 ShuffleBytes-
#6096	NEW    cov: 736 ft: 1762 corp: 247/4647b lim: 61 exec/s: 0 rss: 89Mb L: 59/61 MS: 1 InsertRepeatedBytes-
#6117	REDUCE cov: 736 ft: 1762 corp: 247/4641b lim: 61 exec/s: 0 rss: 89Mb L: 29/61 MS: 1 EraseBytes-
#6159	NEW    cov: 738 ft: 1764 corp: 248/4702b lim: 61 exec/s: 0 rss: 89Mb L: 61/61 MS: 2 ShuffleBytes-CMP- DE: "char"-
#6240	NEW    cov: 739 ft: 1765 corp: 249/4706b lim: 61 exec/s: 0 rss: 89Mb L: 4/61 MS: 1 CrossOver-
#6277	NEW    cov: 739 ft: 1767 corp: 250/4740b lim: 61 exec/s: 0 rss: 89Mb L: 34/61 MS: 2 InsertByte-EraseBytes-
#6383	REDUCE cov: 739 ft: 1767 corp: 250/4739b lim: 61 exec/s: 0 rss: 89Mb L: 16/61 MS: 1 EraseBytes-
#6464	NEW    cov: 741 ft: 1769 corp: 251/4745b lim: 61 exec/s: 0 rss: 89Mb L: 6/61 MS: 1 CMP- DE: "union"-
#6540	NEW    cov: 742 ft: 1770 corp: 252/4788b lim: 61 exec/s: 0 rss: 89Mb L: 43/61 MS: 1 CopyPart-
#6557	NEW    cov: 742 ft: 1771 corp: 253/4815b lim: 61 exec/s: 0 rss: 89Mb L: 27/61 MS: 2 ShuffleBytes-EraseBytes-
#6558	REDUCE cov: 742 ft: 1771 corp: 253/4814b lim: 61 exec/s: 0 rss: 89Mb L: 6/61 MS: 1 EraseBytes-
#6559	NEW    cov: 743 ft: 1772 corp: 254/4838b lim: 61 exec/s: 0 rss: 89Mb L: 24/61 MS: 1 EraseBytes-
#6575	NEW    cov: 743 ft: 1773 corp: 255/4855b lim: 61 exec/s: 0 rss: 89Mb L: 17/61 MS: 1 ChangeASCIIInt-
#6576	REDUCE cov: 743 ft: 1773 corp: 255/4854b lim: 61 exec/s: 0 rss: 89Mb L: 12/61 MS: 1 EraseBytes-
#6632	REDUCE cov: 743 ft: 1773 corp: 255/4848b lim: 61 exec/s: 0 rss: 89Mb L: 16/61 MS: 1 EraseBytes-
#6694	NEW    cov: 743 ft: 1774 corp: 256/4852b lim: 61 exec/s: 0 rss: 89Mb L: 4/61 MS: 2 ChangeASCIIInt-CopyPart-
#6731	NEW    cov: 745 ft: 1776 corp: 257/4886b lim: 61 exec/s: 0 rss: 90Mb L: 34/61 MS: 2 CopyPart-CrossOver-
#6953	REDUCE cov: 745 ft: 1776 corp: 257/4878b lim: 61 exec/s: 0 rss: 90Mb L: 21/61 MS: 2 ChangeASCIIInt-EraseBytes-
#7029	REDUCE cov: 745 ft: 1776 corp: 257/4868b lim: 61 exec/s: 0 rss: 90Mb L: 17/61 MS: 1 EraseBytes-
#7035	NEW    cov: 746 ft: 1777 corp: 258/4897b lim: 61 exec/s: 0 rss: 90Mb L: 29/61 MS: 1 CopyPart-
#7086	NEW    cov: 746 ft: 1778 corp: 259/4911b lim: 61 exec/s: 0 rss: 90Mb L: 14/61 MS: 1 EraseBytes-
#7122	NEW    cov: 746 ft: 1779 corp: 260/4944b lim: 61 exec/s: 0 rss: 90Mb L: 33/61 MS: 1 PersAutoDict- DE: "union"-
#7133	REDUCE cov: 746 ft: 1779 corp: 260/4942b lim: 61 exec/s: 0 rss: 90Mb L: 10/61 MS: 1 EraseBytes-
#7179	NEW    cov: 746 ft: 1781 corp: 261/4995b lim: 61 exec/s: 0 rss: 91Mb L: 53/61 MS: 1 ChangeASCIIInt-
#7251	REDUCE cov: 746 ft: 1781 corp: 261/4968b lim: 61 exec/s: 0 rss: 91Mb L: 34/61 MS: 2 CrossOver-EraseBytes-
#7372	REDUCE cov: 746 ft: 1781 corp: 261/4961b lim: 61 exec/s: 0 rss: 91Mb L: 14/61 MS: 1 EraseBytes-
#7448	REDUCE cov: 746 ft: 1781 corp: 261/4960b lim: 61 exec/s: 0 rss: 91Mb L: 12/61 MS: 1 CrossOver-
#7484	NEW    cov: 747 ft: 1782 corp: 262/4981b lim: 61 exec/s: 0 rss: 91Mb L: 21/61 MS: 1 PersAutoDict- DE: "char"-
#7557	NEW    cov: 747 ft: 1784 corp: 263/5042b lim: 61 exec/s: 0 rss: 92Mb L: 61/61 MS: 3 CopyPart-CopyPart-CrossOver-
#7624	NEW    cov: 749 ft: 1786 corp: 264/5068b lim: 61 exec/s: 0 rss: 92Mb L: 26/61 MS: 2 ChangeASCIIInt-ChangeBit-
#7655	NEW    cov: 751 ft: 1788 corp: 265/5110b lim: 61 exec/s: 0 rss: 92Mb L: 42/61 MS: 1 ShuffleBytes-
#7666	REDUCE cov: 751 ft: 1788 corp: 265/5109b lim: 61 exec/s: 0 rss: 92Mb L: 16/61 MS: 1 EraseBytes-
#7719	NEW    cov: 751 ft: 1789 corp: 266/5160b lim: 61 exec/s: 0 rss: 92Mb L: 51/61 MS: 3 ShuffleBytes-CopyPart-InsertRepeatedBytes-
#7801	REDUCE cov: 751 ft: 1789 corp: 266/5156b lim: 61 exec/s: 0 rss: 92Mb L: 5/61 MS: 2 CopyPart-EraseBytes-
#7847	REDUCE cov: 753 ft: 1791 corp: 267/5192b lim: 61 exec/s: 0 rss: 92Mb L: 36/61 MS: 1 CrossOver-
#7903	REDUCE cov: 753 ft: 1791 corp: 267/5183b lim: 61 exec/s: 0 rss: 92Mb L: 29/61 MS: 1 EraseBytes-
#7907	REDUCE cov: 753 ft: 1791 corp: 267/5179b lim: 61 exec/s: 0 rss: 92Mb L: 30/61 MS: 4 ChangeBinInt-CopyPart-ChangeByte-CrossOver-
#7944	REDUCE cov: 753 ft: 1791 corp: 267/5176b lim: 61 exec/s: 0 rss: 92Mb L: 58/61 MS: 2 ChangeASCIIInt-EraseBytes-
#8002	REDUCE cov: 753 ft: 1791 corp: 267/5167b lim: 61 exec/s: 0 rss: 93Mb L: 52/61 MS: 3 CopyPart-ChangeBinInt-CrossOver-
#8313	NEW    cov: 754 ft: 1792 corp: 268/5188b lim: 61 exec/s: 0 rss: 93Mb L: 21/61 MS: 1 EraseBytes-
#8314	NEW    cov: 756 ft: 1794 corp: 269/5228b lim: 61 exec/s: 0 rss: 93Mb L: 40/61 MS: 1 CrossOver-
#8354	NEW    cov: 756 ft: 1795 corp: 270/5264b lim: 61 exec/s: 0 rss: 93Mb L: 36/61 MS: 5 ChangeBit-ChangeBit-CrossOver-ChangeBit-InsertRepeatedBytes-
#8432	REDUCE cov: 756 ft: 1795 corp: 270/5256b lim: 61 exec/s: 0 rss: 93Mb L: 21/61 MS: 3 ChangeBinInt-ChangeASCIIInt-EraseBytes-
#8486	REDUCE cov: 756 ft: 1795 corp: 270/5250b lim: 61 exec/s: 0 rss: 93Mb L: 21/61 MS: 4 ShuffleBytes-ShuffleBytes-PersAutoDict-EraseBytes- DE: "\001\013"-
#8522	REDUCE cov: 756 ft: 1795 corp: 270/5238b lim: 61 exec/s: 0 rss: 93Mb L: 39/61 MS: 1 EraseBytes-
#8549	NEW    cov: 756 ft: 1800 corp: 271/5293b lim: 61 exec/s: 0 rss: 94Mb L: 55/61 MS: 2 EraseBytes-InsertRepeatedBytes-
#8575	REDUCE cov: 756 ft: 1800 corp: 271/5276b lim: 61 exec/s: 0 rss: 94Mb L: 13/61 MS: 1 CrossOver-
#8661	REDUCE cov: 756 ft: 1800 corp: 271/5269b lim: 61 exec/s: 0 rss: 94Mb L: 22/61 MS: 1 EraseBytes-
#8683	REDUCE cov: 756 ft: 1800 corp: 271/5268b lim: 61 exec/s: 0 rss: 94Mb L: 9/61 MS: 2 ChangeASCIIInt-EraseBytes-
#8694	NEW    cov: 757 ft: 1801 corp: 272/5305b lim: 61 exec/s: 0 rss: 94Mb L: 37/61 MS: 1 CrossOver-
#8706	NEW    cov: 758 ft: 1802 corp: 273/5338b lim: 61 exec/s: 0 rss: 94Mb L: 33/61 MS: 2 ShuffleBytes-ChangeBit-
#8812	NEW    cov: 759 ft: 1803 corp: 274/5386b lim: 61 exec/s: 0 rss: 94Mb L: 48/61 MS: 1 CrossOver-
#8917	NEW    cov: 759 ft: 1804 corp: 275/5394b lim: 61 exec/s: 0 rss: 94Mb L: 8/61 MS: 5 PersAutoDict-ShuffleBytes-CrossOver-ChangeASCIIInt-PersAutoDict- DE: "\001\013"-"char"-
#8931	REDUCE cov: 759 ft: 1804 corp: 275/5388b lim: 61 exec/s: 0 rss: 94Mb L: 42/61 MS: 4 ShuffleBytes-CrossOver-EraseBytes-EraseBytes-
#8947	REDUCE cov: 759 ft: 1804 corp: 275/5385b lim: 61 exec/s: 0 rss: 94Mb L: 23/61 MS: 1 EraseBytes-
#9063	REDUCE cov: 759 ft: 1804 corp: 275/5370b lim: 61 exec/s: 0 rss: 95Mb L: 38/61 MS: 1 EraseBytes-
#9069	NEW    cov: 759 ft: 1806 corp: 276/5418b lim: 61 exec/s: 0 rss: 95Mb L: 48/61 MS: 1 CrossOver-
#9335	REDUCE cov: 759 ft: 1806 corp: 276/5415b lim: 61 exec/s: 0 rss: 96Mb L: 21/61 MS: 1 EraseBytes-
#9639	REDUCE cov: 759 ft: 1806 corp: 276/5396b lim: 61 exec/s: 0 rss: 96Mb L: 23/61 MS: 4 ChangeASCIIInt-InsertRepeatedBytes-InsertRepeatedBytes-CrossOver-
#9731	REDUCE cov: 759 ft: 1806 corp: 276/5393b lim: 61 exec/s: 0 rss: 96Mb L: 30/61 MS: 2 PersAutoDict-EraseBytes- DE: "char"-
#9912	REDUCE cov: 759 ft: 1806 corp: 276/5390b lim: 61 exec/s: 0 rss: 97Mb L: 21/61 MS: 1 EraseBytes-
#9943	NEW    cov: 759 ft: 1808 corp: 277/5434b lim: 61 exec/s: 0 rss: 98Mb L: 44/61 MS: 1 ChangeASCIIInt-
#10045	NEW    cov: 759 ft: 1809 corp: 278/5439b lim: 61 exec/s: 0 rss: 98Mb L: 5/61 MS: 2 ChangeBit-EraseBytes-
#10066	REDUCE cov: 759 ft: 1811 corp: 279/5462b lim: 61 exec/s: 0 rss: 98Mb L: 23/61 MS: 1 CrossOver-
#10073	REDUCE cov: 759 ft: 1811 corp: 279/5450b lim: 61 exec/s: 0 rss: 98Mb L: 34/61 MS: 2 ChangeByte-EraseBytes-
#10144	REDUCE cov: 759 ft: 1811 corp: 279/5446b lim: 61 exec/s: 0 rss: 98Mb L: 34/61 MS: 1 EraseBytes-
#10155	REDUCE cov: 759 ft: 1811 corp: 279/5439b lim: 61 exec/s: 0 rss: 98Mb L: 35/61 MS: 1 EraseBytes-
#10196	REDUCE cov: 759 ft: 1811 corp: 279/5438b lim: 61 exec/s: 0 rss: 98Mb L: 3/61 MS: 1 EraseBytes-
#10218	REDUCE cov: 759 ft: 1811 corp: 279/5435b lim: 61 exec/s: 0 rss: 98Mb L: 31/61 MS: 2 ChangeBit-EraseBytes-
#10220	NEW    cov: 759 ft: 1812 corp: 280/5488b lim: 61 exec/s: 0 rss: 99Mb L: 53/61 MS: 2 ChangeASCIIInt-InsertRepeatedBytes-
#10227	REDUCE cov: 759 ft: 1812 corp: 280/5471b lim: 61 exec/s: 0 rss: 99Mb L: 42/61 MS: 2 CopyPart-EraseBytes-
#10259	REDUCE cov: 759 ft: 1812 corp: 280/5456b lim: 61 exec/s: 0 rss: 99Mb L: 15/61 MS: 2 ShuffleBytes-EraseBytes-
#10430	REDUCE cov: 759 ft: 1812 corp: 280/5454b lim: 61 exec/s: 0 rss: 99Mb L: 2/61 MS: 1 EraseBytes-
#10638	REDUCE cov: 759 ft: 1812 corp: 280/5452b lim: 61 exec/s: 0 rss: 101Mb L: 9/61 MS: 3 ChangeASCIIInt-ChangeASCIIInt-EraseBytes-
#10640	REDUCE cov: 759 ft: 1812 corp: 280/5447b lim: 61 exec/s: 0 rss: 101Mb L: 9/61 MS: 2 ChangeBit-EraseBytes-
#10677	REDUCE cov: 759 ft: 1812 corp: 280/5445b lim: 61 exec/s: 0 rss: 101Mb L: 15/61 MS: 2 ChangeByte-EraseBytes-
#10751	REDUCE cov: 759 ft: 1812 corp: 280/5441b lim: 61 exec/s: 0 rss: 101Mb L: 5/61 MS: 4 PersAutoDict-InsertByte-ShuffleBytes-EraseBytes- DE: "char"-
#10908	REDUCE cov: 759 ft: 1812 corp: 280/5438b lim: 61 exec/s: 0 rss: 102Mb L: 8/61 MS: 2 InsertByte-EraseBytes-
#10969	REDUCE cov: 759 ft: 1812 corp: 280/5436b lim: 61 exec/s: 0 rss: 102Mb L: 20/61 MS: 1 EraseBytes-
#10991	NEW    cov: 759 ft: 1813 corp: 281/5461b lim: 61 exec/s: 0 rss: 102Mb L: 25/61 MS: 2 ChangeBinInt-EraseBytes-
#11010	REDUCE cov: 759 ft: 1813 corp: 281/5440b lim: 61 exec/s: 0 rss: 102Mb L: 27/61 MS: 4 InsertByte-ChangeASCIIInt-ChangeBit-EraseBytes-
#11050	NEW    cov: 759 ft: 1818 corp: 282/5491b lim: 61 exec/s: 0 rss: 102Mb L: 51/61 MS: 5 ChangeByte-ChangeASCIIInt-ShuffleBytes-CopyPart-ChangeByte-
#11287	NEW    cov: 759 ft: 1819 corp: 283/5536b lim: 61 exec/s: 0 rss: 103Mb L: 45/61 MS: 2 ShuffleBytes-EraseBytes-
#11680	NEW    cov: 759 ft: 1820 corp: 284/5572b lim: 61 exec/s: 0 rss: 104Mb L: 36/61 MS: 3 PersAutoDict-ChangeBit-EraseBytes- DE: "\012\000\000\000"-
#11832	NEW    cov: 759 ft: 1821 corp: 285/5584b lim: 61 exec/s: 0 rss: 105Mb L: 12/61 MS: 2 ChangeBit-InsertRepeatedBytes-
#11834	NEW    cov: 759 ft: 1826 corp: 286/5635b lim: 61 exec/s: 0 rss: 105Mb L: 51/61 MS: 2 CopyPart-InsertRepeatedBytes-
#12176	NEW    cov: 759 ft: 1827 corp: 287/5673b lim: 61 exec/s: 0 rss: 105Mb L: 38/61 MS: 2 ChangeByte-CMP- DE: "term"-
#12212	NEW    cov: 760 ft: 1828 corp: 288/5702b lim: 61 exec/s: 0 rss: 105Mb L: 29/61 MS: 1 ChangeBit-
#12249	REDUCE cov: 760 ft: 1828 corp: 288/5699b lim: 61 exec/s: 0 rss: 106Mb L: 10/61 MS: 2 ChangeByte-EraseBytes-
#12411	NEW    cov: 760 ft: 1830 corp: 289/5707b lim: 61 exec/s: 0 rss: 106Mb L: 8/61 MS: 2 ShuffleBytes-PersAutoDict- DE: "union"-
#12642	REDUCE cov: 760 ft: 1830 corp: 289/5702b lim: 61 exec/s: 0 rss: 107Mb L: 16/61 MS: 1 EraseBytes-
#12819	REDUCE cov: 760 ft: 1830 corp: 289/5683b lim: 61 exec/s: 0 rss: 108Mb L: 19/61 MS: 2 ShuffleBytes-EraseBytes-
#12855	REDUCE cov: 761 ft: 1831 corp: 290/5719b lim: 61 exec/s: 0 rss: 108Mb L: 36/61 MS: 1 InsertByte-
#12941	NEW    cov: 761 ft: 1832 corp: 291/5774b lim: 61 exec/s: 0 rss: 108Mb L: 55/61 MS: 1 InsertRepeatedBytes-
#12988	REDUCE cov: 761 ft: 1832 corp: 291/5759b lim: 61 exec/s: 0 rss: 109Mb L: 25/61 MS: 2 ChangeByte-EraseBytes-
#12997	NEW    cov: 761 ft: 1833 corp: 292/5778b lim: 61 exec/s: 0 rss: 110Mb L: 19/61 MS: 4 ChangeASCIIInt-ChangeBit-ChangeASCIIInt-ChangeASCIIInt-
#13043	REDUCE cov: 761 ft: 1833 corp: 292/5777b lim: 61 exec/s: 0 rss: 110Mb L: 4/61 MS: 1 EraseBytes-
#13060	REDUCE cov: 761 ft: 1833 corp: 292/5775b lim: 61 exec/s: 0 rss: 112Mb L: 27/61 MS: 2 ChangeASCIIInt-EraseBytes-
#13102	NEW    cov: 761 ft: 1835 corp: 293/5776b lim: 61 exec/s: 0 rss: 112Mb L: 1/61 MS: 2 InsertRepeatedBytes-CrossOver-
#13113	NEW    cov: 764 ft: 1838 corp: 294/5794b lim: 61 exec/s: 0 rss: 112Mb L: 18/61 MS: 1 InsertByte-
#13124	REDUCE cov: 764 ft: 1838 corp: 294/5792b lim: 61 exec/s: 0 rss: 112Mb L: 10/61 MS: 1 EraseBytes-
#13132	NEW    cov: 764 ft: 1839 corp: 295/5811b lim: 61 exec/s: 0 rss: 112Mb L: 19/61 MS: 3 InsertByte-InsertByte-EraseBytes-
#13221	NEW    cov: 764 ft: 1844 corp: 296/5867b lim: 61 exec/s: 0 rss: 112Mb L: 56/61 MS: 4 PersAutoDict-InsertByte-PersAutoDict-ChangeBit- DE: "term"-"char"-
#13242	NEW    cov: 764 ft: 1845 corp: 297/5895b lim: 61 exec/s: 0 rss: 112Mb L: 28/61 MS: 1 ChangeBit-
#13289	REDUCE cov: 764 ft: 1845 corp: 297/5894b lim: 61 exec/s: 0 rss: 112Mb L: 60/61 MS: 2 CopyPart-EraseBytes-
#13375	REDUCE cov: 764 ft: 1845 corp: 297/5892b lim: 61 exec/s: 0 rss: 112Mb L: 9/61 MS: 1 EraseBytes-
#13451	REDUCE cov: 764 ft: 1845 corp: 297/5876b lim: 61 exec/s: 0 rss: 113Mb L: 16/61 MS: 1 EraseBytes-
#13630	REDUCE cov: 764 ft: 1845 corp: 297/5848b lim: 61 exec/s: 0 rss: 113Mb L: 33/61 MS: 4 ChangeBit-ShuffleBytes-ChangeByte-EraseBytes-
#13669	REDUCE cov: 764 ft: 1845 corp: 297/5824b lim: 61 exec/s: 0 rss: 113Mb L: 25/61 MS: 4 PersAutoDict-CMP-EraseBytes-EraseBytes- DE: "\001\013"-"\000\000\000\000"-
#13935	REDUCE cov: 764 ft: 1845 corp: 297/5823b lim: 61 exec/s: 0 rss: 113Mb L: 3/61 MS: 1 EraseBytes-
#13971	REDUCE cov: 764 ft: 1845 corp: 297/5814b lim: 61 exec/s: 0 rss: 113Mb L: 10/61 MS: 1 EraseBytes-
#13972	NEW    cov: 766 ft: 1847 corp: 298/5836b lim: 61 exec/s: 0 rss: 113Mb L: 22/61 MS: 1 CopyPart-
#14058	REDUCE cov: 766 ft: 1847 corp: 298/5828b lim: 61 exec/s: 0 rss: 114Mb L: 39/61 MS: 1 EraseBytes-
#14184	REDUCE cov: 766 ft: 1847 corp: 298/5822b lim: 61 exec/s: 0 rss: 114Mb L: 22/61 MS: 1 EraseBytes-
#14185	NEW    cov: 766 ft: 1848 corp: 299/5857b lim: 61 exec/s: 0 rss: 114Mb L: 35/61 MS: 1 ChangeASCIIInt-
#14216	NEW    cov: 766 ft: 1849 corp: 300/5872b lim: 61 exec/s: 0 rss: 114Mb L: 15/61 MS: 1 ShuffleBytes-
#14243	REDUCE cov: 766 ft: 1849 corp: 300/5864b lim: 61 exec/s: 0 rss: 114Mb L: 48/61 MS: 2 PersAutoDict-EraseBytes- DE: "union"-
#14254	NEW    cov: 767 ft: 1850 corp: 301/5925b lim: 61 exec/s: 0 rss: 114Mb L: 61/61 MS: 1 CopyPart-
#14366	NEW    cov: 769 ft: 1853 corp: 302/5952b lim: 61 exec/s: 0 rss: 114Mb L: 27/61 MS: 2 CrossOver-InsertByte-
#14369	REDUCE cov: 769 ft: 1853 corp: 302/5951b lim: 61 exec/s: 0 rss: 114Mb L: 9/61 MS: 3 ChangeBinInt-PersAutoDict-EraseBytes- DE: "term"-
#14470	REDUCE cov: 769 ft: 1853 corp: 302/5949b lim: 61 exec/s: 0 rss: 115Mb L: 12/61 MS: 1 EraseBytes-
#14567	REDUCE cov: 769 ft: 1853 corp: 302/5937b lim: 61 exec/s: 0 rss: 115Mb L: 12/61 MS: 2 ChangeASCIIInt-EraseBytes-
#14573	REDUCE cov: 769 ft: 1853 corp: 302/5934b lim: 61 exec/s: 0 rss: 115Mb L: 13/61 MS: 1 EraseBytes-
#14609	REDUCE cov: 769 ft: 1853 corp: 302/5919b lim: 61 exec/s: 0 rss: 115Mb L: 46/61 MS: 1 EraseBytes-
#14682	REDUCE cov: 769 ft: 1853 corp: 302/5913b lim: 61 exec/s: 0 rss: 116Mb L: 9/61 MS: 3 ChangeBinInt-CopyPart-EraseBytes-
#14753	REDUCE cov: 769 ft: 1853 corp: 302/5912b lim: 61 exec/s: 0 rss: 116Mb L: 2/61 MS: 1 EraseBytes-
#14799	REDUCE cov: 769 ft: 1853 corp: 302/5911b lim: 61 exec/s: 0 rss: 116Mb L: 16/61 MS: 1 EraseBytes-
#14810	REDUCE cov: 769 ft: 1858 corp: 303/5959b lim: 61 exec/s: 0 rss: 116Mb L: 48/61 MS: 1 PersAutoDict- DE: "union"-
#14827	NEW    cov: 769 ft: 1863 corp: 304/5976b lim: 61 exec/s: 0 rss: 116Mb L: 17/61 MS: 2 ChangeBit-CrossOver-
#14993	REDUCE cov: 769 ft: 1863 corp: 304/5973b lim: 61 exec/s: 0 rss: 117Mb L: 26/61 MS: 1 EraseBytes-
#15019	REDUCE cov: 769 ft: 1863 corp: 304/5967b lim: 61 exec/s: 0 rss: 117Mb L: 7/61 MS: 1 EraseBytes-
#15050	REDUCE cov: 769 ft: 1863 corp: 304/5958b lim: 61 exec/s: 0 rss: 117Mb L: 46/61 MS: 1 EraseBytes-
#15051	REDUCE cov: 769 ft: 1863 corp: 304/5952b lim: 61 exec/s: 0 rss: 117Mb L: 20/61 MS: 1 EraseBytes-
#15089	REDUCE cov: 769 ft: 1863 corp: 304/5943b lim: 61 exec/s: 0 rss: 117Mb L: 42/61 MS: 3 CMP-ChangeBinInt-CrossOver- DE: "\377\377O0\000\007{\227"-
#15105	REDUCE cov: 769 ft: 1863 corp: 304/5942b lim: 61 exec/s: 0 rss: 117Mb L: 8/61 MS: 1 EraseBytes-
#15172	REDUCE cov: 769 ft: 1863 corp: 304/5940b lim: 61 exec/s: 0 rss: 117Mb L: 3/61 MS: 2 ChangeBit-EraseBytes-
#15339	REDUCE cov: 769 ft: 1863 corp: 304/5939b lim: 61 exec/s: 0 rss: 118Mb L: 9/61 MS: 2 ChangeBinInt-EraseBytes-
#15381	REDUCE cov: 769 ft: 1863 corp: 304/5937b lim: 61 exec/s: 0 rss: 118Mb L: 15/61 MS: 2 EraseBytes-CopyPart-
#16077	REDUCE cov: 769 ft: 1863 corp: 304/5932b lim: 66 exec/s: 0 rss: 120Mb L: 17/61 MS: 1 EraseBytes-
#16155	REDUCE cov: 769 ft: 1863 corp: 304/5919b lim: 66 exec/s: 0 rss: 120Mb L: 20/61 MS: 3 InsertByte-ChangeBit-EraseBytes-
#16161	REDUCE cov: 769 ft: 1863 corp: 304/5914b lim: 66 exec/s: 0 rss: 120Mb L: 36/61 MS: 1 EraseBytes-
#16177	REDUCE cov: 769 ft: 1863 corp: 304/5913b lim: 66 exec/s: 0 rss: 121Mb L: 18/61 MS: 1 EraseBytes-
#16208	REDUCE cov: 769 ft: 1863 corp: 304/5905b lim: 66 exec/s: 0 rss: 121Mb L: 39/61 MS: 1 EraseBytes-
#16294	NEW    cov: 769 ft: 1864 corp: 305/5931b lim: 66 exec/s: 0 rss: 121Mb L: 26/61 MS: 1 ChangeBinInt-
#16455	REDUCE cov: 769 ft: 1864 corp: 305/5924b lim: 66 exec/s: 0 rss: 121Mb L: 10/61 MS: 1 EraseBytes-
#16521	REDUCE cov: 769 ft: 1864 corp: 305/5922b lim: 66 exec/s: 0 rss: 121Mb L: 3/61 MS: 1 EraseBytes-
#16533	REDUCE cov: 769 ft: 1864 corp: 305/5909b lim: 66 exec/s: 0 rss: 121Mb L: 14/61 MS: 2 InsertByte-EraseBytes-
#16574	REDUCE cov: 769 ft: 1864 corp: 305/5908b lim: 66 exec/s: 0 rss: 122Mb L: 2/61 MS: 1 EraseBytes-
#16575	REDUCE cov: 769 ft: 1864 corp: 305/5906b lim: 66 exec/s: 0 rss: 122Mb L: 13/61 MS: 1 EraseBytes-
#16621	REDUCE cov: 769 ft: 1864 corp: 305/5905b lim: 66 exec/s: 0 rss: 122Mb L: 8/61 MS: 1 EraseBytes-
#16782	REDUCE cov: 769 ft: 1864 corp: 305/5887b lim: 66 exec/s: 0 rss: 122Mb L: 18/61 MS: 1 EraseBytes-
#16783	REDUCE cov: 769 ft: 1864 corp: 305/5886b lim: 66 exec/s: 0 rss: 122Mb L: 1/61 MS: 1 EraseBytes-
#16869	NEW    cov: 769 ft: 1865 corp: 306/5908b lim: 66 exec/s: 0 rss: 122Mb L: 22/61 MS: 1 ChangeBinInt-
#16960	REDUCE cov: 769 ft: 1865 corp: 306/5906b lim: 66 exec/s: 0 rss: 122Mb L: 23/61 MS: 1 EraseBytes-
#16976	REDUCE cov: 769 ft: 1865 corp: 306/5905b lim: 66 exec/s: 0 rss: 122Mb L: 12/61 MS: 1 EraseBytes-
#17158	REDUCE cov: 769 ft: 1865 corp: 306/5904b lim: 66 exec/s: 0 rss: 123Mb L: 26/61 MS: 2 ChangeBit-EraseBytes-
#17377	REDUCE cov: 769 ft: 1866 corp: 307/5920b lim: 66 exec/s: 0 rss: 123Mb L: 16/61 MS: 4 ChangeASCIIInt-ShuffleBytes-InsertByte-EraseBytes-
#17408	REDUCE cov: 769 ft: 1866 corp: 307/5914b lim: 66 exec/s: 0 rss: 123Mb L: 8/61 MS: 1 EraseBytes-
#17459	NEW    cov: 770 ft: 1867 corp: 308/5927b lim: 66 exec/s: 0 rss: 124Mb L: 13/61 MS: 1 CMP- DE: "mmem"-
#17750	REDUCE cov: 770 ft: 1867 corp: 308/5921b lim: 66 exec/s: 0 rss: 125Mb L: 7/61 MS: 1 EraseBytes-
#17791	REDUCE cov: 770 ft: 1867 corp: 308/5920b lim: 66 exec/s: 0 rss: 125Mb L: 1/61 MS: 1 EraseBytes-
#17875	REDUCE cov: 770 ft: 1867 corp: 308/5917b lim: 66 exec/s: 0 rss: 126Mb L: 33/61 MS: 4 CrossOver-ChangeASCIIInt-ChangeASCIIInt-EraseBytes-
#17981	REDUCE cov: 770 ft: 1867 corp: 308/5914b lim: 66 exec/s: 0 rss: 126Mb L: 25/61 MS: 1 EraseBytes-
#18042	NEW    cov: 772 ft: 1869 corp: 309/5932b lim: 66 exec/s: 0 rss: 126Mb L: 18/61 MS: 1 CrossOver-
#18078	REDUCE cov: 772 ft: 1869 corp: 309/5931b lim: 66 exec/s: 0 rss: 126Mb L: 31/61 MS: 1 EraseBytes-
#18134	REDUCE cov: 772 ft: 1869 corp: 309/5922b lim: 66 exec/s: 0 rss: 127Mb L: 27/61 MS: 1 EraseBytes-
#18145	REDUCE cov: 772 ft: 1870 corp: 310/5964b lim: 66 exec/s: 0 rss: 127Mb L: 42/61 MS: 1 InsertRepeatedBytes-
#18176	NEW    cov: 772 ft: 1889 corp: 311/6008b lim: 66 exec/s: 0 rss: 127Mb L: 44/61 MS: 1 ChangeASCIIInt-
#18277	NEW    cov: 772 ft: 1890 corp: 312/6042b lim: 66 exec/s: 0 rss: 128Mb L: 34/61 MS: 1 EraseBytes-
#18303	REDUCE cov: 772 ft: 1890 corp: 312/6039b lim: 66 exec/s: 0 rss: 128Mb L: 4/61 MS: 1 EraseBytes-
#18324	REDUCE cov: 772 ft: 1890 corp: 312/6035b lim: 66 exec/s: 0 rss: 128Mb L: 16/61 MS: 1 EraseBytes-
#18476	REDUCE cov: 772 ft: 1890 corp: 312/6034b lim: 66 exec/s: 0 rss: 129Mb L: 25/61 MS: 2 PersAutoDict-EraseBytes- DE: "mmem"-
#18501	REDUCE cov: 772 ft: 1890 corp: 312/6033b lim: 66 exec/s: 0 rss: 129Mb L: 22/61 MS: 5 CopyPart-CrossOver-CopyPart-ChangeASCIIInt-EraseBytes-
#18547	NEW    cov: 773 ft: 1891 corp: 313/6050b lim: 66 exec/s: 0 rss: 129Mb L: 17/61 MS: 1 EraseBytes-
#18914	NEW    cov: 773 ft: 1892 corp: 314/6056b lim: 66 exec/s: 0 rss: 130Mb L: 6/61 MS: 2 ShuffleBytes-CrossOver-
#18931	REDUCE cov: 773 ft: 1892 corp: 314/6055b lim: 66 exec/s: 0 rss: 130Mb L: 12/61 MS: 2 CMP-EraseBytes- DE: "nnikn"-
#18964	REDUCE cov: 773 ft: 1892 corp: 314/6054b lim: 66 exec/s: 0 rss: 130Mb L: 8/61 MS: 3 ChangeBit-CrossOver-EraseBytes-
#18981	REDUCE cov: 773 ft: 1892 corp: 314/6045b lim: 66 exec/s: 0 rss: 130Mb L: 39/61 MS: 2 InsertRepeatedBytes-CrossOver-
#19232	REDUCE cov: 773 ft: 1892 corp: 314/6036b lim: 66 exec/s: 0 rss: 130Mb L: 39/61 MS: 1 EraseBytes-
#19709	REDUCE cov: 773 ft: 1892 corp: 314/6034b lim: 66 exec/s: 0 rss: 130Mb L: 14/61 MS: 2 ChangeASCIIInt-EraseBytes-
#19966	REDUCE cov: 773 ft: 1892 corp: 314/6033b lim: 66 exec/s: 0 rss: 132Mb L: 2/61 MS: 2 ChangeBit-EraseBytes-
#20002	REDUCE cov: 773 ft: 1892 corp: 314/6030b lim: 66 exec/s: 0 rss: 132Mb L: 10/61 MS: 1 EraseBytes-
#20033	REDUCE cov: 773 ft: 1892 corp: 314/6026b lim: 66 exec/s: 0 rss: 132Mb L: 10/61 MS: 1 EraseBytes-
#20072	REDUCE cov: 773 ft: 1892 corp: 314/6021b lim: 66 exec/s: 0 rss: 132Mb L: 34/61 MS: 4 CopyPart-CopyPart-CopyPart-EraseBytes-
#20239	REDUCE cov: 773 ft: 1892 corp: 314/6017b lim: 66 exec/s: 0 rss: 132Mb L: 43/61 MS: 2 CopyPart-EraseBytes-
#20270	REDUCE cov: 773 ft: 1892 corp: 314/6008b lim: 66 exec/s: 0 rss: 132Mb L: 12/61 MS: 1 EraseBytes-
#20755	REDUCE cov: 773 ft: 1892 corp: 314/5995b lim: 66 exec/s: 0 rss: 133Mb L: 29/61 MS: 5 ShuffleBytes-InsertByte-PersAutoDict-ChangeBit-EraseBytes- DE: "union"-
#20887	REDUCE cov: 773 ft: 1892 corp: 314/5994b lim: 66 exec/s: 0 rss: 133Mb L: 24/61 MS: 2 CMP-EraseBytes- DE: "union"-
#20914	REDUCE cov: 773 ft: 1892 corp: 314/5992b lim: 66 exec/s: 0 rss: 133Mb L: 4/61 MS: 2 CrossOver-EraseBytes-
#21159	REDUCE cov: 773 ft: 1892 corp: 314/5991b lim: 66 exec/s: 0 rss: 133Mb L: 1/61 MS: 5 ChangeBinInt-CopyPart-CrossOver-ChangeBinInt-EraseBytes-
#21241	REDUCE cov: 773 ft: 1892 corp: 314/5986b lim: 66 exec/s: 0 rss: 133Mb L: 7/61 MS: 2 ChangeBit-EraseBytes-
#21849	REDUCE cov: 773 ft: 1892 corp: 314/5985b lim: 72 exec/s: 0 rss: 134Mb L: 6/61 MS: 3 ChangeByte-CopyPart-EraseBytes-
#22038	REDUCE cov: 773 ft: 1892 corp: 314/5953b lim: 72 exec/s: 0 rss: 134Mb L: 26/61 MS: 4 CMP-ChangeBinInt-ChangeBinInt-CrossOver- DE: "ffun"-
#22324	REDUCE cov: 773 ft: 1892 corp: 314/5951b lim: 72 exec/s: 0 rss: 134Mb L: 8/61 MS: 1 EraseBytes-
#22360	REDUCE cov: 773 ft: 1892 corp: 314/5936b lim: 72 exec/s: 0 rss: 134Mb L: 21/61 MS: 1 EraseBytes-
#22627	REDUCE cov: 773 ft: 1892 corp: 314/5935b lim: 72 exec/s: 0 rss: 135Mb L: 7/61 MS: 2 CopyPart-EraseBytes-
#22773	REDUCE cov: 773 ft: 1892 corp: 314/5934b lim: 72 exec/s: 0 rss: 135Mb L: 10/61 MS: 1 EraseBytes-
#22934	NEW    cov: 774 ft: 1893 corp: 315/5937b lim: 72 exec/s: 0 rss: 135Mb L: 3/61 MS: 1 EraseBytes-
#23045	REDUCE cov: 774 ft: 1893 corp: 315/5930b lim: 72 exec/s: 0 rss: 135Mb L: 30/61 MS: 1 EraseBytes-
#23096	REDUCE cov: 774 ft: 1893 corp: 315/5929b lim: 72 exec/s: 0 rss: 135Mb L: 24/61 MS: 1 EraseBytes-
#23099	REDUCE cov: 774 ft: 1893 corp: 315/5923b lim: 72 exec/s: 0 rss: 135Mb L: 12/61 MS: 3 CopyPart-ChangeBinInt-EraseBytes-
#23202	REDUCE cov: 774 ft: 1893 corp: 315/5920b lim: 72 exec/s: 0 rss: 135Mb L: 7/61 MS: 3 CopyPart-ChangeBinInt-EraseBytes-
#23365	REDUCE cov: 774 ft: 1893 corp: 315/5917b lim: 72 exec/s: 0 rss: 135Mb L: 11/61 MS: 3 ChangeByte-PersAutoDict-EraseBytes- DE: "term"-
#23516	REDUCE cov: 774 ft: 1893 corp: 315/5916b lim: 72 exec/s: 0 rss: 136Mb L: 3/61 MS: 1 EraseBytes-
#23673	NEW    cov: 776 ft: 1895 corp: 316/5967b lim: 72 exec/s: 0 rss: 136Mb L: 51/61 MS: 2 InsertRepeatedBytes-CrossOver-
#23704	REDUCE cov: 776 ft: 1895 corp: 316/5965b lim: 72 exec/s: 0 rss: 137Mb L: 37/61 MS: 1 EraseBytes-
#23705	NEW    cov: 776 ft: 1897 corp: 317/5987b lim: 72 exec/s: 0 rss: 137Mb L: 22/61 MS: 1 ChangeASCIIInt-
#23776	REDUCE cov: 776 ft: 1897 corp: 317/5977b lim: 72 exec/s: 0 rss: 137Mb L: 16/61 MS: 1 EraseBytes-
#24047	REDUCE cov: 776 ft: 1897 corp: 317/5975b lim: 72 exec/s: 0 rss: 138Mb L: 23/61 MS: 1 EraseBytes-
#24258	REDUCE cov: 776 ft: 1897 corp: 317/5974b lim: 72 exec/s: 0 rss: 139Mb L: 15/61 MS: 1 EraseBytes-
#24509	REDUCE cov: 776 ft: 1897 corp: 317/5970b lim: 72 exec/s: 0 rss: 140Mb L: 19/61 MS: 1 EraseBytes-
#24720	REDUCE cov: 776 ft: 1897 corp: 317/5968b lim: 72 exec/s: 0 rss: 140Mb L: 6/61 MS: 1 EraseBytes-
#24732	REDUCE cov: 776 ft: 1897 corp: 317/5967b lim: 72 exec/s: 0 rss: 140Mb L: 17/61 MS: 2 ChangeASCIIInt-EraseBytes-
#24783	REDUCE cov: 776 ft: 1897 corp: 317/5965b lim: 72 exec/s: 0 rss: 140Mb L: 6/61 MS: 1 EraseBytes-
#24841	REDUCE cov: 776 ft: 1897 corp: 317/5963b lim: 72 exec/s: 0 rss: 141Mb L: 6/61 MS: 3 ShuffleBytes-CMP-EraseBytes- DE: "kerm"-
#25143	REDUCE cov: 776 ft: 1897 corp: 317/5958b lim: 72 exec/s: 0 rss: 141Mb L: 9/61 MS: 2 InsertByte-EraseBytes-
#25855	REDUCE cov: 776 ft: 1897 corp: 317/5945b lim: 78 exec/s: 0 rss: 142Mb L: 30/61 MS: 2 InsertByte-EraseBytes-
#26046	REDUCE cov: 776 ft: 1897 corp: 317/5943b lim: 78 exec/s: 0 rss: 144Mb L: 10/61 MS: 1 EraseBytes-
#26122	REDUCE cov: 776 ft: 1897 corp: 317/5942b lim: 78 exec/s: 0 rss: 144Mb L: 5/61 MS: 1 EraseBytes-
#26369	REDUCE cov: 776 ft: 1897 corp: 317/5935b lim: 78 exec/s: 0 rss: 145Mb L: 13/61 MS: 2 ShuffleBytes-EraseBytes-
#26477	REDUCE cov: 776 ft: 1897 corp: 317/5922b lim: 78 exec/s: 0 rss: 145Mb L: 23/61 MS: 3 ChangeByte-CrossOver-EraseBytes-
#26542	REDUCE cov: 776 ft: 1897 corp: 317/5919b lim: 78 exec/s: 0 rss: 145Mb L: 34/61 MS: 5 ChangeBit-ChangeByte-ShuffleBytes-CopyPart-EraseBytes-
#26841	REDUCE cov: 776 ft: 1897 corp: 317/5906b lim: 78 exec/s: 0 rss: 146Mb L: 15/61 MS: 4 ChangeASCIIInt-CrossOver-ChangeByte-EraseBytes-
#26939	REDUCE cov: 776 ft: 1899 corp: 318/5910b lim: 78 exec/s: 0 rss: 146Mb L: 4/61 MS: 3 ChangeBit-CopyPart-CrossOver-
#26950	REDUCE cov: 776 ft: 1899 corp: 318/5909b lim: 78 exec/s: 0 rss: 146Mb L: 25/61 MS: 1 EraseBytes-
#27026	REDUCE cov: 776 ft: 1899 corp: 318/5907b lim: 78 exec/s: 0 rss: 146Mb L: 13/61 MS: 1 EraseBytes-
#27097	REDUCE cov: 776 ft: 1899 corp: 318/5901b lim: 78 exec/s: 0 rss: 146Mb L: 17/61 MS: 1 EraseBytes-
#27546	REDUCE cov: 776 ft: 1899 corp: 318/5898b lim: 78 exec/s: 0 rss: 149Mb L: 13/61 MS: 4 InsertRepeatedBytes-InsertByte-EraseBytes-EraseBytes-
#27568	NEW    cov: 776 ft: 1900 corp: 319/5925b lim: 78 exec/s: 0 rss: 149Mb L: 27/61 MS: 2 ChangeBit-InsertRepeatedBytes-
#27802	REDUCE cov: 776 ft: 1900 corp: 319/5919b lim: 78 exec/s: 0 rss: 149Mb L: 10/61 MS: 4 ChangeASCIIInt-ChangeASCIIInt-InsertByte-EraseBytes-
#28819	NEW    cov: 776 ft: 1902 corp: 320/5936b lim: 84 exec/s: 0 rss: 151Mb L: 17/61 MS: 2 ChangeBit-ChangeASCIIInt-
#28931	REDUCE cov: 776 ft: 1902 corp: 320/5922b lim: 84 exec/s: 0 rss: 151Mb L: 9/61 MS: 2 ShuffleBytes-CrossOver-
#28949	NEW    cov: 777 ft: 1903 corp: 321/5943b lim: 84 exec/s: 0 rss: 151Mb L: 21/61 MS: 3 ChangeASCIIInt-CrossOver-CopyPart-
#29325	REDUCE cov: 777 ft: 1903 corp: 321/5941b lim: 84 exec/s: 0 rss: 153Mb L: 15/61 MS: 1 EraseBytes-
#29431	REDUCE cov: 777 ft: 1903 corp: 321/5934b lim: 84 exec/s: 0 rss: 154Mb L: 17/61 MS: 1 EraseBytes-
#29628	REDUCE cov: 777 ft: 1903 corp: 321/5926b lim: 84 exec/s: 0 rss: 154Mb L: 14/61 MS: 2 CMP-EraseBytes- DE: "\377\377"-
#29669	REDUCE cov: 777 ft: 1903 corp: 321/5923b lim: 84 exec/s: 0 rss: 154Mb L: 6/61 MS: 1 EraseBytes-
#29911	REDUCE cov: 777 ft: 1903 corp: 321/5919b lim: 84 exec/s: 0 rss: 154Mb L: 57/61 MS: 2 ChangeASCIIInt-EraseBytes-
#29962	NEW    cov: 778 ft: 1904 corp: 322/5940b lim: 84 exec/s: 0 rss: 154Mb L: 21/61 MS: 1 PersAutoDict- DE: "kerm"-
#29984	REDUCE cov: 778 ft: 1904 corp: 322/5934b lim: 84 exec/s: 0 rss: 154Mb L: 33/61 MS: 2 ChangeASCIIInt-EraseBytes-
#30115	NEW    cov: 778 ft: 1907 corp: 323/5968b lim: 84 exec/s: 0 rss: 154Mb L: 34/61 MS: 1 EraseBytes-
#30337	REDUCE cov: 778 ft: 1907 corp: 323/5961b lim: 84 exec/s: 0 rss: 155Mb L: 34/61 MS: 2 InsertByte-EraseBytes-
#30364	REDUCE cov: 778 ft: 1907 corp: 323/5959b lim: 84 exec/s: 0 rss: 156Mb L: 11/61 MS: 2 ChangeASCIIInt-EraseBytes-
#30422	REDUCE cov: 778 ft: 1907 corp: 323/5958b lim: 84 exec/s: 0 rss: 156Mb L: 5/61 MS: 3 EraseBytes-PersAutoDict-CopyPart- DE: "ffun"-
#30514	NEW    cov: 779 ft: 1908 corp: 324/5975b lim: 84 exec/s: 0 rss: 156Mb L: 17/61 MS: 2 ChangeBit-CMP- DE: "MODr"-
#31040	REDUCE cov: 779 ft: 1908 corp: 324/5968b lim: 84 exec/s: 0 rss: 157Mb L: 22/61 MS: 1 EraseBytes-
#31088	REDUCE cov: 779 ft: 1908 corp: 324/5961b lim: 84 exec/s: 0 rss: 157Mb L: 17/61 MS: 3 ChangeBit-ChangeBinInt-EraseBytes-
#31186	NEW    cov: 779 ft: 1910 corp: 325/5978b lim: 84 exec/s: 0 rss: 157Mb L: 17/61 MS: 3 ChangeBinInt-EraseBytes-InsertByte-
#31427	NEW    cov: 779 ft: 1912 corp: 326/5990b lim: 84 exec/s: 0 rss: 158Mb L: 12/61 MS: 1 CrossOver-
#31508	REDUCE cov: 779 ft: 1912 corp: 326/5984b lim: 84 exec/s: 0 rss: 158Mb L: 20/61 MS: 1 EraseBytes-
#31615	REDUCE cov: 779 ft: 1912 corp: 326/5983b lim: 84 exec/s: 0 rss: 159Mb L: 7/61 MS: 2 CMP-EraseBytes- DE: "rfun"-
#31756	NEW    cov: 779 ft: 1913 corp: 327/6014b lim: 84 exec/s: 0 rss: 160Mb L: 31/61 MS: 1 ChangeByte-
#31807	REDUCE cov: 779 ft: 1913 corp: 327/5997b lim: 84 exec/s: 0 rss: 160Mb L: 20/61 MS: 1 EraseBytes-
#31898	REDUCE cov: 779 ft: 1913 corp: 327/5991b lim: 84 exec/s: 0 rss: 160Mb L: 34/61 MS: 1 EraseBytes-
#31919	REDUCE cov: 779 ft: 1913 corp: 327/5989b lim: 84 exec/s: 0 rss: 160Mb L: 15/61 MS: 1 EraseBytes-
#31946	REDUCE cov: 779 ft: 1913 corp: 327/5986b lim: 84 exec/s: 0 rss: 160Mb L: 3/61 MS: 2 ChangeBit-EraseBytes-
#31987	REDUCE cov: 779 ft: 1913 corp: 327/5985b lim: 84 exec/s: 0 rss: 160Mb L: 6/61 MS: 1 EraseBytes-
#31999	REDUCE cov: 779 ft: 1913 corp: 327/5984b lim: 84 exec/s: 0 rss: 160Mb L: 13/61 MS: 2 PersAutoDict-EraseBytes- DE: "nnikn"-
#32071	REDUCE cov: 779 ft: 1913 corp: 327/5957b lim: 84 exec/s: 0 rss: 160Mb L: 21/61 MS: 2 PersAutoDict-CrossOver- DE: "kerm"-
#32398	REDUCE cov: 779 ft: 1913 corp: 327/5941b lim: 84 exec/s: 0 rss: 160Mb L: 35/61 MS: 2 ChangeByte-EraseBytes-
#32424	REDUCE cov: 779 ft: 1913 corp: 327/5940b lim: 84 exec/s: 0 rss: 160Mb L: 22/61 MS: 1 EraseBytes-
#32620	REDUCE cov: 779 ft: 1913 corp: 327/5937b lim: 84 exec/s: 0 rss: 164Mb L: 14/61 MS: 1 EraseBytes-
#32627	REDUCE cov: 779 ft: 1913 corp: 327/5934b lim: 84 exec/s: 0 rss: 164Mb L: 10/61 MS: 2 CrossOver-EraseBytes-
#32848	REDUCE cov: 779 ft: 1913 corp: 327/5926b lim: 84 exec/s: 0 rss: 164Mb L: 27/61 MS: 1 EraseBytes-
#32869	REDUCE cov: 779 ft: 1913 corp: 327/5910b lim: 84 exec/s: 0 rss: 164Mb L: 26/61 MS: 1 EraseBytes-
#32955	NEW    cov: 779 ft: 1914 corp: 328/5920b lim: 84 exec/s: 0 rss: 164Mb L: 10/61 MS: 1 EraseBytes-
#33563	REDUCE cov: 779 ft: 1914 corp: 328/5917b lim: 90 exec/s: 0 rss: 166Mb L: 6/61 MS: 3 ChangeBit-PersAutoDict-CrossOver- DE: "kerm"-
#33569	REDUCE cov: 779 ft: 1914 corp: 328/5914b lim: 90 exec/s: 0 rss: 166Mb L: 5/61 MS: 1 EraseBytes-
#33710	REDUCE cov: 779 ft: 1914 corp: 328/5907b lim: 90 exec/s: 0 rss: 167Mb L: 7/61 MS: 1 EraseBytes-
#33796	REDUCE cov: 779 ft: 1914 corp: 328/5905b lim: 90 exec/s: 0 rss: 168Mb L: 18/61 MS: 1 EraseBytes-
#33997	NEW    cov: 779 ft: 1915 corp: 329/5942b lim: 90 exec/s: 0 rss: 168Mb L: 37/61 MS: 1 EraseBytes-
#34034	REDUCE cov: 779 ft: 1915 corp: 329/5938b lim: 90 exec/s: 0 rss: 168Mb L: 9/61 MS: 2 CrossOver-EraseBytes-
#34175	REDUCE cov: 779 ft: 1915 corp: 329/5937b lim: 90 exec/s: 0 rss: 168Mb L: 12/61 MS: 1 EraseBytes-
#34366	REDUCE cov: 779 ft: 1915 corp: 329/5934b lim: 90 exec/s: 0 rss: 169Mb L: 14/61 MS: 1 EraseBytes-
#35042	REDUCE cov: 779 ft: 1916 corp: 330/5958b lim: 96 exec/s: 0 rss: 170Mb L: 24/61 MS: 1 CopyPart-
#35096	REDUCE cov: 779 ft: 1916 corp: 330/5947b lim: 96 exec/s: 0 rss: 170Mb L: 7/61 MS: 4 EraseBytes-ChangeBinInt-CopyPart-EraseBytes-
#35273	REDUCE cov: 779 ft: 1916 corp: 330/5946b lim: 96 exec/s: 0 rss: 170Mb L: 13/61 MS: 2 ChangeBit-EraseBytes-
#35639	REDUCE cov: 779 ft: 1916 corp: 330/5944b lim: 96 exec/s: 0 rss: 171Mb L: 20/61 MS: 1 EraseBytes-
#35710	REDUCE cov: 779 ft: 1916 corp: 330/5941b lim: 96 exec/s: 0 rss: 171Mb L: 19/61 MS: 1 EraseBytes-
#35783	REDUCE cov: 779 ft: 1916 corp: 330/5937b lim: 96 exec/s: 0 rss: 172Mb L: 23/61 MS: 3 ChangeASCIIInt-InsertByte-EraseBytes-
#35882	REDUCE cov: 779 ft: 1916 corp: 330/5931b lim: 96 exec/s: 0 rss: 172Mb L: 24/61 MS: 4 ChangeBit-PersAutoDict-ShuffleBytes-EraseBytes- DE: "nnikn"-
#36183	REDUCE cov: 779 ft: 1916 corp: 330/5926b lim: 96 exec/s: 0 rss: 172Mb L: 33/61 MS: 1 EraseBytes-
#36701	REDUCE cov: 779 ft: 1916 corp: 330/5924b lim: 96 exec/s: 0 rss: 172Mb L: 13/61 MS: 3 InsertRepeatedBytes-EraseBytes-EraseBytes-
#36762	REDUCE cov: 779 ft: 1916 corp: 330/5923b lim: 96 exec/s: 0 rss: 173Mb L: 5/61 MS: 1 EraseBytes-
#36813	REDUCE cov: 779 ft: 1916 corp: 330/5908b lim: 96 exec/s: 0 rss: 173Mb L: 18/61 MS: 1 EraseBytes-
#37873	REDUCE cov: 779 ft: 1916 corp: 330/5904b lim: 102 exec/s: 0 rss: 176Mb L: 6/61 MS: 5 ChangeASCIIInt-ChangeASCIIInt-CopyPart-CrossOver-EraseBytes-
#37955	REDUCE cov: 779 ft: 1919 corp: 331/5910b lim: 102 exec/s: 0 rss: 176Mb L: 6/61 MS: 2 ChangeByte-ChangeBit-
#38026	REDUCE cov: 779 ft: 1919 corp: 331/5909b lim: 102 exec/s: 0 rss: 176Mb L: 20/61 MS: 1 EraseBytes-
#38093	REDUCE cov: 779 ft: 1919 corp: 331/5908b lim: 102 exec/s: 0 rss: 176Mb L: 3/61 MS: 2 ChangeBit-EraseBytes-
#38185	REDUCE cov: 779 ft: 1919 corp: 331/5907b lim: 102 exec/s: 0 rss: 176Mb L: 6/61 MS: 2 ChangeASCIIInt-EraseBytes-
#38206	REDUCE cov: 779 ft: 1919 corp: 331/5906b lim: 102 exec/s: 0 rss: 177Mb L: 4/61 MS: 1 EraseBytes-
#38230	REDUCE cov: 779 ft: 1919 corp: 331/5903b lim: 102 exec/s: 0 rss: 177Mb L: 30/61 MS: 4 PersAutoDict-ChangeASCIIInt-ChangeASCIIInt-CrossOver- DE: "nnikn"-
#38413	REDUCE cov: 779 ft: 1919 corp: 331/5898b lim: 102 exec/s: 0 rss: 177Mb L: 47/61 MS: 3 CopyPart-ShuffleBytes-EraseBytes-
#38464	REDUCE cov: 779 ft: 1919 corp: 331/5897b lim: 102 exec/s: 0 rss: 177Mb L: 18/61 MS: 1 EraseBytes-
#38515	REDUCE cov: 780 ft: 1920 corp: 332/5927b lim: 102 exec/s: 0 rss: 177Mb L: 30/61 MS: 1 CrossOver-
#38761	NEW    cov: 783 ft: 1926 corp: 333/5947b lim: 102 exec/s: 0 rss: 177Mb L: 20/61 MS: 1 EraseBytes-
#38948	REDUCE cov: 783 ft: 1926 corp: 333/5944b lim: 102 exec/s: 0 rss: 178Mb L: 15/61 MS: 2 ShuffleBytes-EraseBytes-
#39009	REDUCE cov: 783 ft: 1926 corp: 333/5943b lim: 102 exec/s: 0 rss: 178Mb L: 2/61 MS: 1 EraseBytes-
#39232	REDUCE cov: 783 ft: 1926 corp: 333/5937b lim: 102 exec/s: 39232 rss: 178Mb L: 24/61 MS: 3 ChangeBit-ChangeASCIIInt-EraseBytes-
#39958	REDUCE cov: 783 ft: 1926 corp: 333/5935b lim: 108 exec/s: 39958 rss: 179Mb L: 2/61 MS: 1 EraseBytes-
#40113	REDUCE cov: 783 ft: 1926 corp: 333/5934b lim: 108 exec/s: 40113 rss: 179Mb L: 33/61 MS: 5 ShuffleBytes-ChangeBit-ChangeBinInt-ShuffleBytes-EraseBytes-
#40254	REDUCE cov: 783 ft: 1926 corp: 333/5932b lim: 108 exec/s: 40254 rss: 179Mb L: 3/61 MS: 1 EraseBytes-
#40280	REDUCE cov: 783 ft: 1926 corp: 333/5931b lim: 108 exec/s: 40280 rss: 180Mb L: 2/61 MS: 1 EraseBytes-
#40356	REDUCE cov: 783 ft: 1926 corp: 333/5930b lim: 108 exec/s: 40356 rss: 180Mb L: 20/61 MS: 1 EraseBytes-
#40647	REDUCE cov: 783 ft: 1926 corp: 333/5927b lim: 108 exec/s: 40647 rss: 181Mb L: 21/61 MS: 1 EraseBytes-
#40909	NEW    cov: 783 ft: 1927 corp: 334/5939b lim: 108 exec/s: 40909 rss: 183Mb L: 12/61 MS: 2 ChangeByte-EraseBytes-
#41041	REDUCE cov: 783 ft: 1927 corp: 334/5938b lim: 108 exec/s: 41041 rss: 183Mb L: 9/61 MS: 2 ChangeBit-EraseBytes-
#41058	REDUCE cov: 783 ft: 1927 corp: 334/5936b lim: 108 exec/s: 41058 rss: 183Mb L: 13/61 MS: 2 PersAutoDict-EraseBytes- DE: "rfun"-
#41131	REDUCE cov: 783 ft: 1927 corp: 334/5929b lim: 108 exec/s: 41131 rss: 183Mb L: 36/61 MS: 3 ShuffleBytes-ShuffleBytes-EraseBytes-
#41167	REDUCE cov: 783 ft: 1927 corp: 334/5925b lim: 108 exec/s: 41167 rss: 184Mb L: 21/61 MS: 1 EraseBytes-
#41170	REDUCE cov: 783 ft: 1927 corp: 334/5924b lim: 108 exec/s: 41170 rss: 184Mb L: 2/61 MS: 3 InsertByte-ChangeByte-EraseBytes-
#41646	REDUCE cov: 783 ft: 1927 corp: 334/5922b lim: 108 exec/s: 41646 rss: 185Mb L: 15/61 MS: 1 EraseBytes-
#41747	REDUCE cov: 783 ft: 1927 corp: 334/5916b lim: 108 exec/s: 41747 rss: 185Mb L: 28/61 MS: 1 EraseBytes-
#41763	REDUCE cov: 783 ft: 1927 corp: 334/5912b lim: 108 exec/s: 41763 rss: 185Mb L: 4/61 MS: 1 EraseBytes-
#41839	REDUCE cov: 783 ft: 1927 corp: 334/5911b lim: 108 exec/s: 41839 rss: 186Mb L: 30/61 MS: 1 EraseBytes-
#41900	NEW    cov: 783 ft: 1928 corp: 335/5916b lim: 108 exec/s: 41900 rss: 186Mb L: 5/61 MS: 1 CrossOver-
#41946	REDUCE cov: 783 ft: 1928 corp: 335/5914b lim: 108 exec/s: 41946 rss: 186Mb L: 14/61 MS: 1 EraseBytes-
#42127	REDUCE cov: 783 ft: 1928 corp: 335/5912b lim: 108 exec/s: 42127 rss: 189Mb L: 7/61 MS: 1 EraseBytes-
#42308	REDUCE cov: 783 ft: 1928 corp: 335/5911b lim: 108 exec/s: 42308 rss: 189Mb L: 7/61 MS: 1 EraseBytes-
#42544	REDUCE cov: 783 ft: 1928 corp: 335/5910b lim: 108 exec/s: 42544 rss: 189Mb L: 5/61 MS: 1 EraseBytes-
#42775	REDUCE cov: 783 ft: 1928 corp: 335/5900b lim: 108 exec/s: 42775 rss: 189Mb L: 14/61 MS: 1 EraseBytes-
#42936	REDUCE cov: 783 ft: 1928 corp: 335/5899b lim: 108 exec/s: 42936 rss: 190Mb L: 46/61 MS: 1 EraseBytes-
#43017	REDUCE cov: 783 ft: 1928 corp: 335/5898b lim: 108 exec/s: 43017 rss: 190Mb L: 7/61 MS: 1 EraseBytes-
#43641	REDUCE cov: 783 ft: 1928 corp: 335/5897b lim: 114 exec/s: 43641 rss: 207Mb L: 12/61 MS: 1 EraseBytes-
#43737	REDUCE cov: 783 ft: 1928 corp: 335/5895b lim: 114 exec/s: 43737 rss: 207Mb L: 8/61 MS: 1 EraseBytes-
#43766	REDUCE cov: 783 ft: 1928 corp: 335/5893b lim: 114 exec/s: 43766 rss: 207Mb L: 44/61 MS: 4 ShuffleBytes-ShuffleBytes-CopyPart-EraseBytes-
#43859	REDUCE cov: 783 ft: 1928 corp: 335/5884b lim: 114 exec/s: 43859 rss: 207Mb L: 21/61 MS: 3 ChangeByte-ChangeASCIIInt-EraseBytes-
#44423	REDUCE cov: 783 ft: 1928 corp: 335/5882b lim: 114 exec/s: 44423 rss: 209Mb L: 32/61 MS: 4 ChangeBinInt-CrossOver-InsertByte-EraseBytes-
#44595	REDUCE cov: 783 ft: 1928 corp: 335/5880b lim: 114 exec/s: 44595 rss: 209Mb L: 8/61 MS: 2 ShuffleBytes-EraseBytes-
#44756	REDUCE cov: 783 ft: 1928 corp: 335/5878b lim: 114 exec/s: 44756 rss: 209Mb L: 5/61 MS: 1 EraseBytes-
#45545	REDUCE cov: 783 ft: 1928 corp: 335/5876b lim: 120 exec/s: 45545 rss: 210Mb L: 13/61 MS: 4 ChangeBinInt-ShuffleBytes-CrossOver-EraseBytes-
#45611	REDUCE cov: 783 ft: 1928 corp: 335/5875b lim: 120 exec/s: 45611 rss: 211Mb L: 19/61 MS: 1 EraseBytes-
#46320	REDUCE cov: 783 ft: 1928 corp: 335/5867b lim: 126 exec/s: 46320 rss: 212Mb L: 8/61 MS: 4 ChangeByte-ChangeASCIIInt-ChangeByte-EraseBytes-
#46336	REDUCE cov: 783 ft: 1928 corp: 335/5865b lim: 126 exec/s: 46336 rss: 212Mb L: 24/61 MS: 1 EraseBytes-
#46534	REDUCE cov: 783 ft: 1928 corp: 335/5862b lim: 126 exec/s: 46534 rss: 212Mb L: 30/61 MS: 3 CopyPart-ChangeBit-EraseBytes-
#46755	REDUCE cov: 783 ft: 1928 corp: 335/5858b lim: 126 exec/s: 46755 rss: 212Mb L: 5/61 MS: 1 EraseBytes-
#46756	REDUCE cov: 783 ft: 1928 corp: 335/5857b lim: 126 exec/s: 46756 rss: 213Mb L: 16/61 MS: 1 EraseBytes-
#46878	REDUCE cov: 783 ft: 1928 corp: 335/5856b lim: 126 exec/s: 46878 rss: 213Mb L: 22/61 MS: 2 ChangeASCIIInt-EraseBytes-
#47004	REDUCE cov: 783 ft: 1928 corp: 335/5849b lim: 126 exec/s: 47004 rss: 214Mb L: 9/61 MS: 1 EraseBytes-
#47142	REDUCE cov: 783 ft: 1928 corp: 335/5846b lim: 126 exec/s: 47142 rss: 214Mb L: 17/61 MS: 3 ChangeASCIIInt-ChangeASCIIInt-EraseBytes-
#47213	REDUCE cov: 783 ft: 1928 corp: 335/5844b lim: 126 exec/s: 47213 rss: 214Mb L: 15/61 MS: 1 EraseBytes-
#47240	REDUCE cov: 783 ft: 1928 corp: 335/5834b lim: 126 exec/s: 47240 rss: 215Mb L: 26/61 MS: 2 ChangeByte-EraseBytes-
#47313	REDUCE cov: 783 ft: 1928 corp: 335/5828b lim: 126 exec/s: 47313 rss: 215Mb L: 21/61 MS: 3 CrossOver-ChangeASCIIInt-EraseBytes-
#47561	REDUCE cov: 783 ft: 1928 corp: 335/5827b lim: 126 exec/s: 47561 rss: 216Mb L: 5/61 MS: 3 PersAutoDict-EraseBytes-EraseBytes- DE: "term"-
#47611	REDUCE cov: 783 ft: 1928 corp: 335/5823b lim: 126 exec/s: 47611 rss: 216Mb L: 42/61 MS: 5 ChangeASCIIInt-CopyPart-InsertByte-CopyPart-EraseBytes-
#47767	REDUCE cov: 783 ft: 1928 corp: 335/5821b lim: 126 exec/s: 47767 rss: 216Mb L: 13/61 MS: 1 EraseBytes-
#47783	REDUCE cov: 783 ft: 1928 corp: 335/5820b lim: 126 exec/s: 47783 rss: 216Mb L: 3/61 MS: 1 EraseBytes-
#47985	REDUCE cov: 783 ft: 1928 corp: 335/5819b lim: 126 exec/s: 47985 rss: 216Mb L: 22/61 MS: 2 ChangeByte-EraseBytes-
#48051	REDUCE cov: 783 ft: 1928 corp: 335/5818b lim: 126 exec/s: 48051 rss: 216Mb L: 2/61 MS: 1 EraseBytes-
#48237	REDUCE cov: 783 ft: 1928 corp: 335/5816b lim: 126 exec/s: 48237 rss: 217Mb L: 20/61 MS: 1 EraseBytes-
#49093	NEW    cov: 783 ft: 1929 corp: 336/5862b lim: 132 exec/s: 49093 rss: 220Mb L: 46/61 MS: 1 CopyPart-
#49176	REDUCE cov: 783 ft: 1929 corp: 336/5861b lim: 132 exec/s: 49176 rss: 221Mb L: 29/61 MS: 3 ChangeBit-CrossOver-EraseBytes-
#49407	REDUCE cov: 783 ft: 1929 corp: 336/5847b lim: 132 exec/s: 49407 rss: 222Mb L: 32/61 MS: 1 EraseBytes-
#49429	REDUCE cov: 783 ft: 1929 corp: 336/5842b lim: 132 exec/s: 49429 rss: 222Mb L: 10/61 MS: 2 InsertByte-EraseBytes-
#49755	NEW    cov: 783 ft: 1930 corp: 337/5860b lim: 132 exec/s: 49755 rss: 223Mb L: 18/61 MS: 1 CopyPart-
#49928	REDUCE cov: 783 ft: 1930 corp: 337/5856b lim: 132 exec/s: 49928 rss: 224Mb L: 28/61 MS: 3 CopyPart-ChangeByte-EraseBytes-
#50214	REDUCE cov: 783 ft: 1930 corp: 337/5854b lim: 132 exec/s: 50214 rss: 225Mb L: 2/61 MS: 1 EraseBytes-
#50430	REDUCE cov: 783 ft: 1930 corp: 337/5853b lim: 132 exec/s: 50430 rss: 225Mb L: 5/61 MS: 1 EraseBytes-
#50479	REDUCE cov: 783 ft: 1930 corp: 337/5849b lim: 132 exec/s: 50479 rss: 226Mb L: 18/61 MS: 4 ChangeByte-ChangeByte-EraseBytes-CrossOver-
#51210	REDUCE cov: 783 ft: 1930 corp: 337/5834b lim: 139 exec/s: 51210 rss: 228Mb L: 15/61 MS: 1 EraseBytes-
#51249	REDUCE cov: 783 ft: 1930 corp: 337/5831b lim: 139 exec/s: 51249 rss: 228Mb L: 10/61 MS: 4 ChangeASCIIInt-ChangeBinInt-ChangeASCIIInt-EraseBytes-
#51385	REDUCE cov: 783 ft: 1940 corp: 338/5960b lim: 139 exec/s: 51385 rss: 229Mb L: 129/129 MS: 1 InsertRepeatedBytes-
#51851	REDUCE cov: 783 ft: 1940 corp: 338/5954b lim: 139 exec/s: 51851 rss: 230Mb L: 21/129 MS: 1 EraseBytes-
#52002	REDUCE cov: 783 ft: 1940 corp: 338/5952b lim: 139 exec/s: 52002 rss: 231Mb L: 26/129 MS: 1 EraseBytes-
#52298	REDUCE cov: 783 ft: 1940 corp: 338/5951b lim: 139 exec/s: 52298 rss: 231Mb L: 6/129 MS: 1 EraseBytes-
#52430	REDUCE cov: 783 ft: 1940 corp: 338/5943b lim: 139 exec/s: 52430 rss: 233Mb L: 27/129 MS: 2 ChangeASCIIInt-EraseBytes-
#52461	REDUCE cov: 783 ft: 1940 corp: 338/5941b lim: 139 exec/s: 52461 rss: 233Mb L: 7/129 MS: 1 EraseBytes-
#52527	REDUCE cov: 783 ft: 1940 corp: 338/5938b lim: 139 exec/s: 52527 rss: 234Mb L: 21/129 MS: 1 EraseBytes-
#52625	REDUCE cov: 783 ft: 1940 corp: 338/5932b lim: 139 exec/s: 52625 rss: 234Mb L: 15/129 MS: 3 ChangeASCIIInt-CrossOver-CrossOver-
#53036	NEW    cov: 783 ft: 1941 corp: 339/5953b lim: 139 exec/s: 53036 rss: 235Mb L: 21/129 MS: 1 ChangeBinInt-
#53182	REDUCE cov: 783 ft: 1941 corp: 339/5952b lim: 139 exec/s: 53182 rss: 235Mb L: 13/129 MS: 1 EraseBytes-
#53308	REDUCE cov: 783 ft: 1941 corp: 339/5946b lim: 139 exec/s: 53308 rss: 235Mb L: 20/129 MS: 1 EraseBytes-
#53444	NEW    cov: 783 ft: 1944 corp: 340/5961b lim: 139 exec/s: 53444 rss: 235Mb L: 15/129 MS: 1 ChangeASCIIInt-
#53555	REDUCE cov: 783 ft: 1944 corp: 340/5955b lim: 139 exec/s: 53555 rss: 236Mb L: 12/129 MS: 1 EraseBytes-
#53716	REDUCE cov: 783 ft: 1944 corp: 340/5951b lim: 139 exec/s: 53716 rss: 237Mb L: 40/129 MS: 1 EraseBytes-
#53788	REDUCE cov: 783 ft: 1944 corp: 340/5950b lim: 139 exec/s: 53788 rss: 237Mb L: 8/129 MS: 2 ChangeBinInt-EraseBytes-
#54395	NEW    cov: 785 ft: 1946 corp: 341/6024b lim: 139 exec/s: 54395 rss: 237Mb L: 74/129 MS: 2 ShuffleBytes-InsertRepeatedBytes-
#54599	REDUCE cov: 785 ft: 1946 corp: 341/6021b lim: 139 exec/s: 54599 rss: 238Mb L: 15/129 MS: 4 ChangeBit-ChangeBit-ShuffleBytes-EraseBytes-
#54632	REDUCE cov: 785 ft: 1946 corp: 341/6016b lim: 139 exec/s: 54632 rss: 239Mb L: 14/129 MS: 3 ChangeByte-EraseBytes-CrossOver-
#55028	REDUCE cov: 785 ft: 1946 corp: 341/6010b lim: 139 exec/s: 55028 rss: 239Mb L: 14/129 MS: 1 EraseBytes-
#55189	REDUCE cov: 785 ft: 1946 corp: 341/6007b lim: 139 exec/s: 55189 rss: 240Mb L: 11/129 MS: 1 EraseBytes-
#55825	REDUCE cov: 785 ft: 1946 corp: 341/6005b lim: 139 exec/s: 55825 rss: 243Mb L: 10/129 MS: 1 EraseBytes-
#55911	REDUCE cov: 785 ft: 1946 corp: 341/6004b lim: 139 exec/s: 55911 rss: 243Mb L: 12/129 MS: 1 EraseBytes-
#56252	REDUCE cov: 785 ft: 1946 corp: 341/6000b lim: 139 exec/s: 56252 rss: 244Mb L: 7/129 MS: 1 EraseBytes-
#56293	REDUCE cov: 785 ft: 1946 corp: 341/5998b lim: 139 exec/s: 56293 rss: 244Mb L: 46/129 MS: 1 CrossOver-
#56360	REDUCE cov: 785 ft: 1946 corp: 341/5995b lim: 139 exec/s: 56360 rss: 244Mb L: 6/129 MS: 2 InsertByte-EraseBytes-
#56631	REDUCE cov: 785 ft: 1946 corp: 341/5987b lim: 139 exec/s: 56631 rss: 246Mb L: 13/129 MS: 1 EraseBytes-
#56712	REDUCE cov: 785 ft: 1946 corp: 341/5983b lim: 139 exec/s: 56712 rss: 246Mb L: 9/129 MS: 1 EraseBytes-
#56833	REDUCE cov: 785 ft: 1946 corp: 341/5977b lim: 139 exec/s: 56833 rss: 246Mb L: 10/129 MS: 1 EraseBytes-
#57400	REDUCE cov: 785 ft: 1946 corp: 341/5975b lim: 139 exec/s: 57400 rss: 248Mb L: 15/129 MS: 2 ChangeBit-EraseBytes-
#57501	REDUCE cov: 785 ft: 1946 corp: 341/5974b lim: 139 exec/s: 57501 rss: 248Mb L: 15/129 MS: 1 EraseBytes-
#57777	REDUCE cov: 785 ft: 1946 corp: 341/5969b lim: 139 exec/s: 57777 rss: 249Mb L: 46/129 MS: 1 EraseBytes-
#57964	REDUCE cov: 785 ft: 1946 corp: 341/5967b lim: 139 exec/s: 57964 rss: 249Mb L: 3/129 MS: 2 ChangeASCIIInt-EraseBytes-
#57980	REDUCE cov: 785 ft: 1946 corp: 341/5961b lim: 139 exec/s: 57980 rss: 249Mb L: 33/129 MS: 1 CrossOver-
#58096	REDUCE cov: 785 ft: 1946 corp: 341/5958b lim: 139 exec/s: 58096 rss: 250Mb L: 14/129 MS: 1 EraseBytes-
#58158	REDUCE cov: 785 ft: 1946 corp: 341/5952b lim: 139 exec/s: 58158 rss: 250Mb L: 15/129 MS: 2 ChangeASCIIInt-EraseBytes-
#58211	REDUCE cov: 785 ft: 1946 corp: 341/5950b lim: 139 exec/s: 58211 rss: 251Mb L: 7/129 MS: 3 CrossOver-ChangeASCIIInt-EraseBytes-
#58327	REDUCE cov: 785 ft: 1946 corp: 341/5949b lim: 139 exec/s: 58327 rss: 251Mb L: 12/129 MS: 1 EraseBytes-
#58373	REDUCE cov: 785 ft: 1946 corp: 341/5948b lim: 139 exec/s: 58373 rss: 251Mb L: 14/129 MS: 1 EraseBytes-
#58654	REDUCE cov: 785 ft: 1946 corp: 341/5942b lim: 139 exec/s: 58654 rss: 252Mb L: 9/129 MS: 1 EraseBytes-
#58685	REDUCE cov: 785 ft: 1946 corp: 341/5938b lim: 139 exec/s: 58685 rss: 252Mb L: 5/129 MS: 1 EraseBytes-
#58726	REDUCE cov: 785 ft: 1946 corp: 341/5937b lim: 139 exec/s: 58726 rss: 252Mb L: 6/129 MS: 1 EraseBytes-
#58992	REDUCE cov: 785 ft: 1946 corp: 341/5934b lim: 139 exec/s: 58992 rss: 252Mb L: 20/129 MS: 1 EraseBytes-
#59223	REDUCE cov: 785 ft: 1946 corp: 341/5932b lim: 139 exec/s: 59223 rss: 253Mb L: 8/129 MS: 1 EraseBytes-
#59339	REDUCE cov: 785 ft: 1946 corp: 341/5931b lim: 139 exec/s: 59339 rss: 253Mb L: 13/129 MS: 1 EraseBytes-
#59435	REDUCE cov: 785 ft: 1946 corp: 341/5921b lim: 139 exec/s: 59435 rss: 253Mb L: 19/129 MS: 1 EraseBytes-
#59586	REDUCE cov: 785 ft: 1946 corp: 341/5920b lim: 139 exec/s: 59586 rss: 254Mb L: 11/129 MS: 1 EraseBytes-
#60067	REDUCE cov: 785 ft: 1946 corp: 341/5919b lim: 139 exec/s: 60067 rss: 255Mb L: 21/129 MS: 1 EraseBytes-
#60153	REDUCE cov: 785 ft: 1947 corp: 342/5962b lim: 139 exec/s: 60153 rss: 256Mb L: 43/129 MS: 1 CopyPart-
#60184	REDUCE cov: 785 ft: 1947 corp: 342/5961b lim: 139 exec/s: 60184 rss: 256Mb L: 7/129 MS: 1 EraseBytes-
#60215	REDUCE cov: 785 ft: 1947 corp: 342/5958b lim: 139 exec/s: 60215 rss: 256Mb L: 10/129 MS: 1 EraseBytes-
#60721	REDUCE cov: 785 ft: 1947 corp: 342/5950b lim: 139 exec/s: 60721 rss: 256Mb L: 27/129 MS: 1 EraseBytes-
#61102	REDUCE cov: 785 ft: 1947 corp: 342/5948b lim: 139 exec/s: 61102 rss: 257Mb L: 59/129 MS: 1 EraseBytes-
#61538	REDUCE cov: 785 ft: 1947 corp: 342/5947b lim: 139 exec/s: 61538 rss: 257Mb L: 12/129 MS: 1 EraseBytes-
#61674	REDUCE cov: 785 ft: 1947 corp: 342/5946b lim: 139 exec/s: 61674 rss: 257Mb L: 13/129 MS: 1 EraseBytes-
#61995	REDUCE cov: 785 ft: 1947 corp: 342/5943b lim: 139 exec/s: 61995 rss: 258Mb L: 18/129 MS: 1 EraseBytes-
#62544	REDUCE cov: 785 ft: 1947 corp: 342/5936b lim: 139 exec/s: 62544 rss: 259Mb L: 39/129 MS: 4 CopyPart-PersAutoDict-ChangeBit-EraseBytes- DE: "term"-
#62611	REDUCE cov: 785 ft: 1947 corp: 342/5935b lim: 139 exec/s: 62611 rss: 259Mb L: 14/129 MS: 2 ChangeBit-EraseBytes-
#63052	NEW    cov: 785 ft: 1948 corp: 343/5948b lim: 139 exec/s: 63052 rss: 260Mb L: 13/129 MS: 1 CopyPart-
#63070	REDUCE cov: 785 ft: 1948 corp: 343/5944b lim: 139 exec/s: 63070 rss: 261Mb L: 29/129 MS: 3 ShuffleBytes-CrossOver-EraseBytes-
#64241	REDUCE cov: 785 ft: 1948 corp: 343/5943b lim: 146 exec/s: 64241 rss: 263Mb L: 5/129 MS: 1 EraseBytes-
#64528	REDUCE cov: 785 ft: 1948 corp: 343/5934b lim: 146 exec/s: 64528 rss: 264Mb L: 12/129 MS: 2 ChangeByte-EraseBytes-
#64730	REDUCE cov: 785 ft: 1948 corp: 343/5931b lim: 146 exec/s: 64730 rss: 264Mb L: 3/129 MS: 2 ChangeASCIIInt-EraseBytes-
#64756	REDUCE cov: 785 ft: 1948 corp: 343/5930b lim: 146 exec/s: 64756 rss: 264Mb L: 19/129 MS: 1 EraseBytes-
#64813	REDUCE cov: 785 ft: 1948 corp: 343/5924b lim: 146 exec/s: 64813 rss: 264Mb L: 12/129 MS: 2 ChangeBinInt-CrossOver-
#64970	NEW    cov: 785 ft: 1949 corp: 344/5970b lim: 146 exec/s: 64970 rss: 265Mb L: 46/129 MS: 2 ShuffleBytes-ChangeByte-
#65161	REDUCE cov: 785 ft: 1949 corp: 344/5969b lim: 146 exec/s: 65161 rss: 266Mb L: 4/129 MS: 1 EraseBytes-
#65282	REDUCE cov: 785 ft: 1949 corp: 344/5957b lim: 146 exec/s: 65282 rss: 266Mb L: 17/129 MS: 1 EraseBytes-
#65853	REDUCE cov: 785 ft: 1949 corp: 344/5956b lim: 146 exec/s: 65853 rss: 266Mb L: 11/129 MS: 1 EraseBytes-
#66299	REDUCE cov: 785 ft: 1949 corp: 344/5950b lim: 146 exec/s: 66299 rss: 267Mb L: 7/129 MS: 1 EraseBytes-
#66581	REDUCE cov: 785 ft: 1949 corp: 344/5945b lim: 146 exec/s: 66581 rss: 268Mb L: 23/129 MS: 2 EraseBytes-EraseBytes-
#66827	REDUCE cov: 785 ft: 1949 corp: 344/5941b lim: 146 exec/s: 66827 rss: 269Mb L: 8/129 MS: 1 EraseBytes-
#66868	REDUCE cov: 785 ft: 1949 corp: 344/5939b lim: 146 exec/s: 66868 rss: 269Mb L: 16/129 MS: 1 EraseBytes-
#66917	REDUCE cov: 785 ft: 1949 corp: 344/5937b lim: 146 exec/s: 66917 rss: 269Mb L: 11/129 MS: 4 ShuffleBytes-ShuffleBytes-CrossOver-EraseBytes-
#66990	REDUCE cov: 785 ft: 1949 corp: 344/5936b lim: 146 exec/s: 66990 rss: 269Mb L: 12/129 MS: 3 EraseBytes-InsertByte-CopyPart-
#67016	REDUCE cov: 785 ft: 1949 corp: 344/5935b lim: 146 exec/s: 67016 rss: 269Mb L: 7/129 MS: 1 EraseBytes-
#67052	REDUCE cov: 785 ft: 1949 corp: 344/5934b lim: 146 exec/s: 67052 rss: 269Mb L: 12/129 MS: 1 EraseBytes-
#67358	REDUCE cov: 785 ft: 1949 corp: 344/5933b lim: 146 exec/s: 33679 rss: 279Mb L: 4/129 MS: 1 EraseBytes-
#68304	REDUCE cov: 785 ft: 1950 corp: 345/5937b lim: 153 exec/s: 34152 rss: 279Mb L: 4/129 MS: 1 ChangeBinInt-
#69480	REDUCE cov: 785 ft: 1950 corp: 345/5936b lim: 160 exec/s: 34740 rss: 279Mb L: 13/129 MS: 1 EraseBytes-
#69492	REDUCE cov: 785 ft: 1950 corp: 345/5934b lim: 160 exec/s: 34746 rss: 279Mb L: 5/129 MS: 2 CrossOver-EraseBytes-
#69748	NEW    cov: 786 ft: 1951 corp: 346/5971b lim: 160 exec/s: 34874 rss: 279Mb L: 37/129 MS: 1 CrossOver-
#70689	REDUCE cov: 786 ft: 1951 corp: 346/5969b lim: 167 exec/s: 35344 rss: 279Mb L: 15/129 MS: 1 EraseBytes-
#70890	REDUCE cov: 786 ft: 1951 corp: 346/5965b lim: 167 exec/s: 35445 rss: 279Mb L: 35/129 MS: 1 EraseBytes-
#70976	REDUCE cov: 786 ft: 1951 corp: 346/5964b lim: 167 exec/s: 35488 rss: 279Mb L: 15/129 MS: 1 EraseBytes-
#71037	NEW    cov: 786 ft: 1952 corp: 347/6082b lim: 167 exec/s: 35518 rss: 279Mb L: 118/129 MS: 1 InsertRepeatedBytes-
#71743	REDUCE cov: 786 ft: 1952 corp: 347/6077b lim: 174 exec/s: 35871 rss: 279Mb L: 9/129 MS: 1 EraseBytes-
#71925	REDUCE cov: 786 ft: 1953 corp: 348/6081b lim: 174 exec/s: 35962 rss: 279Mb L: 4/129 MS: 2 CopyPart-ShuffleBytes-
#72067	REDUCE cov: 786 ft: 1953 corp: 348/6080b lim: 174 exec/s: 36033 rss: 279Mb L: 17/129 MS: 2 ChangeASCIIInt-EraseBytes-
#72533	REDUCE cov: 786 ft: 1953 corp: 348/6072b lim: 174 exec/s: 36266 rss: 279Mb L: 24/129 MS: 1 EraseBytes-
#72659	REDUCE cov: 786 ft: 1953 corp: 348/6071b lim: 174 exec/s: 36329 rss: 279Mb L: 4/129 MS: 1 EraseBytes-
#72710	REDUCE cov: 786 ft: 1953 corp: 348/6069b lim: 174 exec/s: 36355 rss: 279Mb L: 3/129 MS: 1 EraseBytes-
#73251	REDUCE cov: 786 ft: 1953 corp: 348/6064b lim: 174 exec/s: 36625 rss: 279Mb L: 25/129 MS: 1 EraseBytes-
#73587	REDUCE cov: 786 ft: 1953 corp: 348/6058b lim: 174 exec/s: 36793 rss: 279Mb L: 15/129 MS: 1 EraseBytes-
#74013	NEW    cov: 786 ft: 1955 corp: 349/6071b lim: 174 exec/s: 37006 rss: 279Mb L: 13/129 MS: 1 CrossOver-
#74184	REDUCE cov: 786 ft: 1955 corp: 349/6070b lim: 174 exec/s: 37092 rss: 279Mb L: 6/129 MS: 1 EraseBytes-
#74310	REDUCE cov: 786 ft: 1955 corp: 349/6069b lim: 174 exec/s: 37155 rss: 279Mb L: 10/129 MS: 1 EraseBytes-
#74317	REDUCE cov: 786 ft: 1955 corp: 349/6065b lim: 174 exec/s: 37158 rss: 279Mb L: 14/129 MS: 2 ChangeBit-EraseBytes-
#75503	REDUCE cov: 786 ft: 1955 corp: 349/6060b lim: 181 exec/s: 37751 rss: 279Mb L: 10/129 MS: 1 CrossOver-
#76054	REDUCE cov: 786 ft: 1955 corp: 349/6053b lim: 181 exec/s: 38027 rss: 279Mb L: 36/129 MS: 1 EraseBytes-
#76170	REDUCE cov: 786 ft: 1955 corp: 349/6051b lim: 181 exec/s: 38085 rss: 279Mb L: 54/129 MS: 1 EraseBytes-
#76172	REDUCE cov: 786 ft: 1955 corp: 349/6038b lim: 181 exec/s: 38086 rss: 279Mb L: 26/129 MS: 2 CMP-EraseBytes- DE: "bfun"-
#76248	REDUCE cov: 786 ft: 1955 corp: 349/6036b lim: 181 exec/s: 38124 rss: 279Mb L: 18/129 MS: 1 EraseBytes-
#76444	REDUCE cov: 786 ft: 1955 corp: 349/6035b lim: 181 exec/s: 38222 rss: 279Mb L: 13/129 MS: 1 EraseBytes-
#76788	REDUCE cov: 786 ft: 1955 corp: 349/6032b lim: 181 exec/s: 38394 rss: 279Mb L: 12/129 MS: 4 InsertByte-InsertByte-CopyPart-EraseBytes-
#77029	REDUCE cov: 786 ft: 1955 corp: 349/6031b lim: 181 exec/s: 38514 rss: 279Mb L: 14/129 MS: 1 EraseBytes-
#77616	REDUCE cov: 786 ft: 1955 corp: 349/6024b lim: 181 exec/s: 38808 rss: 279Mb L: 18/129 MS: 2 ChangeASCIIInt-EraseBytes-
#77638	REDUCE cov: 786 ft: 1955 corp: 349/6022b lim: 181 exec/s: 38819 rss: 279Mb L: 22/129 MS: 2 ChangeASCIIInt-EraseBytes-
#77654	REDUCE cov: 786 ft: 1955 corp: 349/6020b lim: 181 exec/s: 38827 rss: 279Mb L: 10/129 MS: 1 EraseBytes-
#77671	REDUCE cov: 786 ft: 1955 corp: 349/6019b lim: 181 exec/s: 38835 rss: 279Mb L: 34/129 MS: 2 ShuffleBytes-EraseBytes-
#77707	REDUCE cov: 786 ft: 1955 corp: 349/6017b lim: 181 exec/s: 38853 rss: 279Mb L: 35/129 MS: 1 EraseBytes-
#77853	NEW    cov: 786 ft: 1956 corp: 350/6066b lim: 181 exec/s: 38926 rss: 279Mb L: 49/129 MS: 1 InsertRepeatedBytes-
#78024	REDUCE cov: 786 ft: 1956 corp: 350/6065b lim: 181 exec/s: 39012 rss: 279Mb L: 11/129 MS: 1 EraseBytes-
#78506	REDUCE cov: 786 ft: 1956 corp: 350/6058b lim: 181 exec/s: 39253 rss: 279Mb L: 28/129 MS: 2 ChangeBinInt-EraseBytes-
#78672	NEW    cov: 786 ft: 1957 corp: 351/6084b lim: 181 exec/s: 39336 rss: 279Mb L: 26/129 MS: 1 EraseBytes-
#80005	REDUCE cov: 786 ft: 1957 corp: 351/6083b lim: 188 exec/s: 40002 rss: 279Mb L: 4/129 MS: 3 InsertByte-ChangeASCIIInt-EraseBytes-
#80061	NEW    cov: 786 ft: 1959 corp: 352/6129b lim: 188 exec/s: 40030 rss: 279Mb L: 46/129 MS: 1 ChangeByte-
#80063	REDUCE cov: 786 ft: 1959 corp: 352/6119b lim: 188 exec/s: 40031 rss: 279Mb L: 23/129 MS: 2 ChangeASCIIInt-EraseBytes-
#80174	REDUCE cov: 786 ft: 1959 corp: 352/6117b lim: 188 exec/s: 40087 rss: 279Mb L: 8/129 MS: 1 EraseBytes-
#80295	REDUCE cov: 786 ft: 1959 corp: 352/6116b lim: 188 exec/s: 40147 rss: 279Mb L: 11/129 MS: 1 EraseBytes-
#80456	NEW    cov: 787 ft: 1960 corp: 353/6177b lim: 188 exec/s: 40228 rss: 279Mb L: 61/129 MS: 1 ShuffleBytes-
#81054	REDUCE cov: 787 ft: 1960 corp: 353/6176b lim: 188 exec/s: 40527 rss: 279Mb L: 53/129 MS: 3 ChangeASCIIInt-CopyPart-EraseBytes-
#81317	REDUCE cov: 787 ft: 1960 corp: 353/6171b lim: 188 exec/s: 40658 rss: 279Mb L: 29/129 MS: 3 ChangeBinInt-ChangeASCIIInt-EraseBytes-
#81683	REDUCE cov: 787 ft: 1960 corp: 353/6166b lim: 188 exec/s: 40841 rss: 279Mb L: 39/129 MS: 1 EraseBytes-
#81762	REDUCE cov: 787 ft: 1960 corp: 353/6157b lim: 188 exec/s: 40881 rss: 279Mb L: 36/129 MS: 4 CrossOver-ChangeASCIIInt-ChangeASCIIInt-EraseBytes-
#81934	REDUCE cov: 787 ft: 1960 corp: 353/6154b lim: 188 exec/s: 40967 rss: 279Mb L: 71/129 MS: 2 InsertByte-EraseBytes-
#82550	REDUCE cov: 787 ft: 1960 corp: 353/6148b lim: 188 exec/s: 41275 rss: 279Mb L: 14/129 MS: 1 CrossOver-
#82641	REDUCE cov: 787 ft: 1960 corp: 353/6147b lim: 188 exec/s: 41320 rss: 279Mb L: 2/129 MS: 1 EraseBytes-
#83052	REDUCE cov: 787 ft: 1960 corp: 353/6146b lim: 188 exec/s: 41526 rss: 279Mb L: 5/129 MS: 1 EraseBytes-
#83283	REDUCE cov: 787 ft: 1960 corp: 353/6144b lim: 188 exec/s: 41641 rss: 279Mb L: 9/129 MS: 1 EraseBytes-
#83633	REDUCE cov: 787 ft: 1960 corp: 353/6141b lim: 188 exec/s: 41816 rss: 279Mb L: 17/129 MS: 5 CopyPart-CopyPart-ChangeBit-PersAutoDict-EraseBytes- DE: "union"-
#83634	REDUCE cov: 787 ft: 1960 corp: 353/6139b lim: 188 exec/s: 41817 rss: 279Mb L: 10/129 MS: 1 EraseBytes-
#83920	REDUCE cov: 787 ft: 1961 corp: 354/6154b lim: 188 exec/s: 41960 rss: 279Mb L: 15/129 MS: 1 CopyPart-
#84391	REDUCE cov: 787 ft: 1961 corp: 354/6153b lim: 188 exec/s: 42195 rss: 279Mb L: 8/129 MS: 1 EraseBytes-
#84512	REDUCE cov: 787 ft: 1961 corp: 354/6146b lim: 188 exec/s: 42256 rss: 279Mb L: 27/129 MS: 1 EraseBytes-
#84718	REDUCE cov: 787 ft: 1961 corp: 354/6144b lim: 188 exec/s: 42359 rss: 279Mb L: 40/129 MS: 1 EraseBytes-
#84850	REDUCE cov: 787 ft: 1961 corp: 354/6141b lim: 188 exec/s: 42425 rss: 279Mb L: 12/129 MS: 2 ShuffleBytes-EraseBytes-
#85047	REDUCE cov: 787 ft: 1961 corp: 354/6140b lim: 188 exec/s: 42523 rss: 279Mb L: 11/129 MS: 2 ChangeBit-EraseBytes-
#85073	REDUCE cov: 787 ft: 1961 corp: 354/6139b lim: 188 exec/s: 42536 rss: 279Mb L: 10/129 MS: 1 EraseBytes-
#85889	REDUCE cov: 787 ft: 1961 corp: 354/6136b lim: 195 exec/s: 42944 rss: 279Mb L: 4/129 MS: 1 EraseBytes-
#86125	REDUCE cov: 787 ft: 1961 corp: 354/6131b lim: 195 exec/s: 43062 rss: 279Mb L: 7/129 MS: 1 EraseBytes-
#86197	REDUCE cov: 787 ft: 1961 corp: 354/6130b lim: 195 exec/s: 43098 rss: 279Mb L: 39/129 MS: 2 ChangeBinInt-EraseBytes-
#86208	REDUCE cov: 787 ft: 1961 corp: 354/6129b lim: 195 exec/s: 43104 rss: 279Mb L: 11/129 MS: 1 EraseBytes-
#86279	REDUCE cov: 787 ft: 1961 corp: 354/6128b lim: 195 exec/s: 43139 rss: 279Mb L: 4/129 MS: 1 EraseBytes-
#86505	NEW    cov: 787 ft: 1962 corp: 355/6246b lim: 195 exec/s: 43252 rss: 279Mb L: 118/129 MS: 1 ChangeASCIIInt-
#86721	REDUCE cov: 787 ft: 1962 corp: 355/6243b lim: 195 exec/s: 43360 rss: 279Mb L: 50/129 MS: 1 EraseBytes-
#87449	NEW    cov: 787 ft: 1964 corp: 356/6267b lim: 202 exec/s: 43724 rss: 279Mb L: 24/129 MS: 3 ShuffleBytes-CopyPart-EraseBytes-
#87711	REDUCE cov: 787 ft: 1964 corp: 356/6266b lim: 202 exec/s: 43855 rss: 279Mb L: 2/129 MS: 2 CopyPart-EraseBytes-
#88142	REDUCE cov: 787 ft: 1964 corp: 356/6260b lim: 202 exec/s: 44071 rss: 279Mb L: 112/129 MS: 1 EraseBytes-
#88359	REDUCE cov: 787 ft: 1965 corp: 357/6266b lim: 202 exec/s: 44179 rss: 279Mb L: 6/129 MS: 2 PersAutoDict-ChangeByte- DE: "mmem"-
#88660	REDUCE cov: 787 ft: 1966 corp: 358/6298b lim: 202 exec/s: 44330 rss: 279Mb L: 32/129 MS: 1 CopyPart-
#89931	REDUCE cov: 787 ft: 1966 corp: 358/6287b lim: 209 exec/s: 44965 rss: 279Mb L: 20/129 MS: 1 EraseBytes-
#90082	REDUCE cov: 787 ft: 1966 corp: 358/6280b lim: 209 exec/s: 45041 rss: 279Mb L: 28/129 MS: 1 EraseBytes-
#90289	REDUCE cov: 787 ft: 1966 corp: 358/6279b lim: 209 exec/s: 45144 rss: 279Mb L: 3/129 MS: 2 ShuffleBytes-EraseBytes-
#90445	REDUCE cov: 787 ft: 1966 corp: 358/6269b lim: 209 exec/s: 45222 rss: 279Mb L: 21/129 MS: 1 EraseBytes-
#90447	REDUCE cov: 787 ft: 1966 corp: 358/6266b lim: 209 exec/s: 45223 rss: 279Mb L: 8/129 MS: 2 ChangeBinInt-EraseBytes-
#90533	REDUCE cov: 787 ft: 1966 corp: 358/6224b lim: 209 exec/s: 45266 rss: 279Mb L: 76/129 MS: 1 EraseBytes-
#90674	REDUCE cov: 787 ft: 1966 corp: 358/6220b lim: 209 exec/s: 45337 rss: 279Mb L: 10/129 MS: 1 EraseBytes-
#91120	REDUCE cov: 787 ft: 1966 corp: 358/6219b lim: 209 exec/s: 45560 rss: 279Mb L: 8/129 MS: 1 EraseBytes-
#91147	REDUCE cov: 787 ft: 1966 corp: 358/6215b lim: 209 exec/s: 45573 rss: 279Mb L: 14/129 MS: 2 ChangeBit-EraseBytes-
#91364	REDUCE cov: 787 ft: 1966 corp: 358/6211b lim: 209 exec/s: 45682 rss: 279Mb L: 6/129 MS: 2 InsertByte-EraseBytes-
#92350	REDUCE cov: 787 ft: 1966 corp: 358/6209b lim: 216 exec/s: 46175 rss: 279Mb L: 25/129 MS: 1 EraseBytes-
#92461	REDUCE cov: 787 ft: 1966 corp: 358/6203b lim: 216 exec/s: 46230 rss: 279Mb L: 12/129 MS: 1 EraseBytes-
#92712	REDUCE cov: 787 ft: 1966 corp: 358/6200b lim: 216 exec/s: 46356 rss: 279Mb L: 27/129 MS: 1 EraseBytes-
#92968	REDUCE cov: 787 ft: 1966 corp: 358/6199b lim: 216 exec/s: 46484 rss: 279Mb L: 6/129 MS: 1 EraseBytes-
#93007	REDUCE cov: 787 ft: 1966 corp: 358/6198b lim: 216 exec/s: 46503 rss: 279Mb L: 13/129 MS: 4 ChangeBinInt-CopyPart-ChangeBit-EraseBytes-
#93088	REDUCE cov: 787 ft: 1966 corp: 358/6193b lim: 216 exec/s: 46544 rss: 279Mb L: 23/129 MS: 1 EraseBytes-
#93754	REDUCE cov: 787 ft: 1966 corp: 358/6191b lim: 216 exec/s: 46877 rss: 279Mb L: 12/129 MS: 1 EraseBytes-
#93900	REDUCE cov: 787 ft: 1966 corp: 358/6190b lim: 216 exec/s: 46950 rss: 279Mb L: 22/129 MS: 1 EraseBytes-
#94898	REDUCE cov: 787 ft: 1966 corp: 358/6188b lim: 223 exec/s: 47449 rss: 279Mb L: 6/129 MS: 3 ChangeBinInt-EraseBytes-CopyPart-
#95691	REDUCE cov: 787 ft: 1966 corp: 358/6186b lim: 230 exec/s: 47845 rss: 279Mb L: 14/129 MS: 3 InsertByte-ChangeByte-EraseBytes-
#96312	REDUCE cov: 787 ft: 1966 corp: 358/6185b lim: 230 exec/s: 48156 rss: 279Mb L: 25/129 MS: 1 EraseBytes-
#96804	REDUCE cov: 787 ft: 1966 corp: 358/6184b lim: 230 exec/s: 48402 rss: 279Mb L: 13/129 MS: 2 ChangeASCIIInt-EraseBytes-
#97336	REDUCE cov: 787 ft: 1966 corp: 358/6181b lim: 230 exec/s: 48668 rss: 279Mb L: 9/129 MS: 2 PersAutoDict-EraseBytes- DE: "\377\377"-
#97758	REDUCE cov: 787 ft: 1966 corp: 358/6177b lim: 230 exec/s: 48879 rss: 279Mb L: 7/129 MS: 2 ChangeASCIIInt-EraseBytes-
#97932	REDUCE cov: 787 ft: 1966 corp: 358/6172b lim: 230 exec/s: 48966 rss: 279Mb L: 56/129 MS: 4 ChangeASCIIInt-ChangeBinInt-ChangeByte-EraseBytes-
#98010	REDUCE cov: 787 ft: 1966 corp: 358/6160b lim: 230 exec/s: 49005 rss: 279Mb L: 44/129 MS: 3 CopyPart-ChangeBit-EraseBytes-
#98031	NEW    cov: 787 ft: 1967 corp: 359/6277b lim: 230 exec/s: 49015 rss: 279Mb L: 117/129 MS: 1 InsertRepeatedBytes-
#98892	REDUCE cov: 787 ft: 1967 corp: 359/6276b lim: 237 exec/s: 49446 rss: 279Mb L: 17/129 MS: 1 EraseBytes-
#99239	NEW    cov: 787 ft: 1969 corp: 360/6380b lim: 237 exec/s: 49619 rss: 279Mb L: 104/129 MS: 2 EraseBytes-InsertRepeatedBytes-
#99510	REDUCE cov: 787 ft: 1969 corp: 360/6379b lim: 237 exec/s: 49755 rss: 279Mb L: 5/129 MS: 1 EraseBytes-
#99571	REDUCE cov: 787 ft: 1969 corp: 360/6378b lim: 237 exec/s: 49785 rss: 279Mb L: 2/129 MS: 1 EraseBytes-
#99787	NEW    cov: 787 ft: 1971 corp: 361/6531b lim: 237 exec/s: 49893 rss: 279Mb L: 153/153 MS: 1 CopyPart-
#99973	REDUCE cov: 787 ft: 1971 corp: 361/6530b lim: 237 exec/s: 49986 rss: 279Mb L: 21/153 MS: 1 EraseBytes-
#99990	REDUCE cov: 787 ft: 1971 corp: 361/6529b lim: 237 exec/s: 49995 rss: 279Mb L: 12/153 MS: 2 ChangeBit-EraseBytes-
#100585	REDUCE cov: 787 ft: 1971 corp: 361/6527b lim: 237 exec/s: 50292 rss: 279Mb L: 3/153 MS: 5 ChangeBit-ChangeByte-CopyPart-ChangeBinInt-EraseBytes-
#100926	REDUCE cov: 787 ft: 1971 corp: 361/6525b lim: 237 exec/s: 50463 rss: 279Mb L: 17/153 MS: 1 EraseBytes-
#100977	REDUCE cov: 787 ft: 1971 corp: 361/6523b lim: 237 exec/s: 50488 rss: 279Mb L: 22/153 MS: 1 EraseBytes-
#101873	REDUCE cov: 787 ft: 1971 corp: 361/6516b lim: 244 exec/s: 50936 rss: 279Mb L: 16/153 MS: 1 EraseBytes-
#102044	REDUCE cov: 787 ft: 1971 corp: 361/6512b lim: 244 exec/s: 51022 rss: 279Mb L: 8/153 MS: 1 EraseBytes-
#102170	REDUCE cov: 787 ft: 1971 corp: 361/6511b lim: 244 exec/s: 51085 rss: 279Mb L: 4/153 MS: 1 EraseBytes-
#102296	REDUCE cov: 787 ft: 1971 corp: 361/6510b lim: 244 exec/s: 51148 rss: 279Mb L: 26/153 MS: 1 EraseBytes-
#102322	REDUCE cov: 787 ft: 1971 corp: 361/6480b lim: 244 exec/s: 51161 rss: 279Mb L: 74/153 MS: 1 EraseBytes-
#102818	REDUCE cov: 787 ft: 1971 corp: 361/6475b lim: 244 exec/s: 51409 rss: 279Mb L: 20/153 MS: 1 EraseBytes-
#103099	NEW    cov: 787 ft: 1973 corp: 362/6521b lim: 244 exec/s: 51549 rss: 279Mb L: 46/153 MS: 1 ChangeBinInt-
#103230	REDUCE cov: 787 ft: 1974 corp: 363/6525b lim: 244 exec/s: 51615 rss: 279Mb L: 4/153 MS: 1 InsertByte-
#103417	NEW    cov: 787 ft: 1975 corp: 364/6551b lim: 244 exec/s: 51708 rss: 279Mb L: 26/153 MS: 2 CopyPart-PersAutoDict- DE: "MODr"-
#104159	REDUCE cov: 787 ft: 1975 corp: 364/6544b lim: 251 exec/s: 52079 rss: 279Mb L: 14/153 MS: 2 ChangeBit-EraseBytes-
#104325	NEW    cov: 787 ft: 1977 corp: 365/6590b lim: 251 exec/s: 52162 rss: 279Mb L: 46/153 MS: 1 ChangeASCIIInt-
#104891	REDUCE cov: 787 ft: 1977 corp: 365/6583b lim: 251 exec/s: 34963 rss: 279Mb L: 14/153 MS: 1 CrossOver-
#104952	REDUCE cov: 787 ft: 1977 corp: 365/6582b lim: 251 exec/s: 34984 rss: 279Mb L: 12/153 MS: 1 EraseBytes-
#105338	REDUCE cov: 787 ft: 1977 corp: 365/6579b lim: 251 exec/s: 35112 rss: 279Mb L: 6/153 MS: 1 EraseBytes-
#105474	REDUCE cov: 787 ft: 1977 corp: 365/6577b lim: 251 exec/s: 35158 rss: 279Mb L: 9/153 MS: 1 EraseBytes-
#105500	REDUCE cov: 787 ft: 1977 corp: 365/6575b lim: 251 exec/s: 35166 rss: 279Mb L: 10/153 MS: 1 EraseBytes-
#105641	REDUCE cov: 787 ft: 1977 corp: 365/6574b lim: 251 exec/s: 35213 rss: 279Mb L: 11/153 MS: 1 EraseBytes-
#105782	REDUCE cov: 787 ft: 1977 corp: 365/6573b lim: 251 exec/s: 35260 rss: 279Mb L: 4/153 MS: 1 EraseBytes-
#106223	REDUCE cov: 787 ft: 1977 corp: 365/6561b lim: 251 exec/s: 35407 rss: 279Mb L: 41/153 MS: 1 EraseBytes-
#106264	NEW    cov: 787 ft: 1979 corp: 366/6573b lim: 251 exec/s: 35421 rss: 279Mb L: 12/153 MS: 1 ChangeASCIIInt-
#106495	REDUCE cov: 787 ft: 1979 corp: 366/6569b lim: 251 exec/s: 35498 rss: 279Mb L: 30/153 MS: 1 EraseBytes-
#106791	REDUCE cov: 787 ft: 1979 corp: 366/6567b lim: 251 exec/s: 35597 rss: 279Mb L: 5/153 MS: 1 EraseBytes-
#107932	REDUCE cov: 787 ft: 1979 corp: 366/6566b lim: 258 exec/s: 35977 rss: 279Mb L: 20/153 MS: 1 EraseBytes-
#108368	REDUCE cov: 787 ft: 1979 corp: 366/6565b lim: 258 exec/s: 36122 rss: 279Mb L: 4/153 MS: 1 EraseBytes-
#108575	REDUCE cov: 787 ft: 1979 corp: 366/6562b lim: 258 exec/s: 36191 rss: 279Mb L: 14/153 MS: 2 ChangeByte-CrossOver-
#108781	REDUCE cov: 787 ft: 1979 corp: 366/6558b lim: 258 exec/s: 36260 rss: 279Mb L: 4/153 MS: 1 EraseBytes-
#108967	REDUCE cov: 787 ft: 1979 corp: 366/6549b lim: 258 exec/s: 36322 rss: 279Mb L: 24/153 MS: 1 EraseBytes-
#109834	REDUCE cov: 787 ft: 1979 corp: 366/6542b lim: 266 exec/s: 36611 rss: 279Mb L: 14/153 MS: 2 ShuffleBytes-EraseBytes-
#110050	REDUCE cov: 787 ft: 1981 corp: 367/6613b lim: 266 exec/s: 36683 rss: 279Mb L: 71/153 MS: 1 InsertRepeatedBytes-
#111126	REDUCE cov: 787 ft: 1981 corp: 367/6610b lim: 274 exec/s: 37042 rss: 279Mb L: 5/153 MS: 1 EraseBytes-
#111197	REDUCE cov: 787 ft: 1981 corp: 367/6609b lim: 274 exec/s: 37065 rss: 279Mb L: 21/153 MS: 1 EraseBytes-
#111293	REDUCE cov: 787 ft: 1981 corp: 367/6608b lim: 274 exec/s: 37097 rss: 279Mb L: 30/153 MS: 1 EraseBytes-
#111464	REDUCE cov: 787 ft: 1981 corp: 367/6607b lim: 274 exec/s: 37154 rss: 279Mb L: 1/153 MS: 1 EraseBytes-
#111790	REDUCE cov: 787 ft: 1981 corp: 367/6606b lim: 274 exec/s: 37263 rss: 279Mb L: 6/153 MS: 1 EraseBytes-
#112136	REDUCE cov: 787 ft: 1981 corp: 367/6605b lim: 274 exec/s: 37378 rss: 279Mb L: 8/153 MS: 1 EraseBytes-
#112397	REDUCE cov: 787 ft: 1981 corp: 367/6604b lim: 274 exec/s: 37465 rss: 279Mb L: 3/153 MS: 1 EraseBytes-
#112853	REDUCE cov: 787 ft: 1982 corp: 368/6618b lim: 274 exec/s: 37617 rss: 279Mb L: 14/153 MS: 1 CrossOver-
#113022	REDUCE cov: 787 ft: 1982 corp: 368/6613b lim: 274 exec/s: 37674 rss: 279Mb L: 1/153 MS: 4 EraseBytes-ChangeBit-EraseBytes-EraseBytes-
#113433	REDUCE cov: 787 ft: 1982 corp: 368/6612b lim: 274 exec/s: 37811 rss: 279Mb L: 27/153 MS: 1 EraseBytes-
#114334	REDUCE cov: 787 ft: 1982 corp: 368/6610b lim: 282 exec/s: 38111 rss: 279Mb L: 72/153 MS: 1 EraseBytes-
#114683	REDUCE cov: 787 ft: 1982 corp: 368/6609b lim: 282 exec/s: 38227 rss: 279Mb L: 9/153 MS: 4 ChangeASCIIInt-InsertByte-InsertByte-EraseBytes-
#114714	REDUCE cov: 787 ft: 1982 corp: 368/6608b lim: 282 exec/s: 38238 rss: 279Mb L: 10/153 MS: 1 EraseBytes-
#115288	REDUCE cov: 787 ft: 1982 corp: 368/6606b lim: 282 exec/s: 38429 rss: 279Mb L: 32/153 MS: 4 PersAutoDict-EraseBytes-CopyPart-CrossOver- DE: "ffun"-
#115401	REDUCE cov: 787 ft: 1982 corp: 368/6600b lim: 282 exec/s: 38467 rss: 279Mb L: 21/153 MS: 3 ChangeBit-ChangeASCIIInt-EraseBytes-
#115607	REDUCE cov: 787 ft: 1982 corp: 368/6599b lim: 282 exec/s: 38535 rss: 279Mb L: 12/153 MS: 1 EraseBytes-
#115623	REDUCE cov: 787 ft: 1982 corp: 368/6598b lim: 282 exec/s: 38541 rss: 279Mb L: 12/153 MS: 1 EraseBytes-
#115894	REDUCE cov: 787 ft: 1982 corp: 368/6596b lim: 282 exec/s: 38631 rss: 279Mb L: 10/153 MS: 1 EraseBytes-
#116314	REDUCE cov: 787 ft: 1982 corp: 368/6593b lim: 282 exec/s: 38771 rss: 279Mb L: 5/153 MS: 5 InsertByte-ChangeBinInt-ShuffleBytes-ChangeByte-EraseBytes-
#116745	NEW    cov: 787 ft: 1983 corp: 369/6639b lim: 282 exec/s: 38915 rss: 279Mb L: 46/153 MS: 1 ChangeASCIIInt-
#116761	REDUCE cov: 787 ft: 1983 corp: 369/6638b lim: 282 exec/s: 38920 rss: 279Mb L: 5/153 MS: 1 EraseBytes-
#116997	REDUCE cov: 787 ft: 1983 corp: 369/6637b lim: 282 exec/s: 38999 rss: 279Mb L: 2/153 MS: 1 EraseBytes-
#117238	REDUCE cov: 787 ft: 1983 corp: 369/6633b lim: 282 exec/s: 39079 rss: 279Mb L: 6/153 MS: 1 EraseBytes-
#117341	REDUCE cov: 787 ft: 1983 corp: 369/6632b lim: 282 exec/s: 39113 rss: 279Mb L: 5/153 MS: 3 CrossOver-CopyPart-EraseBytes-
#117689	REDUCE cov: 787 ft: 1983 corp: 369/6631b lim: 282 exec/s: 39229 rss: 279Mb L: 10/153 MS: 3 InsertByte-ChangeByte-EraseBytes-
#117757	REDUCE cov: 787 ft: 1983 corp: 369/6622b lim: 282 exec/s: 39252 rss: 279Mb L: 23/153 MS: 3 ChangeByte-ChangeASCIIInt-EraseBytes-
#117834	REDUCE cov: 787 ft: 1983 corp: 369/6619b lim: 282 exec/s: 39278 rss: 279Mb L: 18/153 MS: 2 CrossOver-EraseBytes-
#117865	REDUCE cov: 787 ft: 1983 corp: 369/6617b lim: 282 exec/s: 39288 rss: 279Mb L: 57/153 MS: 1 EraseBytes-
#119039	REDUCE cov: 787 ft: 1983 corp: 369/6606b lim: 290 exec/s: 39679 rss: 279Mb L: 31/153 MS: 4 ChangeBinInt-InsertByte-EraseBytes-EraseBytes-
#119081	REDUCE cov: 787 ft: 1983 corp: 369/6595b lim: 290 exec/s: 39693 rss: 279Mb L: 33/153 MS: 2 ShuffleBytes-EraseBytes-
#119163	REDUCE cov: 787 ft: 1983 corp: 369/6593b lim: 290 exec/s: 39721 rss: 279Mb L: 8/153 MS: 2 EraseBytes-CopyPart-
#119164	REDUCE cov: 787 ft: 1983 corp: 369/6589b lim: 290 exec/s: 39721 rss: 279Mb L: 9/153 MS: 1 EraseBytes-
#119315	REDUCE cov: 787 ft: 1983 corp: 369/6588b lim: 290 exec/s: 39771 rss: 279Mb L: 4/153 MS: 1 EraseBytes-
#119917	REDUCE cov: 787 ft: 1983 corp: 369/6586b lim: 290 exec/s: 39972 rss: 279Mb L: 25/153 MS: 2 ChangeASCIIInt-EraseBytes-
#119995	REDUCE cov: 787 ft: 1983 corp: 369/6570b lim: 290 exec/s: 39998 rss: 279Mb L: 60/153 MS: 3 InsertRepeatedBytes-EraseBytes-EraseBytes-
#120916	REDUCE cov: 787 ft: 1983 corp: 369/6566b lim: 298 exec/s: 40305 rss: 279Mb L: 17/153 MS: 1 EraseBytes-
#121172	REDUCE cov: 787 ft: 1983 corp: 369/6563b lim: 298 exec/s: 40390 rss: 279Mb L: 11/153 MS: 1 EraseBytes-
#121323	REDUCE cov: 787 ft: 1983 corp: 369/6558b lim: 298 exec/s: 40441 rss: 279Mb L: 10/153 MS: 1 EraseBytes-
#121709	NEW    cov: 787 ft: 1986 corp: 370/6594b lim: 298 exec/s: 40569 rss: 279Mb L: 36/153 MS: 1 CrossOver-
#121860	NEW    cov: 787 ft: 1987 corp: 371/6665b lim: 298 exec/s: 40620 rss: 279Mb L: 71/153 MS: 1 ChangeByte-
#121912	REDUCE cov: 787 ft: 1987 corp: 371/6661b lim: 298 exec/s: 40637 rss: 279Mb L: 23/153 MS: 2 ChangeBinInt-EraseBytes-
#121953	NEW    cov: 787 ft: 1989 corp: 372/6733b lim: 298 exec/s: 40651 rss: 279Mb L: 72/153 MS: 1 CrossOver-
#122314	REDUCE cov: 787 ft: 1989 corp: 372/6729b lim: 298 exec/s: 40771 rss: 279Mb L: 46/153 MS: 1 EraseBytes-
#122471	REDUCE cov: 787 ft: 1989 corp: 372/6726b lim: 298 exec/s: 40823 rss: 279Mb L: 10/153 MS: 2 ShuffleBytes-EraseBytes-
#122477	REDUCE cov: 787 ft: 1990 corp: 373/6730b lim: 298 exec/s: 40825 rss: 279Mb L: 4/153 MS: 1 InsertByte-
#122635	REDUCE cov: 787 ft: 1990 corp: 373/6698b lim: 298 exec/s: 40878 rss: 279Mb L: 85/153 MS: 3 ChangeByte-ChangeBinInt-EraseBytes-
#122726	REDUCE cov: 787 ft: 1990 corp: 373/6686b lim: 298 exec/s: 40908 rss: 279Mb L: 27/153 MS: 1 EraseBytes-
#122882	REDUCE cov: 787 ft: 1990 corp: 373/6658b lim: 298 exec/s: 40960 rss: 279Mb L: 43/153 MS: 1 EraseBytes-
#122963	NEW    cov: 787 ft: 1993 corp: 374/6698b lim: 298 exec/s: 40987 rss: 279Mb L: 40/153 MS: 1 EraseBytes-
#123595	REDUCE cov: 787 ft: 2016 corp: 375/6731b lim: 298 exec/s: 41198 rss: 279Mb L: 33/153 MS: 2 ChangeASCIIInt-ShuffleBytes-
#124686	REDUCE cov: 787 ft: 2016 corp: 375/6718b lim: 306 exec/s: 41562 rss: 279Mb L: 99/153 MS: 1 EraseBytes-
#125317	NEW    cov: 787 ft: 2017 corp: 376/6789b lim: 306 exec/s: 41772 rss: 279Mb L: 71/153 MS: 1 ChangeBit-
#125499	REDUCE cov: 787 ft: 2017 corp: 376/6787b lim: 306 exec/s: 41833 rss: 279Mb L: 8/153 MS: 2 ChangeBit-EraseBytes-
#126060	REDUCE cov: 787 ft: 2017 corp: 376/6786b lim: 306 exec/s: 42020 rss: 279Mb L: 9/153 MS: 1 EraseBytes-
#126791	REDUCE cov: 787 ft: 2017 corp: 376/6784b lim: 306 exec/s: 31697 rss: 279Mb L: 9/153 MS: 1 EraseBytes-
#127188	REDUCE cov: 787 ft: 2017 corp: 376/6783b lim: 306 exec/s: 31797 rss: 279Mb L: 11/153 MS: 2 ChangeBit-EraseBytes-
#127529	REDUCE cov: 787 ft: 2017 corp: 376/6778b lim: 306 exec/s: 31882 rss: 279Mb L: 9/153 MS: 1 EraseBytes-
#127590	REDUCE cov: 787 ft: 2017 corp: 376/6772b lim: 306 exec/s: 31897 rss: 279Mb L: 29/153 MS: 1 EraseBytes-
#127653	REDUCE cov: 787 ft: 2017 corp: 376/6771b lim: 306 exec/s: 31913 rss: 279Mb L: 8/153 MS: 3 CopyPart-CopyPart-EraseBytes-
#128424	REDUCE cov: 787 ft: 2017 corp: 376/6766b lim: 306 exec/s: 32106 rss: 279Mb L: 38/153 MS: 1 EraseBytes-
#128680	REDUCE cov: 787 ft: 2017 corp: 376/6765b lim: 306 exec/s: 32170 rss: 279Mb L: 5/153 MS: 1 EraseBytes-
#128691	REDUCE cov: 787 ft: 2017 corp: 376/6759b lim: 306 exec/s: 32172 rss: 279Mb L: 20/153 MS: 1 EraseBytes-
#128822	REDUCE cov: 787 ft: 2017 corp: 376/6758b lim: 306 exec/s: 32205 rss: 279Mb L: 19/153 MS: 1 EraseBytes-
#128918	REDUCE cov: 787 ft: 2017 corp: 376/6743b lim: 306 exec/s: 32229 rss: 279Mb L: 45/153 MS: 1 EraseBytes-
#129709	REDUCE cov: 787 ft: 2017 corp: 376/6741b lim: 306 exec/s: 32427 rss: 279Mb L: 11/153 MS: 1 CrossOver-
#129716	REDUCE cov: 787 ft: 2017 corp: 376/6737b lim: 306 exec/s: 32429 rss: 279Mb L: 4/153 MS: 2 ShuffleBytes-EraseBytes-
#129912	REDUCE cov: 787 ft: 2017 corp: 376/6729b lim: 306 exec/s: 32478 rss: 279Mb L: 38/153 MS: 1 EraseBytes-
#130228	REDUCE cov: 787 ft: 2017 corp: 376/6728b lim: 306 exec/s: 32557 rss: 279Mb L: 52/153 MS: 1 EraseBytes-
#131026	NEW    cov: 787 ft: 2018 corp: 377/6774b lim: 306 exec/s: 32756 rss: 279Mb L: 46/153 MS: 3 ChangeASCIIInt-ChangeASCIIInt-ChangeASCIIInt-
#131072	pulse  cov: 787 ft: 2018 corp: 377/6774b lim: 306 exec/s: 32768 rss: 279Mb
#131399	REDUCE cov: 787 ft: 2018 corp: 377/6773b lim: 306 exec/s: 32849 rss: 279Mb L: 26/153 MS: 2 ShuffleBytes-EraseBytes-
#131510	REDUCE cov: 787 ft: 2018 corp: 377/6772b lim: 306 exec/s: 32877 rss: 279Mb L: 6/153 MS: 1 EraseBytes-
#131721	REDUCE cov: 787 ft: 2018 corp: 377/6766b lim: 306 exec/s: 32930 rss: 279Mb L: 20/153 MS: 1 EraseBytes-
#132562	REDUCE cov: 787 ft: 2018 corp: 377/6759b lim: 314 exec/s: 33140 rss: 279Mb L: 16/153 MS: 1 EraseBytes-
#132668	REDUCE cov: 787 ft: 2018 corp: 377/6758b lim: 314 exec/s: 33167 rss: 279Mb L: 24/153 MS: 1 EraseBytes-
#132675	REDUCE cov: 787 ft: 2018 corp: 377/6756b lim: 314 exec/s: 33168 rss: 279Mb L: 11/153 MS: 2 ChangeASCIIInt-EraseBytes-
#132987	REDUCE cov: 787 ft: 2018 corp: 377/6755b lim: 314 exec/s: 33246 rss: 279Mb L: 3/153 MS: 2 ShuffleBytes-EraseBytes-
#133314	REDUCE cov: 787 ft: 2018 corp: 377/6754b lim: 314 exec/s: 33328 rss: 279Mb L: 20/153 MS: 2 ShuffleBytes-EraseBytes-
#133847	REDUCE cov: 787 ft: 2018 corp: 377/6748b lim: 314 exec/s: 33461 rss: 279Mb L: 14/153 MS: 3 InsertByte-EraseBytes-EraseBytes-
#134638	REDUCE cov: 787 ft: 2018 corp: 377/6743b lim: 314 exec/s: 33659 rss: 279Mb L: 18/153 MS: 1 EraseBytes-
#134864	REDUCE cov: 787 ft: 2018 corp: 377/6740b lim: 314 exec/s: 33716 rss: 279Mb L: 29/153 MS: 1 EraseBytes-
#134951	REDUCE cov: 787 ft: 2018 corp: 377/6739b lim: 314 exec/s: 33737 rss: 279Mb L: 19/153 MS: 2 ChangeASCIIInt-EraseBytes-
#135133	REDUCE cov: 787 ft: 2018 corp: 377/6738b lim: 314 exec/s: 33783 rss: 279Mb L: 5/153 MS: 2 EraseBytes-CopyPart-
#135369	REDUCE cov: 787 ft: 2018 corp: 377/6734b lim: 314 exec/s: 33842 rss: 279Mb L: 5/153 MS: 1 EraseBytes-
#135396	REDUCE cov: 787 ft: 2018 corp: 377/6729b lim: 314 exec/s: 33849 rss: 279Mb L: 24/153 MS: 2 ShuffleBytes-EraseBytes-
#136082	REDUCE cov: 787 ft: 2018 corp: 377/6724b lim: 314 exec/s: 34020 rss: 279Mb L: 21/153 MS: 1 EraseBytes-
#136259	REDUCE cov: 787 ft: 2018 corp: 377/6722b lim: 314 exec/s: 34064 rss: 279Mb L: 2/153 MS: 2 EraseBytes-ChangeBit-
#136321	REDUCE cov: 787 ft: 2018 corp: 377/6718b lim: 314 exec/s: 34080 rss: 279Mb L: 49/153 MS: 2 ChangeASCIIInt-EraseBytes-
#137423	REDUCE cov: 787 ft: 2018 corp: 377/6717b lim: 322 exec/s: 34355 rss: 279Mb L: 43/153 MS: 2 ShuffleBytes-EraseBytes-
#137695	REDUCE cov: 787 ft: 2018 corp: 377/6715b lim: 322 exec/s: 34423 rss: 279Mb L: 8/153 MS: 2 ShuffleBytes-EraseBytes-
#138296	REDUCE cov: 787 ft: 2018 corp: 377/6713b lim: 322 exec/s: 34574 rss: 279Mb L: 17/153 MS: 1 EraseBytes-
#138552	REDUCE cov: 787 ft: 2018 corp: 377/6712b lim: 322 exec/s: 34638 rss: 279Mb L: 2/153 MS: 1 EraseBytes-
#138589	REDUCE cov: 787 ft: 2018 corp: 377/6711b lim: 322 exec/s: 34647 rss: 279Mb L: 20/153 MS: 2 InsertByte-EraseBytes-
#138786	NEW    cov: 787 ft: 2019 corp: 378/6718b lim: 322 exec/s: 34696 rss: 279Mb L: 7/153 MS: 2 ChangeASCIIInt-CrossOver-
#139497	REDUCE cov: 787 ft: 2019 corp: 378/6717b lim: 322 exec/s: 34874 rss: 279Mb L: 27/153 MS: 1 EraseBytes-
#140119	NEW    cov: 787 ft: 2020 corp: 379/6844b lim: 322 exec/s: 35029 rss: 279Mb L: 127/153 MS: 2 InsertRepeatedBytes-EraseBytes-
#140330	NEW    cov: 789 ft: 2022 corp: 380/6916b lim: 322 exec/s: 35082 rss: 279Mb L: 72/153 MS: 1 ChangeBit-
#140746	NEW    cov: 789 ft: 2029 corp: 381/6960b lim: 322 exec/s: 35186 rss: 279Mb L: 44/153 MS: 1 ChangeASCIIInt-
#141025	REDUCE cov: 789 ft: 2029 corp: 381/6956b lim: 322 exec/s: 35256 rss: 279Mb L: 27/153 MS: 4 PersAutoDict-ShuffleBytes-ShuffleBytes-EraseBytes- DE: "mmem"-
#141346	REDUCE cov: 789 ft: 2029 corp: 381/6933b lim: 322 exec/s: 35336 rss: 279Mb L: 48/153 MS: 1 EraseBytes-
#141667	REDUCE cov: 789 ft: 2029 corp: 381/6932b lim: 322 exec/s: 35416 rss: 279Mb L: 8/153 MS: 1 EraseBytes-
#141903	REDUCE cov: 789 ft: 2029 corp: 381/6931b lim: 322 exec/s: 35475 rss: 279Mb L: 6/153 MS: 1 EraseBytes-
#142029	REDUCE cov: 789 ft: 2029 corp: 381/6930b lim: 322 exec/s: 35507 rss: 279Mb L: 6/153 MS: 1 EraseBytes-
#142045	REDUCE cov: 789 ft: 2029 corp: 381/6927b lim: 322 exec/s: 35511 rss: 279Mb L: 7/153 MS: 1 EraseBytes-
#142126	REDUCE cov: 789 ft: 2029 corp: 381/6926b lim: 322 exec/s: 35531 rss: 279Mb L: 1/153 MS: 1 EraseBytes-
#142372	REDUCE cov: 789 ft: 2029 corp: 381/6925b lim: 322 exec/s: 35593 rss: 279Mb L: 9/153 MS: 1 EraseBytes-
#142398	REDUCE cov: 789 ft: 2029 corp: 381/6922b lim: 322 exec/s: 35599 rss: 279Mb L: 16/153 MS: 1 EraseBytes-
#142894	REDUCE cov: 789 ft: 2029 corp: 381/6921b lim: 322 exec/s: 35723 rss: 279Mb L: 11/153 MS: 1 EraseBytes-
#143892	REDUCE cov: 789 ft: 2029 corp: 381/6920b lim: 330 exec/s: 35973 rss: 279Mb L: 15/153 MS: 3 CopyPart-ShuffleBytes-EraseBytes-
#144338	REDUCE cov: 789 ft: 2029 corp: 381/6919b lim: 330 exec/s: 36084 rss: 279Mb L: 3/153 MS: 1 EraseBytes-
#144674	REDUCE cov: 789 ft: 2029 corp: 381/6898b lim: 330 exec/s: 36168 rss: 279Mb L: 132/132 MS: 1 EraseBytes-
#144995	REDUCE cov: 789 ft: 2029 corp: 381/6880b lim: 330 exec/s: 36248 rss: 279Mb L: 81/132 MS: 1 EraseBytes-
#145001	REDUCE cov: 789 ft: 2029 corp: 381/6879b lim: 330 exec/s: 36250 rss: 279Mb L: 4/132 MS: 1 EraseBytes-
#145742	REDUCE cov: 789 ft: 2029 corp: 381/6875b lim: 330 exec/s: 36435 rss: 279Mb L: 13/132 MS: 1 EraseBytes-
#145803	REDUCE cov: 789 ft: 2029 corp: 381/6872b lim: 330 exec/s: 36450 rss: 279Mb L: 8/132 MS: 1 EraseBytes-
#147334	REDUCE cov: 789 ft: 2029 corp: 381/6866b lim: 338 exec/s: 36833 rss: 279Mb L: 9/132 MS: 1 EraseBytes-
#148020	REDUCE cov: 789 ft: 2029 corp: 381/6865b lim: 338 exec/s: 37005 rss: 279Mb L: 17/132 MS: 1 EraseBytes-
#148236	REDUCE cov: 789 ft: 2029 corp: 381/6862b lim: 338 exec/s: 37059 rss: 279Mb L: 16/132 MS: 1 EraseBytes-
#148422	REDUCE cov: 789 ft: 2029 corp: 381/6860b lim: 338 exec/s: 37105 rss: 279Mb L: 12/132 MS: 1 EraseBytes-
#148723	REDUCE cov: 789 ft: 2029 corp: 381/6859b lim: 338 exec/s: 37180 rss: 279Mb L: 22/132 MS: 1 EraseBytes-
#149684	REDUCE cov: 789 ft: 2030 corp: 382/6870b lim: 346 exec/s: 37421 rss: 279Mb L: 11/132 MS: 1 ChangeASCIIInt-
#149851	REDUCE cov: 789 ft: 2030 corp: 382/6869b lim: 346 exec/s: 37462 rss: 279Mb L: 9/132 MS: 2 ShuffleBytes-EraseBytes-
#150802	REDUCE cov: 789 ft: 2030 corp: 382/6868b lim: 354 exec/s: 37700 rss: 279Mb L: 12/132 MS: 1 EraseBytes-
#151103	REDUCE cov: 789 ft: 2030 corp: 382/6867b lim: 354 exec/s: 37775 rss: 279Mb L: 20/132 MS: 1 EraseBytes-
#151985	REDUCE cov: 789 ft: 2030 corp: 382/6865b lim: 362 exec/s: 30397 rss: 279Mb L: 27/132 MS: 2 ChangeBit-EraseBytes-
#152391	REDUCE cov: 789 ft: 2030 corp: 382/6864b lim: 362 exec/s: 30478 rss: 279Mb L: 5/132 MS: 1 EraseBytes-
#152714	REDUCE cov: 789 ft: 2030 corp: 382/6855b lim: 362 exec/s: 30542 rss: 279Mb L: 63/132 MS: 3 ChangeASCIIInt-ShuffleBytes-EraseBytes-
#153142	REDUCE cov: 789 ft: 2030 corp: 382/6854b lim: 362 exec/s: 30628 rss: 279Mb L: 9/132 MS: 3 CopyPart-ChangeBinInt-EraseBytes-
#154405	REDUCE cov: 789 ft: 2030 corp: 382/6850b lim: 370 exec/s: 30881 rss: 279Mb L: 12/132 MS: 3 InsertByte-ChangeASCIIInt-EraseBytes-
#156127	REDUCE cov: 789 ft: 2030 corp: 382/6848b lim: 386 exec/s: 31225 rss: 279Mb L: 10/132 MS: 2 ShuffleBytes-EraseBytes-
#156169	NEW    cov: 789 ft: 2031 corp: 383/6859b lim: 386 exec/s: 31233 rss: 279Mb L: 11/132 MS: 2 CopyPart-ChangeASCIIInt-
#156272	REDUCE cov: 789 ft: 2031 corp: 383/6831b lim: 386 exec/s: 31254 rss: 279Mb L: 35/132 MS: 3 PersAutoDict-ChangeBit-EraseBytes- DE: "char"-
#156365	NEW    cov: 793 ft: 2035 corp: 384/6892b lim: 386 exec/s: 31273 rss: 279Mb L: 61/132 MS: 1 CrossOver-
#156526	REDUCE cov: 793 ft: 2035 corp: 384/6877b lim: 386 exec/s: 31305 rss: 279Mb L: 21/132 MS: 1 EraseBytes-
#157462	REDUCE cov: 793 ft: 2035 corp: 384/6876b lim: 394 exec/s: 31492 rss: 279Mb L: 20/132 MS: 1 EraseBytes-
#157523	REDUCE cov: 793 ft: 2035 corp: 384/6862b lim: 394 exec/s: 31504 rss: 279Mb L: 29/132 MS: 1 EraseBytes-
#158379	REDUCE cov: 793 ft: 2035 corp: 384/6861b lim: 402 exec/s: 31675 rss: 279Mb L: 7/132 MS: 1 EraseBytes-
#158620	REDUCE cov: 793 ft: 2035 corp: 384/6856b lim: 402 exec/s: 31724 rss: 279Mb L: 12/132 MS: 1 EraseBytes-
#159156	REDUCE cov: 793 ft: 2035 corp: 384/6850b lim: 402 exec/s: 31831 rss: 279Mb L: 16/132 MS: 1 EraseBytes-
#160105	REDUCE cov: 793 ft: 2035 corp: 384/6840b lim: 410 exec/s: 32021 rss: 279Mb L: 13/132 MS: 4 InsertByte-ShuffleBytes-ChangeBit-EraseBytes-
#160256	REDUCE cov: 793 ft: 2035 corp: 384/6836b lim: 410 exec/s: 32051 rss: 279Mb L: 16/132 MS: 1 EraseBytes-
#160538	REDUCE cov: 793 ft: 2035 corp: 384/6831b lim: 410 exec/s: 32107 rss: 279Mb L: 19/132 MS: 2 CopyPart-EraseBytes-
#162259	REDUCE cov: 793 ft: 2035 corp: 384/6829b lim: 426 exec/s: 32451 rss: 279Mb L: 26/132 MS: 1 EraseBytes-
#163435	REDUCE cov: 793 ft: 2035 corp: 384/6828b lim: 434 exec/s: 32687 rss: 279Mb L: 5/132 MS: 1 EraseBytes-
#164151	REDUCE cov: 793 ft: 2035 corp: 384/6827b lim: 434 exec/s: 32830 rss: 279Mb L: 10/132 MS: 1 EraseBytes-
#164657	REDUCE cov: 793 ft: 2035 corp: 384/6826b lim: 434 exec/s: 32931 rss: 279Mb L: 30/132 MS: 1 EraseBytes-
#165313	NEW    cov: 793 ft: 2036 corp: 385/6897b lim: 434 exec/s: 33062 rss: 279Mb L: 71/132 MS: 1 ChangeBit-
#165821	REDUCE cov: 793 ft: 2036 corp: 385/6884b lim: 434 exec/s: 33164 rss: 279Mb L: 23/132 MS: 3 ShuffleBytes-ChangeBit-EraseBytes-
#166102	NEW    cov: 793 ft: 2037 corp: 386/6903b lim: 434 exec/s: 33220 rss: 279Mb L: 19/132 MS: 1 CopyPart-
#166583	REDUCE cov: 793 ft: 2037 corp: 386/6902b lim: 434 exec/s: 33316 rss: 279Mb L: 14/132 MS: 1 EraseBytes-
#167939	REDUCE cov: 793 ft: 2037 corp: 386/6900b lim: 442 exec/s: 33587 rss: 279Mb L: 5/132 MS: 1 EraseBytes-
#168710	REDUCE cov: 793 ft: 2037 corp: 386/6899b lim: 442 exec/s: 33742 rss: 279Mb L: 32/132 MS: 1 EraseBytes-
#169896	NEW    cov: 795 ft: 2040 corp: 387/6975b lim: 450 exec/s: 33979 rss: 279Mb L: 76/132 MS: 1 CopyPart-
#170292	REDUCE cov: 795 ft: 2040 corp: 387/6974b lim: 450 exec/s: 34058 rss: 279Mb L: 16/132 MS: 1 EraseBytes-
#170532	REDUCE cov: 795 ft: 2040 corp: 387/6969b lim: 450 exec/s: 34106 rss: 279Mb L: 67/132 MS: 5 EraseBytes-CopyPart-ChangeBit-ChangeASCIIInt-InsertByte-
#170939	REDUCE cov: 795 ft: 2040 corp: 387/6967b lim: 450 exec/s: 34187 rss: 279Mb L: 11/132 MS: 2 ShuffleBytes-EraseBytes-
#171120	REDUCE cov: 795 ft: 2040 corp: 387/6965b lim: 450 exec/s: 34224 rss: 279Mb L: 18/132 MS: 1 EraseBytes-
#171492	REDUCE cov: 795 ft: 2040 corp: 387/6959b lim: 450 exec/s: 34298 rss: 279Mb L: 65/132 MS: 2 ChangeBinInt-EraseBytes-
#171538	REDUCE cov: 797 ft: 2042 corp: 388/6978b lim: 450 exec/s: 34307 rss: 279Mb L: 19/132 MS: 1 ChangeASCIIInt-
#171634	REDUCE cov: 797 ft: 2042 corp: 388/6977b lim: 450 exec/s: 34326 rss: 279Mb L: 18/132 MS: 1 EraseBytes-
#172253	NEW    cov: 797 ft: 2052 corp: 389/7108b lim: 450 exec/s: 34450 rss: 279Mb L: 131/132 MS: 4 ShuffleBytes-EraseBytes-ChangeByte-InsertRepeatedBytes-
#172864	REDUCE cov: 797 ft: 2052 corp: 389/7107b lim: 450 exec/s: 34572 rss: 279Mb L: 8/132 MS: 1 EraseBytes-
#172903	REDUCE cov: 797 ft: 2052 corp: 389/7101b lim: 450 exec/s: 34580 rss: 279Mb L: 4/132 MS: 4 ChangeBinInt-CopyPart-EraseBytes-EraseBytes-
#173264	REDUCE cov: 797 ft: 2052 corp: 389/7091b lim: 450 exec/s: 34652 rss: 279Mb L: 71/132 MS: 1 EraseBytes-
#173440	REDUCE cov: 797 ft: 2052 corp: 389/7089b lim: 450 exec/s: 34688 rss: 279Mb L: 5/132 MS: 1 EraseBytes-
#173726	REDUCE cov: 797 ft: 2052 corp: 389/7086b lim: 450 exec/s: 34745 rss: 279Mb L: 18/132 MS: 1 EraseBytes-
#174629	REDUCE cov: 797 ft: 2052 corp: 389/7085b lim: 458 exec/s: 34925 rss: 279Mb L: 4/132 MS: 3 ChangeASCIIInt-InsertByte-EraseBytes-
#175232	REDUCE cov: 797 ft: 2052 corp: 389/7084b lim: 458 exec/s: 35046 rss: 279Mb L: 8/132 MS: 3 ShuffleBytes-CrossOver-EraseBytes-
#175353	REDUCE cov: 797 ft: 2052 corp: 389/7083b lim: 458 exec/s: 35070 rss: 279Mb L: 5/132 MS: 1 EraseBytes-
#175629	REDUCE cov: 797 ft: 2052 corp: 389/7082b lim: 458 exec/s: 29271 rss: 279Mb L: 4/132 MS: 1 EraseBytes-
#176652	REDUCE cov: 797 ft: 2052 corp: 389/7078b lim: 466 exec/s: 29442 rss: 279Mb L: 10/132 MS: 3 ChangeByte-PersAutoDict-EraseBytes- DE: "MODr"-
#177298	REDUCE cov: 797 ft: 2052 corp: 389/7076b lim: 466 exec/s: 29549 rss: 279Mb L: 33/132 MS: 1 EraseBytes-
#177574	REDUCE cov: 797 ft: 2052 corp: 389/7075b lim: 466 exec/s: 29595 rss: 279Mb L: 70/132 MS: 1 EraseBytes-
#178845	REDUCE cov: 797 ft: 2052 corp: 389/7074b lim: 474 exec/s: 29807 rss: 279Mb L: 5/132 MS: 1 EraseBytes-
#178956	REDUCE cov: 797 ft: 2052 corp: 389/7073b lim: 474 exec/s: 29826 rss: 279Mb L: 13/132 MS: 1 EraseBytes-
#179167	REDUCE cov: 797 ft: 2052 corp: 389/7058b lim: 474 exec/s: 29861 rss: 279Mb L: 34/132 MS: 1 EraseBytes-
#180178	REDUCE cov: 797 ft: 2052 corp: 389/7055b lim: 482 exec/s: 30029 rss: 279Mb L: 6/132 MS: 1 EraseBytes-
#180775	REDUCE cov: 797 ft: 2052 corp: 389/7053b lim: 482 exec/s: 30129 rss: 279Mb L: 6/132 MS: 2 InsertByte-EraseBytes-
#180835	REDUCE cov: 797 ft: 2052 corp: 389/7048b lim: 482 exec/s: 30139 rss: 279Mb L: 71/132 MS: 5 ChangeASCIIInt-ChangeByte-CopyPart-ChangeASCIIInt-EraseBytes-
#183277	REDUCE cov: 797 ft: 2052 corp: 389/7045b lim: 506 exec/s: 30546 rss: 279Mb L: 15/132 MS: 2 ChangeByte-EraseBytes-
#184148	REDUCE cov: 797 ft: 2052 corp: 389/7044b lim: 514 exec/s: 30691 rss: 279Mb L: 11/132 MS: 1 EraseBytes-
#184236	REDUCE cov: 797 ft: 2052 corp: 389/7043b lim: 514 exec/s: 30706 rss: 279Mb L: 59/132 MS: 3 ChangeASCIIInt-InsertByte-EraseBytes-
#184512	REDUCE cov: 797 ft: 2052 corp: 389/7042b lim: 514 exec/s: 30752 rss: 279Mb L: 14/132 MS: 1 EraseBytes-
#184633	NEW    cov: 797 ft: 2053 corp: 390/7082b lim: 514 exec/s: 30772 rss: 279Mb L: 40/132 MS: 1 EraseBytes-
#187144	REDUCE cov: 797 ft: 2053 corp: 390/7081b lim: 532 exec/s: 31190 rss: 279Mb L: 18/132 MS: 1 EraseBytes-
#187537	REDUCE cov: 797 ft: 2053 corp: 390/7079b lim: 532 exec/s: 31256 rss: 279Mb L: 12/132 MS: 3 ShuffleBytes-ChangeASCIIInt-EraseBytes-
#187638	REDUCE cov: 797 ft: 2053 corp: 390/7078b lim: 532 exec/s: 31273 rss: 279Mb L: 13/132 MS: 1 EraseBytes-
#187719	REDUCE cov: 797 ft: 2053 corp: 390/7072b lim: 532 exec/s: 31286 rss: 279Mb L: 27/132 MS: 1 EraseBytes-
#188125	REDUCE cov: 797 ft: 2053 corp: 390/7068b lim: 532 exec/s: 31354 rss: 279Mb L: 42/132 MS: 1 EraseBytes-
#189426	REDUCE cov: 797 ft: 2053 corp: 390/7059b lim: 541 exec/s: 31571 rss: 279Mb L: 16/132 MS: 1 EraseBytes-
#189932	REDUCE cov: 797 ft: 2053 corp: 390/7057b lim: 541 exec/s: 31655 rss: 279Mb L: 4/132 MS: 1 EraseBytes-
#189984	REDUCE cov: 797 ft: 2053 corp: 390/7056b lim: 541 exec/s: 31664 rss: 279Mb L: 131/131 MS: 2 ShuffleBytes-EraseBytes-
#190765	REDUCE cov: 797 ft: 2053 corp: 390/7045b lim: 541 exec/s: 31794 rss: 279Mb L: 38/131 MS: 1 EraseBytes-
#192326	REDUCE cov: 797 ft: 2053 corp: 390/7041b lim: 550 exec/s: 32054 rss: 279Mb L: 33/131 MS: 1 EraseBytes-
#193222	REDUCE cov: 797 ft: 2053 corp: 390/7039b lim: 550 exec/s: 32203 rss: 279Mb L: 5/131 MS: 1 EraseBytes-
#194124	REDUCE cov: 797 ft: 2053 corp: 390/7035b lim: 550 exec/s: 32354 rss: 279Mb L: 14/131 MS: 2 EraseBytes-CopyPart-
#194350	REDUCE cov: 797 ft: 2053 corp: 390/7034b lim: 550 exec/s: 32391 rss: 279Mb L: 10/131 MS: 1 EraseBytes-
#194966	REDUCE cov: 797 ft: 2053 corp: 390/7028b lim: 550 exec/s: 32494 rss: 279Mb L: 16/131 MS: 1 EraseBytes-
#195668	REDUCE cov: 797 ft: 2053 corp: 390/7027b lim: 550 exec/s: 32611 rss: 279Mb L: 4/131 MS: 2 ChangeBinInt-EraseBytes-
#196239	REDUCE cov: 797 ft: 2053 corp: 390/7023b lim: 550 exec/s: 32706 rss: 279Mb L: 32/131 MS: 1 EraseBytes-
#196300	REDUCE cov: 797 ft: 2053 corp: 390/7020b lim: 550 exec/s: 32716 rss: 279Mb L: 9/131 MS: 1 EraseBytes-
#196666	REDUCE cov: 797 ft: 2053 corp: 390/7019b lim: 550 exec/s: 32777 rss: 279Mb L: 7/131 MS: 1 EraseBytes-
#196946	REDUCE cov: 797 ft: 2053 corp: 390/7013b lim: 550 exec/s: 32824 rss: 279Mb L: 55/131 MS: 5 CopyPart-CMP-ChangeBit-EraseBytes-EraseBytes- DE: "\003\000\000\000"-
#198482	REDUCE cov: 797 ft: 2053 corp: 390/7012b lim: 559 exec/s: 33080 rss: 279Mb L: 4/131 MS: 1 EraseBytes-
#199454	REDUCE cov: 797 ft: 2053 corp: 390/7011b lim: 568 exec/s: 28493 rss: 279Mb L: 2/131 MS: 2 ChangeASCIIInt-EraseBytes-
#200504	REDUCE cov: 797 ft: 2053 corp: 390/7002b lim: 577 exec/s: 28643 rss: 279Mb L: 17/131 MS: 5 InsertRepeatedBytes-ChangeBinInt-InsertByte-ChangeBinInt-EraseBytes-
#201050	REDUCE cov: 797 ft: 2053 corp: 390/7001b lim: 577 exec/s: 28721 rss: 279Mb L: 20/131 MS: 1 EraseBytes-
#201891	REDUCE cov: 797 ft: 2053 corp: 390/6992b lim: 577 exec/s: 28841 rss: 279Mb L: 18/131 MS: 1 EraseBytes-
#201927	REDUCE cov: 797 ft: 2053 corp: 390/6990b lim: 577 exec/s: 28846 rss: 279Mb L: 10/131 MS: 1 EraseBytes-
#202499	REDUCE cov: 797 ft: 2053 corp: 390/6986b lim: 577 exec/s: 28928 rss: 279Mb L: 7/131 MS: 2 ChangeByte-EraseBytes-
#203325	REDUCE cov: 797 ft: 2053 corp: 390/6985b lim: 577 exec/s: 29046 rss: 279Mb L: 10/131 MS: 1 EraseBytes-
#204817	REDUCE cov: 797 ft: 2053 corp: 390/6976b lim: 586 exec/s: 29259 rss: 279Mb L: 39/131 MS: 2 ChangeBinInt-EraseBytes-
#205258	REDUCE cov: 797 ft: 2053 corp: 390/6974b lim: 586 exec/s: 29322 rss: 279Mb L: 6/131 MS: 1 EraseBytes-
#206474	REDUCE cov: 797 ft: 2054 corp: 391/7001b lim: 595 exec/s: 29496 rss: 279Mb L: 27/131 MS: 1 ChangeBit-
#207179	REDUCE cov: 797 ft: 2054 corp: 391/6999b lim: 595 exec/s: 29597 rss: 279Mb L: 2/131 MS: 5 ChangeASCIIInt-EraseBytes-ChangeByte-ChangeASCIIInt-EraseBytes-
#207675	REDUCE cov: 797 ft: 2054 corp: 391/6998b lim: 595 exec/s: 29667 rss: 279Mb L: 3/131 MS: 1 EraseBytes-
#208261	REDUCE cov: 797 ft: 2054 corp: 391/6997b lim: 595 exec/s: 29751 rss: 279Mb L: 8/131 MS: 1 EraseBytes-
#208829	REDUCE cov: 797 ft: 2054 corp: 391/6993b lim: 595 exec/s: 29832 rss: 279Mb L: 18/131 MS: 3 ShuffleBytes-ChangeBit-EraseBytes-
#209066	REDUCE cov: 797 ft: 2054 corp: 391/6992b lim: 595 exec/s: 29866 rss: 279Mb L: 11/131 MS: 2 ChangeBit-EraseBytes-
#209428	REDUCE cov: 797 ft: 2054 corp: 391/6991b lim: 595 exec/s: 29918 rss: 279Mb L: 23/131 MS: 2 ChangeBit-EraseBytes-
#209504	REDUCE cov: 797 ft: 2054 corp: 391/6990b lim: 595 exec/s: 29929 rss: 279Mb L: 64/131 MS: 1 EraseBytes-
#210535	REDUCE cov: 797 ft: 2054 corp: 391/6989b lim: 604 exec/s: 30076 rss: 279Mb L: 8/131 MS: 1 EraseBytes-
#211896	REDUCE cov: 797 ft: 2054 corp: 391/6987b lim: 613 exec/s: 30270 rss: 279Mb L: 8/131 MS: 1 EraseBytes-
#211899	REDUCE cov: 797 ft: 2054 corp: 391/6984b lim: 613 exec/s: 30271 rss: 279Mb L: 29/131 MS: 3 EraseBytes-ChangeBinInt-CopyPart-
#211951	REDUCE cov: 797 ft: 2054 corp: 391/6978b lim: 613 exec/s: 30278 rss: 279Mb L: 33/131 MS: 2 CMP-EraseBytes- DE: "\000\000"-
#213107	REDUCE cov: 797 ft: 2054 corp: 391/6974b lim: 622 exec/s: 30443 rss: 279Mb L: 55/131 MS: 1 EraseBytes-
#213254	REDUCE cov: 797 ft: 2054 corp: 391/6969b lim: 622 exec/s: 30464 rss: 279Mb L: 22/131 MS: 2 ChangeBinInt-EraseBytes-
#213607	REDUCE cov: 797 ft: 2054 corp: 391/6968b lim: 622 exec/s: 30515 rss: 279Mb L: 7/131 MS: 3 ChangeASCIIInt-ShuffleBytes-EraseBytes-
#213608	REDUCE cov: 797 ft: 2054 corp: 391/6955b lim: 622 exec/s: 30515 rss: 279Mb L: 72/131 MS: 1 EraseBytes-
#214104	REDUCE cov: 797 ft: 2054 corp: 391/6949b lim: 622 exec/s: 30586 rss: 279Mb L: 14/131 MS: 1 EraseBytes-
#214305	REDUCE cov: 797 ft: 2054 corp: 391/6928b lim: 622 exec/s: 30615 rss: 279Mb L: 34/131 MS: 1 EraseBytes-
#218791	REDUCE cov: 797 ft: 2054 corp: 391/6927b lim: 658 exec/s: 31255 rss: 279Mb L: 16/131 MS: 1 EraseBytes-
#219097	REDUCE cov: 797 ft: 2054 corp: 391/6926b lim: 658 exec/s: 31299 rss: 279Mb L: 5/131 MS: 1 EraseBytes-
#219188	REDUCE cov: 797 ft: 2054 corp: 391/6925b lim: 658 exec/s: 31312 rss: 279Mb L: 33/131 MS: 1 EraseBytes-
#219816	REDUCE cov: 797 ft: 2054 corp: 391/6922b lim: 658 exec/s: 31402 rss: 279Mb L: 7/131 MS: 3 ShuffleBytes-ChangeBinInt-EraseBytes-
#221128	REDUCE cov: 797 ft: 2054 corp: 391/6921b lim: 667 exec/s: 31589 rss: 279Mb L: 17/131 MS: 2 CopyPart-EraseBytes-
#222379	REDUCE cov: 797 ft: 2054 corp: 391/6920b lim: 676 exec/s: 31768 rss: 279Mb L: 13/131 MS: 1 EraseBytes-
#222780	REDUCE cov: 797 ft: 2054 corp: 391/6919b lim: 676 exec/s: 31825 rss: 279Mb L: 13/131 MS: 1 EraseBytes-
#223116	REDUCE cov: 797 ft: 2054 corp: 391/6918b lim: 676 exec/s: 31873 rss: 279Mb L: 9/131 MS: 1 EraseBytes-
#223427	REDUCE cov: 797 ft: 2054 corp: 391/6917b lim: 676 exec/s: 31918 rss: 279Mb L: 28/131 MS: 1 EraseBytes-
#223840	REDUCE cov: 797 ft: 2054 corp: 391/6911b lim: 676 exec/s: 31977 rss: 279Mb L: 55/131 MS: 3 ChangeBit-ChangeByte-EraseBytes-
#224056	REDUCE cov: 797 ft: 2054 corp: 391/6908b lim: 676 exec/s: 32008 rss: 279Mb L: 35/131 MS: 1 EraseBytes-
#224407	REDUCE cov: 797 ft: 2054 corp: 391/6887b lim: 676 exec/s: 32058 rss: 279Mb L: 49/131 MS: 1 EraseBytes-
#225153	REDUCE cov: 797 ft: 2054 corp: 391/6886b lim: 676 exec/s: 32164 rss: 279Mb L: 26/131 MS: 1 EraseBytes-
#225546	REDUCE cov: 797 ft: 2054 corp: 391/6885b lim: 676 exec/s: 32220 rss: 279Mb L: 10/131 MS: 3 CrossOver-ChangeBinInt-EraseBytes-
#228927	REDUCE cov: 797 ft: 2054 corp: 391/6883b lim: 703 exec/s: 28615 rss: 279Mb L: 33/131 MS: 1 EraseBytes-
#231304	NEW    cov: 797 ft: 2055 corp: 392/6908b lim: 721 exec/s: 28913 rss: 279Mb L: 25/131 MS: 2 ShuffleBytes-CrossOver-
#231990	REDUCE cov: 797 ft: 2055 corp: 392/6906b lim: 721 exec/s: 28998 rss: 279Mb L: 28/131 MS: 1 EraseBytes-
#233001	REDUCE cov: 797 ft: 2055 corp: 392/6905b lim: 730 exec/s: 29125 rss: 279Mb L: 8/131 MS: 1 EraseBytes-
#233552	REDUCE cov: 797 ft: 2055 corp: 392/6902b lim: 730 exec/s: 29194 rss: 279Mb L: 15/131 MS: 1 EraseBytes-
#233949	REDUCE cov: 797 ft: 2055 corp: 392/6898b lim: 730 exec/s: 29243 rss: 279Mb L: 13/131 MS: 2 ChangeASCIIInt-EraseBytes-
#235060	REDUCE cov: 797 ft: 2055 corp: 392/6897b lim: 739 exec/s: 29382 rss: 279Mb L: 5/131 MS: 1 EraseBytes-
#235879	REDUCE cov: 797 ft: 2055 corp: 392/6896b lim: 739 exec/s: 29484 rss: 279Mb L: 15/131 MS: 4 ChangeASCIIInt-ChangeByte-ChangeBinInt-EraseBytes-
#236042	REDUCE cov: 797 ft: 2055 corp: 392/6895b lim: 739 exec/s: 29505 rss: 279Mb L: 5/131 MS: 3 InsertByte-EraseBytes-EraseBytes-
#236078	REDUCE cov: 797 ft: 2055 corp: 392/6892b lim: 739 exec/s: 29509 rss: 279Mb L: 41/131 MS: 1 EraseBytes-
#236430	REDUCE cov: 797 ft: 2055 corp: 392/6890b lim: 739 exec/s: 29553 rss: 279Mb L: 28/131 MS: 2 ShuffleBytes-EraseBytes-
#236768	REDUCE cov: 797 ft: 2055 corp: 392/6877b lim: 739 exec/s: 29596 rss: 279Mb L: 54/131 MS: 2 EraseBytes-ShuffleBytes-
#237740	REDUCE cov: 797 ft: 2055 corp: 392/6874b lim: 748 exec/s: 29717 rss: 279Mb L: 19/131 MS: 2 PersAutoDict-EraseBytes- DE: "nnikn"-
#238046	REDUCE cov: 797 ft: 2055 corp: 392/6873b lim: 748 exec/s: 29755 rss: 279Mb L: 2/131 MS: 1 EraseBytes-
#238153	REDUCE cov: 797 ft: 2055 corp: 392/6871b lim: 748 exec/s: 29769 rss: 279Mb L: 8/131 MS: 2 ShuffleBytes-EraseBytes-
#238683	REDUCE cov: 797 ft: 2056 corp: 393/6892b lim: 748 exec/s: 29835 rss: 279Mb L: 21/131 MS: 5 ChangeBit-CMP-ChangeBinInt-EraseBytes-EraseBytes- DE: "rfun"-
#239019	REDUCE cov: 797 ft: 2056 corp: 393/6890b lim: 748 exec/s: 29877 rss: 279Mb L: 15/131 MS: 1 EraseBytes-
#239410	REDUCE cov: 797 ft: 2056 corp: 393/6884b lim: 748 exec/s: 29926 rss: 279Mb L: 24/131 MS: 1 EraseBytes-
#240396	REDUCE cov: 797 ft: 2056 corp: 393/6880b lim: 757 exec/s: 30049 rss: 279Mb L: 24/131 MS: 1 EraseBytes-
#240423	REDUCE cov: 797 ft: 2056 corp: 393/6876b lim: 757 exec/s: 30052 rss: 279Mb L: 14/131 MS: 2 EraseBytes-CopyPart-
#241119	REDUCE cov: 797 ft: 2056 corp: 393/6872b lim: 757 exec/s: 30139 rss: 279Mb L: 10/131 MS: 1 EraseBytes-
#241701	REDUCE cov: 797 ft: 2056 corp: 393/6871b lim: 757 exec/s: 30212 rss: 279Mb L: 32/131 MS: 2 ChangeASCIIInt-EraseBytes-
#242342	REDUCE cov: 797 ft: 2056 corp: 393/6870b lim: 757 exec/s: 30292 rss: 279Mb L: 4/131 MS: 1 EraseBytes-
#242378	REDUCE cov: 797 ft: 2056 corp: 393/6869b lim: 757 exec/s: 30297 rss: 279Mb L: 13/131 MS: 1 EraseBytes-
#242460	REDUCE cov: 797 ft: 2056 corp: 393/6868b lim: 757 exec/s: 30307 rss: 279Mb L: 32/131 MS: 2 CopyPart-EraseBytes-
#242621	NEW    cov: 797 ft: 2069 corp: 394/6895b lim: 757 exec/s: 26957 rss: 279Mb L: 27/131 MS: 1 ShuffleBytes-
#242658	REDUCE cov: 797 ft: 2069 corp: 394/6894b lim: 757 exec/s: 26962 rss: 279Mb L: 3/131 MS: 2 ChangeByte-EraseBytes-
#242759	REDUCE cov: 797 ft: 2069 corp: 394/6892b lim: 757 exec/s: 26973 rss: 279Mb L: 7/131 MS: 1 EraseBytes-
#242953	REDUCE cov: 797 ft: 2069 corp: 394/6886b lim: 757 exec/s: 26994 rss: 279Mb L: 66/131 MS: 4 ChangeByte-CopyPart-ChangeASCIIInt-EraseBytes-
#243094	NEW    cov: 797 ft: 2070 corp: 395/6934b lim: 757 exec/s: 27010 rss: 279Mb L: 48/131 MS: 1 CrossOver-
#243695	REDUCE cov: 797 ft: 2070 corp: 395/6932b lim: 757 exec/s: 27077 rss: 279Mb L: 8/131 MS: 1 EraseBytes-
#243887	REDUCE cov: 797 ft: 2070 corp: 395/6931b lim: 757 exec/s: 27098 rss: 279Mb L: 6/131 MS: 2 EraseBytes-ChangeByte-
#245173	REDUCE cov: 797 ft: 2070 corp: 395/6923b lim: 766 exec/s: 27241 rss: 279Mb L: 21/131 MS: 1 EraseBytes-
#245496	REDUCE cov: 797 ft: 2070 corp: 395/6922b lim: 766 exec/s: 27277 rss: 279Mb L: 8/131 MS: 3 CopyPart-ShuffleBytes-EraseBytes-
#245687	REDUCE cov: 797 ft: 2070 corp: 395/6921b lim: 766 exec/s: 27298 rss: 279Mb L: 8/131 MS: 1 EraseBytes-
#245893	NEW    cov: 797 ft: 2072 corp: 396/6965b lim: 766 exec/s: 27321 rss: 279Mb L: 44/131 MS: 1 ChangeBinInt-
#247179	REDUCE cov: 797 ft: 2072 corp: 396/6964b lim: 775 exec/s: 27464 rss: 279Mb L: 9/131 MS: 1 EraseBytes-
#247186	REDUCE cov: 797 ft: 2072 corp: 396/6959b lim: 775 exec/s: 27465 rss: 279Mb L: 21/131 MS: 2 ChangeBinInt-EraseBytes-
#247188	REDUCE cov: 797 ft: 2073 corp: 397/6981b lim: 775 exec/s: 27465 rss: 279Mb L: 22/131 MS: 2 InsertByte-CrossOver-
#250249	REDUCE cov: 797 ft: 2073 corp: 397/6977b lim: 802 exec/s: 27805 rss: 279Mb L: 20/131 MS: 1 EraseBytes-
#250295	REDUCE cov: 797 ft: 2073 corp: 397/6976b lim: 802 exec/s: 27810 rss: 279Mb L: 4/131 MS: 1 EraseBytes-
#251171	REDUCE cov: 797 ft: 2073 corp: 397/6975b lim: 802 exec/s: 27907 rss: 279Mb L: 3/131 MS: 1 EraseBytes-
#252677	REDUCE cov: 797 ft: 2073 corp: 397/6974b lim: 811 exec/s: 28075 rss: 279Mb L: 7/131 MS: 1 EraseBytes-
#254649	REDUCE cov: 797 ft: 2073 corp: 397/6972b lim: 829 exec/s: 28294 rss: 279Mb L: 19/131 MS: 1 EraseBytes-
#254695	REDUCE cov: 797 ft: 2073 corp: 397/6971b lim: 829 exec/s: 28299 rss: 279Mb L: 15/131 MS: 1 EraseBytes-
#256321	REDUCE cov: 797 ft: 2073 corp: 397/6967b lim: 838 exec/s: 28480 rss: 279Mb L: 24/131 MS: 1 EraseBytes-
#256792	REDUCE cov: 797 ft: 2073 corp: 397/6966b lim: 838 exec/s: 28532 rss: 279Mb L: 4/131 MS: 1 EraseBytes-
#257599	REDUCE cov: 797 ft: 2073 corp: 397/6961b lim: 838 exec/s: 28622 rss: 279Mb L: 67/131 MS: 2 EraseBytes-ChangeBinInt-
#257818	REDUCE cov: 797 ft: 2073 corp: 397/6960b lim: 838 exec/s: 28646 rss: 279Mb L: 7/131 MS: 4 CrossOver-ShuffleBytes-ChangeASCIIInt-EraseBytes-
#258770	REDUCE cov: 797 ft: 2073 corp: 397/6959b lim: 847 exec/s: 25877 rss: 279Mb L: 13/131 MS: 2 ChangeBit-EraseBytes-
#258856	REDUCE cov: 797 ft: 2073 corp: 397/6958b lim: 847 exec/s: 25885 rss: 279Mb L: 7/131 MS: 1 EraseBytes-
#259192	REDUCE cov: 797 ft: 2073 corp: 397/6957b lim: 847 exec/s: 25919 rss: 279Mb L: 19/131 MS: 1 EraseBytes-
#259923	REDUCE cov: 797 ft: 2073 corp: 397/6951b lim: 847 exec/s: 25992 rss: 279Mb L: 8/131 MS: 1 EraseBytes-
#260739	NEW    cov: 798 ft: 2074 corp: 398/6995b lim: 847 exec/s: 26073 rss: 279Mb L: 44/131 MS: 1 EraseBytes-
#262144	pulse  cov: 798 ft: 2074 corp: 398/6995b lim: 856 exec/s: 26214 rss: 279Mb
#263351	REDUCE cov: 798 ft: 2074 corp: 398/6987b lim: 865 exec/s: 26335 rss: 279Mb L: 13/131 MS: 2 ChangeASCIIInt-EraseBytes-
#263367	REDUCE cov: 798 ft: 2074 corp: 398/6972b lim: 865 exec/s: 26336 rss: 279Mb L: 52/131 MS: 1 EraseBytes-
#264083	REDUCE cov: 798 ft: 2074 corp: 398/6971b lim: 865 exec/s: 26408 rss: 279Mb L: 20/131 MS: 1 EraseBytes-
#264694	REDUCE cov: 798 ft: 2074 corp: 398/6960b lim: 865 exec/s: 26469 rss: 279Mb L: 60/131 MS: 1 EraseBytes-
#264962	REDUCE cov: 798 ft: 2074 corp: 398/6959b lim: 865 exec/s: 26496 rss: 279Mb L: 6/131 MS: 3 InsertByte-CopyPart-EraseBytes-
#265148	REDUCE cov: 798 ft: 2074 corp: 398/6949b lim: 865 exec/s: 26514 rss: 279Mb L: 15/131 MS: 1 EraseBytes-
#266529	REDUCE cov: 798 ft: 2074 corp: 398/6948b lim: 874 exec/s: 26652 rss: 279Mb L: 5/131 MS: 1 EraseBytes-
#268065	REDUCE cov: 798 ft: 2074 corp: 398/6947b lim: 883 exec/s: 26806 rss: 279Mb L: 7/131 MS: 1 EraseBytes-
#268631	REDUCE cov: 798 ft: 2074 corp: 398/6946b lim: 883 exec/s: 26863 rss: 279Mb L: 9/131 MS: 1 EraseBytes-
#270435	REDUCE cov: 798 ft: 2074 corp: 398/6945b lim: 892 exec/s: 27043 rss: 279Mb L: 23/131 MS: 4 CrossOver-InsertByte-EraseBytes-EraseBytes-
#271231	REDUCE cov: 798 ft: 2074 corp: 398/6944b lim: 892 exec/s: 27123 rss: 279Mb L: 19/131 MS: 1 EraseBytes-
#271984	REDUCE cov: 798 ft: 2074 corp: 398/6943b lim: 892 exec/s: 27198 rss: 279Mb L: 12/131 MS: 2 PersAutoDict-EraseBytes- DE: "\000\000"-
#273325	REDUCE cov: 798 ft: 2074 corp: 398/6942b lim: 901 exec/s: 27332 rss: 279Mb L: 20/131 MS: 1 EraseBytes-
#273418	REDUCE cov: 798 ft: 2074 corp: 398/6939b lim: 901 exec/s: 27341 rss: 279Mb L: 4/131 MS: 3 ChangeByte-ShuffleBytes-EraseBytes-
#273709	REDUCE cov: 798 ft: 2074 corp: 398/6937b lim: 901 exec/s: 27370 rss: 279Mb L: 15/131 MS: 1 EraseBytes-
#273875	REDUCE cov: 798 ft: 2074 corp: 398/6934b lim: 901 exec/s: 27387 rss: 279Mb L: 10/131 MS: 1 EraseBytes-
#274056	REDUCE cov: 798 ft: 2074 corp: 398/6933b lim: 901 exec/s: 27405 rss: 279Mb L: 5/131 MS: 1 EraseBytes-
#274367	REDUCE cov: 798 ft: 2074 corp: 398/6931b lim: 901 exec/s: 27436 rss: 279Mb L: 31/131 MS: 1 EraseBytes-
#274883	REDUCE cov: 798 ft: 2074 corp: 398/6929b lim: 901 exec/s: 27488 rss: 279Mb L: 11/131 MS: 1 EraseBytes-
#275529	NEW    cov: 798 ft: 2075 corp: 399/6962b lim: 901 exec/s: 27552 rss: 279Mb L: 33/131 MS: 1 ChangeASCIIInt-
#275735	REDUCE cov: 798 ft: 2075 corp: 399/6961b lim: 901 exec/s: 27573 rss: 279Mb L: 5/131 MS: 1 EraseBytes-
#276327	REDUCE cov: 798 ft: 2075 corp: 399/6959b lim: 901 exec/s: 25120 rss: 279Mb L: 43/131 MS: 2 EraseBytes-CopyPart-
#278714	REDUCE cov: 798 ft: 2075 corp: 399/6957b lim: 919 exec/s: 25337 rss: 279Mb L: 5/131 MS: 2 ChangeBit-EraseBytes-
#279870	REDUCE cov: 798 ft: 2075 corp: 399/6956b lim: 928 exec/s: 25442 rss: 279Mb L: 20/131 MS: 1 EraseBytes-
#279981	REDUCE cov: 798 ft: 2076 corp: 400/6997b lim: 928 exec/s: 25452 rss: 279Mb L: 41/131 MS: 1 EraseBytes-
#281217	REDUCE cov: 798 ft: 2076 corp: 400/6992b lim: 937 exec/s: 25565 rss: 279Mb L: 10/131 MS: 1 EraseBytes-
#282968	REDUCE cov: 798 ft: 2076 corp: 400/6982b lim: 946 exec/s: 25724 rss: 279Mb L: 24/131 MS: 1 EraseBytes-
#282989	REDUCE cov: 798 ft: 2076 corp: 400/6978b lim: 946 exec/s: 25726 rss: 279Mb L: 37/131 MS: 1 EraseBytes-
#283020	REDUCE cov: 798 ft: 2076 corp: 400/6977b lim: 946 exec/s: 25729 rss: 279Mb L: 6/131 MS: 1 EraseBytes-
#283813	REDUCE cov: 798 ft: 2076 corp: 400/6976b lim: 946 exec/s: 25801 rss: 279Mb L: 25/131 MS: 3 ChangeASCIIInt-ChangeASCIIInt-EraseBytes-
#285829	REDUCE cov: 798 ft: 2076 corp: 400/6974b lim: 964 exec/s: 25984 rss: 279Mb L: 14/131 MS: 1 EraseBytes-
#288315	REDUCE cov: 798 ft: 2076 corp: 400/6973b lim: 982 exec/s: 26210 rss: 279Mb L: 8/131 MS: 1 EraseBytes-
#288901	REDUCE cov: 798 ft: 2076 corp: 400/6972b lim: 982 exec/s: 26263 rss: 279Mb L: 5/131 MS: 1 EraseBytes-
#289597	NEW    cov: 798 ft: 2077 corp: 401/7015b lim: 982 exec/s: 26327 rss: 279Mb L: 43/131 MS: 1 EraseBytes-
#289679	NEW    cov: 798 ft: 2078 corp: 402/7060b lim: 982 exec/s: 26334 rss: 279Mb L: 45/131 MS: 2 ShuffleBytes-EraseBytes-
#289952	REDUCE cov: 798 ft: 2078 corp: 402/7059b lim: 982 exec/s: 26359 rss: 279Mb L: 3/131 MS: 3 ChangeBinInt-ShuffleBytes-EraseBytes-
#290008	REDUCE cov: 798 ft: 2078 corp: 402/7058b lim: 982 exec/s: 26364 rss: 279Mb L: 9/131 MS: 1 EraseBytes-
#292124	REDUCE cov: 798 ft: 2078 corp: 402/7057b lim: 1000 exec/s: 26556 rss: 279Mb L: 15/131 MS: 1 EraseBytes-
#292930	REDUCE cov: 798 ft: 2078 corp: 402/7050b lim: 1000 exec/s: 26630 rss: 279Mb L: 33/131 MS: 1 EraseBytes-
#293771	REDUCE cov: 798 ft: 2078 corp: 402/7049b lim: 1000 exec/s: 26706 rss: 279Mb L: 23/131 MS: 1 EraseBytes-
#295637	REDUCE cov: 798 ft: 2078 corp: 402/7048b lim: 1018 exec/s: 26876 rss: 279Mb L: 14/131 MS: 1 EraseBytes-
#296549	REDUCE cov: 798 ft: 2083 corp: 403/7298b lim: 1027 exec/s: 24712 rss: 279Mb L: 250/250 MS: 2 InsertRepeatedBytes-CopyPart-
#297425	REDUCE cov: 798 ft: 2083 corp: 403/7297b lim: 1027 exec/s: 24785 rss: 279Mb L: 4/250 MS: 1 EraseBytes-
#298921	REDUCE cov: 798 ft: 2083 corp: 403/7296b lim: 1037 exec/s: 24910 rss: 279Mb L: 28/250 MS: 1 EraseBytes-
#299922	REDUCE cov: 798 ft: 2083 corp: 403/7293b lim: 1037 exec/s: 24993 rss: 279Mb L: 30/250 MS: 1 EraseBytes-
#300248	REDUCE cov: 798 ft: 2083 corp: 403/7292b lim: 1037 exec/s: 25020 rss: 279Mb L: 9/250 MS: 1 EraseBytes-
#300550	REDUCE cov: 798 ft: 2083 corp: 403/7274b lim: 1037 exec/s: 25045 rss: 279Mb L: 232/232 MS: 2 ShuffleBytes-EraseBytes-
#300854	REDUCE cov: 798 ft: 2083 corp: 403/7273b lim: 1037 exec/s: 25071 rss: 279Mb L: 3/232 MS: 4 ChangeByte-CrossOver-ShuffleBytes-EraseBytes-
#301780	REDUCE cov: 798 ft: 2083 corp: 403/7270b lim: 1037 exec/s: 25148 rss: 279Mb L: 9/232 MS: 1 EraseBytes-
#302382	REDUCE cov: 798 ft: 2083 corp: 403/7269b lim: 1037 exec/s: 25198 rss: 279Mb L: 18/232 MS: 2 ShuffleBytes-EraseBytes-
#302635	REDUCE cov: 798 ft: 2083 corp: 403/7268b lim: 1037 exec/s: 25219 rss: 279Mb L: 19/232 MS: 3 PersAutoDict-InsertByte-EraseBytes- DE: "bfun"-
#303923	REDUCE cov: 798 ft: 2083 corp: 403/7267b lim: 1047 exec/s: 25326 rss: 279Mb L: 6/232 MS: 3 CrossOver-EraseBytes-EraseBytes-
#304279	REDUCE cov: 798 ft: 2083 corp: 403/7266b lim: 1047 exec/s: 25356 rss: 279Mb L: 11/232 MS: 1 EraseBytes-
#306125	REDUCE cov: 798 ft: 2083 corp: 403/7265b lim: 1057 exec/s: 25510 rss: 279Mb L: 3/232 MS: 1 EraseBytes-
#306715	REDUCE cov: 798 ft: 2083 corp: 403/7264b lim: 1057 exec/s: 25559 rss: 279Mb L: 53/232 MS: 5 ShuffleBytes-ChangeBinInt-CrossOver-ChangeBit-EraseBytes-
#307176	REDUCE cov: 798 ft: 2083 corp: 403/7258b lim: 1057 exec/s: 25598 rss: 279Mb L: 18/232 MS: 1 EraseBytes-
#308334	REDUCE cov: 798 ft: 2083 corp: 403/7242b lim: 1067 exec/s: 25694 rss: 279Mb L: 33/232 MS: 3 ChangeASCIIInt-ShuffleBytes-EraseBytes-
#309712	REDUCE cov: 798 ft: 2083 corp: 403/7238b lim: 1077 exec/s: 25809 rss: 279Mb L: 4/232 MS: 3 ShuffleBytes-ChangeByte-EraseBytes-
#310143	REDUCE cov: 798 ft: 2083 corp: 403/7236b lim: 1077 exec/s: 25845 rss: 279Mb L: 3/232 MS: 1 EraseBytes-
#310244	REDUCE cov: 798 ft: 2083 corp: 403/7235b lim: 1077 exec/s: 25853 rss: 279Mb L: 54/232 MS: 1 EraseBytes-
#310911	REDUCE cov: 798 ft: 2083 corp: 403/7231b lim: 1077 exec/s: 25909 rss: 279Mb L: 11/232 MS: 2 InsertByte-EraseBytes-
#311657	REDUCE cov: 798 ft: 2083 corp: 403/7230b lim: 1077 exec/s: 25971 rss: 279Mb L: 23/232 MS: 1 EraseBytes-
#311743	REDUCE cov: 798 ft: 2083 corp: 403/7228b lim: 1077 exec/s: 25978 rss: 279Mb L: 2/232 MS: 1 EraseBytes-
#313079	REDUCE cov: 798 ft: 2083 corp: 403/7226b lim: 1087 exec/s: 26089 rss: 279Mb L: 12/232 MS: 1 EraseBytes-
#313481	REDUCE cov: 798 ft: 2083 corp: 403/7221b lim: 1087 exec/s: 26123 rss: 279Mb L: 20/232 MS: 1 EraseBytes-
#313763	REDUCE cov: 798 ft: 2083 corp: 403/7219b lim: 1087 exec/s: 26146 rss: 279Mb L: 5/232 MS: 2 ChangeBit-EraseBytes-
#314628	REDUCE cov: 798 ft: 2083 corp: 403/7159b lim: 1087 exec/s: 26219 rss: 279Mb L: 172/172 MS: 5 CMP-PersAutoDict-ChangeBinInt-InsertByte-EraseBytes- DE: "\000\000\000\000\000\000\000\000"-"kerm"-
#314854	REDUCE cov: 798 ft: 2083 corp: 403/7158b lim: 1087 exec/s: 26237 rss: 279Mb L: 5/172 MS: 1 EraseBytes-
#315230	REDUCE cov: 798 ft: 2083 corp: 403/7149b lim: 1087 exec/s: 24248 rss: 279Mb L: 46/172 MS: 1 EraseBytes-
#316326	REDUCE cov: 798 ft: 2083 corp: 403/7148b lim: 1097 exec/s: 24332 rss: 279Mb L: 3/172 MS: 1 EraseBytes-
#316533	REDUCE cov: 798 ft: 2083 corp: 403/7145b lim: 1097 exec/s: 24348 rss: 279Mb L: 52/172 MS: 2 CopyPart-EraseBytes-
#316809	REDUCE cov: 798 ft: 2083 corp: 403/7144b lim: 1097 exec/s: 24369 rss: 279Mb L: 18/172 MS: 1 EraseBytes-
#317705	REDUCE cov: 798 ft: 2083 corp: 403/7141b lim: 1097 exec/s: 24438 rss: 279Mb L: 12/172 MS: 1 EraseBytes-
#318182	REDUCE cov: 798 ft: 2083 corp: 403/7140b lim: 1097 exec/s: 24475 rss: 279Mb L: 3/172 MS: 2 ChangeByte-EraseBytes-
#319145	REDUCE cov: 798 ft: 2083 corp: 403/7139b lim: 1097 exec/s: 24549 rss: 279Mb L: 14/172 MS: 3 ChangeByte-ShuffleBytes-EraseBytes-
#319996	REDUCE cov: 798 ft: 2083 corp: 403/7134b lim: 1097 exec/s: 24615 rss: 279Mb L: 18/172 MS: 1 EraseBytes-
#320083	REDUCE cov: 798 ft: 2083 corp: 403/7133b lim: 1097 exec/s: 24621 rss: 279Mb L: 14/172 MS: 2 ChangeASCIIInt-EraseBytes-
#320899	REDUCE cov: 798 ft: 2084 corp: 404/7245b lim: 1097 exec/s: 24684 rss: 279Mb L: 112/172 MS: 1 InsertRepeatedBytes-
#321661	REDUCE cov: 798 ft: 2084 corp: 404/7244b lim: 1097 exec/s: 24743 rss: 279Mb L: 12/172 MS: 2 ChangeByte-EraseBytes-
#323593	REDUCE cov: 798 ft: 2084 corp: 404/7238b lim: 1107 exec/s: 24891 rss: 279Mb L: 48/172 MS: 2 ShuffleBytes-EraseBytes-
#323984	REDUCE cov: 798 ft: 2084 corp: 404/7237b lim: 1107 exec/s: 24921 rss: 279Mb L: 9/172 MS: 1 EraseBytes-
#324005	NEW    cov: 798 ft: 2085 corp: 405/7264b lim: 1107 exec/s: 24923 rss: 279Mb L: 27/172 MS: 1 ChangeASCIIInt-
#324496	REDUCE cov: 798 ft: 2085 corp: 405/7261b lim: 1107 exec/s: 24961 rss: 279Mb L: 30/172 MS: 1 EraseBytes-
#324957	REDUCE cov: 798 ft: 2085 corp: 405/7254b lim: 1107 exec/s: 24996 rss: 279Mb L: 37/172 MS: 1 EraseBytes-
#325224	REDUCE cov: 798 ft: 2085 corp: 405/7253b lim: 1107 exec/s: 25017 rss: 279Mb L: 26/172 MS: 2 EraseBytes-CopyPart-
#325905	REDUCE cov: 798 ft: 2085 corp: 405/7245b lim: 1107 exec/s: 25069 rss: 279Mb L: 26/172 MS: 1 EraseBytes-
#328376	REDUCE cov: 798 ft: 2085 corp: 405/7244b lim: 1127 exec/s: 25259 rss: 279Mb L: 34/172 MS: 1 EraseBytes-
#328480	REDUCE cov: 798 ft: 2085 corp: 405/7243b lim: 1127 exec/s: 25267 rss: 279Mb L: 17/172 MS: 4 InsertByte-CopyPart-ChangeBit-EraseBytes-
#328516	REDUCE cov: 798 ft: 2085 corp: 405/7236b lim: 1127 exec/s: 25270 rss: 279Mb L: 45/172 MS: 1 EraseBytes-
#330582	REDUCE cov: 798 ft: 2085 corp: 405/7235b lim: 1147 exec/s: 25429 rss: 279Mb L: 7/172 MS: 1 EraseBytes-
#330873	REDUCE cov: 798 ft: 2085 corp: 405/7226b lim: 1147 exec/s: 25451 rss: 279Mb L: 37/172 MS: 1 EraseBytes-
#331594	REDUCE cov: 798 ft: 2085 corp: 405/7225b lim: 1147 exec/s: 25507 rss: 279Mb L: 14/172 MS: 1 EraseBytes-
#333125	REDUCE cov: 798 ft: 2085 corp: 405/7224b lim: 1157 exec/s: 25625 rss: 279Mb L: 13/172 MS: 1 EraseBytes-
#333341	REDUCE cov: 798 ft: 2085 corp: 405/7223b lim: 1157 exec/s: 25641 rss: 279Mb L: 13/172 MS: 1 EraseBytes-
#333632	REDUCE cov: 798 ft: 2085 corp: 405/7222b lim: 1157 exec/s: 25664 rss: 279Mb L: 21/172 MS: 1 EraseBytes-
#335058	REDUCE cov: 798 ft: 2085 corp: 405/7214b lim: 1167 exec/s: 25773 rss: 279Mb L: 26/172 MS: 1 EraseBytes-
#335751	REDUCE cov: 798 ft: 2085 corp: 405/7213b lim: 1167 exec/s: 23982 rss: 279Mb L: 18/172 MS: 1 EraseBytes-
#337337	REDUCE cov: 798 ft: 2085 corp: 405/7212b lim: 1177 exec/s: 24095 rss: 279Mb L: 11/172 MS: 1 EraseBytes-
#337478	REDUCE cov: 798 ft: 2085 corp: 405/7211b lim: 1177 exec/s: 24105 rss: 279Mb L: 1/172 MS: 1 EraseBytes-
#338449	REDUCE cov: 798 ft: 2085 corp: 405/7210b lim: 1177 exec/s: 24174 rss: 279Mb L: 4/172 MS: 1 EraseBytes-
#338750	REDUCE cov: 798 ft: 2085 corp: 405/7209b lim: 1177 exec/s: 24196 rss: 279Mb L: 4/172 MS: 1 EraseBytes-
#338871	REDUCE cov: 798 ft: 2085 corp: 405/7208b lim: 1177 exec/s: 24205 rss: 279Mb L: 18/172 MS: 1 EraseBytes-
#343607	REDUCE cov: 798 ft: 2085 corp: 405/7207b lim: 1217 exec/s: 24543 rss: 279Mb L: 27/172 MS: 1 EraseBytes-
#344708	REDUCE cov: 798 ft: 2085 corp: 405/7206b lim: 1227 exec/s: 24622 rss: 279Mb L: 18/172 MS: 1 EraseBytes-
#345099	REDUCE cov: 798 ft: 2085 corp: 405/7205b lim: 1227 exec/s: 24649 rss: 279Mb L: 11/172 MS: 1 EraseBytes-
#345880	REDUCE cov: 798 ft: 2085 corp: 405/7204b lim: 1227 exec/s: 24705 rss: 279Mb L: 23/172 MS: 1 EraseBytes-
#345966	REDUCE cov: 798 ft: 2085 corp: 405/7203b lim: 1227 exec/s: 24711 rss: 279Mb L: 9/172 MS: 1 EraseBytes-
#347678	REDUCE cov: 798 ft: 2085 corp: 405/7201b lim: 1237 exec/s: 24834 rss: 279Mb L: 7/172 MS: 2 CopyPart-EraseBytes-
#348164	REDUCE cov: 798 ft: 2085 corp: 405/7200b lim: 1237 exec/s: 24868 rss: 279Mb L: 19/172 MS: 1 EraseBytes-
#348584	REDUCE cov: 798 ft: 2085 corp: 405/7196b lim: 1237 exec/s: 24898 rss: 279Mb L: 49/172 MS: 5 ChangeASCIIInt-ChangeASCIIInt-InsertByte-CrossOver-EraseBytes-
#348720	REDUCE cov: 798 ft: 2085 corp: 405/7195b lim: 1237 exec/s: 24908 rss: 279Mb L: 27/172 MS: 1 EraseBytes-
#349311	REDUCE cov: 798 ft: 2085 corp: 405/7193b lim: 1237 exec/s: 24950 rss: 279Mb L: 17/172 MS: 1 EraseBytes-
#350537	REDUCE cov: 798 ft: 2085 corp: 405/7192b lim: 1247 exec/s: 25038 rss: 279Mb L: 32/172 MS: 1 EraseBytes-
#353033	NEW    cov: 798 ft: 2089 corp: 406/7210b lim: 1267 exec/s: 25216 rss: 279Mb L: 18/172 MS: 1 CrossOver-
#353314	REDUCE cov: 798 ft: 2089 corp: 406/7209b lim: 1267 exec/s: 25236 rss: 279Mb L: 16/172 MS: 1 EraseBytes-
#355061	REDUCE cov: 798 ft: 2089 corp: 406/7203b lim: 1277 exec/s: 25361 rss: 279Mb L: 40/172 MS: 2 EraseBytes-EraseBytes-
#355360	NEW    cov: 798 ft: 2091 corp: 407/7221b lim: 1277 exec/s: 25382 rss: 279Mb L: 18/172 MS: 4 ChangeBit-ChangeBit-ShuffleBytes-CopyPart-
#355711	REDUCE cov: 798 ft: 2091 corp: 407/7216b lim: 1277 exec/s: 25407 rss: 279Mb L: 27/172 MS: 1 EraseBytes-
#356347	REDUCE cov: 798 ft: 2091 corp: 407/7215b lim: 1277 exec/s: 25453 rss: 279Mb L: 16/172 MS: 1 EraseBytes-
#356448	REDUCE cov: 798 ft: 2091 corp: 407/7212b lim: 1277 exec/s: 25460 rss: 279Mb L: 169/169 MS: 1 EraseBytes-
#356479	REDUCE cov: 798 ft: 2091 corp: 407/7198b lim: 1277 exec/s: 25462 rss: 279Mb L: 98/169 MS: 1 EraseBytes-
#356880	REDUCE cov: 798 ft: 2091 corp: 407/7192b lim: 1277 exec/s: 25491 rss: 279Mb L: 22/169 MS: 1 EraseBytes-
#357111	REDUCE cov: 798 ft: 2091 corp: 407/7191b lim: 1277 exec/s: 25507 rss: 279Mb L: 12/169 MS: 1 EraseBytes-
#358097	REDUCE cov: 798 ft: 2091 corp: 407/7190b lim: 1277 exec/s: 23873 rss: 279Mb L: 26/169 MS: 1 EraseBytes-
#359549	REDUCE cov: 798 ft: 2091 corp: 407/7188b lim: 1287 exec/s: 23969 rss: 279Mb L: 11/169 MS: 1 EraseBytes-
#360765	REDUCE cov: 798 ft: 2091 corp: 407/7176b lim: 1297 exec/s: 24051 rss: 279Mb L: 86/169 MS: 1 EraseBytes-
#362686	REDUCE cov: 798 ft: 2091 corp: 407/7172b lim: 1307 exec/s: 24179 rss: 279Mb L: 82/169 MS: 1 EraseBytes-
#363082	REDUCE cov: 798 ft: 2091 corp: 407/7171b lim: 1307 exec/s: 24205 rss: 279Mb L: 7/169 MS: 1 EraseBytes-
#363938	REDUCE cov: 798 ft: 2091 corp: 407/7169b lim: 1307 exec/s: 24262 rss: 279Mb L: 9/169 MS: 1 EraseBytes-
#365464	REDUCE cov: 798 ft: 2091 corp: 407/7148b lim: 1317 exec/s: 24364 rss: 279Mb L: 61/169 MS: 1 EraseBytes-
#366740	REDUCE cov: 798 ft: 2091 corp: 407/7147b lim: 1327 exec/s: 24449 rss: 279Mb L: 2/169 MS: 1 EraseBytes-
#367631	REDUCE cov: 798 ft: 2091 corp: 407/7142b lim: 1327 exec/s: 24508 rss: 279Mb L: 27/169 MS: 1 EraseBytes-
#368037	REDUCE cov: 798 ft: 2091 corp: 407/7141b lim: 1327 exec/s: 24535 rss: 279Mb L: 10/169 MS: 1 EraseBytes-
#368108	REDUCE cov: 798 ft: 2091 corp: 407/7140b lim: 1327 exec/s: 24540 rss: 279Mb L: 15/169 MS: 1 EraseBytes-
#368599	REDUCE cov: 798 ft: 2091 corp: 407/7139b lim: 1327 exec/s: 24573 rss: 279Mb L: 16/169 MS: 1 EraseBytes-
#369520	REDUCE cov: 798 ft: 2091 corp: 407/7138b lim: 1327 exec/s: 24634 rss: 279Mb L: 15/169 MS: 1 EraseBytes-
#369966	REDUCE cov: 798 ft: 2091 corp: 407/7137b lim: 1327 exec/s: 24664 rss: 279Mb L: 19/169 MS: 1 EraseBytes-
#370582	REDUCE cov: 798 ft: 2091 corp: 407/7136b lim: 1327 exec/s: 24705 rss: 279Mb L: 43/169 MS: 1 EraseBytes-
#370783	REDUCE cov: 798 ft: 2093 corp: 408/7155b lim: 1327 exec/s: 24718 rss: 279Mb L: 19/169 MS: 1 InsertRepeatedBytes-
#371804	REDUCE cov: 798 ft: 2093 corp: 408/7153b lim: 1337 exec/s: 24786 rss: 279Mb L: 20/169 MS: 1 EraseBytes-
#372997	REDUCE cov: 798 ft: 2093 corp: 408/7152b lim: 1347 exec/s: 24866 rss: 279Mb L: 25/169 MS: 3 InsertByte-ShuffleBytes-EraseBytes-
#373158	REDUCE cov: 798 ft: 2093 corp: 408/7151b lim: 1347 exec/s: 24877 rss: 279Mb L: 39/169 MS: 1 EraseBytes-
#373984	REDUCE cov: 798 ft: 2093 corp: 408/7150b lim: 1347 exec/s: 24932 rss: 279Mb L: 12/169 MS: 1 EraseBytes-
#375010	REDUCE cov: 798 ft: 2093 corp: 408/7142b lim: 1357 exec/s: 25000 rss: 279Mb L: 63/169 MS: 1 EraseBytes-
#378006	REDUCE cov: 798 ft: 2093 corp: 408/7138b lim: 1377 exec/s: 23625 rss: 279Mb L: 44/169 MS: 1 EraseBytes-
#380037	REDUCE cov: 798 ft: 2093 corp: 408/7135b lim: 1397 exec/s: 23752 rss: 279Mb L: 6/169 MS: 1 EraseBytes-
#380630	REDUCE cov: 798 ft: 2093 corp: 408/7126b lim: 1397 exec/s: 23789 rss: 279Mb L: 13/169 MS: 3 ChangeBinInt-ShuffleBytes-EraseBytes-
#380898	REDUCE cov: 798 ft: 2093 corp: 408/7125b lim: 1397 exec/s: 23806 rss: 279Mb L: 168/168 MS: 3 CopyPart-PersAutoDict-EraseBytes- DE: "nnikn"-
#380946	REDUCE cov: 798 ft: 2093 corp: 408/7123b lim: 1397 exec/s: 23809 rss: 279Mb L: 12/168 MS: 3 ChangeASCIIInt-ShuffleBytes-EraseBytes-
#382422	REDUCE cov: 798 ft: 2093 corp: 408/7122b lim: 1407 exec/s: 23901 rss: 279Mb L: 34/168 MS: 1 EraseBytes-
#382548	REDUCE cov: 798 ft: 2093 corp: 408/7094b lim: 1407 exec/s: 23909 rss: 279Mb L: 33/168 MS: 1 EraseBytes-
#384409	REDUCE cov: 798 ft: 2093 corp: 408/7093b lim: 1417 exec/s: 24025 rss: 279Mb L: 17/168 MS: 1 EraseBytes-
#384472	REDUCE cov: 798 ft: 2093 corp: 408/7089b lim: 1417 exec/s: 24029 rss: 279Mb L: 53/168 MS: 3 CopyPart-ChangeASCIIInt-EraseBytes-
#385038	REDUCE cov: 798 ft: 2093 corp: 408/7086b lim: 1417 exec/s: 24064 rss: 279Mb L: 18/168 MS: 1 EraseBytes-
#385405	REDUCE cov: 798 ft: 2093 corp: 408/7085b lim: 1417 exec/s: 24087 rss: 279Mb L: 7/168 MS: 2 ChangeByte-EraseBytes-
#386851	REDUCE cov: 798 ft: 2093 corp: 408/7083b lim: 1427 exec/s: 24178 rss: 279Mb L: 16/168 MS: 1 EraseBytes-
#387672	REDUCE cov: 798 ft: 2093 corp: 408/7082b lim: 1427 exec/s: 24229 rss: 279Mb L: 6/168 MS: 1 EraseBytes-
#389698	REDUCE cov: 798 ft: 2093 corp: 408/7081b lim: 1447 exec/s: 24356 rss: 279Mb L: 10/168 MS: 1 EraseBytes-
#389749	REDUCE cov: 798 ft: 2093 corp: 408/7080b lim: 1447 exec/s: 24359 rss: 279Mb L: 10/168 MS: 1 EraseBytes-
#390040	REDUCE cov: 798 ft: 2093 corp: 408/7079b lim: 1447 exec/s: 24377 rss: 279Mb L: 29/168 MS: 1 EraseBytes-
#391031	REDUCE cov: 798 ft: 2093 corp: 408/7077b lim: 1447 exec/s: 24439 rss: 279Mb L: 55/168 MS: 1 EraseBytes-
#391417	REDUCE cov: 798 ft: 2093 corp: 408/7066b lim: 1447 exec/s: 24463 rss: 279Mb L: 22/168 MS: 1 EraseBytes-
#392043	REDUCE cov: 798 ft: 2093 corp: 408/7064b lim: 1447 exec/s: 24502 rss: 279Mb L: 27/168 MS: 1 EraseBytes-
#393274	REDUCE cov: 798 ft: 2093 corp: 408/7063b lim: 1457 exec/s: 24579 rss: 279Mb L: 10/168 MS: 1 EraseBytes-
#393415	REDUCE cov: 798 ft: 2093 corp: 408/7061b lim: 1457 exec/s: 24588 rss: 279Mb L: 28/168 MS: 1 EraseBytes-
#394806	REDUCE cov: 798 ft: 2093 corp: 408/7059b lim: 1467 exec/s: 23223 rss: 279Mb L: 25/168 MS: 1 EraseBytes-
#397028	REDUCE cov: 798 ft: 2093 corp: 408/7054b lim: 1487 exec/s: 23354 rss: 279Mb L: 22/168 MS: 2 ChangeBinInt-EraseBytes-
#397129	REDUCE cov: 798 ft: 2093 corp: 408/7047b lim: 1487 exec/s: 23360 rss: 279Mb L: 53/168 MS: 1 EraseBytes-
#397401	REDUCE cov: 798 ft: 2093 corp: 408/7046b lim: 1487 exec/s: 23376 rss: 279Mb L: 8/168 MS: 2 InsertByte-EraseBytes-
#398732	REDUCE cov: 798 ft: 2093 corp: 408/7045b lim: 1497 exec/s: 23454 rss: 279Mb L: 12/168 MS: 1 EraseBytes-
#401288	REDUCE cov: 798 ft: 2093 corp: 408/7044b lim: 1517 exec/s: 23605 rss: 279Mb L: 5/168 MS: 1 EraseBytes-
#401589	REDUCE cov: 798 ft: 2093 corp: 408/7042b lim: 1517 exec/s: 23622 rss: 279Mb L: 14/168 MS: 1 EraseBytes-
#402320	REDUCE cov: 798 ft: 2093 corp: 408/7041b lim: 1517 exec/s: 23665 rss: 279Mb L: 5/168 MS: 1 EraseBytes-
#403111	REDUCE cov: 798 ft: 2093 corp: 408/7040b lim: 1517 exec/s: 23712 rss: 279Mb L: 7/168 MS: 1 EraseBytes-
#403497	REDUCE cov: 798 ft: 2093 corp: 408/7038b lim: 1517 exec/s: 23735 rss: 279Mb L: 24/168 MS: 1 EraseBytes-
#404438	REDUCE cov: 798 ft: 2098 corp: 409/7077b lim: 1517 exec/s: 23790 rss: 279Mb L: 39/168 MS: 1 EraseBytes-
#406504	REDUCE cov: 798 ft: 2098 corp: 409/7076b lim: 1537 exec/s: 23912 rss: 279Mb L: 26/168 MS: 1 EraseBytes-
#410901	REDUCE cov: 798 ft: 2098 corp: 409/7074b lim: 1577 exec/s: 24170 rss: 279Mb L: 38/168 MS: 2 ShuffleBytes-EraseBytes-
#412902	REDUCE cov: 798 ft: 2098 corp: 409/7072b lim: 1587 exec/s: 24288 rss: 279Mb L: 51/168 MS: 1 EraseBytes-
#414123	REDUCE cov: 798 ft: 2098 corp: 409/7059b lim: 1597 exec/s: 24360 rss: 279Mb L: 36/168 MS: 1 EraseBytes-
#416420	REDUCE cov: 798 ft: 2098 corp: 409/7058b lim: 1617 exec/s: 24495 rss: 279Mb L: 62/168 MS: 2 ChangeASCIIInt-EraseBytes-
#420477	REDUCE cov: 798 ft: 2098 corp: 409/7055b lim: 1657 exec/s: 23359 rss: 279Mb L: 10/168 MS: 2 InsertRepeatedBytes-EraseBytes-
#421053	REDUCE cov: 798 ft: 2098 corp: 409/7051b lim: 1657 exec/s: 23391 rss: 279Mb L: 23/168 MS: 1 EraseBytes-
#422259	REDUCE cov: 798 ft: 2098 corp: 409/7049b lim: 1667 exec/s: 23458 rss: 279Mb L: 14/168 MS: 1 EraseBytes-
#422505	REDUCE cov: 798 ft: 2098 corp: 409/7043b lim: 1667 exec/s: 23472 rss: 279Mb L: 14/168 MS: 1 EraseBytes-
#424742	REDUCE cov: 798 ft: 2098 corp: 409/7039b lim: 1687 exec/s: 23596 rss: 279Mb L: 18/168 MS: 2 PersAutoDict-EraseBytes- DE: "\377\377"-
#425028	REDUCE cov: 798 ft: 2098 corp: 409/7038b lim: 1687 exec/s: 23612 rss: 279Mb L: 5/168 MS: 1 EraseBytes-
#425049	REDUCE cov: 798 ft: 2098 corp: 409/7037b lim: 1687 exec/s: 23613 rss: 279Mb L: 9/168 MS: 1 EraseBytes-
#425226	REDUCE cov: 798 ft: 2098 corp: 409/7035b lim: 1687 exec/s: 23623 rss: 279Mb L: 8/168 MS: 2 ChangeBinInt-EraseBytes-
#428265	REDUCE cov: 798 ft: 2098 corp: 409/7027b lim: 1717 exec/s: 23792 rss: 279Mb L: 160/160 MS: 3 InsertByte-InsertByte-EraseBytes-
#428676	REDUCE cov: 798 ft: 2098 corp: 409/7025b lim: 1717 exec/s: 23815 rss: 279Mb L: 15/160 MS: 1 EraseBytes-
#431778	REDUCE cov: 798 ft: 2098 corp: 409/7023b lim: 1747 exec/s: 23987 rss: 279Mb L: 43/160 MS: 2 InsertByte-EraseBytes-
#432385	REDUCE cov: 798 ft: 2098 corp: 409/7018b lim: 1747 exec/s: 24021 rss: 279Mb L: 43/160 MS: 2 ChangeASCIIInt-EraseBytes-
#433416	REDUCE cov: 798 ft: 2098 corp: 409/7012b lim: 1757 exec/s: 24078 rss: 279Mb L: 17/160 MS: 1 EraseBytes-
#435017	REDUCE cov: 798 ft: 2098 corp: 409/7011b lim: 1767 exec/s: 24167 rss: 279Mb L: 44/160 MS: 1 EraseBytes-
#436855	REDUCE cov: 798 ft: 2098 corp: 409/7009b lim: 1777 exec/s: 24269 rss: 279Mb L: 10/160 MS: 3 CrossOver-CrossOver-EraseBytes-
#437501	REDUCE cov: 798 ft: 2098 corp: 409/6996b lim: 1777 exec/s: 24305 rss: 279Mb L: 30/160 MS: 1 EraseBytes-
#437757	REDUCE cov: 798 ft: 2098 corp: 409/6995b lim: 1777 exec/s: 24319 rss: 279Mb L: 45/160 MS: 1 EraseBytes-
#438768	REDUCE cov: 798 ft: 2098 corp: 409/6994b lim: 1787 exec/s: 24376 rss: 279Mb L: 9/160 MS: 1 EraseBytes-
#439329	REDUCE cov: 798 ft: 2098 corp: 409/6992b lim: 1787 exec/s: 24407 rss: 279Mb L: 12/160 MS: 1 EraseBytes-
#441275	REDUCE cov: 798 ft: 2098 corp: 409/6991b lim: 1797 exec/s: 24515 rss: 279Mb L: 9/160 MS: 1 EraseBytes-
#441801	REDUCE cov: 798 ft: 2098 corp: 409/6990b lim: 1797 exec/s: 24544 rss: 279Mb L: 43/160 MS: 1 EraseBytes-
#442573	REDUCE cov: 798 ft: 2098 corp: 409/6988b lim: 1797 exec/s: 24587 rss: 279Mb L: 5/160 MS: 2 CopyPart-EraseBytes-
#442929	REDUCE cov: 798 ft: 2098 corp: 409/6987b lim: 1797 exec/s: 24607 rss: 279Mb L: 60/160 MS: 1 EraseBytes-
#443584	REDUCE cov: 798 ft: 2098 corp: 409/6986b lim: 1797 exec/s: 24643 rss: 279Mb L: 11/160 MS: 5 CopyPart-ShuffleBytes-ShuffleBytes-InsertByte-EraseBytes-
#443635	REDUCE cov: 798 ft: 2098 corp: 409/6980b lim: 1797 exec/s: 24646 rss: 279Mb L: 37/160 MS: 1 EraseBytes-
#444456	REDUCE cov: 798 ft: 2098 corp: 409/6978b lim: 1797 exec/s: 24692 rss: 279Mb L: 49/160 MS: 1 EraseBytes-
#447682	REDUCE cov: 798 ft: 2098 corp: 409/6977b lim: 1827 exec/s: 23562 rss: 279Mb L: 8/160 MS: 1 EraseBytes-
#448763	REDUCE cov: 798 ft: 2098 corp: 409/6975b lim: 1837 exec/s: 23619 rss: 279Mb L: 7/160 MS: 1 EraseBytes-
#450525	REDUCE cov: 798 ft: 2098 corp: 409/6974b lim: 1847 exec/s: 23711 rss: 279Mb L: 9/160 MS: 2 ChangeASCIIInt-EraseBytes-
#450711	REDUCE cov: 798 ft: 2098 corp: 409/6973b lim: 1847 exec/s: 23721 rss: 279Mb L: 25/160 MS: 1 EraseBytes-
#450945	REDUCE cov: 798 ft: 2098 corp: 409/6966b lim: 1847 exec/s: 23733 rss: 279Mb L: 45/160 MS: 4 EraseBytes-ShuffleBytes-ChangeASCIIInt-CopyPart-
#451697	REDUCE cov: 798 ft: 2098 corp: 409/6965b lim: 1847 exec/s: 23773 rss: 279Mb L: 16/160 MS: 2 ChangeASCIIInt-EraseBytes-
#454915	REDUCE cov: 798 ft: 2098 corp: 409/6964b lim: 1877 exec/s: 23942 rss: 279Mb L: 6/160 MS: 1 EraseBytes-
#455372	REDUCE cov: 798 ft: 2098 corp: 409/6963b lim: 1877 exec/s: 23966 rss: 279Mb L: 11/160 MS: 2 CopyPart-EraseBytes-
#456123	REDUCE cov: 798 ft: 2098 corp: 409/6959b lim: 1877 exec/s: 24006 rss: 279Mb L: 14/160 MS: 1 EraseBytes-
#456774	REDUCE cov: 798 ft: 2098 corp: 409/6958b lim: 1877 exec/s: 24040 rss: 279Mb L: 43/160 MS: 1 EraseBytes-
#457060	REDUCE cov: 798 ft: 2098 corp: 409/6955b lim: 1877 exec/s: 24055 rss: 279Mb L: 12/160 MS: 1 EraseBytes-
#458226	REDUCE cov: 798 ft: 2098 corp: 409/6953b lim: 1887 exec/s: 24117 rss: 279Mb L: 18/160 MS: 1 EraseBytes-
#465402	REDUCE cov: 798 ft: 2098 corp: 409/6952b lim: 1957 exec/s: 24494 rss: 279Mb L: 8/160 MS: 1 EraseBytes-
#467318	REDUCE cov: 798 ft: 2098 corp: 409/6951b lim: 1967 exec/s: 24595 rss: 279Mb L: 12/160 MS: 1 EraseBytes-
#472939	REDUCE cov: 798 ft: 2099 corp: 410/6997b lim: 2017 exec/s: 23646 rss: 279Mb L: 46/160 MS: 1 CopyPart-
#473105	REDUCE cov: 798 ft: 2099 corp: 410/6996b lim: 2017 exec/s: 23655 rss: 279Mb L: 20/160 MS: 1 EraseBytes-
#474636	REDUCE cov: 798 ft: 2099 corp: 410/6995b lim: 2027 exec/s: 23731 rss: 279Mb L: 3/160 MS: 1 EraseBytes-
#476658	REDUCE cov: 798 ft: 2099 corp: 410/6994b lim: 2047 exec/s: 23832 rss: 279Mb L: 126/160 MS: 2 EraseBytes-InsertByte-
#476665	REDUCE cov: 798 ft: 2099 corp: 410/6991b lim: 2047 exec/s: 23833 rss: 279Mb L: 15/160 MS: 2 ChangeASCIIInt-EraseBytes-
#477609	REDUCE cov: 798 ft: 2099 corp: 410/6990b lim: 2047 exec/s: 23880 rss: 279Mb L: 11/160 MS: 4 InsertByte-CopyPart-ChangeBit-EraseBytes-
#478215	REDUCE cov: 798 ft: 2099 corp: 410/6989b lim: 2047 exec/s: 23910 rss: 279Mb L: 12/160 MS: 1 EraseBytes-
#478361	REDUCE cov: 798 ft: 2099 corp: 410/6987b lim: 2047 exec/s: 23918 rss: 279Mb L: 31/160 MS: 1 EraseBytes-
#478693	REDUCE cov: 798 ft: 2099 corp: 410/6983b lim: 2047 exec/s: 23934 rss: 279Mb L: 49/160 MS: 2 PersAutoDict-EraseBytes- DE: "term"-
#482154	REDUCE cov: 798 ft: 2099 corp: 410/6982b lim: 2079 exec/s: 24107 rss: 279Mb L: 19/160 MS: 1 EraseBytes-
#486186	REDUCE cov: 798 ft: 2099 corp: 410/6977b lim: 2112 exec/s: 24309 rss: 279Mb L: 9/160 MS: 1 EraseBytes-
#486727	REDUCE cov: 798 ft: 2099 corp: 410/6976b lim: 2112 exec/s: 24336 rss: 279Mb L: 11/160 MS: 1 EraseBytes-
#493173	REDUCE cov: 798 ft: 2099 corp: 410/6975b lim: 2167 exec/s: 24658 rss: 279Mb L: 10/160 MS: 1 EraseBytes-
#495524	REDUCE cov: 798 ft: 2099 corp: 410/6974b lim: 2189 exec/s: 24776 rss: 279Mb L: 15/160 MS: 1 EraseBytes-
#495570	REDUCE cov: 798 ft: 2099 corp: 410/6971b lim: 2189 exec/s: 24778 rss: 279Mb L: 9/160 MS: 1 EraseBytes-
#495761	REDUCE cov: 798 ft: 2099 corp: 410/6968b lim: 2189 exec/s: 24788 rss: 279Mb L: 35/160 MS: 1 EraseBytes-
#496449	NEW    cov: 800 ft: 2101 corp: 411/7116b lim: 2189 exec/s: 24822 rss: 279Mb L: 148/160 MS: 3 ChangeASCIIInt-ChangeBit-InsertRepeatedBytes-
#496900	REDUCE cov: 800 ft: 2101 corp: 411/7115b lim: 2189 exec/s: 24845 rss: 279Mb L: 17/160 MS: 1 EraseBytes-
#498671	REDUCE cov: 800 ft: 2101 corp: 411/7114b lim: 2200 exec/s: 24933 rss: 279Mb L: 13/160 MS: 1 EraseBytes-
#499027	REDUCE cov: 800 ft: 2101 corp: 411/7113b lim: 2200 exec/s: 24951 rss: 279Mb L: 25/160 MS: 1 EraseBytes-
#499118	REDUCE cov: 800 ft: 2101 corp: 411/7112b lim: 2200 exec/s: 24955 rss: 279Mb L: 8/160 MS: 1 EraseBytes-
#499829	REDUCE cov: 800 ft: 2101 corp: 411/7107b lim: 2200 exec/s: 24991 rss: 279Mb L: 57/160 MS: 1 EraseBytes-
#500269	DONE   cov: 800 ft: 2101 corp: 411/7107b lim: 2200 exec/s: 23822 rss: 279Mb
###### Recommended dictionary. ######
"\012\000\000\000" # Uses: 3080
"\001\013" # Uses: 2948
"char" # Uses: 2668
"union" # Uses: 2779
"term" # Uses: 2614
"\000\000\000\000" # Uses: 2605
"\377\377O0\000\007{\227" # Uses: 2432
"mmem" # Uses: 2515
"nnikn" # Uses: 2570
"ffun" # Uses: 2533
"kerm" # Uses: 2510
"\377\377" # Uses: 2509
"MODr" # Uses: 2451
"rfun" # Uses: 2403
"bfun" # Uses: 2231
"\003\000\000\000" # Uses: 1455
"\000\000" # Uses: 1403
"\000\000\000\000\000\000\000\000" # Uses: 827
###### End of recommended dictionary. ######
Done 500269 runs in 21 second(s)
stat::number_of_executed_units: 500269
stat::average_exec_per_sec:     23822
stat::new_units_added:          1271
stat::slowest_unit_time_sec:    0
stat::peak_rss_mb:              279
