mkdir -p build/fuzz
clang -Iinclude -Iinclude -Itests -std=c11 -O1 -g -fno-omit-frame-pointer -Wall -Wextra -fsanitize=fuzzer,address,undefined -fno-sanitize-recover=undefined -L/usr/lib/gcc/x86_64-linux-gnu/13/ \
    tests/fuzz/fuzz_text.c build/support/golden.o build/support/jsonl.o build/libadelefeld.a -lflint -lgmp -lm -o build/fuzz/text
clang -Iinclude -Iinclude -Itests -std=c11 -O1 -g -fno-omit-frame-pointer -Wall -Wextra -fsanitize=fuzzer,address,undefined -fno-sanitize-recover=undefined -L/usr/lib/gcc/x86_64-linux-gnu/13/ \
    -fprofile-instr-generate -fcoverage-mapping tests/fuzz/fuzz_text.c tests/support/golden.c tests/support/jsonl.c build/libadelefeld.a -lflint -lgmp -lm -o build/fuzz/text_cov
== fuzz text for 120 s, 1 worker(s)
INFO: Running with entropic power schedule (0xFF, 100).
INFO: Seed: 285211554
INFO: Loaded 1 modules   (1265 inline 8-bit counters): 1265 [0x560221eaccf0, 0x560221ead1e1), 
INFO: Loaded 1 PC tables (1265 PCs): 1265 [0x560221ead1e8,0x560221eb20f8), 
INFO:      283 files found in /home/tobias/Projects/adelefeld-wt/m1-repair-text/build/fuzz/corpus/text
INFO:      283 files found in /home/tobias/Projects/adelefeld-wt/m1-repair-text/tests/fuzz/corpus/text
INFO: -max_len is not provided; libFuzzer will not generate inputs larger than 4096 bytes
INFO: seed corpus: files: 566 min: 2b max: 65b total: 9018b rss: 34Mb
#567	INITED cov: 689 ft: 1718 corp: 137/2142b exec/s: 0 rss: 95Mb
#578	NEW    cov: 689 ft: 1719 corp: 138/2179b lim: 68 exec/s: 0 rss: 95Mb L: 37/63 MS: 1 ChangeByte-
#589	NEW    cov: 689 ft: 1721 corp: 139/2214b lim: 68 exec/s: 0 rss: 95Mb L: 35/63 MS: 1 InsertRepeatedBytes-
#591	NEW    cov: 689 ft: 1726 corp: 140/2222b lim: 68 exec/s: 0 rss: 95Mb L: 8/63 MS: 2 ShuffleBytes-ChangeBinInt-
#602	NEW    cov: 689 ft: 1728 corp: 141/2228b lim: 68 exec/s: 0 rss: 95Mb L: 6/63 MS: 1 EraseBytes-
#603	NEW    cov: 694 ft: 1733 corp: 142/2238b lim: 68 exec/s: 0 rss: 95Mb L: 10/63 MS: 1 ShuffleBytes-
#634	REDUCE cov: 694 ft: 1733 corp: 142/2234b lim: 68 exec/s: 0 rss: 95Mb L: 11/63 MS: 1 EraseBytes-
#665	NEW    cov: 696 ft: 1741 corp: 143/2258b lim: 68 exec/s: 0 rss: 95Mb L: 24/63 MS: 1 CrossOver-
#666	REDUCE cov: 696 ft: 1741 corp: 143/2257b lim: 68 exec/s: 0 rss: 95Mb L: 9/63 MS: 1 EraseBytes-
#682	NEW    cov: 699 ft: 1744 corp: 144/2270b lim: 68 exec/s: 0 rss: 95Mb L: 13/63 MS: 1 CrossOver-
#708	NEW    cov: 700 ft: 1745 corp: 145/2271b lim: 68 exec/s: 0 rss: 95Mb L: 1/63 MS: 1 EraseBytes-
#719	NEW    cov: 700 ft: 1746 corp: 146/2277b lim: 68 exec/s: 0 rss: 95Mb L: 6/63 MS: 1 ShuffleBytes-
#750	NEW    cov: 700 ft: 1748 corp: 147/2308b lim: 68 exec/s: 0 rss: 95Mb L: 31/63 MS: 1 CopyPart-
#812	NEW    cov: 702 ft: 1750 corp: 148/2329b lim: 68 exec/s: 0 rss: 96Mb L: 21/63 MS: 2 ChangeByte-ChangeBit-
#888	NEW    cov: 703 ft: 1751 corp: 149/2337b lim: 68 exec/s: 0 rss: 97Mb L: 8/63 MS: 1 EraseBytes-
#889	NEW    cov: 703 ft: 1752 corp: 150/2350b lim: 68 exec/s: 0 rss: 97Mb L: 13/63 MS: 1 ChangeASCIIInt-
#986	NEW    cov: 704 ft: 1753 corp: 151/2361b lim: 68 exec/s: 0 rss: 97Mb L: 11/63 MS: 2 CopyPart-ChangeBinInt-
#987	NEW    cov: 704 ft: 1754 corp: 152/2375b lim: 68 exec/s: 0 rss: 97Mb L: 14/63 MS: 1 ShuffleBytes-
#1003	NEW    cov: 704 ft: 1756 corp: 153/2405b lim: 68 exec/s: 0 rss: 97Mb L: 30/63 MS: 1 InsertRepeatedBytes-
#1025	NEW    cov: 706 ft: 1758 corp: 154/2413b lim: 68 exec/s: 0 rss: 97Mb L: 8/63 MS: 2 ChangeBit-ChangeByte-
#1071	NEW    cov: 706 ft: 1761 corp: 155/2417b lim: 68 exec/s: 0 rss: 97Mb L: 4/63 MS: 1 EraseBytes-
#1077	NEW    cov: 708 ft: 1763 corp: 156/2452b lim: 68 exec/s: 0 rss: 97Mb L: 35/63 MS: 1 CopyPart-
#1128	NEW    cov: 709 ft: 1766 corp: 157/2488b lim: 68 exec/s: 0 rss: 98Mb L: 36/63 MS: 1 InsertByte-
#1274	NEW    cov: 709 ft: 1769 corp: 158/2547b lim: 68 exec/s: 0 rss: 99Mb L: 59/63 MS: 1 InsertRepeatedBytes-
#1310	NEW    cov: 710 ft: 1770 corp: 159/2558b lim: 68 exec/s: 0 rss: 100Mb L: 11/63 MS: 1 CopyPart-
#1311	REDUCE cov: 710 ft: 1770 corp: 159/2552b lim: 68 exec/s: 0 rss: 100Mb L: 15/63 MS: 1 EraseBytes-
#1319	NEW    cov: 712 ft: 1772 corp: 160/2579b lim: 68 exec/s: 0 rss: 100Mb L: 27/63 MS: 3 InsertByte-InsertByte-CrossOver-
#1391	REDUCE cov: 712 ft: 1772 corp: 160/2574b lim: 68 exec/s: 0 rss: 100Mb L: 54/63 MS: 2 CopyPart-EraseBytes-
#1412	NEW    cov: 712 ft: 1773 corp: 161/2578b lim: 68 exec/s: 0 rss: 100Mb L: 4/63 MS: 1 EraseBytes-
#1453	NEW    cov: 714 ft: 1775 corp: 162/2588b lim: 68 exec/s: 0 rss: 100Mb L: 10/63 MS: 1 ChangeBit-
#1490	NEW    cov: 714 ft: 1777 corp: 163/2643b lim: 68 exec/s: 0 rss: 100Mb L: 55/63 MS: 2 ChangeASCIIInt-ChangeByte-
#1506	NEW    cov: 714 ft: 1778 corp: 164/2654b lim: 68 exec/s: 0 rss: 101Mb L: 11/63 MS: 1 EraseBytes-
#1512	NEW    cov: 714 ft: 1779 corp: 165/2668b lim: 68 exec/s: 0 rss: 101Mb L: 14/63 MS: 1 ChangeASCIIInt-
#1555	NEW    cov: 714 ft: 1784 corp: 166/2728b lim: 68 exec/s: 0 rss: 101Mb L: 60/63 MS: 3 CrossOver-CrossOver-CrossOver-
#1601	REDUCE cov: 714 ft: 1784 corp: 166/2727b lim: 68 exec/s: 0 rss: 101Mb L: 14/63 MS: 1 EraseBytes-
#1613	NEW    cov: 714 ft: 1785 corp: 167/2736b lim: 68 exec/s: 0 rss: 101Mb L: 9/63 MS: 2 EraseBytes-ChangeBinInt-
#1614	NEW    cov: 716 ft: 1789 corp: 168/2775b lim: 68 exec/s: 0 rss: 101Mb L: 39/63 MS: 1 InsertRepeatedBytes-
#1665	REDUCE cov: 716 ft: 1789 corp: 168/2774b lim: 68 exec/s: 0 rss: 101Mb L: 9/63 MS: 1 EraseBytes-
#1676	NEW    cov: 716 ft: 1791 corp: 169/2791b lim: 68 exec/s: 0 rss: 102Mb L: 17/63 MS: 1 CopyPart-
#1717	NEW    cov: 718 ft: 1793 corp: 170/2812b lim: 68 exec/s: 0 rss: 102Mb L: 21/63 MS: 1 ShuffleBytes-
#1813	NEW    cov: 722 ft: 1797 corp: 171/2833b lim: 68 exec/s: 0 rss: 102Mb L: 21/63 MS: 1 ChangeBit-
#1834	NEW    cov: 722 ft: 1798 corp: 172/2899b lim: 68 exec/s: 0 rss: 102Mb L: 66/66 MS: 1 InsertRepeatedBytes-
#1850	NEW    cov: 722 ft: 1799 corp: 173/2906b lim: 68 exec/s: 0 rss: 102Mb L: 7/66 MS: 1 EraseBytes-
#1851	NEW    cov: 723 ft: 1800 corp: 174/2929b lim: 68 exec/s: 0 rss: 102Mb L: 23/66 MS: 1 EraseBytes-
#1892	NEW    cov: 723 ft: 1806 corp: 175/2942b lim: 68 exec/s: 0 rss: 104Mb L: 13/66 MS: 1 InsertRepeatedBytes-
#1978	REDUCE cov: 723 ft: 1806 corp: 175/2941b lim: 68 exec/s: 0 rss: 104Mb L: 23/66 MS: 1 EraseBytes-
#2012	REDUCE cov: 723 ft: 1806 corp: 175/2927b lim: 68 exec/s: 0 rss: 104Mb L: 21/66 MS: 4 ChangeASCIIInt-ChangeBit-ShuffleBytes-EraseBytes-
#2054	NEW    cov: 725 ft: 1808 corp: 176/2932b lim: 68 exec/s: 0 rss: 105Mb L: 5/66 MS: 2 ChangeBit-EraseBytes-
#2120	NEW    cov: 726 ft: 1809 corp: 177/2939b lim: 68 exec/s: 0 rss: 105Mb L: 7/66 MS: 1 EraseBytes-
#2137	NEW    cov: 730 ft: 1813 corp: 178/2961b lim: 68 exec/s: 0 rss: 105Mb L: 22/66 MS: 2 ChangeASCIIInt-InsertByte-
#2173	NEW    cov: 731 ft: 1814 corp: 179/2967b lim: 68 exec/s: 0 rss: 105Mb L: 6/66 MS: 1 CrossOver-
#2184	NEW    cov: 731 ft: 1815 corp: 180/2975b lim: 68 exec/s: 0 rss: 105Mb L: 8/66 MS: 1 EraseBytes-
#2265	NEW    cov: 734 ft: 1818 corp: 181/2993b lim: 68 exec/s: 0 rss: 105Mb L: 18/66 MS: 1 CopyPart-
#2271	REDUCE cov: 734 ft: 1819 corp: 182/3010b lim: 68 exec/s: 0 rss: 105Mb L: 17/66 MS: 1 CopyPart-
#2317	NEW    cov: 734 ft: 1825 corp: 183/3030b lim: 68 exec/s: 0 rss: 106Mb L: 20/66 MS: 1 EraseBytes-
#2383	NEW    cov: 735 ft: 1828 corp: 184/3061b lim: 68 exec/s: 0 rss: 107Mb L: 31/66 MS: 1 CopyPart-
#2589	NEW    cov: 735 ft: 1830 corp: 185/3088b lim: 68 exec/s: 0 rss: 107Mb L: 27/66 MS: 1 ChangeByte-
#2620	NEW    cov: 735 ft: 1831 corp: 186/3103b lim: 68 exec/s: 0 rss: 107Mb L: 15/66 MS: 1 EraseBytes-
#2651	NEW    cov: 735 ft: 1832 corp: 187/3126b lim: 68 exec/s: 0 rss: 107Mb L: 23/66 MS: 1 EraseBytes-
#2702	NEW    cov: 735 ft: 1833 corp: 188/3150b lim: 68 exec/s: 0 rss: 108Mb L: 24/66 MS: 1 ChangeASCIIInt-
#2749	REDUCE cov: 735 ft: 1833 corp: 188/3149b lim: 68 exec/s: 0 rss: 108Mb L: 12/66 MS: 2 ChangeASCIIInt-EraseBytes-
#2808	REDUCE cov: 735 ft: 1833 corp: 188/3144b lim: 68 exec/s: 0 rss: 109Mb L: 8/66 MS: 4 ChangeASCIIInt-ChangeBinInt-ChangeBit-EraseBytes-
#2890	NEW    cov: 737 ft: 1838 corp: 189/3200b lim: 68 exec/s: 0 rss: 109Mb L: 56/66 MS: 2 ChangeBinInt-EraseBytes-
#2891	NEW    cov: 737 ft: 1840 corp: 190/3220b lim: 68 exec/s: 0 rss: 109Mb L: 20/66 MS: 1 InsertByte-
#2922	NEW    cov: 737 ft: 1842 corp: 191/3284b lim: 68 exec/s: 0 rss: 109Mb L: 64/66 MS: 1 InsertByte-
#2963	REDUCE cov: 737 ft: 1842 corp: 191/3283b lim: 68 exec/s: 0 rss: 109Mb L: 4/66 MS: 1 EraseBytes-
#2983	NEW    cov: 739 ft: 1844 corp: 192/3304b lim: 68 exec/s: 0 rss: 109Mb L: 21/66 MS: 5 ChangeASCIIInt-ChangeByte-CopyPart-CMP-CrossOver- DE: "\007\000\000\000"-
#3054	NEW    cov: 739 ft: 1845 corp: 193/3345b lim: 68 exec/s: 0 rss: 110Mb L: 41/66 MS: 1 CopyPart-
#3100	NEW    cov: 739 ft: 1847 corp: 194/3361b lim: 68 exec/s: 0 rss: 110Mb L: 16/66 MS: 1 EraseBytes-
#3282	NEW    cov: 739 ft: 1848 corp: 195/3377b lim: 68 exec/s: 0 rss: 111Mb L: 16/66 MS: 2 ChangeByte-ChangeBit-
#3344	NEW    cov: 739 ft: 1850 corp: 196/3395b lim: 68 exec/s: 0 rss: 111Mb L: 18/66 MS: 2 ChangeBit-ChangeByte-
#3376	NEW    cov: 740 ft: 1852 corp: 197/3423b lim: 68 exec/s: 0 rss: 111Mb L: 28/66 MS: 2 ChangeBinInt-CopyPart-
#3378	NEW    cov: 742 ft: 1854 corp: 198/3441b lim: 68 exec/s: 0 rss: 111Mb L: 18/66 MS: 2 CMP-ShuffleBytes- DE: "union"-
#3539	NEW    cov: 742 ft: 1856 corp: 199/3477b lim: 68 exec/s: 0 rss: 112Mb L: 36/66 MS: 1 InsertByte-
#3555	REDUCE cov: 742 ft: 1856 corp: 199/3475b lim: 68 exec/s: 0 rss: 112Mb L: 33/66 MS: 1 EraseBytes-
#3703	NEW    cov: 742 ft: 1861 corp: 200/3480b lim: 68 exec/s: 0 rss: 115Mb L: 5/66 MS: 3 CrossOver-CopyPart-EraseBytes-
#3814	NEW    cov: 742 ft: 1862 corp: 201/3486b lim: 68 exec/s: 0 rss: 116Mb L: 6/66 MS: 1 EraseBytes-
#3845	REDUCE cov: 742 ft: 1862 corp: 201/3473b lim: 68 exec/s: 0 rss: 116Mb L: 42/66 MS: 1 EraseBytes-
#3847	NEW    cov: 743 ft: 1863 corp: 202/3505b lim: 68 exec/s: 0 rss: 116Mb L: 32/66 MS: 2 EraseBytes-CrossOver-
#3939	REDUCE cov: 743 ft: 1863 corp: 202/3503b lim: 68 exec/s: 0 rss: 116Mb L: 30/66 MS: 2 CopyPart-EraseBytes-
#3941	NEW    cov: 745 ft: 1865 corp: 203/3520b lim: 68 exec/s: 0 rss: 116Mb L: 17/66 MS: 2 ChangeByte-EraseBytes-
#3982	NEW    cov: 746 ft: 1866 corp: 204/3545b lim: 68 exec/s: 0 rss: 117Mb L: 25/66 MS: 1 EraseBytes-
#4028	REDUCE cov: 746 ft: 1866 corp: 204/3543b lim: 68 exec/s: 0 rss: 117Mb L: 8/66 MS: 1 EraseBytes-
#4112	NEW    cov: 747 ft: 1867 corp: 205/3570b lim: 68 exec/s: 0 rss: 119Mb L: 27/66 MS: 4 CrossOver-ChangeByte-InsertByte-EraseBytes-
#4195	NEW    cov: 747 ft: 1868 corp: 206/3586b lim: 68 exec/s: 0 rss: 119Mb L: 16/66 MS: 3 ChangeBit-ChangeBinInt-CopyPart-
#4202	NEW    cov: 747 ft: 1873 corp: 207/3650b lim: 68 exec/s: 0 rss: 119Mb L: 64/66 MS: 2 CrossOver-PersAutoDict- DE: "\007\000\000\000"-
#4433	REDUCE cov: 747 ft: 1873 corp: 207/3643b lim: 68 exec/s: 0 rss: 119Mb L: 9/66 MS: 1 EraseBytes-
#4499	NEW    cov: 749 ft: 1875 corp: 208/3672b lim: 68 exec/s: 0 rss: 119Mb L: 29/66 MS: 1 ChangeBinInt-
#4580	NEW    cov: 750 ft: 1876 corp: 209/3680b lim: 68 exec/s: 0 rss: 120Mb L: 8/66 MS: 1 ChangeBit-
#4596	NEW    cov: 752 ft: 1878 corp: 210/3722b lim: 68 exec/s: 0 rss: 120Mb L: 42/66 MS: 1 PersAutoDict- DE: "union"-
#4677	REDUCE cov: 752 ft: 1878 corp: 210/3716b lim: 68 exec/s: 0 rss: 120Mb L: 21/66 MS: 1 EraseBytes-
#4718	NEW    cov: 752 ft: 1879 corp: 211/3745b lim: 68 exec/s: 0 rss: 120Mb L: 29/66 MS: 1 InsertByte-
#4744	NEW    cov: 752 ft: 1880 corp: 212/3759b lim: 68 exec/s: 0 rss: 120Mb L: 14/66 MS: 1 ShuffleBytes-
#4760	NEW    cov: 752 ft: 1890 corp: 213/3825b lim: 68 exec/s: 0 rss: 120Mb L: 66/66 MS: 1 InsertRepeatedBytes-
#4796	NEW    cov: 753 ft: 1891 corp: 214/3888b lim: 68 exec/s: 0 rss: 120Mb L: 63/66 MS: 1 ChangeBit-
#4989	NEW    cov: 754 ft: 1893 corp: 215/3937b lim: 68 exec/s: 0 rss: 122Mb L: 49/66 MS: 3 ChangeASCIIInt-ChangeBit-EraseBytes-
#4995	NEW    cov: 754 ft: 1894 corp: 216/3979b lim: 68 exec/s: 0 rss: 122Mb L: 42/66 MS: 1 InsertRepeatedBytes-
#5101	REDUCE cov: 754 ft: 1894 corp: 216/3965b lim: 68 exec/s: 0 rss: 122Mb L: 23/66 MS: 1 EraseBytes-
#5147	REDUCE cov: 754 ft: 1894 corp: 216/3962b lim: 68 exec/s: 0 rss: 122Mb L: 12/66 MS: 1 EraseBytes-
#5303	NEW    cov: 755 ft: 1903 corp: 217/4008b lim: 68 exec/s: 0 rss: 123Mb L: 46/66 MS: 1 ChangeASCIIInt-
#5510	NEW    cov: 755 ft: 1913 corp: 218/4047b lim: 68 exec/s: 0 rss: 124Mb L: 39/66 MS: 2 ChangeASCIIInt-CrossOver-
#5566	REDUCE cov: 755 ft: 1913 corp: 218/4046b lim: 68 exec/s: 0 rss: 124Mb L: 24/66 MS: 1 EraseBytes-
#5802	NEW    cov: 757 ft: 1915 corp: 219/4082b lim: 68 exec/s: 0 rss: 124Mb L: 36/66 MS: 1 EraseBytes-
#5889	NEW    cov: 758 ft: 1916 corp: 220/4104b lim: 68 exec/s: 0 rss: 125Mb L: 22/66 MS: 2 CopyPart-PersAutoDict- DE: "union"-
#5966	NEW    cov: 758 ft: 1917 corp: 221/4111b lim: 68 exec/s: 0 rss: 125Mb L: 7/66 MS: 2 ChangeBinInt-CopyPart-
#6003	REDUCE cov: 758 ft: 1917 corp: 221/4105b lim: 68 exec/s: 0 rss: 125Mb L: 15/66 MS: 2 ChangeByte-EraseBytes-
#6154	REDUCE cov: 758 ft: 1917 corp: 221/4100b lim: 68 exec/s: 0 rss: 125Mb L: 15/66 MS: 1 EraseBytes-
#6280	NEW    cov: 758 ft: 1919 corp: 222/4166b lim: 68 exec/s: 6280 rss: 128Mb L: 66/66 MS: 1 ChangeASCIIInt-
#6286	NEW    cov: 758 ft: 1920 corp: 223/4190b lim: 68 exec/s: 6286 rss: 128Mb L: 24/66 MS: 1 ChangeASCIIInt-
#6292	NEW    cov: 758 ft: 1922 corp: 224/4256b lim: 68 exec/s: 6292 rss: 128Mb L: 66/66 MS: 1 CopyPart-
#6449	REDUCE cov: 758 ft: 1922 corp: 224/4255b lim: 68 exec/s: 6449 rss: 129Mb L: 8/66 MS: 2 ChangeBit-EraseBytes-
#6485	REDUCE cov: 758 ft: 1922 corp: 224/4250b lim: 68 exec/s: 6485 rss: 129Mb L: 10/66 MS: 1 EraseBytes-
#6487	NEW    cov: 760 ft: 1924 corp: 225/4261b lim: 68 exec/s: 6487 rss: 129Mb L: 11/66 MS: 2 ChangeBinInt-CMP- DE: "char"-
#6523	REDUCE cov: 760 ft: 1924 corp: 225/4250b lim: 68 exec/s: 6523 rss: 129Mb L: 55/66 MS: 1 EraseBytes-
#6560	NEW    cov: 760 ft: 1929 corp: 226/4316b lim: 68 exec/s: 6560 rss: 129Mb L: 66/66 MS: 2 PersAutoDict-InsertRepeatedBytes- DE: "union"-
#6591	NEW    cov: 761 ft: 1931 corp: 227/4339b lim: 68 exec/s: 6591 rss: 129Mb L: 23/66 MS: 1 PersAutoDict- DE: "union"-
#6592	NEW    cov: 761 ft: 1933 corp: 228/4371b lim: 68 exec/s: 6592 rss: 129Mb L: 32/66 MS: 1 CopyPart-
#6738	NEW    cov: 761 ft: 1935 corp: 229/4427b lim: 68 exec/s: 6738 rss: 129Mb L: 56/66 MS: 1 CopyPart-
#6766	REDUCE cov: 761 ft: 1935 corp: 229/4422b lim: 68 exec/s: 6766 rss: 129Mb L: 6/66 MS: 3 ChangeByte-ShuffleBytes-EraseBytes-
#6812	NEW    cov: 761 ft: 1936 corp: 230/4440b lim: 68 exec/s: 6812 rss: 130Mb L: 18/66 MS: 1 ShuffleBytes-
#6883	NEW    cov: 762 ft: 1937 corp: 231/4503b lim: 68 exec/s: 6883 rss: 130Mb L: 63/66 MS: 1 CopyPart-
#6906	NEW    cov: 763 ft: 1938 corp: 232/4522b lim: 68 exec/s: 6906 rss: 130Mb L: 19/66 MS: 3 ChangeASCIIInt-ChangeByte-ShuffleBytes-
#6908	REDUCE cov: 763 ft: 1938 corp: 232/4502b lim: 68 exec/s: 6908 rss: 130Mb L: 35/66 MS: 2 ShuffleBytes-EraseBytes-
#6930	NEW    cov: 764 ft: 1939 corp: 233/4531b lim: 68 exec/s: 6930 rss: 130Mb L: 29/66 MS: 2 CrossOver-ChangeBit-
#7000	NEW    cov: 764 ft: 1940 corp: 234/4538b lim: 68 exec/s: 7000 rss: 131Mb L: 7/66 MS: 5 ChangeBit-ChangeASCIIInt-InsertByte-ChangeASCIIInt-EraseBytes-
#7157	REDUCE cov: 764 ft: 1940 corp: 234/4534b lim: 68 exec/s: 7157 rss: 132Mb L: 10/66 MS: 2 ShuffleBytes-EraseBytes-
#7174	NEW    cov: 764 ft: 1950 corp: 235/4601b lim: 68 exec/s: 7174 rss: 133Mb L: 67/67 MS: 2 InsertByte-PersAutoDict- DE: "\007\000\000\000"-
#7205	REDUCE cov: 764 ft: 1950 corp: 235/4598b lim: 68 exec/s: 7205 rss: 133Mb L: 12/67 MS: 1 EraseBytes-
#7301	NEW    cov: 765 ft: 1951 corp: 236/4628b lim: 68 exec/s: 7301 rss: 133Mb L: 30/67 MS: 1 InsertByte-
#7487	NEW    cov: 765 ft: 1952 corp: 237/4634b lim: 68 exec/s: 7487 rss: 133Mb L: 6/67 MS: 1 InsertByte-
#7533	NEW    cov: 766 ft: 1953 corp: 238/4663b lim: 68 exec/s: 7533 rss: 133Mb L: 29/67 MS: 1 ShuffleBytes-
#7559	NEW    cov: 766 ft: 1954 corp: 239/4688b lim: 68 exec/s: 7559 rss: 134Mb L: 25/67 MS: 1 ChangeASCIIInt-
#7625	REDUCE cov: 766 ft: 1954 corp: 239/4687b lim: 68 exec/s: 7625 rss: 135Mb L: 7/67 MS: 1 EraseBytes-
#7771	NEW    cov: 766 ft: 1955 corp: 240/4706b lim: 68 exec/s: 7771 rss: 136Mb L: 19/67 MS: 1 EraseBytes-
#8122	NEW    cov: 766 ft: 1956 corp: 241/4743b lim: 68 exec/s: 8122 rss: 140Mb L: 37/67 MS: 1 ChangeByte-
#8283	NEW    cov: 766 ft: 1958 corp: 242/4780b lim: 68 exec/s: 8283 rss: 141Mb L: 37/67 MS: 1 CMP- DE: "union"-
#8284	NEW    cov: 767 ft: 1959 corp: 243/4811b lim: 68 exec/s: 8284 rss: 141Mb L: 31/67 MS: 1 ChangeBinInt-
#8399	NEW    cov: 767 ft: 1964 corp: 244/4875b lim: 68 exec/s: 8399 rss: 141Mb L: 64/67 MS: 5 ChangeBinInt-InsertByte-ChangeByte-ShuffleBytes-CrossOver-
#8421	REDUCE cov: 767 ft: 1964 corp: 244/4872b lim: 68 exec/s: 8421 rss: 141Mb L: 64/66 MS: 2 ChangeBinInt-EraseBytes-
#8568	REDUCE cov: 767 ft: 1964 corp: 244/4867b lim: 68 exec/s: 8568 rss: 142Mb L: 16/66 MS: 2 PersAutoDict-EraseBytes- DE: "union"-
#8635	NEW    cov: 767 ft: 1965 corp: 245/4873b lim: 68 exec/s: 8635 rss: 142Mb L: 6/66 MS: 2 InsertByte-EraseBytes-
#8656	REDUCE cov: 767 ft: 1965 corp: 245/4862b lim: 68 exec/s: 8656 rss: 142Mb L: 12/66 MS: 1 EraseBytes-
#8697	NEW    cov: 768 ft: 1966 corp: 246/4894b lim: 68 exec/s: 8697 rss: 142Mb L: 32/66 MS: 1 ChangeByte-
#9017	NEW    cov: 768 ft: 1971 corp: 247/4959b lim: 68 exec/s: 9017 rss: 144Mb L: 65/66 MS: 5 EraseBytes-ChangeByte-ChangeBit-ShuffleBytes-InsertRepeatedBytes-
#9024	REDUCE cov: 768 ft: 1971 corp: 247/4953b lim: 68 exec/s: 9024 rss: 144Mb L: 11/66 MS: 2 EraseBytes-PersAutoDict- DE: "char"-
#9055	NEW    cov: 769 ft: 1972 corp: 248/5020b lim: 68 exec/s: 9055 rss: 144Mb L: 67/67 MS: 1 PersAutoDict- DE: "char"-
#9141	NEW    cov: 770 ft: 1973 corp: 249/5035b lim: 68 exec/s: 9141 rss: 144Mb L: 15/67 MS: 1 EraseBytes-
#9167	NEW    cov: 772 ft: 1977 corp: 250/5092b lim: 68 exec/s: 9167 rss: 145Mb L: 57/67 MS: 1 InsertRepeatedBytes-
#9175	REDUCE cov: 772 ft: 1979 corp: 251/5101b lim: 68 exec/s: 9175 rss: 145Mb L: 9/67 MS: 3 ShuffleBytes-ChangeBit-CrossOver-
#9207	REDUCE cov: 772 ft: 1979 corp: 251/5094b lim: 68 exec/s: 9207 rss: 145Mb L: 16/67 MS: 2 CopyPart-EraseBytes-
#9243	REDUCE cov: 772 ft: 1979 corp: 251/5092b lim: 68 exec/s: 9243 rss: 146Mb L: 34/67 MS: 1 EraseBytes-
#9325	NEW    cov: 772 ft: 1980 corp: 252/5135b lim: 68 exec/s: 9325 rss: 148Mb L: 43/67 MS: 2 CopyPart-EraseBytes-
#9391	REDUCE cov: 772 ft: 1980 corp: 252/5134b lim: 68 exec/s: 9391 rss: 148Mb L: 65/67 MS: 1 CrossOver-
#9467	NEW    cov: 772 ft: 1983 corp: 253/5165b lim: 68 exec/s: 9467 rss: 148Mb L: 31/67 MS: 1 ChangeByte-
#9545	NEW    cov: 773 ft: 1984 corp: 254/5172b lim: 68 exec/s: 9545 rss: 148Mb L: 7/67 MS: 3 ChangeByte-ShuffleBytes-EraseBytes-
#9606	REDUCE cov: 773 ft: 1984 corp: 254/5171b lim: 68 exec/s: 9606 rss: 149Mb L: 5/67 MS: 1 EraseBytes-
#9692	REDUCE cov: 773 ft: 1984 corp: 254/5169b lim: 68 exec/s: 9692 rss: 150Mb L: 29/67 MS: 1 EraseBytes-
#9875	NEW    cov: 773 ft: 1986 corp: 255/5186b lim: 68 exec/s: 9875 rss: 151Mb L: 17/67 MS: 3 PersAutoDict-ChangeBinInt-EraseBytes- DE: "char"-
#9956	NEW    cov: 773 ft: 1987 corp: 256/5206b lim: 68 exec/s: 9956 rss: 151Mb L: 20/67 MS: 1 EraseBytes-
#10033	REDUCE cov: 774 ft: 1988 corp: 257/5248b lim: 68 exec/s: 10033 rss: 151Mb L: 42/67 MS: 2 CrossOver-CrossOver-
#10049	REDUCE cov: 774 ft: 1988 corp: 257/5220b lim: 68 exec/s: 10049 rss: 151Mb L: 38/67 MS: 1 EraseBytes-
#10120	NEW    cov: 774 ft: 1989 corp: 258/5286b lim: 68 exec/s: 10120 rss: 151Mb L: 66/67 MS: 1 ChangeASCIIInt-
#10146	NEW    cov: 775 ft: 1990 corp: 259/5301b lim: 68 exec/s: 10146 rss: 152Mb L: 15/67 MS: 1 EraseBytes-
#10259	REDUCE cov: 775 ft: 1990 corp: 259/5291b lim: 68 exec/s: 10259 rss: 152Mb L: 32/67 MS: 3 ChangeASCIIInt-CopyPart-EraseBytes-
#10277	NEW    cov: 775 ft: 1995 corp: 260/5327b lim: 68 exec/s: 10277 rss: 152Mb L: 36/67 MS: 3 PersAutoDict-ChangeBit-InsertRepeatedBytes- DE: "union"-
#10318	NEW    cov: 777 ft: 1997 corp: 261/5362b lim: 68 exec/s: 10318 rss: 152Mb L: 35/67 MS: 1 EraseBytes-
#10439	NEW    cov: 777 ft: 2003 corp: 262/5386b lim: 68 exec/s: 10439 rss: 153Mb L: 24/67 MS: 1 ChangeBinInt-
#10490	NEW    cov: 778 ft: 2004 corp: 263/5421b lim: 68 exec/s: 10490 rss: 153Mb L: 35/67 MS: 1 ShuffleBytes-
#10526	REDUCE cov: 778 ft: 2004 corp: 263/5392b lim: 68 exec/s: 10526 rss: 153Mb L: 37/67 MS: 1 EraseBytes-
#10540	NEW    cov: 778 ft: 2005 corp: 264/5433b lim: 68 exec/s: 10540 rss: 153Mb L: 41/67 MS: 4 ChangeBit-ChangeBinInt-ShuffleBytes-CrossOver-
#10646	REDUCE cov: 778 ft: 2005 corp: 264/5418b lim: 68 exec/s: 10646 rss: 153Mb L: 22/67 MS: 1 EraseBytes-
#10661	REDUCE cov: 778 ft: 2005 corp: 264/5413b lim: 68 exec/s: 10661 rss: 153Mb L: 6/67 MS: 5 InsertByte-EraseBytes-ChangeByte-ChangeByte-EraseBytes-
#10667	REDUCE cov: 778 ft: 2005 corp: 264/5412b lim: 68 exec/s: 10667 rss: 154Mb L: 23/67 MS: 1 EraseBytes-
#10698	REDUCE cov: 778 ft: 2005 corp: 264/5400b lim: 68 exec/s: 10698 rss: 154Mb L: 17/67 MS: 1 EraseBytes-
#10714	REDUCE cov: 778 ft: 2005 corp: 264/5399b lim: 68 exec/s: 10714 rss: 154Mb L: 14/67 MS: 1 EraseBytes-
#10721	REDUCE cov: 778 ft: 2005 corp: 264/5391b lim: 68 exec/s: 10721 rss: 154Mb L: 29/67 MS: 2 ChangeASCIIInt-EraseBytes-
#10764	REDUCE cov: 778 ft: 2005 corp: 264/5390b lim: 68 exec/s: 10764 rss: 155Mb L: 5/67 MS: 3 ChangeByte-CopyPart-EraseBytes-
#10765	NEW    cov: 780 ft: 2007 corp: 265/5414b lim: 68 exec/s: 10765 rss: 155Mb L: 24/67 MS: 1 EraseBytes-
#10807	NEW    cov: 780 ft: 2009 corp: 266/5418b lim: 68 exec/s: 10807 rss: 156Mb L: 4/67 MS: 2 CopyPart-ShuffleBytes-
#10843	NEW    cov: 781 ft: 2010 corp: 267/5437b lim: 68 exec/s: 10843 rss: 156Mb L: 19/67 MS: 1 ChangeBit-
#10884	REDUCE cov: 781 ft: 2010 corp: 267/5435b lim: 68 exec/s: 10884 rss: 156Mb L: 13/67 MS: 1 EraseBytes-
#10986	NEW    cov: 781 ft: 2015 corp: 268/5500b lim: 68 exec/s: 10986 rss: 156Mb L: 65/67 MS: 2 CopyPart-PersAutoDict- DE: "\007\000\000\000"-
#11107	NEW    cov: 782 ft: 2016 corp: 269/5525b lim: 68 exec/s: 11107 rss: 157Mb L: 25/67 MS: 1 ChangeBit-
#11110	NEW    cov: 782 ft: 2018 corp: 270/5553b lim: 68 exec/s: 11110 rss: 157Mb L: 28/67 MS: 3 ChangeASCIIInt-CrossOver-EraseBytes-
#11321	NEW    cov: 782 ft: 2020 corp: 271/5611b lim: 68 exec/s: 11321 rss: 157Mb L: 58/67 MS: 1 InsertByte-
#11382	NEW    cov: 783 ft: 2021 corp: 272/5621b lim: 68 exec/s: 11382 rss: 157Mb L: 10/67 MS: 1 ChangeBit-
#11399	NEW    cov: 784 ft: 2022 corp: 273/5688b lim: 68 exec/s: 11399 rss: 157Mb L: 67/67 MS: 2 ChangeASCIIInt-CopyPart-
#11426	REDUCE cov: 784 ft: 2022 corp: 273/5686b lim: 68 exec/s: 11426 rss: 157Mb L: 20/67 MS: 2 InsertByte-EraseBytes-
#11432	REDUCE cov: 784 ft: 2022 corp: 273/5682b lim: 68 exec/s: 11432 rss: 158Mb L: 12/67 MS: 1 EraseBytes-
#11505	REDUCE cov: 784 ft: 2022 corp: 273/5671b lim: 68 exec/s: 11505 rss: 158Mb L: 18/67 MS: 3 CrossOver-ChangeBit-EraseBytes-
#11548	REDUCE cov: 784 ft: 2022 corp: 273/5668b lim: 68 exec/s: 11548 rss: 158Mb L: 12/67 MS: 3 ChangeASCIIInt-CopyPart-EraseBytes-
#11564	REDUCE cov: 784 ft: 2022 corp: 273/5667b lim: 68 exec/s: 11564 rss: 158Mb L: 8/67 MS: 1 EraseBytes-
#11580	REDUCE cov: 784 ft: 2022 corp: 273/5653b lim: 68 exec/s: 11580 rss: 158Mb L: 18/67 MS: 1 EraseBytes-
#11624	NEW    cov: 786 ft: 2024 corp: 274/5659b lim: 68 exec/s: 11624 rss: 158Mb L: 6/67 MS: 4 ChangeBit-ChangeBit-CopyPart-EraseBytes-
#12060	REDUCE cov: 786 ft: 2024 corp: 274/5658b lim: 68 exec/s: 12060 rss: 159Mb L: 9/67 MS: 1 EraseBytes-
#12067	NEW    cov: 786 ft: 2025 corp: 275/5687b lim: 68 exec/s: 12067 rss: 159Mb L: 29/67 MS: 2 ShuffleBytes-InsertByte-
#12069	NEW    cov: 786 ft: 2029 corp: 276/5711b lim: 68 exec/s: 12069 rss: 159Mb L: 24/67 MS: 2 ChangeASCIIInt-EraseBytes-
#12116	REDUCE cov: 786 ft: 2029 corp: 276/5709b lim: 68 exec/s: 12116 rss: 159Mb L: 65/67 MS: 2 ShuffleBytes-EraseBytes-
#12277	REDUCE cov: 786 ft: 2029 corp: 276/5705b lim: 68 exec/s: 12277 rss: 160Mb L: 19/67 MS: 1 EraseBytes-
#12363	REDUCE cov: 786 ft: 2029 corp: 276/5704b lim: 68 exec/s: 12363 rss: 160Mb L: 4/67 MS: 1 EraseBytes-
#12409	REDUCE cov: 786 ft: 2029 corp: 276/5700b lim: 68 exec/s: 12409 rss: 160Mb L: 32/67 MS: 1 EraseBytes-
#12420	REDUCE cov: 786 ft: 2029 corp: 276/5695b lim: 68 exec/s: 12420 rss: 160Mb L: 20/67 MS: 1 EraseBytes-
#12441	REDUCE cov: 786 ft: 2029 corp: 276/5682b lim: 68 exec/s: 12441 rss: 160Mb L: 51/67 MS: 1 EraseBytes-
#12522	NEW    cov: 786 ft: 2030 corp: 277/5691b lim: 68 exec/s: 12522 rss: 161Mb L: 9/67 MS: 1 EraseBytes-
#12558	NEW    cov: 787 ft: 2031 corp: 278/5723b lim: 68 exec/s: 12558 rss: 161Mb L: 32/67 MS: 1 PersAutoDict- DE: "char"-
#12698	REDUCE cov: 787 ft: 2031 corp: 278/5693b lim: 68 exec/s: 12698 rss: 161Mb L: 35/67 MS: 5 ChangeByte-CrossOver-ChangeByte-ChangeBit-EraseBytes-
#12769	NEW    cov: 789 ft: 2033 corp: 279/5749b lim: 68 exec/s: 12769 rss: 161Mb L: 56/67 MS: 1 ChangeBinInt-
#12781	NEW    cov: 791 ft: 2035 corp: 280/5799b lim: 68 exec/s: 12781 rss: 161Mb L: 50/67 MS: 2 InsertByte-ShuffleBytes-
#12782	NEW    cov: 792 ft: 2036 corp: 281/5867b lim: 68 exec/s: 12782 rss: 161Mb L: 68/68 MS: 1 InsertRepeatedBytes-
#12964	NEW    cov: 794 ft: 2038 corp: 282/5889b lim: 68 exec/s: 12964 rss: 162Mb L: 22/68 MS: 2 PersAutoDict-EraseBytes- DE: "\007\000\000\000"-
#12967	REDUCE cov: 794 ft: 2038 corp: 282/5878b lim: 68 exec/s: 12967 rss: 162Mb L: 13/68 MS: 3 ChangeBinInt-InsertByte-EraseBytes-
#13128	REDUCE cov: 794 ft: 2038 corp: 282/5864b lim: 68 exec/s: 13128 rss: 162Mb L: 25/68 MS: 1 EraseBytes-
#13139	NEW    cov: 794 ft: 2040 corp: 283/5889b lim: 68 exec/s: 13139 rss: 162Mb L: 25/68 MS: 1 ChangeBinInt-
#13146	NEW    cov: 794 ft: 2041 corp: 284/5955b lim: 68 exec/s: 13146 rss: 162Mb L: 66/68 MS: 2 ShuffleBytes-ChangeASCIIInt-
#13174	NEW    cov: 796 ft: 2043 corp: 285/6019b lim: 68 exec/s: 13174 rss: 163Mb L: 64/68 MS: 3 InsertByte-ChangeASCIIInt-ChangeBit-
#13236	REDUCE cov: 796 ft: 2044 corp: 286/6031b lim: 68 exec/s: 13236 rss: 163Mb L: 12/68 MS: 2 ChangeASCIIInt-EraseBytes-
#13259	REDUCE cov: 796 ft: 2044 corp: 286/6024b lim: 68 exec/s: 13259 rss: 163Mb L: 56/68 MS: 3 ChangeBit-CopyPart-EraseBytes-
#13620	REDUCE cov: 796 ft: 2044 corp: 286/6022b lim: 68 exec/s: 13620 rss: 164Mb L: 4/68 MS: 1 EraseBytes-
#13816	REDUCE cov: 796 ft: 2044 corp: 286/6021b lim: 68 exec/s: 13816 rss: 164Mb L: 34/68 MS: 1 EraseBytes-
#13868	REDUCE cov: 796 ft: 2044 corp: 286/5996b lim: 68 exec/s: 13868 rss: 164Mb L: 25/68 MS: 2 InsertRepeatedBytes-CrossOver-
#14126	REDUCE cov: 796 ft: 2044 corp: 286/5995b lim: 68 exec/s: 14126 rss: 181Mb L: 4/68 MS: 1 CrossOver-
#14127	NEW    cov: 797 ft: 2045 corp: 287/6012b lim: 68 exec/s: 14127 rss: 181Mb L: 17/68 MS: 1 EraseBytes-
#14293	REDUCE cov: 797 ft: 2045 corp: 287/6003b lim: 68 exec/s: 14293 rss: 182Mb L: 9/68 MS: 1 EraseBytes-
#14390	REDUCE cov: 797 ft: 2045 corp: 287/5971b lim: 68 exec/s: 14390 rss: 182Mb L: 33/68 MS: 2 ChangeByte-EraseBytes-
#14571	NEW    cov: 797 ft: 2046 corp: 288/5995b lim: 68 exec/s: 14571 rss: 183Mb L: 24/68 MS: 1 ChangeBinInt-
#14653	REDUCE cov: 797 ft: 2046 corp: 288/5989b lim: 68 exec/s: 14653 rss: 183Mb L: 27/68 MS: 2 CMP-EraseBytes- DE: "\376\377\377\364"-
#14904	REDUCE cov: 797 ft: 2046 corp: 288/5988b lim: 68 exec/s: 14904 rss: 185Mb L: 29/68 MS: 1 EraseBytes-
#14935	REDUCE cov: 797 ft: 2046 corp: 288/5984b lim: 68 exec/s: 14935 rss: 185Mb L: 4/68 MS: 1 EraseBytes-
#14961	REDUCE cov: 797 ft: 2046 corp: 288/5980b lim: 68 exec/s: 14961 rss: 185Mb L: 8/68 MS: 1 EraseBytes-
#15011	NEW    cov: 797 ft: 2052 corp: 289/6040b lim: 68 exec/s: 15011 rss: 185Mb L: 60/68 MS: 5 ShuffleBytes-CrossOver-CrossOver-ChangeBit-InsertRepeatedBytes-
#15052	NEW    cov: 798 ft: 2053 corp: 290/6108b lim: 68 exec/s: 15052 rss: 185Mb L: 68/68 MS: 1 CrossOver-
#15159	NEW    cov: 798 ft: 2055 corp: 291/6171b lim: 68 exec/s: 15159 rss: 185Mb L: 63/68 MS: 2 ChangeASCIIInt-CrossOver-
#15170	REDUCE cov: 798 ft: 2055 corp: 291/6166b lim: 68 exec/s: 15170 rss: 185Mb L: 13/68 MS: 1 CrossOver-
#15491	REDUCE cov: 798 ft: 2055 corp: 291/6161b lim: 68 exec/s: 15491 rss: 188Mb L: 17/68 MS: 1 EraseBytes-
#15537	REDUCE cov: 800 ft: 2057 corp: 292/6195b lim: 68 exec/s: 15537 rss: 188Mb L: 34/68 MS: 1 ShuffleBytes-
#15573	REDUCE cov: 800 ft: 2057 corp: 292/6193b lim: 68 exec/s: 15573 rss: 189Mb L: 10/68 MS: 1 EraseBytes-
#15636	NEW    cov: 800 ft: 2062 corp: 293/6251b lim: 68 exec/s: 15636 rss: 189Mb L: 58/68 MS: 3 ChangeASCIIInt-InsertRepeatedBytes-EraseBytes-
#15682	REDUCE cov: 800 ft: 2062 corp: 293/6249b lim: 68 exec/s: 15682 rss: 189Mb L: 39/68 MS: 1 EraseBytes-
#15863	NEW    cov: 801 ft: 2063 corp: 294/6269b lim: 68 exec/s: 15863 rss: 189Mb L: 20/68 MS: 1 EraseBytes-
#15934	REDUCE cov: 801 ft: 2063 corp: 294/6268b lim: 68 exec/s: 15934 rss: 189Mb L: 55/68 MS: 1 EraseBytes-
#16095	REDUCE cov: 801 ft: 2063 corp: 294/6266b lim: 68 exec/s: 16095 rss: 190Mb L: 12/68 MS: 1 EraseBytes-
#16451	NEW    cov: 801 ft: 2064 corp: 295/6312b lim: 68 exec/s: 16451 rss: 192Mb L: 46/68 MS: 1 ChangeByte-
#16460	REDUCE cov: 801 ft: 2064 corp: 295/6298b lim: 68 exec/s: 16460 rss: 192Mb L: 42/68 MS: 4 ChangeBit-InsertByte-PersAutoDict-EraseBytes- DE: "union"-
#16691	REDUCE cov: 801 ft: 2064 corp: 295/6283b lim: 68 exec/s: 16691 rss: 193Mb L: 15/68 MS: 1 EraseBytes-
#16717	NEW    cov: 801 ft: 2069 corp: 296/6344b lim: 68 exec/s: 16717 rss: 193Mb L: 61/68 MS: 1 InsertRepeatedBytes-
#16773	NEW    cov: 801 ft: 2070 corp: 297/6355b lim: 68 exec/s: 16773 rss: 193Mb L: 11/68 MS: 1 ChangeBinInt-
#16870	REDUCE cov: 801 ft: 2070 corp: 297/6332b lim: 68 exec/s: 16870 rss: 193Mb L: 33/68 MS: 2 ChangeBit-EraseBytes-
#17143	REDUCE cov: 801 ft: 2070 corp: 297/6326b lim: 68 exec/s: 17143 rss: 193Mb L: 29/68 MS: 3 ChangeByte-ChangeASCIIInt-EraseBytes-
#17564	NEW    cov: 803 ft: 2072 corp: 298/6346b lim: 68 exec/s: 17564 rss: 196Mb L: 20/68 MS: 1 ShuffleBytes-
#17572	REDUCE cov: 803 ft: 2072 corp: 298/6318b lim: 68 exec/s: 17572 rss: 196Mb L: 37/68 MS: 3 ShuffleBytes-ShuffleBytes-EraseBytes-
#17574	REDUCE cov: 803 ft: 2072 corp: 298/6308b lim: 68 exec/s: 17574 rss: 196Mb L: 21/68 MS: 2 PersAutoDict-EraseBytes- DE: "\007\000\000\000"-
#17620	REDUCE cov: 803 ft: 2072 corp: 298/6306b lim: 68 exec/s: 17620 rss: 196Mb L: 25/68 MS: 1 EraseBytes-
#17714	NEW    cov: 803 ft: 2073 corp: 299/6350b lim: 68 exec/s: 17714 rss: 197Mb L: 44/68 MS: 4 InsertRepeatedBytes-CopyPart-CrossOver-CrossOver-
#17755	REDUCE cov: 803 ft: 2073 corp: 299/6337b lim: 68 exec/s: 17755 rss: 197Mb L: 19/68 MS: 1 EraseBytes-
#17821	REDUCE cov: 803 ft: 2073 corp: 299/6335b lim: 68 exec/s: 17821 rss: 197Mb L: 9/68 MS: 1 EraseBytes-
#17853	REDUCE cov: 803 ft: 2073 corp: 299/6333b lim: 68 exec/s: 17853 rss: 197Mb L: 56/68 MS: 2 ShuffleBytes-EraseBytes-
#17936	REDUCE cov: 803 ft: 2073 corp: 299/6315b lim: 68 exec/s: 17936 rss: 199Mb L: 21/68 MS: 3 ChangeByte-InsertByte-EraseBytes-
#18089	REDUCE cov: 803 ft: 2073 corp: 299/6291b lim: 68 exec/s: 18089 rss: 199Mb L: 40/68 MS: 3 InsertRepeatedBytes-ShuffleBytes-EraseBytes-
#18121	REDUCE cov: 803 ft: 2073 corp: 299/6285b lim: 68 exec/s: 18121 rss: 200Mb L: 12/68 MS: 2 ChangeASCIIInt-EraseBytes-
#18172	REDUCE cov: 803 ft: 2075 corp: 300/6314b lim: 68 exec/s: 18172 rss: 200Mb L: 29/68 MS: 1 ChangeBinInt-
#18265	REDUCE cov: 803 ft: 2075 corp: 300/6295b lim: 68 exec/s: 9132 rss: 201Mb L: 37/68 MS: 3 CopyPart-ShuffleBytes-EraseBytes-
#18641	REDUCE cov: 803 ft: 2075 corp: 300/6287b lim: 68 exec/s: 9320 rss: 203Mb L: 13/68 MS: 1 EraseBytes-
#18997	REDUCE cov: 803 ft: 2075 corp: 300/6281b lim: 68 exec/s: 9498 rss: 204Mb L: 7/68 MS: 1 EraseBytes-
#19073	REDUCE cov: 803 ft: 2075 corp: 300/6273b lim: 68 exec/s: 9536 rss: 205Mb L: 8/68 MS: 1 EraseBytes-
#19141	REDUCE cov: 803 ft: 2080 corp: 301/6306b lim: 68 exec/s: 9570 rss: 205Mb L: 33/68 MS: 3 InsertRepeatedBytes-ChangeBinInt-EraseBytes-
#19275	REDUCE cov: 803 ft: 2080 corp: 301/6302b lim: 68 exec/s: 9637 rss: 205Mb L: 28/68 MS: 4 CMP-ChangeBit-ChangeBinInt-EraseBytes- DE: "nion"-
#19347	NEW    cov: 804 ft: 2081 corp: 302/6370b lim: 68 exec/s: 9673 rss: 205Mb L: 68/68 MS: 2 ChangeASCIIInt-CrossOver-
#19405	REDUCE cov: 804 ft: 2081 corp: 302/6367b lim: 68 exec/s: 9702 rss: 205Mb L: 31/68 MS: 3 ChangeBit-ChangeBinInt-EraseBytes-
#19499	REDUCE cov: 804 ft: 2081 corp: 302/6364b lim: 68 exec/s: 9749 rss: 206Mb L: 3/68 MS: 4 ShuffleBytes-ShuffleBytes-CopyPart-EraseBytes-
#19661	REDUCE cov: 804 ft: 2081 corp: 302/6348b lim: 68 exec/s: 9830 rss: 207Mb L: 42/68 MS: 2 ChangeByte-EraseBytes-
#19777	REDUCE cov: 804 ft: 2081 corp: 302/6332b lim: 68 exec/s: 9888 rss: 207Mb L: 16/68 MS: 1 EraseBytes-
#19814	REDUCE cov: 804 ft: 2081 corp: 302/6330b lim: 68 exec/s: 9907 rss: 207Mb L: 27/68 MS: 2 CrossOver-EraseBytes-
#19956	REDUCE cov: 804 ft: 2081 corp: 302/6329b lim: 68 exec/s: 9978 rss: 207Mb L: 4/68 MS: 2 CrossOver-EraseBytes-
#20177	REDUCE cov: 804 ft: 2081 corp: 302/6318b lim: 68 exec/s: 10088 rss: 207Mb L: 18/68 MS: 1 EraseBytes-
#20243	REDUCE cov: 804 ft: 2081 corp: 302/6313b lim: 68 exec/s: 10121 rss: 208Mb L: 7/68 MS: 1 EraseBytes-
#20589	NEW    cov: 804 ft: 2082 corp: 303/6354b lim: 68 exec/s: 10294 rss: 209Mb L: 41/68 MS: 1 CopyPart-
#20676	NEW    cov: 804 ft: 2084 corp: 304/6379b lim: 68 exec/s: 10338 rss: 209Mb L: 25/68 MS: 2 InsertByte-EraseBytes-
#20699	REDUCE cov: 804 ft: 2084 corp: 304/6375b lim: 68 exec/s: 10349 rss: 209Mb L: 9/68 MS: 3 InsertByte-ChangeASCIIInt-EraseBytes-
#20740	NEW    cov: 804 ft: 2086 corp: 305/6443b lim: 68 exec/s: 10370 rss: 209Mb L: 68/68 MS: 1 ChangeBit-
#20826	REDUCE cov: 804 ft: 2086 corp: 305/6433b lim: 68 exec/s: 10413 rss: 209Mb L: 15/68 MS: 1 EraseBytes-
#20882	REDUCE cov: 804 ft: 2086 corp: 305/6425b lim: 68 exec/s: 10441 rss: 210Mb L: 34/68 MS: 1 EraseBytes-
#20958	REDUCE cov: 804 ft: 2086 corp: 305/6424b lim: 68 exec/s: 10479 rss: 210Mb L: 4/68 MS: 1 EraseBytes-
#21110	REDUCE cov: 804 ft: 2086 corp: 305/6415b lim: 68 exec/s: 10555 rss: 211Mb L: 56/68 MS: 2 ShuffleBytes-EraseBytes-
#21418	REDUCE cov: 804 ft: 2086 corp: 305/6408b lim: 68 exec/s: 10709 rss: 212Mb L: 35/68 MS: 3 InsertRepeatedBytes-ChangeASCIIInt-EraseBytes-
#21553	REDUCE cov: 804 ft: 2086 corp: 305/6406b lim: 68 exec/s: 10776 rss: 213Mb L: 5/68 MS: 5 CrossOver-PersAutoDict-CopyPart-EraseBytes-EraseBytes- DE: "nion"-
#21569	REDUCE cov: 804 ft: 2086 corp: 305/6405b lim: 68 exec/s: 10784 rss: 213Mb L: 21/68 MS: 1 EraseBytes-
#21780	REDUCE cov: 804 ft: 2086 corp: 305/6400b lim: 68 exec/s: 10890 rss: 213Mb L: 30/68 MS: 1 EraseBytes-
#22056	REDUCE cov: 804 ft: 2086 corp: 305/6399b lim: 68 exec/s: 11028 rss: 215Mb L: 6/68 MS: 1 EraseBytes-
#22068	NEW    cov: 806 ft: 2088 corp: 306/6418b lim: 68 exec/s: 11034 rss: 215Mb L: 19/68 MS: 2 ChangeASCIIInt-ChangeBinInt-
#22094	REDUCE cov: 806 ft: 2088 corp: 306/6416b lim: 68 exec/s: 11047 rss: 215Mb L: 12/68 MS: 1 EraseBytes-
#22320	REDUCE cov: 806 ft: 2088 corp: 306/6415b lim: 68 exec/s: 11160 rss: 216Mb L: 9/68 MS: 1 EraseBytes-
#22402	REDUCE cov: 806 ft: 2088 corp: 306/6403b lim: 68 exec/s: 11201 rss: 216Mb L: 28/68 MS: 2 CopyPart-EraseBytes-
#22563	REDUCE cov: 806 ft: 2088 corp: 306/6393b lim: 68 exec/s: 11281 rss: 217Mb L: 17/68 MS: 1 EraseBytes-
#23254	REDUCE cov: 806 ft: 2088 corp: 306/6392b lim: 74 exec/s: 11627 rss: 218Mb L: 10/68 MS: 1 CrossOver-
#23297	REDUCE cov: 806 ft: 2088 corp: 306/6378b lim: 74 exec/s: 11648 rss: 218Mb L: 30/68 MS: 3 ChangeBit-CopyPart-EraseBytes-
#23313	REDUCE cov: 806 ft: 2088 corp: 306/6350b lim: 74 exec/s: 11656 rss: 218Mb L: 38/68 MS: 1 EraseBytes-
#23635	REDUCE cov: 806 ft: 2088 corp: 306/6346b lim: 74 exec/s: 11817 rss: 218Mb L: 14/68 MS: 2 CrossOver-EraseBytes-
#23797	REDUCE cov: 806 ft: 2088 corp: 306/6341b lim: 74 exec/s: 11898 rss: 220Mb L: 37/68 MS: 2 PersAutoDict-EraseBytes- DE: "char"-
#23828	NEW    cov: 806 ft: 2089 corp: 307/6360b lim: 74 exec/s: 11914 rss: 220Mb L: 19/68 MS: 1 ChangeByte-
#23954	REDUCE cov: 806 ft: 2089 corp: 307/6346b lim: 74 exec/s: 11977 rss: 220Mb L: 52/68 MS: 1 EraseBytes-
#23956	REDUCE cov: 806 ft: 2089 corp: 307/6330b lim: 74 exec/s: 11978 rss: 220Mb L: 21/68 MS: 2 ChangeASCIIInt-EraseBytes-
#24012	REDUCE cov: 806 ft: 2089 corp: 307/6328b lim: 74 exec/s: 12006 rss: 220Mb L: 11/68 MS: 1 EraseBytes-
#24060	REDUCE cov: 806 ft: 2089 corp: 307/6318b lim: 74 exec/s: 12030 rss: 220Mb L: 19/68 MS: 3 CrossOver-PersAutoDict-EraseBytes- DE: "union"-
#24125	REDUCE cov: 806 ft: 2090 corp: 308/6356b lim: 74 exec/s: 12062 rss: 220Mb L: 38/68 MS: 5 ShuffleBytes-ChangeASCIIInt-CopyPart-ShuffleBytes-ChangeByte-
#24407	REDUCE cov: 806 ft: 2090 corp: 308/6351b lim: 74 exec/s: 12203 rss: 220Mb L: 47/68 MS: 2 ChangeBinInt-EraseBytes-
#24453	NEW    cov: 806 ft: 2091 corp: 309/6388b lim: 74 exec/s: 12226 rss: 220Mb L: 37/68 MS: 1 CMP- DE: "\007\000"-
#24600	REDUCE cov: 806 ft: 2091 corp: 309/6380b lim: 74 exec/s: 12300 rss: 220Mb L: 25/68 MS: 2 InsertByte-EraseBytes-
#24783	REDUCE cov: 806 ft: 2091 corp: 309/6379b lim: 74 exec/s: 12391 rss: 221Mb L: 5/68 MS: 3 InsertByte-CopyPart-EraseBytes-
#25184	REDUCE cov: 806 ft: 2091 corp: 309/6375b lim: 74 exec/s: 12592 rss: 223Mb L: 47/68 MS: 1 EraseBytes-
#25326	REDUCE cov: 806 ft: 2091 corp: 309/6366b lim: 74 exec/s: 12663 rss: 224Mb L: 38/68 MS: 2 ChangeBit-CrossOver-
#25428	REDUCE cov: 806 ft: 2091 corp: 309/6364b lim: 74 exec/s: 12714 rss: 224Mb L: 9/68 MS: 2 ChangeBit-EraseBytes-
#25439	NEW    cov: 806 ft: 2093 corp: 310/6438b lim: 74 exec/s: 12719 rss: 224Mb L: 74/74 MS: 1 InsertRepeatedBytes-
#25526	REDUCE cov: 806 ft: 2093 corp: 310/6436b lim: 74 exec/s: 12763 rss: 224Mb L: 17/74 MS: 2 PersAutoDict-EraseBytes- DE: "char"-
#25695	REDUCE cov: 806 ft: 2093 corp: 310/6429b lim: 74 exec/s: 12847 rss: 226Mb L: 50/74 MS: 4 ShuffleBytes-ChangeASCIIInt-ShuffleBytes-EraseBytes-
#26048	REDUCE cov: 806 ft: 2093 corp: 310/6425b lim: 74 exec/s: 13024 rss: 228Mb L: 38/74 MS: 3 CMP-InsertByte-EraseBytes- DE: "rfun"-
#26769	REDUCE cov: 806 ft: 2093 corp: 310/6424b lim: 80 exec/s: 13384 rss: 232Mb L: 24/74 MS: 1 EraseBytes-
#26906	REDUCE cov: 806 ft: 2093 corp: 310/6423b lim: 80 exec/s: 13453 rss: 232Mb L: 21/74 MS: 2 CrossOver-EraseBytes-
#26973	REDUCE cov: 806 ft: 2093 corp: 310/6421b lim: 80 exec/s: 13486 rss: 232Mb L: 36/74 MS: 2 PersAutoDict-EraseBytes- DE: "rfun"-
#26985	REDUCE cov: 806 ft: 2093 corp: 310/6419b lim: 80 exec/s: 13492 rss: 232Mb L: 36/74 MS: 2 ChangeByte-EraseBytes-
#27026	REDUCE cov: 806 ft: 2093 corp: 310/6417b lim: 80 exec/s: 13513 rss: 232Mb L: 11/74 MS: 1 EraseBytes-
#27137	REDUCE cov: 806 ft: 2093 corp: 310/6415b lim: 80 exec/s: 13568 rss: 234Mb L: 7/74 MS: 1 EraseBytes-
#27273	REDUCE cov: 806 ft: 2093 corp: 310/6400b lim: 80 exec/s: 13636 rss: 235Mb L: 48/74 MS: 1 EraseBytes-
#27580	REDUCE cov: 806 ft: 2093 corp: 310/6394b lim: 80 exec/s: 13790 rss: 235Mb L: 19/74 MS: 2 CopyPart-EraseBytes-
#27741	REDUCE cov: 806 ft: 2093 corp: 310/6388b lim: 80 exec/s: 13870 rss: 236Mb L: 62/74 MS: 1 EraseBytes-
#28157	REDUCE cov: 806 ft: 2093 corp: 310/6387b lim: 80 exec/s: 14078 rss: 239Mb L: 19/74 MS: 1 EraseBytes-
#28413	NEW    cov: 806 ft: 2095 corp: 311/6411b lim: 80 exec/s: 14206 rss: 239Mb L: 24/74 MS: 1 ChangeASCIIInt-
#28714	NEW    cov: 807 ft: 2096 corp: 312/6429b lim: 80 exec/s: 14357 rss: 240Mb L: 18/74 MS: 1 CopyPart-
#28880	REDUCE cov: 807 ft: 2096 corp: 312/6407b lim: 80 exec/s: 14440 rss: 241Mb L: 25/74 MS: 1 EraseBytes-
#28976	REDUCE cov: 807 ft: 2096 corp: 312/6406b lim: 80 exec/s: 14488 rss: 242Mb L: 6/74 MS: 1 EraseBytes-
#29057	REDUCE cov: 807 ft: 2096 corp: 312/6405b lim: 80 exec/s: 14528 rss: 242Mb L: 34/74 MS: 1 EraseBytes-
#29183	REDUCE cov: 807 ft: 2096 corp: 312/6400b lim: 80 exec/s: 14591 rss: 243Mb L: 14/74 MS: 1 EraseBytes-
#29509	REDUCE cov: 807 ft: 2096 corp: 312/6397b lim: 80 exec/s: 14754 rss: 245Mb L: 22/74 MS: 1 EraseBytes-
#29956	REDUCE cov: 807 ft: 2096 corp: 312/6381b lim: 80 exec/s: 14978 rss: 245Mb L: 21/74 MS: 2 ChangeBinInt-EraseBytes-
#30047	NEW    cov: 807 ft: 2098 corp: 313/6393b lim: 80 exec/s: 15023 rss: 245Mb L: 12/74 MS: 1 ChangeBinInt-
#30416	REDUCE cov: 807 ft: 2098 corp: 313/6385b lim: 80 exec/s: 15208 rss: 251Mb L: 11/74 MS: 1 EraseBytes-
#30736	REDUCE cov: 807 ft: 2098 corp: 313/6381b lim: 80 exec/s: 15368 rss: 255Mb L: 6/74 MS: 5 ChangeBinInt-CMP-CopyPart-PersAutoDict-CrossOver- DE: "moD"-"rfun"-
#30957	REDUCE cov: 807 ft: 2098 corp: 313/6373b lim: 80 exec/s: 15478 rss: 255Mb L: 56/74 MS: 1 EraseBytes-
#31225	REDUCE cov: 807 ft: 2098 corp: 313/6358b lim: 80 exec/s: 15612 rss: 255Mb L: 39/74 MS: 3 EraseBytes-PersAutoDict-PersAutoDict- DE: "union"-"moD"-
#31261	REDUCE cov: 807 ft: 2098 corp: 313/6354b lim: 80 exec/s: 15630 rss: 256Mb L: 23/74 MS: 1 EraseBytes-
#31285	REDUCE cov: 807 ft: 2098 corp: 313/6346b lim: 80 exec/s: 15642 rss: 256Mb L: 11/74 MS: 4 ChangeBinInt-PersAutoDict-EraseBytes-EraseBytes- DE: "\007\000"-
#31631	REDUCE cov: 807 ft: 2098 corp: 313/6345b lim: 80 exec/s: 15815 rss: 257Mb L: 6/74 MS: 1 EraseBytes-
#31673	NEW    cov: 807 ft: 2104 corp: 314/6391b lim: 80 exec/s: 15836 rss: 258Mb L: 46/74 MS: 2 ShuffleBytes-ChangeASCIIInt-
#31685	REDUCE cov: 807 ft: 2104 corp: 314/6389b lim: 80 exec/s: 15842 rss: 258Mb L: 36/74 MS: 2 ChangeASCIIInt-EraseBytes-
#31881	REDUCE cov: 807 ft: 2104 corp: 314/6387b lim: 80 exec/s: 15940 rss: 258Mb L: 19/74 MS: 1 EraseBytes-
#32047	NEW    cov: 807 ft: 2105 corp: 315/6411b lim: 80 exec/s: 16023 rss: 259Mb L: 24/74 MS: 1 ChangeBit-
#32073	NEW    cov: 809 ft: 2107 corp: 316/6485b lim: 80 exec/s: 16036 rss: 259Mb L: 74/74 MS: 1 ChangeBit-
#32389	NEW    cov: 809 ft: 2109 corp: 317/6496b lim: 80 exec/s: 16194 rss: 261Mb L: 11/74 MS: 1 EraseBytes-
#32698	NEW    cov: 809 ft: 2111 corp: 318/6507b lim: 80 exec/s: 16349 rss: 262Mb L: 11/74 MS: 4 ChangeBit-ChangeBinInt-CopyPart-InsertRepeatedBytes-
#32768	pulse  cov: 809 ft: 2111 corp: 318/6507b lim: 80 exec/s: 16384 rss: 262Mb
#33024	NEW    cov: 812 ft: 2114 corp: 319/6523b lim: 80 exec/s: 16512 rss: 262Mb L: 16/74 MS: 1 EraseBytes-
#33135	NEW    cov: 812 ft: 2120 corp: 320/6597b lim: 80 exec/s: 16567 rss: 263Mb L: 74/74 MS: 1 ChangeASCIIInt-
#33221	REDUCE cov: 812 ft: 2120 corp: 320/6596b lim: 80 exec/s: 16610 rss: 264Mb L: 10/74 MS: 1 EraseBytes-
#33258	REDUCE cov: 812 ft: 2120 corp: 320/6595b lim: 80 exec/s: 16629 rss: 264Mb L: 8/74 MS: 2 InsertByte-EraseBytes-
#33821	REDUCE cov: 812 ft: 2120 corp: 320/6594b lim: 80 exec/s: 16910 rss: 265Mb L: 22/74 MS: 3 ShuffleBytes-CopyPart-EraseBytes-
#33894	REDUCE cov: 812 ft: 2120 corp: 320/6592b lim: 80 exec/s: 16947 rss: 267Mb L: 17/74 MS: 3 ShuffleBytes-ShuffleBytes-EraseBytes-
#33935	REDUCE cov: 812 ft: 2120 corp: 320/6588b lim: 80 exec/s: 16967 rss: 267Mb L: 17/74 MS: 1 EraseBytes-
#34108	REDUCE cov: 812 ft: 2120 corp: 320/6576b lim: 80 exec/s: 11369 rss: 267Mb L: 13/74 MS: 3 ChangeBit-ChangeBit-EraseBytes-
#34364	REDUCE cov: 812 ft: 2120 corp: 320/6571b lim: 80 exec/s: 11454 rss: 268Mb L: 6/74 MS: 1 EraseBytes-
#34430	REDUCE cov: 812 ft: 2120 corp: 320/6562b lim: 80 exec/s: 11476 rss: 268Mb L: 12/74 MS: 1 EraseBytes-
#34757	REDUCE cov: 812 ft: 2120 corp: 320/6558b lim: 80 exec/s: 11585 rss: 269Mb L: 4/74 MS: 2 ChangeASCIIInt-EraseBytes-
#34798	REDUCE cov: 812 ft: 2120 corp: 320/6557b lim: 80 exec/s: 11599 rss: 269Mb L: 18/74 MS: 1 EraseBytes-
#35089	REDUCE cov: 812 ft: 2120 corp: 320/6542b lim: 80 exec/s: 11696 rss: 269Mb L: 41/74 MS: 1 EraseBytes-
#35270	REDUCE cov: 812 ft: 2122 corp: 321/6572b lim: 80 exec/s: 11756 rss: 269Mb L: 30/74 MS: 1 ChangeASCIIInt-
#35318	REDUCE cov: 812 ft: 2122 corp: 321/6558b lim: 80 exec/s: 11772 rss: 270Mb L: 16/74 MS: 3 CopyPart-ShuffleBytes-CrossOver-
#35359	REDUCE cov: 812 ft: 2122 corp: 321/6555b lim: 80 exec/s: 11786 rss: 270Mb L: 5/74 MS: 1 EraseBytes-
#35551	REDUCE cov: 812 ft: 2122 corp: 321/6554b lim: 80 exec/s: 11850 rss: 270Mb L: 24/74 MS: 2 ChangeByte-EraseBytes-
#35592	REDUCE cov: 812 ft: 2122 corp: 321/6545b lim: 80 exec/s: 11864 rss: 270Mb L: 27/74 MS: 1 EraseBytes-
#36068	REDUCE cov: 812 ft: 2122 corp: 321/6534b lim: 80 exec/s: 12022 rss: 272Mb L: 25/74 MS: 1 EraseBytes-
#36511	REDUCE cov: 812 ft: 2122 corp: 321/6533b lim: 80 exec/s: 12170 rss: 274Mb L: 24/74 MS: 3 ChangeASCIIInt-PersAutoDict-EraseBytes- DE: "rfun"-
#36783	REDUCE cov: 812 ft: 2122 corp: 321/6532b lim: 80 exec/s: 12261 rss: 275Mb L: 19/74 MS: 2 ShuffleBytes-EraseBytes-
#36889	REDUCE cov: 812 ft: 2122 corp: 321/6525b lim: 80 exec/s: 12296 rss: 276Mb L: 14/74 MS: 1 EraseBytes-
#36926	REDUCE cov: 812 ft: 2122 corp: 321/6524b lim: 80 exec/s: 12308 rss: 276Mb L: 11/74 MS: 2 ShuffleBytes-EraseBytes-
#37302	REDUCE cov: 812 ft: 2122 corp: 321/6522b lim: 80 exec/s: 12434 rss: 277Mb L: 21/74 MS: 1 EraseBytes-
#37309	REDUCE cov: 812 ft: 2122 corp: 321/6521b lim: 80 exec/s: 12436 rss: 277Mb L: 55/74 MS: 2 ChangeByte-EraseBytes-
#37828	NEW    cov: 812 ft: 2123 corp: 322/6546b lim: 80 exec/s: 12609 rss: 280Mb L: 25/74 MS: 4 EraseBytes-CrossOver-ChangeASCIIInt-CrossOver-
#37849	NEW    cov: 812 ft: 2125 corp: 323/6558b lim: 80 exec/s: 12616 rss: 281Mb L: 12/74 MS: 1 ChangeASCIIInt-
#38100	REDUCE cov: 812 ft: 2125 corp: 323/6548b lim: 80 exec/s: 12700 rss: 282Mb L: 31/74 MS: 1 EraseBytes-
#38316	REDUCE cov: 812 ft: 2125 corp: 323/6546b lim: 80 exec/s: 12772 rss: 283Mb L: 4/74 MS: 1 EraseBytes-
#38479	REDUCE cov: 812 ft: 2125 corp: 323/6545b lim: 80 exec/s: 12826 rss: 283Mb L: 8/74 MS: 3 ChangeByte-ChangeASCIIInt-EraseBytes-
#38690	REDUCE cov: 812 ft: 2125 corp: 323/6530b lim: 80 exec/s: 12896 rss: 283Mb L: 40/74 MS: 1 EraseBytes-
#38714	REDUCE cov: 812 ft: 2125 corp: 323/6526b lim: 80 exec/s: 12904 rss: 284Mb L: 4/74 MS: 4 ChangeByte-CopyPart-CopyPart-EraseBytes-
#39261	REDUCE cov: 812 ft: 2125 corp: 323/6521b lim: 80 exec/s: 13087 rss: 284Mb L: 16/74 MS: 2 ChangeASCIIInt-EraseBytes-
#39344	REDUCE cov: 812 ft: 2125 corp: 323/6517b lim: 80 exec/s: 13114 rss: 284Mb L: 11/74 MS: 3 CrossOver-EraseBytes-EraseBytes-
#39400	REDUCE cov: 812 ft: 2125 corp: 323/6514b lim: 80 exec/s: 13133 rss: 285Mb L: 27/74 MS: 1 EraseBytes-
#39472	REDUCE cov: 812 ft: 2125 corp: 323/6508b lim: 80 exec/s: 13157 rss: 285Mb L: 31/74 MS: 2 CopyPart-EraseBytes-
#39618	REDUCE cov: 812 ft: 2125 corp: 323/6505b lim: 80 exec/s: 13206 rss: 286Mb L: 13/74 MS: 1 EraseBytes-
#40400	REDUCE cov: 812 ft: 2125 corp: 323/6502b lim: 86 exec/s: 13466 rss: 287Mb L: 22/74 MS: 2 ChangeBinInt-EraseBytes-
#40531	NEW    cov: 812 ft: 2134 corp: 324/6575b lim: 86 exec/s: 13510 rss: 288Mb L: 73/74 MS: 1 EraseBytes-
#41118	REDUCE cov: 812 ft: 2137 corp: 325/6597b lim: 86 exec/s: 13706 rss: 290Mb L: 22/74 MS: 2 ChangeASCIIInt-ChangeBinInt-
#41549	REDUCE cov: 812 ft: 2137 corp: 325/6593b lim: 86 exec/s: 13849 rss: 291Mb L: 33/74 MS: 1 EraseBytes-
#42000	REDUCE cov: 812 ft: 2137 corp: 325/6591b lim: 86 exec/s: 14000 rss: 291Mb L: 15/74 MS: 1 EraseBytes-
#42341	REDUCE cov: 812 ft: 2137 corp: 325/6590b lim: 86 exec/s: 14113 rss: 293Mb L: 19/74 MS: 1 EraseBytes-
#42417	NEW    cov: 812 ft: 2138 corp: 326/6631b lim: 86 exec/s: 14139 rss: 293Mb L: 41/74 MS: 1 ChangeASCIIInt-
#42538	REDUCE cov: 812 ft: 2138 corp: 326/6630b lim: 86 exec/s: 14179 rss: 293Mb L: 27/74 MS: 1 EraseBytes-
#42553	REDUCE cov: 812 ft: 2138 corp: 326/6623b lim: 86 exec/s: 14184 rss: 293Mb L: 9/74 MS: 5 ChangeASCIIInt-ChangeBinInt-InsertByte-ShuffleBytes-EraseBytes-
#42684	REDUCE cov: 812 ft: 2138 corp: 326/6622b lim: 86 exec/s: 14228 rss: 293Mb L: 12/74 MS: 1 EraseBytes-
#42866	REDUCE cov: 812 ft: 2138 corp: 326/6616b lim: 86 exec/s: 14288 rss: 296Mb L: 15/74 MS: 2 ChangeBit-EraseBytes-
#42897	REDUCE cov: 812 ft: 2138 corp: 326/6610b lim: 86 exec/s: 14299 rss: 296Mb L: 23/74 MS: 1 EraseBytes-
#43043	REDUCE cov: 812 ft: 2138 corp: 326/6608b lim: 86 exec/s: 14347 rss: 296Mb L: 15/74 MS: 1 EraseBytes-
#43229	NEW    cov: 812 ft: 2139 corp: 327/6639b lim: 86 exec/s: 14409 rss: 296Mb L: 31/74 MS: 1 EraseBytes-
#43240	REDUCE cov: 812 ft: 2139 corp: 327/6638b lim: 86 exec/s: 14413 rss: 297Mb L: 7/74 MS: 1 EraseBytes-
#43356	REDUCE cov: 812 ft: 2139 corp: 327/6632b lim: 86 exec/s: 14452 rss: 297Mb L: 25/74 MS: 1 EraseBytes-
#43438	REDUCE cov: 812 ft: 2139 corp: 327/6631b lim: 86 exec/s: 14479 rss: 297Mb L: 14/74 MS: 2 ChangeByte-EraseBytes-
#43979	REDUCE cov: 812 ft: 2139 corp: 327/6622b lim: 86 exec/s: 14659 rss: 298Mb L: 15/74 MS: 1 EraseBytes-
#43986	REDUCE cov: 812 ft: 2139 corp: 327/6621b lim: 86 exec/s: 14662 rss: 298Mb L: 12/74 MS: 2 ChangeBit-EraseBytes-
#44477	NEW    cov: 813 ft: 2140 corp: 328/6638b lim: 86 exec/s: 14825 rss: 300Mb L: 17/74 MS: 1 ShuffleBytes-
#44664	REDUCE cov: 813 ft: 2140 corp: 328/6635b lim: 86 exec/s: 14888 rss: 301Mb L: 61/74 MS: 2 ShuffleBytes-EraseBytes-
#45350	REDUCE cov: 813 ft: 2140 corp: 328/6634b lim: 92 exec/s: 15116 rss: 306Mb L: 17/74 MS: 1 EraseBytes-
#45671	REDUCE cov: 813 ft: 2140 corp: 328/6629b lim: 92 exec/s: 15223 rss: 307Mb L: 12/74 MS: 1 EraseBytes-
#45830	REDUCE cov: 813 ft: 2140 corp: 328/6621b lim: 92 exec/s: 15276 rss: 309Mb L: 13/74 MS: 4 ChangeASCIIInt-ChangeBit-EraseBytes-EraseBytes-
#46222	REDUCE cov: 813 ft: 2140 corp: 328/6617b lim: 92 exec/s: 15407 rss: 310Mb L: 13/74 MS: 2 ChangeBit-EraseBytes-
#46498	REDUCE cov: 813 ft: 2140 corp: 328/6591b lim: 92 exec/s: 15499 rss: 310Mb L: 40/74 MS: 1 EraseBytes-
#46534	NEW    cov: 813 ft: 2141 corp: 329/6608b lim: 92 exec/s: 15511 rss: 311Mb L: 17/74 MS: 1 CrossOver-
#47415	REDUCE cov: 813 ft: 2141 corp: 329/6607b lim: 98 exec/s: 15805 rss: 314Mb L: 19/74 MS: 1 EraseBytes-
#47472	REDUCE cov: 813 ft: 2141 corp: 329/6603b lim: 98 exec/s: 15824 rss: 314Mb L: 21/74 MS: 2 ShuffleBytes-EraseBytes-
#47618	REDUCE cov: 813 ft: 2141 corp: 329/6591b lim: 98 exec/s: 15872 rss: 315Mb L: 24/74 MS: 1 EraseBytes-
#47784	REDUCE cov: 813 ft: 2141 corp: 329/6589b lim: 98 exec/s: 15928 rss: 315Mb L: 38/74 MS: 1 EraseBytes-
#47962	REDUCE cov: 813 ft: 2141 corp: 329/6583b lim: 98 exec/s: 15987 rss: 316Mb L: 23/74 MS: 3 CMP-CMP-EraseBytes- DE: "\377\377\377\377\377\377\377\377"-"ahcq"-
#47969	REDUCE cov: 813 ft: 2141 corp: 329/6579b lim: 98 exec/s: 15989 rss: 316Mb L: 18/74 MS: 2 ChangeByte-EraseBytes-
#48335	REDUCE cov: 813 ft: 2141 corp: 329/6561b lim: 98 exec/s: 16111 rss: 319Mb L: 50/74 MS: 1 EraseBytes-
#48363	REDUCE cov: 813 ft: 2141 corp: 329/6554b lim: 98 exec/s: 16121 rss: 319Mb L: 23/74 MS: 3 CrossOver-ShuffleBytes-EraseBytes-
#48478	NEW    cov: 813 ft: 2144 corp: 330/6600b lim: 98 exec/s: 16159 rss: 320Mb L: 46/74 MS: 5 ChangeByte-EraseBytes-ChangeBinInt-EraseBytes-EraseBytes-
#48664	REDUCE cov: 813 ft: 2144 corp: 330/6599b lim: 98 exec/s: 16221 rss: 320Mb L: 7/74 MS: 1 EraseBytes-
#48676	REDUCE cov: 813 ft: 2144 corp: 330/6596b lim: 98 exec/s: 16225 rss: 320Mb L: 16/74 MS: 2 ChangeASCIIInt-EraseBytes-
#48894	REDUCE cov: 813 ft: 2144 corp: 330/6595b lim: 98 exec/s: 16298 rss: 322Mb L: 7/74 MS: 3 EraseBytes-ChangeByte-CopyPart-
#49252	NEW    cov: 813 ft: 2145 corp: 331/6613b lim: 98 exec/s: 16417 rss: 323Mb L: 18/74 MS: 3 InsertByte-ChangeBit-ChangeByte-
#49273	REDUCE cov: 813 ft: 2145 corp: 331/6612b lim: 98 exec/s: 16424 rss: 323Mb L: 13/74 MS: 1 EraseBytes-
#49577	REDUCE cov: 813 ft: 2145 corp: 331/6608b lim: 98 exec/s: 16525 rss: 323Mb L: 15/74 MS: 4 ChangeBinInt-CMP-ChangeASCIIInt-EraseBytes- DE: "union"-
#49699	REDUCE cov: 813 ft: 2145 corp: 331/6607b lim: 98 exec/s: 16566 rss: 323Mb L: 4/74 MS: 2 CopyPart-EraseBytes-
#49855	NEW    cov: 813 ft: 2146 corp: 332/6625b lim: 98 exec/s: 16618 rss: 324Mb L: 18/74 MS: 1 ChangeBinInt-
#49884	NEW    cov: 813 ft: 2148 corp: 333/6635b lim: 98 exec/s: 16628 rss: 325Mb L: 10/74 MS: 4 ShuffleBytes-ChangeBit-ChangeByte-EraseBytes-
#50085	REDUCE cov: 813 ft: 2148 corp: 333/6631b lim: 98 exec/s: 16695 rss: 326Mb L: 18/74 MS: 1 EraseBytes-
#50231	NEW    cov: 814 ft: 2149 corp: 334/6641b lim: 98 exec/s: 16743 rss: 327Mb L: 10/74 MS: 1 ChangeBit-
#50237	REDUCE cov: 814 ft: 2149 corp: 334/6638b lim: 98 exec/s: 16745 rss: 327Mb L: 57/74 MS: 1 EraseBytes-
#50600	REDUCE cov: 814 ft: 2149 corp: 334/6636b lim: 98 exec/s: 16866 rss: 328Mb L: 14/74 MS: 3 InsertByte-ChangeASCIIInt-EraseBytes-
#50641	REDUCE cov: 814 ft: 2149 corp: 334/6635b lim: 98 exec/s: 16880 rss: 328Mb L: 11/74 MS: 1 EraseBytes-
#50788	REDUCE cov: 814 ft: 2149 corp: 334/6633b lim: 98 exec/s: 16929 rss: 328Mb L: 10/74 MS: 2 CopyPart-EraseBytes-
#50859	REDUCE cov: 814 ft: 2149 corp: 334/6632b lim: 98 exec/s: 16953 rss: 329Mb L: 29/74 MS: 1 EraseBytes-
#51250	REDUCE cov: 814 ft: 2149 corp: 334/6631b lim: 98 exec/s: 17083 rss: 329Mb L: 12/74 MS: 1 EraseBytes-
#51411	REDUCE cov: 814 ft: 2149 corp: 334/6629b lim: 98 exec/s: 17137 rss: 330Mb L: 16/74 MS: 1 EraseBytes-
#51627	REDUCE cov: 814 ft: 2149 corp: 334/6605b lim: 98 exec/s: 17209 rss: 330Mb L: 37/74 MS: 1 EraseBytes-
#51986	REDUCE cov: 814 ft: 2149 corp: 334/6600b lim: 98 exec/s: 17328 rss: 331Mb L: 25/74 MS: 4 InsertByte-ChangeASCIIInt-EraseBytes-InsertByte-
#52003	REDUCE cov: 814 ft: 2149 corp: 334/6599b lim: 98 exec/s: 17334 rss: 331Mb L: 14/74 MS: 2 ShuffleBytes-EraseBytes-
#52840	REDUCE cov: 814 ft: 2149 corp: 334/6594b lim: 104 exec/s: 13210 rss: 336Mb L: 14/74 MS: 2 CMP-EraseBytes- DE: "\216\360\022\000pP\000\000"-
#53143	REDUCE cov: 814 ft: 2149 corp: 334/6590b lim: 104 exec/s: 13285 rss: 338Mb L: 24/74 MS: 3 CopyPart-ChangeByte-EraseBytes-
#53299	REDUCE cov: 814 ft: 2149 corp: 334/6584b lim: 104 exec/s: 13324 rss: 339Mb L: 18/74 MS: 1 EraseBytes-
#53578	REDUCE cov: 814 ft: 2149 corp: 334/6580b lim: 104 exec/s: 13394 rss: 339Mb L: 14/74 MS: 4 ChangeByte-ShuffleBytes-CopyPart-EraseBytes-
#54614	REDUCE cov: 814 ft: 2149 corp: 334/6577b lim: 110 exec/s: 13653 rss: 341Mb L: 13/74 MS: 1 EraseBytes-
#54714	REDUCE cov: 814 ft: 2149 corp: 334/6573b lim: 110 exec/s: 13678 rss: 342Mb L: 51/74 MS: 5 ChangeBinInt-ChangeASCIIInt-ChangeASCIIInt-CopyPart-EraseBytes-
#54760	REDUCE cov: 814 ft: 2149 corp: 334/6572b lim: 110 exec/s: 13690 rss: 342Mb L: 26/74 MS: 1 EraseBytes-
#55032	REDUCE cov: 814 ft: 2149 corp: 334/6568b lim: 110 exec/s: 13758 rss: 343Mb L: 24/74 MS: 2 ChangeBit-EraseBytes-
#55093	REDUCE cov: 814 ft: 2149 corp: 334/6562b lim: 110 exec/s: 13773 rss: 343Mb L: 23/74 MS: 1 EraseBytes-
#55479	REDUCE cov: 814 ft: 2151 corp: 335/6566b lim: 110 exec/s: 13869 rss: 346Mb L: 4/74 MS: 1 ShuffleBytes-
#55505	REDUCE cov: 814 ft: 2151 corp: 335/6565b lim: 110 exec/s: 13876 rss: 346Mb L: 17/74 MS: 1 EraseBytes-
#56043	REDUCE cov: 814 ft: 2151 corp: 335/6560b lim: 110 exec/s: 14010 rss: 348Mb L: 3/74 MS: 3 ChangeASCIIInt-EraseBytes-EraseBytes-
#56094	REDUCE cov: 814 ft: 2151 corp: 335/6551b lim: 110 exec/s: 14023 rss: 348Mb L: 30/74 MS: 1 EraseBytes-
#56282	REDUCE cov: 814 ft: 2151 corp: 335/6550b lim: 110 exec/s: 14070 rss: 349Mb L: 4/74 MS: 3 CopyPart-EraseBytes-CopyPart-
#56558	REDUCE cov: 814 ft: 2151 corp: 335/6549b lim: 110 exec/s: 14139 rss: 349Mb L: 24/74 MS: 1 EraseBytes-
#56806	REDUCE cov: 814 ft: 2151 corp: 335/6548b lim: 110 exec/s: 14201 rss: 351Mb L: 6/74 MS: 3 ChangeASCIIInt-ChangeASCIIInt-EraseBytes-
#56972	REDUCE cov: 814 ft: 2151 corp: 335/6539b lim: 110 exec/s: 14243 rss: 351Mb L: 19/74 MS: 1 EraseBytes-
#57523	REDUCE cov: 814 ft: 2151 corp: 335/6538b lim: 110 exec/s: 14380 rss: 355Mb L: 18/74 MS: 1 EraseBytes-
#57537	NEW    cov: 814 ft: 2153 corp: 336/6586b lim: 110 exec/s: 14384 rss: 357Mb L: 48/74 MS: 4 ShuffleBytes-ShuffleBytes-CopyPart-ChangeASCIIInt-
#57593	REDUCE cov: 814 ft: 2153 corp: 336/6583b lim: 110 exec/s: 14398 rss: 357Mb L: 8/74 MS: 1 EraseBytes-
#58054	REDUCE cov: 814 ft: 2153 corp: 336/6579b lim: 110 exec/s: 14513 rss: 358Mb L: 8/74 MS: 1 EraseBytes-
#58162	REDUCE cov: 814 ft: 2153 corp: 336/6570b lim: 110 exec/s: 14540 rss: 358Mb L: 55/74 MS: 3 CrossOver-CopyPart-EraseBytes-
#58388	REDUCE cov: 814 ft: 2153 corp: 336/6565b lim: 110 exec/s: 14597 rss: 358Mb L: 31/74 MS: 1 EraseBytes-
#58614	REDUCE cov: 814 ft: 2153 corp: 336/6560b lim: 110 exec/s: 14653 rss: 358Mb L: 52/74 MS: 1 EraseBytes-
#58636	REDUCE cov: 814 ft: 2153 corp: 336/6555b lim: 110 exec/s: 14659 rss: 358Mb L: 21/74 MS: 2 ChangeASCIIInt-EraseBytes-
#59008	REDUCE cov: 814 ft: 2153 corp: 336/6547b lim: 110 exec/s: 14752 rss: 360Mb L: 17/74 MS: 2 ChangeBinInt-EraseBytes-
#59259	REDUCE cov: 814 ft: 2153 corp: 336/6544b lim: 110 exec/s: 14814 rss: 361Mb L: 28/74 MS: 1 EraseBytes-
#59350	REDUCE cov: 814 ft: 2153 corp: 336/6541b lim: 110 exec/s: 14837 rss: 361Mb L: 39/74 MS: 1 EraseBytes-
#59621	REDUCE cov: 814 ft: 2153 corp: 336/6536b lim: 110 exec/s: 14905 rss: 362Mb L: 9/74 MS: 1 EraseBytes-
#60247	REDUCE cov: 814 ft: 2153 corp: 336/6535b lim: 116 exec/s: 15061 rss: 366Mb L: 11/74 MS: 1 EraseBytes-
#60723	NEW    cov: 815 ft: 2154 corp: 337/6549b lim: 116 exec/s: 15180 rss: 367Mb L: 14/74 MS: 1 EraseBytes-
#60769	REDUCE cov: 815 ft: 2154 corp: 337/6547b lim: 116 exec/s: 15192 rss: 367Mb L: 37/74 MS: 1 EraseBytes-
#60920	NEW    cov: 815 ft: 2155 corp: 338/6577b lim: 116 exec/s: 15230 rss: 368Mb L: 30/74 MS: 1 EraseBytes-
#61661	NEW    cov: 815 ft: 2157 corp: 339/6589b lim: 122 exec/s: 15415 rss: 371Mb L: 12/74 MS: 1 ChangeASCIIInt-
#62532	NEW    cov: 815 ft: 2159 corp: 340/6637b lim: 128 exec/s: 15633 rss: 374Mb L: 48/74 MS: 1 ChangeASCIIInt-
#62613	REDUCE cov: 815 ft: 2159 corp: 340/6632b lim: 128 exec/s: 15653 rss: 374Mb L: 12/74 MS: 1 EraseBytes-
#62749	REDUCE cov: 815 ft: 2159 corp: 340/6625b lim: 128 exec/s: 15687 rss: 375Mb L: 48/74 MS: 1 EraseBytes-
#63111	REDUCE cov: 815 ft: 2159 corp: 340/6622b lim: 128 exec/s: 15777 rss: 377Mb L: 8/74 MS: 2 ChangeBinInt-EraseBytes-
#63295	REDUCE cov: 815 ft: 2159 corp: 340/6614b lim: 128 exec/s: 15823 rss: 377Mb L: 32/74 MS: 4 ChangeBit-ChangeBit-CopyPart-EraseBytes-
#63306	REDUCE cov: 815 ft: 2159 corp: 340/6609b lim: 128 exec/s: 15826 rss: 377Mb L: 13/74 MS: 1 EraseBytes-
#63922	REDUCE cov: 815 ft: 2159 corp: 340/6602b lim: 128 exec/s: 15980 rss: 378Mb L: 11/74 MS: 1 EraseBytes-
#63968	REDUCE cov: 815 ft: 2159 corp: 340/6600b lim: 128 exec/s: 15992 rss: 378Mb L: 11/74 MS: 1 EraseBytes-
#64124	REDUCE cov: 815 ft: 2159 corp: 340/6595b lim: 128 exec/s: 16031 rss: 378Mb L: 23/74 MS: 1 EraseBytes-
#64130	REDUCE cov: 815 ft: 2159 corp: 340/6592b lim: 128 exec/s: 16032 rss: 379Mb L: 12/74 MS: 1 EraseBytes-
#64261	REDUCE cov: 815 ft: 2159 corp: 340/6589b lim: 128 exec/s: 16065 rss: 379Mb L: 8/74 MS: 1 EraseBytes-
#64602	REDUCE cov: 815 ft: 2159 corp: 340/6585b lim: 128 exec/s: 16150 rss: 380Mb L: 15/74 MS: 1 EraseBytes-
#64708	REDUCE cov: 815 ft: 2159 corp: 340/6583b lim: 128 exec/s: 16177 rss: 380Mb L: 5/74 MS: 1 EraseBytes-
#65089	REDUCE cov: 815 ft: 2159 corp: 340/6582b lim: 128 exec/s: 16272 rss: 382Mb L: 15/74 MS: 1 EraseBytes-
#65110	REDUCE cov: 815 ft: 2159 corp: 340/6579b lim: 128 exec/s: 16277 rss: 382Mb L: 20/74 MS: 1 EraseBytes-
#65196	REDUCE cov: 815 ft: 2159 corp: 340/6577b lim: 128 exec/s: 16299 rss: 383Mb L: 10/74 MS: 1 EraseBytes-
#65257	REDUCE cov: 815 ft: 2159 corp: 340/6575b lim: 128 exec/s: 16314 rss: 384Mb L: 9/74 MS: 1 EraseBytes-
#65258	NEW    cov: 815 ft: 2160 corp: 341/6621b lim: 128 exec/s: 16314 rss: 384Mb L: 46/74 MS: 1 ChangeASCIIInt-
#65266	REDUCE cov: 815 ft: 2160 corp: 341/6607b lim: 128 exec/s: 16316 rss: 384Mb L: 37/74 MS: 3 CopyPart-ChangeBinInt-EraseBytes-
#65328	REDUCE cov: 815 ft: 2160 corp: 341/6605b lim: 128 exec/s: 16332 rss: 384Mb L: 7/74 MS: 2 ChangeASCIIInt-EraseBytes-
#65536	pulse  cov: 815 ft: 2160 corp: 341/6605b lim: 128 exec/s: 16384 rss: 385Mb
#66289	REDUCE cov: 815 ft: 2160 corp: 341/6603b lim: 135 exec/s: 16572 rss: 388Mb L: 48/74 MS: 1 EraseBytes-
#66305	REDUCE cov: 815 ft: 2161 corp: 342/6615b lim: 135 exec/s: 16576 rss: 388Mb L: 12/74 MS: 1 EraseBytes-
#66321	REDUCE cov: 817 ft: 2163 corp: 343/6640b lim: 135 exec/s: 16580 rss: 389Mb L: 25/74 MS: 1 InsertByte-
#66770	REDUCE cov: 817 ft: 2167 corp: 344/6772b lim: 135 exec/s: 16692 rss: 390Mb L: 132/132 MS: 4 ShuffleBytes-ChangeBit-PersAutoDict-InsertRepeatedBytes- DE: "moD"-
#67196	REDUCE cov: 817 ft: 2167 corp: 344/6768b lim: 135 exec/s: 16799 rss: 392Mb L: 8/132 MS: 1 EraseBytes-
#67410	REDUCE cov: 817 ft: 2168 corp: 345/6789b lim: 135 exec/s: 16852 rss: 392Mb L: 21/132 MS: 4 ShuffleBytes-ShuffleBytes-CopyPart-InsertByte-
#67756	REDUCE cov: 817 ft: 2168 corp: 345/6780b lim: 135 exec/s: 16939 rss: 392Mb L: 29/132 MS: 1 EraseBytes-
#68007	REDUCE cov: 817 ft: 2169 corp: 346/6792b lim: 135 exec/s: 17001 rss: 393Mb L: 12/132 MS: 1 ShuffleBytes-
#68473	REDUCE cov: 817 ft: 2169 corp: 346/6789b lim: 135 exec/s: 17118 rss: 395Mb L: 6/132 MS: 1 EraseBytes-
#68540	REDUCE cov: 817 ft: 2169 corp: 346/6788b lim: 135 exec/s: 17135 rss: 396Mb L: 23/132 MS: 2 ChangeASCIIInt-EraseBytes-
#68696	REDUCE cov: 817 ft: 2169 corp: 346/6787b lim: 135 exec/s: 17174 rss: 397Mb L: 6/132 MS: 1 EraseBytes-
#68727	REDUCE cov: 817 ft: 2171 corp: 347/6799b lim: 135 exec/s: 17181 rss: 397Mb L: 12/132 MS: 1 ChangeByte-
#68928	NEW    cov: 817 ft: 2172 corp: 348/6847b lim: 135 exec/s: 17232 rss: 397Mb L: 48/132 MS: 1 ChangeASCIIInt-
#68954	REDUCE cov: 817 ft: 2172 corp: 348/6845b lim: 135 exec/s: 17238 rss: 397Mb L: 22/132 MS: 1 EraseBytes-
#69010	REDUCE cov: 817 ft: 2172 corp: 348/6843b lim: 135 exec/s: 17252 rss: 398Mb L: 20/132 MS: 1 EraseBytes-
#69281	REDUCE cov: 817 ft: 2172 corp: 348/6841b lim: 135 exec/s: 17320 rss: 398Mb L: 10/132 MS: 1 EraseBytes-
#69287	REDUCE cov: 817 ft: 2172 corp: 348/6839b lim: 135 exec/s: 17321 rss: 398Mb L: 3/132 MS: 1 EraseBytes-
#69458	REDUCE cov: 817 ft: 2172 corp: 348/6838b lim: 135 exec/s: 17364 rss: 399Mb L: 51/132 MS: 1 EraseBytes-
#69460	REDUCE cov: 817 ft: 2172 corp: 348/6810b lim: 135 exec/s: 17365 rss: 399Mb L: 33/132 MS: 2 ChangeBinInt-EraseBytes-
#69586	REDUCE cov: 817 ft: 2172 corp: 348/6809b lim: 135 exec/s: 17396 rss: 400Mb L: 21/132 MS: 1 EraseBytes-
#69697	REDUCE cov: 817 ft: 2172 corp: 348/6808b lim: 135 exec/s: 17424 rss: 401Mb L: 11/132 MS: 1 EraseBytes-
#69978	REDUCE cov: 817 ft: 2172 corp: 348/6807b lim: 135 exec/s: 17494 rss: 402Mb L: 12/132 MS: 1 EraseBytes-
#70012	REDUCE cov: 817 ft: 2172 corp: 348/6803b lim: 135 exec/s: 17503 rss: 402Mb L: 10/132 MS: 4 ChangeByte-EraseBytes-EraseBytes-ShuffleBytes-
#70123	NEW    cov: 817 ft: 2174 corp: 349/6849b lim: 135 exec/s: 17530 rss: 403Mb L: 46/132 MS: 1 ChangeASCIIInt-
#70534	REDUCE cov: 817 ft: 2174 corp: 349/6842b lim: 135 exec/s: 17633 rss: 404Mb L: 61/132 MS: 1 EraseBytes-
#71715	REDUCE cov: 817 ft: 2174 corp: 349/6838b lim: 142 exec/s: 17928 rss: 408Mb L: 45/132 MS: 1 EraseBytes-
#72136	REDUCE cov: 818 ft: 2175 corp: 350/6899b lim: 142 exec/s: 18034 rss: 410Mb L: 61/132 MS: 1 ShuffleBytes-
#72192	REDUCE cov: 818 ft: 2175 corp: 350/6898b lim: 142 exec/s: 18048 rss: 410Mb L: 7/132 MS: 1 EraseBytes-
#72973	REDUCE cov: 818 ft: 2175 corp: 350/6894b lim: 149 exec/s: 14594 rss: 417Mb L: 16/132 MS: 1 EraseBytes-
#73545	REDUCE cov: 818 ft: 2175 corp: 350/6881b lim: 149 exec/s: 14709 rss: 419Mb L: 30/132 MS: 2 EraseBytes-CrossOver-
#73616	REDUCE cov: 818 ft: 2175 corp: 350/6876b lim: 149 exec/s: 14723 rss: 419Mb L: 19/132 MS: 1 EraseBytes-
#74312	REDUCE cov: 818 ft: 2175 corp: 350/6875b lim: 149 exec/s: 14862 rss: 422Mb L: 12/132 MS: 1 EraseBytes-
#74318	REDUCE cov: 818 ft: 2175 corp: 350/6874b lim: 149 exec/s: 14863 rss: 422Mb L: 8/132 MS: 1 EraseBytes-
#74361	REDUCE cov: 818 ft: 2175 corp: 350/6873b lim: 149 exec/s: 14872 rss: 423Mb L: 9/132 MS: 3 ShuffleBytes-ShuffleBytes-EraseBytes-
#74542	REDUCE cov: 818 ft: 2175 corp: 350/6861b lim: 149 exec/s: 14908 rss: 425Mb L: 34/132 MS: 1 EraseBytes-
#75068	REDUCE cov: 818 ft: 2175 corp: 350/6860b lim: 149 exec/s: 15013 rss: 427Mb L: 19/132 MS: 1 EraseBytes-
#75094	REDUCE cov: 818 ft: 2175 corp: 350/6859b lim: 149 exec/s: 15018 rss: 427Mb L: 15/132 MS: 1 EraseBytes-
#75215	REDUCE cov: 818 ft: 2175 corp: 350/6848b lim: 149 exec/s: 15043 rss: 428Mb L: 30/132 MS: 1 EraseBytes-
#75221	REDUCE cov: 818 ft: 2175 corp: 350/6826b lim: 149 exec/s: 15044 rss: 428Mb L: 39/132 MS: 1 EraseBytes-
#75767	REDUCE cov: 818 ft: 2175 corp: 350/6825b lim: 149 exec/s: 15153 rss: 429Mb L: 16/132 MS: 1 EraseBytes-
#76078	NEW    cov: 818 ft: 2176 corp: 351/6835b lim: 149 exec/s: 15215 rss: 430Mb L: 10/132 MS: 1 CopyPart-
#76254	REDUCE cov: 818 ft: 2176 corp: 351/6832b lim: 149 exec/s: 15250 rss: 431Mb L: 13/132 MS: 1 EraseBytes-
#76836	REDUCE cov: 818 ft: 2186 corp: 352/6973b lim: 149 exec/s: 15367 rss: 434Mb L: 141/141 MS: 2 InsertRepeatedBytes-CopyPart-
#77177	NEW    cov: 818 ft: 2188 corp: 353/6976b lim: 149 exec/s: 15435 rss: 434Mb L: 3/141 MS: 1 ChangeByte-
#77924	REDUCE cov: 818 ft: 2188 corp: 353/6964b lim: 156 exec/s: 15584 rss: 434Mb L: 49/141 MS: 2 InsertByte-EraseBytes-
#77990	REDUCE cov: 818 ft: 2188 corp: 353/6959b lim: 156 exec/s: 15598 rss: 434Mb L: 24/141 MS: 1 EraseBytes-
#78242	REDUCE cov: 818 ft: 2188 corp: 353/6958b lim: 156 exec/s: 15648 rss: 434Mb L: 18/141 MS: 2 CrossOver-EraseBytes-
#78454	REDUCE cov: 818 ft: 2188 corp: 353/6957b lim: 156 exec/s: 15690 rss: 434Mb L: 3/141 MS: 2 ChangeBit-EraseBytes-
#78711	REDUCE cov: 818 ft: 2188 corp: 353/6955b lim: 156 exec/s: 15742 rss: 434Mb L: 19/141 MS: 2 ChangeByte-EraseBytes-
#78727	NEW    cov: 818 ft: 2190 corp: 354/7033b lim: 156 exec/s: 15745 rss: 434Mb L: 78/141 MS: 1 CrossOver-
#78973	NEW    cov: 818 ft: 2191 corp: 355/7043b lim: 156 exec/s: 15794 rss: 434Mb L: 10/141 MS: 1 CrossOver-
#79405	REDUCE cov: 818 ft: 2191 corp: 355/7042b lim: 156 exec/s: 15881 rss: 434Mb L: 7/141 MS: 2 InsertByte-EraseBytes-
#79444	REDUCE cov: 818 ft: 2191 corp: 355/7041b lim: 156 exec/s: 15888 rss: 434Mb L: 11/141 MS: 4 ChangeASCIIInt-ChangeASCIIInt-CrossOver-EraseBytes-
#80000	REDUCE cov: 818 ft: 2191 corp: 355/7038b lim: 156 exec/s: 16000 rss: 434Mb L: 18/141 MS: 1 EraseBytes-
#80151	REDUCE cov: 818 ft: 2191 corp: 355/7037b lim: 156 exec/s: 16030 rss: 434Mb L: 10/141 MS: 1 EraseBytes-
#80292	REDUCE cov: 818 ft: 2191 corp: 355/7036b lim: 156 exec/s: 16058 rss: 434Mb L: 12/141 MS: 1 EraseBytes-
#80389	REDUCE cov: 818 ft: 2192 corp: 356/7053b lim: 156 exec/s: 16077 rss: 434Mb L: 17/141 MS: 2 EraseBytes-CrossOver-
#80720	REDUCE cov: 818 ft: 2192 corp: 356/7052b lim: 156 exec/s: 16144 rss: 434Mb L: 23/141 MS: 1 EraseBytes-
#81346	REDUCE cov: 818 ft: 2192 corp: 356/7049b lim: 156 exec/s: 16269 rss: 435Mb L: 22/141 MS: 1 EraseBytes-
#81449	NEW    cov: 818 ft: 2194 corp: 357/7098b lim: 156 exec/s: 16289 rss: 435Mb L: 49/141 MS: 3 CopyPart-ShuffleBytes-ChangeByte-
#81670	REDUCE cov: 818 ft: 2194 corp: 357/7097b lim: 156 exec/s: 16334 rss: 435Mb L: 20/141 MS: 1 EraseBytes-
#82212	REDUCE cov: 818 ft: 2194 corp: 357/7092b lim: 156 exec/s: 16442 rss: 435Mb L: 18/141 MS: 2 ChangeBit-EraseBytes-
#82249	REDUCE cov: 818 ft: 2194 corp: 357/7090b lim: 156 exec/s: 16449 rss: 435Mb L: 44/141 MS: 2 ShuffleBytes-EraseBytes-
#83945	REDUCE cov: 818 ft: 2194 corp: 357/7089b lim: 170 exec/s: 16789 rss: 436Mb L: 22/141 MS: 1 EraseBytes-
#83993	REDUCE cov: 818 ft: 2194 corp: 357/7087b lim: 170 exec/s: 16798 rss: 436Mb L: 30/141 MS: 3 ChangeByte-ChangeBinInt-EraseBytes-
#84144	REDUCE cov: 818 ft: 2194 corp: 357/7086b lim: 170 exec/s: 16828 rss: 436Mb L: 17/141 MS: 1 EraseBytes-
#84221	REDUCE cov: 818 ft: 2194 corp: 357/7085b lim: 170 exec/s: 16844 rss: 436Mb L: 18/141 MS: 2 ChangeASCIIInt-EraseBytes-
#84252	REDUCE cov: 818 ft: 2194 corp: 357/7081b lim: 170 exec/s: 16850 rss: 436Mb L: 13/141 MS: 1 EraseBytes-
#84988	REDUCE cov: 818 ft: 2194 corp: 357/7075b lim: 177 exec/s: 16997 rss: 437Mb L: 24/141 MS: 1 EraseBytes-
#85820	REDUCE cov: 818 ft: 2194 corp: 357/7073b lim: 184 exec/s: 17164 rss: 440Mb L: 15/141 MS: 2 ShuffleBytes-EraseBytes-
#85996	REDUCE cov: 818 ft: 2194 corp: 357/7072b lim: 184 exec/s: 17199 rss: 441Mb L: 11/141 MS: 1 EraseBytes-
#86257	REDUCE cov: 818 ft: 2194 corp: 357/7071b lim: 184 exec/s: 17251 rss: 441Mb L: 22/141 MS: 1 EraseBytes-
#86468	REDUCE cov: 818 ft: 2194 corp: 357/7064b lim: 184 exec/s: 17293 rss: 441Mb L: 25/141 MS: 1 EraseBytes-
#86664	REDUCE cov: 818 ft: 2194 corp: 357/7056b lim: 184 exec/s: 17332 rss: 441Mb L: 70/141 MS: 1 EraseBytes-
#86785	REDUCE cov: 818 ft: 2194 corp: 357/7055b lim: 184 exec/s: 17357 rss: 441Mb L: 18/141 MS: 1 EraseBytes-
#86982	REDUCE cov: 818 ft: 2194 corp: 357/7053b lim: 184 exec/s: 17396 rss: 441Mb L: 7/141 MS: 2 CopyPart-EraseBytes-
#87338	REDUCE cov: 818 ft: 2194 corp: 357/7048b lim: 184 exec/s: 17467 rss: 441Mb L: 36/141 MS: 1 EraseBytes-
#88429	REDUCE cov: 818 ft: 2194 corp: 357/7046b lim: 191 exec/s: 17685 rss: 442Mb L: 23/141 MS: 1 EraseBytes-
#88595	NEW    cov: 818 ft: 2195 corp: 358/7060b lim: 191 exec/s: 17719 rss: 442Mb L: 14/141 MS: 1 ChangeBit-
#88696	REDUCE cov: 818 ft: 2195 corp: 358/7052b lim: 191 exec/s: 17739 rss: 442Mb L: 23/141 MS: 1 EraseBytes-
#88727	REDUCE cov: 818 ft: 2195 corp: 358/7050b lim: 191 exec/s: 17745 rss: 442Mb L: 17/141 MS: 1 EraseBytes-
#89567	REDUCE cov: 818 ft: 2195 corp: 358/7046b lim: 198 exec/s: 14927 rss: 442Mb L: 29/141 MS: 5 ChangeASCIIInt-ChangeASCIIInt-PersAutoDict-EraseBytes-EraseBytes- DE: "\007\000"-
#90156	REDUCE cov: 818 ft: 2195 corp: 358/7042b lim: 198 exec/s: 15026 rss: 442Mb L: 25/141 MS: 4 PersAutoDict-ChangeByte-ChangeByte-EraseBytes- DE: "moD"-
#90592	REDUCE cov: 818 ft: 2195 corp: 358/7039b lim: 198 exec/s: 15098 rss: 442Mb L: 14/141 MS: 1 EraseBytes-
#91798	NEW    cov: 818 ft: 2197 corp: 359/7071b lim: 205 exec/s: 15299 rss: 442Mb L: 32/141 MS: 1 EraseBytes-
#92764	REDUCE cov: 818 ft: 2197 corp: 359/7066b lim: 212 exec/s: 15460 rss: 442Mb L: 19/141 MS: 1 EraseBytes-
#92820	REDUCE cov: 818 ft: 2197 corp: 359/7049b lim: 212 exec/s: 15470 rss: 442Mb L: 57/141 MS: 1 EraseBytes-
#93296	REDUCE cov: 818 ft: 2197 corp: 359/7041b lim: 212 exec/s: 15549 rss: 442Mb L: 23/141 MS: 1 EraseBytes-
#94027	REDUCE cov: 818 ft: 2197 corp: 359/7038b lim: 219 exec/s: 15671 rss: 442Mb L: 41/141 MS: 1 EraseBytes-
#94308	REDUCE cov: 818 ft: 2197 corp: 359/7037b lim: 219 exec/s: 15718 rss: 443Mb L: 11/141 MS: 1 EraseBytes-
#95284	REDUCE cov: 818 ft: 2197 corp: 359/7029b lim: 226 exec/s: 15880 rss: 443Mb L: 23/141 MS: 1 EraseBytes-
#95575	REDUCE cov: 818 ft: 2197 corp: 359/7027b lim: 226 exec/s: 15929 rss: 443Mb L: 4/141 MS: 1 EraseBytes-
#96152	REDUCE cov: 818 ft: 2197 corp: 359/7016b lim: 226 exec/s: 16025 rss: 443Mb L: 20/141 MS: 2 ChangeASCIIInt-EraseBytes-
#97039	REDUCE cov: 818 ft: 2197 corp: 359/7015b lim: 233 exec/s: 16173 rss: 443Mb L: 14/141 MS: 2 InsertByte-EraseBytes-
#97395	REDUCE cov: 818 ft: 2197 corp: 359/7011b lim: 233 exec/s: 16232 rss: 443Mb L: 41/141 MS: 1 EraseBytes-
#97461	REDUCE cov: 818 ft: 2197 corp: 359/7010b lim: 233 exec/s: 16243 rss: 443Mb L: 21/141 MS: 1 EraseBytes-
#97498	REDUCE cov: 818 ft: 2198 corp: 360/7080b lim: 233 exec/s: 16249 rss: 443Mb L: 70/141 MS: 2 ShuffleBytes-ChangeBinInt-
#98039	REDUCE cov: 818 ft: 2198 corp: 360/7075b lim: 233 exec/s: 16339 rss: 443Mb L: 41/141 MS: 1 EraseBytes-
#98260	REDUCE cov: 818 ft: 2198 corp: 360/7069b lim: 233 exec/s: 16376 rss: 443Mb L: 11/141 MS: 1 CrossOver-
#98332	REDUCE cov: 818 ft: 2198 corp: 360/7068b lim: 233 exec/s: 16388 rss: 443Mb L: 8/141 MS: 2 ChangeBit-EraseBytes-
#98610	REDUCE cov: 818 ft: 2198 corp: 360/7067b lim: 233 exec/s: 16435 rss: 443Mb L: 28/141 MS: 3 ChangeByte-ChangeASCIIInt-EraseBytes-
#99946	REDUCE cov: 818 ft: 2198 corp: 360/7066b lim: 240 exec/s: 16657 rss: 443Mb L: 8/141 MS: 1 EraseBytes-
#100307	NEW    cov: 818 ft: 2204 corp: 361/7121b lim: 240 exec/s: 16717 rss: 443Mb L: 55/141 MS: 1 EraseBytes-
#100538	REDUCE cov: 818 ft: 2204 corp: 361/7117b lim: 240 exec/s: 16756 rss: 444Mb L: 9/141 MS: 1 EraseBytes-
#101149	REDUCE cov: 818 ft: 2204 corp: 361/7115b lim: 240 exec/s: 16858 rss: 444Mb L: 16/141 MS: 1 EraseBytes-
#101775	REDUCE cov: 818 ft: 2209 corp: 362/7150b lim: 240 exec/s: 16962 rss: 444Mb L: 35/141 MS: 1 CrossOver-
#102467	REDUCE cov: 818 ft: 2209 corp: 362/7144b lim: 240 exec/s: 17077 rss: 444Mb L: 17/141 MS: 2 ChangeASCIIInt-EraseBytes-
#102648	REDUCE cov: 818 ft: 2209 corp: 362/7136b lim: 240 exec/s: 17108 rss: 444Mb L: 23/141 MS: 1 EraseBytes-
#103124	NEW    cov: 818 ft: 2211 corp: 363/7184b lim: 240 exec/s: 17187 rss: 444Mb L: 48/141 MS: 1 ChangeBinInt-
#103285	REDUCE cov: 818 ft: 2211 corp: 363/7183b lim: 240 exec/s: 17214 rss: 444Mb L: 6/141 MS: 1 EraseBytes-
#104272	REDUCE cov: 818 ft: 2211 corp: 363/7169b lim: 247 exec/s: 17378 rss: 444Mb L: 16/141 MS: 2 ChangeBinInt-EraseBytes-
#104333	REDUCE cov: 818 ft: 2211 corp: 363/7168b lim: 247 exec/s: 17388 rss: 444Mb L: 13/141 MS: 1 EraseBytes-
#105134	REDUCE cov: 818 ft: 2211 corp: 363/7161b lim: 254 exec/s: 17522 rss: 446Mb L: 10/141 MS: 1 EraseBytes-
#106235	REDUCE cov: 818 ft: 2211 corp: 363/7158b lim: 261 exec/s: 15176 rss: 448Mb L: 3/141 MS: 1 EraseBytes-
#106467	REDUCE cov: 818 ft: 2211 corp: 363/7152b lim: 261 exec/s: 15209 rss: 448Mb L: 33/141 MS: 2 PersAutoDict-EraseBytes- DE: "union"-
#106639	REDUCE cov: 818 ft: 2211 corp: 363/7151b lim: 261 exec/s: 15234 rss: 448Mb L: 33/141 MS: 2 ChangeASCIIInt-EraseBytes-
#106672	REDUCE cov: 818 ft: 2211 corp: 363/7149b lim: 261 exec/s: 15238 rss: 448Mb L: 12/141 MS: 3 EraseBytes-EraseBytes-CopyPart-
#106833	REDUCE cov: 818 ft: 2211 corp: 363/7148b lim: 261 exec/s: 15261 rss: 449Mb L: 47/141 MS: 1 EraseBytes-
#107220	REDUCE cov: 818 ft: 2211 corp: 363/7146b lim: 261 exec/s: 15317 rss: 449Mb L: 8/141 MS: 2 ChangeBinInt-EraseBytes-
#108216	REDUCE cov: 818 ft: 2211 corp: 363/7138b lim: 269 exec/s: 15459 rss: 449Mb L: 54/141 MS: 1 EraseBytes-
#108323	REDUCE cov: 818 ft: 2211 corp: 363/7136b lim: 269 exec/s: 15474 rss: 449Mb L: 11/141 MS: 2 ChangeASCIIInt-EraseBytes-
#108780	REDUCE cov: 818 ft: 2211 corp: 363/7135b lim: 269 exec/s: 15540 rss: 449Mb L: 19/141 MS: 2 ChangeBinInt-EraseBytes-
#109096	REDUCE cov: 818 ft: 2211 corp: 363/7134b lim: 269 exec/s: 15585 rss: 449Mb L: 47/141 MS: 1 EraseBytes-
#109221	REDUCE cov: 818 ft: 2216 corp: 364/7363b lim: 269 exec/s: 15603 rss: 449Mb L: 229/229 MS: 5 InsertRepeatedBytes-EraseBytes-InsertByte-ChangeBit-InsertRepeatedBytes-
#109732	REDUCE cov: 818 ft: 2216 corp: 364/7362b lim: 269 exec/s: 15676 rss: 449Mb L: 18/229 MS: 1 EraseBytes-
#109783	REDUCE cov: 818 ft: 2216 corp: 364/7345b lim: 269 exec/s: 15683 rss: 449Mb L: 21/229 MS: 1 EraseBytes-
#110064	REDUCE cov: 818 ft: 2216 corp: 364/7343b lim: 269 exec/s: 15723 rss: 449Mb L: 12/229 MS: 1 EraseBytes-
#110131	REDUCE cov: 818 ft: 2216 corp: 364/7326b lim: 269 exec/s: 15733 rss: 449Mb L: 50/229 MS: 2 ShuffleBytes-EraseBytes-
#111412	REDUCE cov: 818 ft: 2216 corp: 364/7318b lim: 277 exec/s: 15916 rss: 449Mb L: 22/229 MS: 1 EraseBytes-
#111828	REDUCE cov: 818 ft: 2216 corp: 364/7316b lim: 277 exec/s: 15975 rss: 449Mb L: 15/229 MS: 1 EraseBytes-
#112299	REDUCE cov: 818 ft: 2216 corp: 364/7311b lim: 277 exec/s: 16042 rss: 449Mb L: 28/229 MS: 1 EraseBytes-
#112856	REDUCE cov: 818 ft: 2216 corp: 364/7310b lim: 277 exec/s: 16122 rss: 449Mb L: 5/229 MS: 2 CopyPart-EraseBytes-
#113287	NEW    cov: 818 ft: 2218 corp: 365/7324b lim: 277 exec/s: 16183 rss: 449Mb L: 14/229 MS: 1 ChangeBit-
#113328	REDUCE cov: 818 ft: 2218 corp: 365/7322b lim: 277 exec/s: 16189 rss: 449Mb L: 18/229 MS: 1 EraseBytes-
#114219	REDUCE cov: 818 ft: 2218 corp: 365/7320b lim: 285 exec/s: 16317 rss: 449Mb L: 13/229 MS: 1 EraseBytes-
#117045	REDUCE cov: 818 ft: 2218 corp: 365/7319b lim: 309 exec/s: 16720 rss: 454Mb L: 48/229 MS: 1 EraseBytes-
#117932	REDUCE cov: 818 ft: 2218 corp: 365/7316b lim: 317 exec/s: 16847 rss: 454Mb L: 32/229 MS: 2 ChangeByte-EraseBytes-
#118473	REDUCE cov: 818 ft: 2218 corp: 365/7312b lim: 317 exec/s: 16924 rss: 454Mb L: 18/229 MS: 1 EraseBytes-
#118654	REDUCE cov: 818 ft: 2218 corp: 365/7304b lim: 317 exec/s: 16950 rss: 454Mb L: 65/229 MS: 1 EraseBytes-
#118825	REDUCE cov: 818 ft: 2219 corp: 366/7374b lim: 317 exec/s: 16975 rss: 454Mb L: 70/229 MS: 1 ChangeByte-
#118893	REDUCE cov: 818 ft: 2219 corp: 366/7373b lim: 317 exec/s: 16984 rss: 454Mb L: 24/229 MS: 3 CrossOver-PersAutoDict-EraseBytes- DE: "ahcq"-
#119079	REDUCE cov: 818 ft: 2219 corp: 366/7369b lim: 317 exec/s: 17011 rss: 454Mb L: 6/229 MS: 1 EraseBytes-
#119870	REDUCE cov: 818 ft: 2219 corp: 366/7368b lim: 317 exec/s: 17124 rss: 454Mb L: 9/229 MS: 1 EraseBytes-
#120021	NEW    cov: 818 ft: 2221 corp: 367/7414b lim: 317 exec/s: 17145 rss: 454Mb L: 46/229 MS: 1 ShuffleBytes-
#120237	NEW    cov: 818 ft: 2222 corp: 368/7433b lim: 317 exec/s: 17176 rss: 454Mb L: 19/229 MS: 1 EraseBytes-
#120404	REDUCE cov: 818 ft: 2222 corp: 368/7432b lim: 317 exec/s: 17200 rss: 454Mb L: 6/229 MS: 2 CopyPart-EraseBytes-
#120565	REDUCE cov: 818 ft: 2222 corp: 368/7430b lim: 317 exec/s: 15070 rss: 454Mb L: 12/229 MS: 1 EraseBytes-
#120786	NEW    cov: 818 ft: 2224 corp: 369/7475b lim: 317 exec/s: 15098 rss: 454Mb L: 45/229 MS: 1 CopyPart-
#121477	NEW    cov: 818 ft: 2226 corp: 370/7485b lim: 317 exec/s: 15184 rss: 454Mb L: 10/229 MS: 1 ShuffleBytes-
#121738	REDUCE cov: 818 ft: 2226 corp: 370/7476b lim: 317 exec/s: 15217 rss: 454Mb L: 24/229 MS: 1 EraseBytes-
#121795	REDUCE cov: 818 ft: 2226 corp: 370/7471b lim: 317 exec/s: 15224 rss: 454Mb L: 10/229 MS: 2 CrossOver-EraseBytes-
#122041	REDUCE cov: 818 ft: 2226 corp: 370/7468b lim: 317 exec/s: 15255 rss: 455Mb L: 27/229 MS: 1 EraseBytes-
#122542	REDUCE cov: 818 ft: 2226 corp: 370/7456b lim: 317 exec/s: 15317 rss: 455Mb L: 58/229 MS: 1 EraseBytes-
#123651	REDUCE cov: 818 ft: 2226 corp: 370/7455b lim: 325 exec/s: 15456 rss: 455Mb L: 5/229 MS: 4 CopyPart-ShuffleBytes-ShuffleBytes-EraseBytes-
#123932	REDUCE cov: 818 ft: 2226 corp: 370/7441b lim: 325 exec/s: 15491 rss: 455Mb L: 20/229 MS: 1 EraseBytes-
#124004	REDUCE cov: 818 ft: 2226 corp: 370/7440b lim: 325 exec/s: 15500 rss: 455Mb L: 17/229 MS: 2 ChangeASCIIInt-EraseBytes-
#124165	REDUCE cov: 818 ft: 2226 corp: 370/7436b lim: 325 exec/s: 15520 rss: 455Mb L: 6/229 MS: 1 EraseBytes-
#124526	REDUCE cov: 818 ft: 2226 corp: 370/7435b lim: 325 exec/s: 15565 rss: 455Mb L: 8/229 MS: 1 EraseBytes-
#124573	REDUCE cov: 818 ft: 2227 corp: 371/7441b lim: 325 exec/s: 15571 rss: 455Mb L: 6/229 MS: 2 EraseBytes-CopyPart-
#124600	REDUCE cov: 818 ft: 2227 corp: 371/7440b lim: 325 exec/s: 15575 rss: 455Mb L: 9/229 MS: 2 ShuffleBytes-EraseBytes-
#124926	REDUCE cov: 818 ft: 2227 corp: 371/7437b lim: 325 exec/s: 15615 rss: 455Mb L: 16/229 MS: 1 EraseBytes-
#125378	REDUCE cov: 818 ft: 2229 corp: 372/7558b lim: 325 exec/s: 15672 rss: 455Mb L: 121/229 MS: 2 EraseBytes-InsertRepeatedBytes-
#125681	REDUCE cov: 818 ft: 2229 corp: 372/7551b lim: 325 exec/s: 15710 rss: 455Mb L: 25/229 MS: 3 CMP-CrossOver-EraseBytes- DE: "\376\377\377\377"-
#126412	REDUCE cov: 818 ft: 2229 corp: 372/7549b lim: 325 exec/s: 15801 rss: 455Mb L: 31/229 MS: 1 EraseBytes-
#126603	REDUCE cov: 818 ft: 2229 corp: 372/7547b lim: 325 exec/s: 15825 rss: 455Mb L: 21/229 MS: 1 EraseBytes-
#126849	REDUCE cov: 818 ft: 2229 corp: 372/7542b lim: 325 exec/s: 15856 rss: 455Mb L: 53/229 MS: 1 EraseBytes-
#126905	REDUCE cov: 818 ft: 2229 corp: 372/7540b lim: 325 exec/s: 15863 rss: 455Mb L: 15/229 MS: 1 EraseBytes-
#126967	REDUCE cov: 818 ft: 2229 corp: 372/7539b lim: 325 exec/s: 15870 rss: 455Mb L: 4/229 MS: 2 EraseBytes-InsertByte-
#127478	REDUCE cov: 818 ft: 2229 corp: 372/7538b lim: 325 exec/s: 15934 rss: 455Mb L: 7/229 MS: 1 EraseBytes-
#127944	REDUCE cov: 818 ft: 2229 corp: 372/7536b lim: 325 exec/s: 15993 rss: 455Mb L: 15/229 MS: 1 EraseBytes-
#128435	NEW    cov: 818 ft: 2231 corp: 373/7591b lim: 325 exec/s: 16054 rss: 455Mb L: 55/229 MS: 1 ChangeASCIIInt-
#128552	REDUCE cov: 818 ft: 2231 corp: 373/7574b lim: 325 exec/s: 16069 rss: 455Mb L: 212/212 MS: 2 ChangeASCIIInt-EraseBytes-
#128878	REDUCE cov: 818 ft: 2231 corp: 373/7573b lim: 325 exec/s: 16109 rss: 455Mb L: 8/212 MS: 1 EraseBytes-
#128909	NEW    cov: 818 ft: 2232 corp: 374/7622b lim: 325 exec/s: 16113 rss: 455Mb L: 49/212 MS: 1 EraseBytes-
#130110	REDUCE cov: 818 ft: 2232 corp: 374/7621b lim: 333 exec/s: 16263 rss: 458Mb L: 5/212 MS: 1 EraseBytes-
#130526	REDUCE cov: 818 ft: 2232 corp: 374/7620b lim: 333 exec/s: 16315 rss: 458Mb L: 14/212 MS: 1 EraseBytes-
#130820	REDUCE cov: 818 ft: 2232 corp: 374/7619b lim: 333 exec/s: 16352 rss: 458Mb L: 17/212 MS: 4 ChangeBinInt-ShuffleBytes-EraseBytes-CopyPart-
#131072	pulse  cov: 818 ft: 2232 corp: 374/7619b lim: 333 exec/s: 16384 rss: 458Mb
#131151	REDUCE cov: 818 ft: 2232 corp: 374/7618b lim: 333 exec/s: 16393 rss: 458Mb L: 9/212 MS: 1 EraseBytes-
#131497	REDUCE cov: 818 ft: 2232 corp: 374/7617b lim: 333 exec/s: 16437 rss: 458Mb L: 15/212 MS: 1 EraseBytes-
#131751	REDUCE cov: 818 ft: 2232 corp: 374/7614b lim: 333 exec/s: 16468 rss: 458Mb L: 18/212 MS: 2 ChangeASCIIInt-EraseBytes-
#131867	REDUCE cov: 818 ft: 2232 corp: 374/7612b lim: 333 exec/s: 16483 rss: 458Mb L: 15/212 MS: 1 EraseBytes-
#132359	REDUCE cov: 818 ft: 2232 corp: 374/7603b lim: 333 exec/s: 16544 rss: 458Mb L: 19/212 MS: 2 CopyPart-EraseBytes-
#132505	REDUCE cov: 818 ft: 2232 corp: 374/7600b lim: 333 exec/s: 16563 rss: 458Mb L: 12/212 MS: 1 EraseBytes-
#133606	NEW    cov: 818 ft: 2234 corp: 375/7741b lim: 341 exec/s: 16700 rss: 458Mb L: 141/212 MS: 1 CopyPart-
#134149	REDUCE cov: 818 ft: 2234 corp: 375/7740b lim: 341 exec/s: 16768 rss: 458Mb L: 3/212 MS: 3 CopyPart-ChangeBit-EraseBytes-
#135430	REDUCE cov: 818 ft: 2234 corp: 375/7736b lim: 349 exec/s: 16928 rss: 458Mb L: 11/212 MS: 1 EraseBytes-
#137376	REDUCE cov: 818 ft: 2234 corp: 375/7734b lim: 365 exec/s: 15264 rss: 458Mb L: 14/212 MS: 1 EraseBytes-
#137703	REDUCE cov: 818 ft: 2234 corp: 375/7733b lim: 365 exec/s: 15300 rss: 458Mb L: 36/212 MS: 2 ChangeBit-EraseBytes-
#138075	REDUCE cov: 818 ft: 2234 corp: 375/7727b lim: 365 exec/s: 15341 rss: 458Mb L: 7/212 MS: 2 InsertByte-EraseBytes-
#139046	REDUCE cov: 818 ft: 2234 corp: 375/7726b lim: 373 exec/s: 15449 rss: 459Mb L: 13/212 MS: 1 EraseBytes-
#139304	REDUCE cov: 818 ft: 2234 corp: 375/7718b lim: 373 exec/s: 15478 rss: 459Mb L: 16/212 MS: 3 ChangeBinInt-ChangeBinInt-EraseBytes-
#139332	REDUCE cov: 818 ft: 2234 corp: 375/7717b lim: 373 exec/s: 15481 rss: 459Mb L: 7/212 MS: 3 ChangeBit-ChangeASCIIInt-EraseBytes-
#139400	REDUCE cov: 818 ft: 2234 corp: 375/7716b lim: 373 exec/s: 15488 rss: 459Mb L: 11/212 MS: 3 ChangeASCIIInt-ChangeASCIIInt-EraseBytes-
#139919	REDUCE cov: 818 ft: 2234 corp: 375/7714b lim: 373 exec/s: 15546 rss: 459Mb L: 46/212 MS: 4 ChangeBit-ChangeByte-ChangeBit-EraseBytes-
#139980	REDUCE cov: 818 ft: 2234 corp: 375/7703b lim: 373 exec/s: 15553 rss: 459Mb L: 35/212 MS: 1 EraseBytes-
#140211	REDUCE cov: 818 ft: 2234 corp: 375/7702b lim: 373 exec/s: 15579 rss: 459Mb L: 22/212 MS: 1 EraseBytes-
#140982	NEW    cov: 818 ft: 2236 corp: 376/7757b lim: 373 exec/s: 15664 rss: 459Mb L: 55/212 MS: 1 ChangeASCIIInt-
#141078	REDUCE cov: 818 ft: 2236 corp: 376/7718b lim: 373 exec/s: 15675 rss: 459Mb L: 82/212 MS: 1 EraseBytes-
#141099	REDUCE cov: 818 ft: 2236 corp: 376/7717b lim: 373 exec/s: 15677 rss: 459Mb L: 18/212 MS: 1 EraseBytes-
#141235	REDUCE cov: 818 ft: 2236 corp: 376/7710b lim: 373 exec/s: 15692 rss: 459Mb L: 75/212 MS: 1 EraseBytes-
#141731	REDUCE cov: 818 ft: 2236 corp: 376/7708b lim: 373 exec/s: 15747 rss: 459Mb L: 7/212 MS: 1 EraseBytes-
#141782	REDUCE cov: 818 ft: 2236 corp: 376/7707b lim: 373 exec/s: 15753 rss: 459Mb L: 10/212 MS: 1 EraseBytes-
#143368	REDUCE cov: 818 ft: 2236 corp: 376/7679b lim: 381 exec/s: 15929 rss: 459Mb L: 47/212 MS: 1 EraseBytes-
#143394	REDUCE cov: 818 ft: 2236 corp: 376/7678b lim: 381 exec/s: 15932 rss: 459Mb L: 28/212 MS: 1 EraseBytes-
#144025	REDUCE cov: 818 ft: 2236 corp: 376/7671b lim: 381 exec/s: 16002 rss: 459Mb L: 8/212 MS: 1 EraseBytes-
#144566	REDUCE cov: 818 ft: 2236 corp: 376/7660b lim: 381 exec/s: 16062 rss: 461Mb L: 36/212 MS: 1 EraseBytes-
#144897	REDUCE cov: 818 ft: 2236 corp: 376/7658b lim: 381 exec/s: 16099 rss: 462Mb L: 15/212 MS: 1 EraseBytes-
#145058	REDUCE cov: 818 ft: 2236 corp: 376/7657b lim: 381 exec/s: 16117 rss: 462Mb L: 55/212 MS: 1 EraseBytes-
#145304	REDUCE cov: 818 ft: 2236 corp: 376/7650b lim: 381 exec/s: 16144 rss: 462Mb L: 13/212 MS: 1 EraseBytes-
#146070	REDUCE cov: 818 ft: 2236 corp: 376/7643b lim: 381 exec/s: 16230 rss: 463Mb L: 34/212 MS: 1 EraseBytes-
#146871	REDUCE cov: 818 ft: 2236 corp: 376/7642b lim: 381 exec/s: 16319 rss: 463Mb L: 7/212 MS: 1 EraseBytes-
#147064	REDUCE cov: 818 ft: 2237 corp: 377/7751b lim: 381 exec/s: 16340 rss: 463Mb L: 109/212 MS: 3 InsertByte-CMP-InsertRepeatedBytes- DE: "union"-
#147305	REDUCE cov: 818 ft: 2237 corp: 377/7747b lim: 381 exec/s: 16367 rss: 463Mb L: 8/212 MS: 1 EraseBytes-
#148164	REDUCE cov: 818 ft: 2237 corp: 377/7744b lim: 389 exec/s: 16462 rss: 463Mb L: 21/212 MS: 4 ChangeASCIIInt-ChangeASCIIInt-ShuffleBytes-EraseBytes-
#148611	NEW    cov: 818 ft: 2238 corp: 378/7814b lim: 389 exec/s: 16512 rss: 463Mb L: 70/212 MS: 2 ChangeByte-CopyPart-
#148894	REDUCE cov: 818 ft: 2238 corp: 378/7812b lim: 389 exec/s: 16543 rss: 463Mb L: 15/212 MS: 3 CrossOver-PersAutoDict-EraseBytes- DE: "union"-
#149185	NEW    cov: 818 ft: 2248 corp: 379/7858b lim: 389 exec/s: 16576 rss: 463Mb L: 46/212 MS: 1 ChangeBinInt-
#149497	REDUCE cov: 818 ft: 2248 corp: 379/7814b lim: 389 exec/s: 14949 rss: 463Mb L: 65/212 MS: 2 InsertByte-EraseBytes-
#149729	REDUCE cov: 818 ft: 2248 corp: 379/7813b lim: 389 exec/s: 14972 rss: 463Mb L: 7/212 MS: 2 ChangeByte-EraseBytes-
#149863	REDUCE cov: 818 ft: 2248 corp: 379/7790b lim: 389 exec/s: 14986 rss: 463Mb L: 42/212 MS: 4 PersAutoDict-ChangeByte-InsertByte-EraseBytes- DE: "ahcq"-
#151209	REDUCE cov: 818 ft: 2248 corp: 379/7776b lim: 397 exec/s: 15120 rss: 463Mb L: 56/212 MS: 1 EraseBytes-
#152257	REDUCE cov: 818 ft: 2248 corp: 379/7775b lim: 405 exec/s: 15225 rss: 463Mb L: 48/212 MS: 3 ChangeASCIIInt-ChangeByte-EraseBytes-
#152318	REDUCE cov: 818 ft: 2248 corp: 379/7773b lim: 405 exec/s: 15231 rss: 463Mb L: 9/212 MS: 1 EraseBytes-
#152635	REDUCE cov: 818 ft: 2248 corp: 379/7772b lim: 405 exec/s: 15263 rss: 463Mb L: 9/212 MS: 2 ChangeASCIIInt-EraseBytes-
#152659	REDUCE cov: 818 ft: 2248 corp: 379/7769b lim: 405 exec/s: 15265 rss: 463Mb L: 13/212 MS: 4 CopyPart-ChangeBinInt-ChangeBit-EraseBytes-
#153240	REDUCE cov: 818 ft: 2248 corp: 379/7767b lim: 405 exec/s: 15324 rss: 465Mb L: 13/212 MS: 1 EraseBytes-
#153251	REDUCE cov: 818 ft: 2248 corp: 379/7763b lim: 405 exec/s: 15325 rss: 465Mb L: 19/212 MS: 1 EraseBytes-
#153468	REDUCE cov: 818 ft: 2248 corp: 379/7762b lim: 405 exec/s: 15346 rss: 465Mb L: 14/212 MS: 2 ChangeASCIIInt-EraseBytes-
#153575	REDUCE cov: 818 ft: 2248 corp: 379/7755b lim: 405 exec/s: 15357 rss: 465Mb L: 11/212 MS: 2 ChangeBit-EraseBytes-
#153796	REDUCE cov: 818 ft: 2248 corp: 379/7747b lim: 405 exec/s: 15379 rss: 465Mb L: 40/212 MS: 1 EraseBytes-
#155032	NEW    cov: 818 ft: 2250 corp: 380/7792b lim: 413 exec/s: 15503 rss: 465Mb L: 45/212 MS: 1 EraseBytes-
#155098	REDUCE cov: 818 ft: 2250 corp: 380/7789b lim: 413 exec/s: 15509 rss: 465Mb L: 9/212 MS: 1 EraseBytes-
#155129	REDUCE cov: 818 ft: 2250 corp: 380/7788b lim: 413 exec/s: 15512 rss: 465Mb L: 6/212 MS: 1 EraseBytes-
#157481	REDUCE cov: 818 ft: 2250 corp: 380/7774b lim: 429 exec/s: 15748 rss: 465Mb L: 46/212 MS: 2 CMP-EraseBytes- DE: "\000\000\000\007"-
#157717	REDUCE cov: 818 ft: 2250 corp: 380/7770b lim: 429 exec/s: 15771 rss: 465Mb L: 30/212 MS: 1 EraseBytes-
#157788	REDUCE cov: 818 ft: 2250 corp: 380/7768b lim: 429 exec/s: 15778 rss: 465Mb L: 210/210 MS: 1 EraseBytes-
#157904	REDUCE cov: 818 ft: 2250 corp: 380/7767b lim: 429 exec/s: 15790 rss: 465Mb L: 22/210 MS: 1 EraseBytes-
#158105	REDUCE cov: 818 ft: 2250 corp: 380/7760b lim: 429 exec/s: 15810 rss: 465Mb L: 46/210 MS: 1 EraseBytes-
#158161	REDUCE cov: 818 ft: 2250 corp: 380/7759b lim: 429 exec/s: 15816 rss: 465Mb L: 45/210 MS: 1 EraseBytes-
#158253	REDUCE cov: 818 ft: 2250 corp: 380/7757b lim: 429 exec/s: 15825 rss: 465Mb L: 11/210 MS: 2 InsertByte-EraseBytes-
#158659	REDUCE cov: 818 ft: 2250 corp: 380/7756b lim: 429 exec/s: 15865 rss: 465Mb L: 21/210 MS: 1 EraseBytes-
#158726	REDUCE cov: 818 ft: 2250 corp: 380/7755b lim: 429 exec/s: 15872 rss: 465Mb L: 17/210 MS: 2 ShuffleBytes-EraseBytes-
#158783	REDUCE cov: 818 ft: 2250 corp: 380/7753b lim: 429 exec/s: 15878 rss: 465Mb L: 22/210 MS: 2 ChangeBit-EraseBytes-
#159714	REDUCE cov: 818 ft: 2250 corp: 380/7752b lim: 437 exec/s: 15971 rss: 465Mb L: 7/210 MS: 1 EraseBytes-
#160205	REDUCE cov: 818 ft: 2250 corp: 380/7749b lim: 437 exec/s: 16020 rss: 465Mb L: 19/210 MS: 1 EraseBytes-
#160376	REDUCE cov: 818 ft: 2250 corp: 380/7745b lim: 437 exec/s: 16037 rss: 465Mb L: 38/210 MS: 1 EraseBytes-
#160468	REDUCE cov: 818 ft: 2250 corp: 380/7735b lim: 437 exec/s: 16046 rss: 465Mb L: 7/210 MS: 2 EraseBytes-EraseBytes-
#161174	REDUCE cov: 818 ft: 2250 corp: 380/7734b lim: 437 exec/s: 16117 rss: 465Mb L: 16/210 MS: 1 EraseBytes-
#161995	REDUCE cov: 818 ft: 2250 corp: 380/7733b lim: 445 exec/s: 16199 rss: 465Mb L: 26/210 MS: 1 EraseBytes-
#162141	REDUCE cov: 818 ft: 2250 corp: 380/7732b lim: 445 exec/s: 16214 rss: 465Mb L: 27/210 MS: 1 EraseBytes-
#162877	NEW    cov: 818 ft: 2251 corp: 381/7787b lim: 445 exec/s: 16287 rss: 465Mb L: 55/210 MS: 1 ShuffleBytes-
#163508	REDUCE cov: 818 ft: 2252 corp: 382/7798b lim: 445 exec/s: 16350 rss: 465Mb L: 11/210 MS: 1 CrossOver-
#163555	REDUCE cov: 818 ft: 2252 corp: 382/7796b lim: 445 exec/s: 16355 rss: 465Mb L: 16/210 MS: 2 CopyPart-EraseBytes-
#163656	NEW    cov: 818 ft: 2258 corp: 383/7841b lim: 445 exec/s: 14877 rss: 465Mb L: 45/210 MS: 1 ChangeASCIIInt-
#164537	NEW    cov: 818 ft: 2264 corp: 384/7947b lim: 453 exec/s: 14957 rss: 465Mb L: 106/210 MS: 1 InsertRepeatedBytes-
#165148	REDUCE cov: 818 ft: 2264 corp: 384/7944b lim: 453 exec/s: 15013 rss: 465Mb L: 8/210 MS: 1 EraseBytes-
#165319	REDUCE cov: 818 ft: 2264 corp: 384/7935b lim: 453 exec/s: 15029 rss: 465Mb L: 14/210 MS: 1 EraseBytes-
#165365	REDUCE cov: 818 ft: 2264 corp: 384/7934b lim: 453 exec/s: 15033 rss: 465Mb L: 7/210 MS: 1 EraseBytes-
#165996	NEW    cov: 818 ft: 2268 corp: 385/7989b lim: 453 exec/s: 15090 rss: 465Mb L: 55/210 MS: 1 ChangeASCIIInt-
#166327	REDUCE cov: 818 ft: 2268 corp: 385/7987b lim: 453 exec/s: 15120 rss: 465Mb L: 31/210 MS: 1 EraseBytes-
#167512	REDUCE cov: 818 ft: 2268 corp: 385/7975b lim: 461 exec/s: 15228 rss: 465Mb L: 26/210 MS: 5 ChangeBit-InsertByte-CrossOver-CopyPart-EraseBytes-
#168609	REDUCE cov: 818 ft: 2268 corp: 385/7972b lim: 469 exec/s: 15328 rss: 465Mb L: 12/210 MS: 2 CopyPart-EraseBytes-
#169221	REDUCE cov: 818 ft: 2268 corp: 385/7971b lim: 469 exec/s: 15383 rss: 465Mb L: 13/210 MS: 2 EraseBytes-CopyPart-
#169432	REDUCE cov: 818 ft: 2268 corp: 385/7968b lim: 469 exec/s: 15402 rss: 465Mb L: 26/210 MS: 1 EraseBytes-
#169529	REDUCE cov: 818 ft: 2268 corp: 385/7967b lim: 469 exec/s: 15411 rss: 465Mb L: 21/210 MS: 2 ChangeBit-EraseBytes-
#170415	REDUCE cov: 818 ft: 2268 corp: 385/7964b lim: 477 exec/s: 15492 rss: 465Mb L: 32/210 MS: 1 EraseBytes-
#171606	REDUCE cov: 818 ft: 2268 corp: 385/7962b lim: 485 exec/s: 15600 rss: 465Mb L: 9/210 MS: 1 EraseBytes-
#171869	REDUCE cov: 818 ft: 2268 corp: 385/7961b lim: 485 exec/s: 15624 rss: 465Mb L: 13/210 MS: 3 ShuffleBytes-CrossOver-EraseBytes-
#172070	REDUCE cov: 818 ft: 2268 corp: 385/7956b lim: 485 exec/s: 15642 rss: 465Mb L: 19/210 MS: 1 EraseBytes-
#172401	REDUCE cov: 818 ft: 2268 corp: 385/7955b lim: 485 exec/s: 15672 rss: 465Mb L: 25/210 MS: 1 EraseBytes-
#172688	REDUCE cov: 818 ft: 2268 corp: 385/7954b lim: 485 exec/s: 15698 rss: 465Mb L: 12/210 MS: 2 ChangeByte-EraseBytes-
#172849	REDUCE cov: 818 ft: 2268 corp: 385/7951b lim: 485 exec/s: 15713 rss: 465Mb L: 60/210 MS: 1 EraseBytes-
#173390	REDUCE cov: 818 ft: 2268 corp: 385/7944b lim: 485 exec/s: 15762 rss: 465Mb L: 8/210 MS: 1 EraseBytes-
#174866	REDUCE cov: 818 ft: 2269 corp: 386/7986b lim: 493 exec/s: 15896 rss: 465Mb L: 42/210 MS: 1 CopyPart-
#175072	REDUCE cov: 818 ft: 2269 corp: 386/7985b lim: 493 exec/s: 15915 rss: 465Mb L: 6/210 MS: 1 EraseBytes-
#175424	NEW    cov: 818 ft: 2271 corp: 387/8027b lim: 493 exec/s: 15947 rss: 465Mb L: 42/210 MS: 2 ShuffleBytes-ChangeByte-
#176270	REDUCE cov: 818 ft: 2271 corp: 387/8026b lim: 501 exec/s: 16024 rss: 465Mb L: 20/210 MS: 1 EraseBytes-
#176286	REDUCE cov: 818 ft: 2271 corp: 387/8025b lim: 501 exec/s: 16026 rss: 465Mb L: 5/210 MS: 1 EraseBytes-
#176853	REDUCE cov: 818 ft: 2271 corp: 387/8024b lim: 501 exec/s: 16077 rss: 465Mb L: 20/210 MS: 2 ChangeByte-EraseBytes-
#177005	REDUCE cov: 818 ft: 2271 corp: 387/8022b lim: 501 exec/s: 16091 rss: 465Mb L: 22/210 MS: 2 ShuffleBytes-EraseBytes-
#177111	REDUCE cov: 818 ft: 2271 corp: 387/8021b lim: 501 exec/s: 16101 rss: 465Mb L: 8/210 MS: 1 EraseBytes-
#178309	REDUCE cov: 818 ft: 2271 corp: 387/8017b lim: 509 exec/s: 16209 rss: 465Mb L: 28/210 MS: 3 InsertByte-PersAutoDict-EraseBytes- DE: "ahcq"-
#178445	REDUCE cov: 818 ft: 2271 corp: 387/8015b lim: 509 exec/s: 16222 rss: 465Mb L: 7/210 MS: 1 EraseBytes-
#179817	REDUCE cov: 818 ft: 2271 corp: 387/8013b lim: 517 exec/s: 16347 rss: 465Mb L: 19/210 MS: 2 ChangeASCIIInt-EraseBytes-
#180313	REDUCE cov: 818 ft: 2273 corp: 388/8060b lim: 517 exec/s: 16392 rss: 465Mb L: 47/210 MS: 1 ChangeBinInt-
#180719	REDUCE cov: 818 ft: 2273 corp: 388/8045b lim: 517 exec/s: 16429 rss: 465Mb L: 91/210 MS: 1 EraseBytes-
#181105	REDUCE cov: 818 ft: 2273 corp: 388/8043b lim: 517 exec/s: 16464 rss: 465Mb L: 53/210 MS: 1 EraseBytes-
#181331	REDUCE cov: 818 ft: 2273 corp: 388/8037b lim: 517 exec/s: 16484 rss: 465Mb L: 10/210 MS: 1 EraseBytes-
#182517	REDUCE cov: 818 ft: 2273 corp: 388/8036b lim: 526 exec/s: 16592 rss: 465Mb L: 6/210 MS: 1 EraseBytes-
#182613	REDUCE cov: 818 ft: 2273 corp: 388/8033b lim: 526 exec/s: 16601 rss: 465Mb L: 20/210 MS: 1 EraseBytes-
#183935	REDUCE cov: 818 ft: 2273 corp: 388/8032b lim: 535 exec/s: 15327 rss: 465Mb L: 31/210 MS: 2 CopyPart-EraseBytes-
#184216	NEW    cov: 819 ft: 2274 corp: 389/8087b lim: 535 exec/s: 15351 rss: 465Mb L: 55/210 MS: 1 ChangeBit-
#185162	REDUCE cov: 819 ft: 2274 corp: 389/8086b lim: 544 exec/s: 15430 rss: 465Mb L: 11/210 MS: 1 EraseBytes-
#185173	REDUCE cov: 819 ft: 2274 corp: 389/8083b lim: 544 exec/s: 15431 rss: 465Mb L: 52/210 MS: 1 EraseBytes-
#185325	REDUCE cov: 819 ft: 2274 corp: 389/8082b lim: 544 exec/s: 15443 rss: 465Mb L: 9/210 MS: 2 ChangeByte-EraseBytes-
#185396	REDUCE cov: 819 ft: 2274 corp: 389/8081b lim: 544 exec/s: 15449 rss: 465Mb L: 20/210 MS: 1 EraseBytes-
#186272	REDUCE cov: 819 ft: 2274 corp: 389/8079b lim: 544 exec/s: 15522 rss: 465Mb L: 39/210 MS: 1 EraseBytes-
#187103	REDUCE cov: 819 ft: 2275 corp: 390/8155b lim: 544 exec/s: 15591 rss: 465Mb L: 76/210 MS: 1 EraseBytes-
#188771	REDUCE cov: 819 ft: 2275 corp: 390/8154b lim: 553 exec/s: 15730 rss: 465Mb L: 6/210 MS: 3 ShuffleBytes-ChangeASCIIInt-EraseBytes-
#188943	REDUCE cov: 819 ft: 2275 corp: 390/8152b lim: 553 exec/s: 15745 rss: 465Mb L: 35/210 MS: 2 ChangeASCIIInt-EraseBytes-
#189175	REDUCE cov: 819 ft: 2275 corp: 390/8148b lim: 553 exec/s: 15764 rss: 465Mb L: 20/210 MS: 2 InsertByte-EraseBytes-
#189727	REDUCE cov: 819 ft: 2275 corp: 390/8145b lim: 553 exec/s: 15810 rss: 465Mb L: 16/210 MS: 2 ChangeBinInt-EraseBytes-
#190254	REDUCE cov: 819 ft: 2275 corp: 390/8143b lim: 553 exec/s: 15854 rss: 465Mb L: 14/210 MS: 2 ChangeByte-EraseBytes-
#191210	REDUCE cov: 819 ft: 2276 corp: 391/8197b lim: 562 exec/s: 15934 rss: 465Mb L: 54/210 MS: 1 InsertByte-
#193011	REDUCE cov: 819 ft: 2276 corp: 391/8196b lim: 571 exec/s: 16084 rss: 465Mb L: 10/210 MS: 1 EraseBytes-
#193452	REDUCE cov: 819 ft: 2276 corp: 391/8195b lim: 571 exec/s: 16121 rss: 465Mb L: 7/210 MS: 1 EraseBytes-
#194139	REDUCE cov: 819 ft: 2276 corp: 391/8194b lim: 571 exec/s: 16178 rss: 465Mb L: 8/210 MS: 2 CrossOver-EraseBytes-
#194881	REDUCE cov: 819 ft: 2276 corp: 391/8183b lim: 571 exec/s: 16240 rss: 465Mb L: 14/210 MS: 2 ChangeByte-EraseBytes-
#197109	REDUCE cov: 819 ft: 2276 corp: 391/8181b lim: 589 exec/s: 16425 rss: 465Mb L: 54/210 MS: 3 ChangeASCIIInt-CopyPart-EraseBytes-
#197150	REDUCE cov: 819 ft: 2276 corp: 391/8180b lim: 589 exec/s: 16429 rss: 465Mb L: 10/210 MS: 1 EraseBytes-
#198322	REDUCE cov: 819 ft: 2276 corp: 391/8177b lim: 598 exec/s: 16526 rss: 465Mb L: 35/210 MS: 2 ChangeBit-EraseBytes-
#199312	REDUCE cov: 819 ft: 2276 corp: 391/8171b lim: 607 exec/s: 16609 rss: 465Mb L: 45/210 MS: 5 ChangeBit-ChangeASCIIInt-ChangeBinInt-ChangeBit-EraseBytes-
#201424	REDUCE cov: 819 ft: 2276 corp: 391/8169b lim: 625 exec/s: 16785 rss: 465Mb L: 16/210 MS: 2 ChangeBit-EraseBytes-
#201886	REDUCE cov: 819 ft: 2277 corp: 392/8179b lim: 625 exec/s: 16823 rss: 465Mb L: 10/210 MS: 2 ShuffleBytes-ShuffleBytes-
#202062	REDUCE cov: 819 ft: 2277 corp: 392/8174b lim: 625 exec/s: 16838 rss: 465Mb L: 19/210 MS: 1 EraseBytes-
#204583	REDUCE cov: 819 ft: 2277 corp: 392/8171b lim: 643 exec/s: 15737 rss: 465Mb L: 8/210 MS: 1 EraseBytes-
#205222	REDUCE cov: 819 ft: 2277 corp: 392/8169b lim: 643 exec/s: 15786 rss: 465Mb L: 9/210 MS: 4 ChangeByte-ChangeASCIIInt-ChangeASCIIInt-EraseBytes-
#205283	REDUCE cov: 819 ft: 2277 corp: 392/8166b lim: 643 exec/s: 15791 rss: 465Mb L: 51/210 MS: 1 EraseBytes-
#205589	REDUCE cov: 819 ft: 2277 corp: 392/8163b lim: 643 exec/s: 15814 rss: 465Mb L: 13/210 MS: 1 EraseBytes-
#205605	REDUCE cov: 819 ft: 2277 corp: 392/8162b lim: 643 exec/s: 15815 rss: 465Mb L: 14/210 MS: 1 EraseBytes-
#206186	REDUCE cov: 819 ft: 2277 corp: 392/8156b lim: 643 exec/s: 15860 rss: 465Mb L: 64/210 MS: 1 EraseBytes-
#206237	REDUCE cov: 819 ft: 2277 corp: 392/8155b lim: 643 exec/s: 15864 rss: 465Mb L: 10/210 MS: 1 EraseBytes-
#206358	REDUCE cov: 819 ft: 2277 corp: 392/8150b lim: 643 exec/s: 15873 rss: 465Mb L: 6/210 MS: 1 EraseBytes-
#206556	REDUCE cov: 819 ft: 2277 corp: 392/8145b lim: 643 exec/s: 15888 rss: 465Mb L: 13/210 MS: 3 CopyPart-CopyPart-EraseBytes-
#207172	REDUCE cov: 819 ft: 2279 corp: 393/8173b lim: 643 exec/s: 15936 rss: 465Mb L: 28/210 MS: 1 ChangeByte-
#207330	REDUCE cov: 819 ft: 2279 corp: 393/8168b lim: 643 exec/s: 15948 rss: 465Mb L: 41/210 MS: 3 CopyPart-CopyPart-EraseBytes-
#207882	REDUCE cov: 819 ft: 2279 corp: 393/8160b lim: 643 exec/s: 15990 rss: 465Mb L: 13/210 MS: 2 ChangeASCIIInt-EraseBytes-
#208003	REDUCE cov: 819 ft: 2279 corp: 393/8159b lim: 643 exec/s: 16000 rss: 465Mb L: 12/210 MS: 1 EraseBytes-
#208005	REDUCE cov: 819 ft: 2279 corp: 393/8152b lim: 643 exec/s: 16000 rss: 465Mb L: 30/210 MS: 2 CMP-EraseBytes- DE: "ffun"-
#208076	NEW    cov: 819 ft: 2280 corp: 394/8173b lim: 643 exec/s: 16005 rss: 465Mb L: 21/210 MS: 1 PersAutoDict- DE: "char"-
#208387	REDUCE cov: 819 ft: 2280 corp: 394/8172b lim: 643 exec/s: 16029 rss: 465Mb L: 10/210 MS: 1 EraseBytes-
#208504	NEW    cov: 819 ft: 2282 corp: 395/8228b lim: 643 exec/s: 16038 rss: 465Mb L: 56/210 MS: 2 ShuffleBytes-CopyPart-
#208620	REDUCE cov: 819 ft: 2282 corp: 395/8224b lim: 643 exec/s: 16047 rss: 465Mb L: 70/210 MS: 1 EraseBytes-
#208768	REDUCE cov: 819 ft: 2282 corp: 395/8222b lim: 643 exec/s: 16059 rss: 465Mb L: 31/210 MS: 3 CrossOver-ChangeASCIIInt-EraseBytes-
#210764	REDUCE cov: 819 ft: 2282 corp: 395/8221b lim: 661 exec/s: 16212 rss: 465Mb L: 35/210 MS: 1 EraseBytes-
#210860	REDUCE cov: 819 ft: 2282 corp: 395/8216b lim: 661 exec/s: 16220 rss: 465Mb L: 46/210 MS: 1 EraseBytes-
#211161	REDUCE cov: 819 ft: 2282 corp: 395/8215b lim: 661 exec/s: 16243 rss: 465Mb L: 10/210 MS: 1 EraseBytes-
#211907	REDUCE cov: 819 ft: 2282 corp: 395/8213b lim: 661 exec/s: 16300 rss: 465Mb L: 8/210 MS: 1 EraseBytes-
#212043	REDUCE cov: 819 ft: 2282 corp: 395/8212b lim: 661 exec/s: 16311 rss: 465Mb L: 13/210 MS: 1 EraseBytes-
#212510	REDUCE cov: 819 ft: 2282 corp: 395/8208b lim: 661 exec/s: 16346 rss: 465Mb L: 12/210 MS: 2 CrossOver-EraseBytes-
#213071	REDUCE cov: 819 ft: 2282 corp: 395/8206b lim: 661 exec/s: 16390 rss: 465Mb L: 37/210 MS: 1 EraseBytes-
#213562	REDUCE cov: 819 ft: 2285 corp: 396/8297b lim: 661 exec/s: 16427 rss: 465Mb L: 91/210 MS: 1 ChangeBinInt-
#213598	REDUCE cov: 820 ft: 2286 corp: 397/8315b lim: 661 exec/s: 16430 rss: 465Mb L: 18/210 MS: 1 CopyPart-
#214475	REDUCE cov: 820 ft: 2286 corp: 397/8313b lim: 661 exec/s: 16498 rss: 465Mb L: 11/210 MS: 2 ChangeBit-EraseBytes-
#215481	NEW    cov: 820 ft: 2288 corp: 398/8321b lim: 670 exec/s: 16575 rss: 465Mb L: 8/210 MS: 1 EraseBytes-
#215827	REDUCE cov: 820 ft: 2288 corp: 398/8320b lim: 670 exec/s: 16602 rss: 465Mb L: 12/210 MS: 1 EraseBytes-
#215930	REDUCE cov: 820 ft: 2288 corp: 398/8319b lim: 670 exec/s: 16610 rss: 465Mb L: 8/210 MS: 3 InsertByte-ChangeBit-EraseBytes-
#216103	REDUCE cov: 820 ft: 2288 corp: 398/8315b lim: 670 exec/s: 16623 rss: 465Mb L: 30/210 MS: 3 ChangeBit-ChangeASCIIInt-EraseBytes-
#216464	REDUCE cov: 820 ft: 2288 corp: 398/8313b lim: 670 exec/s: 16651 rss: 465Mb L: 33/210 MS: 1 EraseBytes-
#217370	REDUCE cov: 820 ft: 2288 corp: 398/8306b lim: 679 exec/s: 16720 rss: 465Mb L: 49/210 MS: 1 EraseBytes-
#217628	REDUCE cov: 820 ft: 2288 corp: 398/8298b lim: 679 exec/s: 16740 rss: 465Mb L: 12/210 MS: 3 ChangeBit-PersAutoDict-EraseBytes- DE: "nion"-
#217872	REDUCE cov: 820 ft: 2288 corp: 398/8297b lim: 679 exec/s: 16759 rss: 465Mb L: 7/210 MS: 4 ChangeASCIIInt-ChangeASCIIInt-ChangeASCIIInt-EraseBytes-
#218964	REDUCE cov: 820 ft: 2288 corp: 398/8295b lim: 688 exec/s: 16843 rss: 465Mb L: 4/210 MS: 2 ChangeASCIIInt-EraseBytes-
#219425	REDUCE cov: 820 ft: 2288 corp: 398/8293b lim: 688 exec/s: 16878 rss: 465Mb L: 47/210 MS: 1 EraseBytes-
#220791	REDUCE cov: 820 ft: 2289 corp: 399/8365b lim: 697 exec/s: 16983 rss: 465Mb L: 72/210 MS: 1 InsertRepeatedBytes-
#220842	REDUCE cov: 820 ft: 2289 corp: 399/8364b lim: 697 exec/s: 16987 rss: 465Mb L: 44/210 MS: 1 EraseBytes-
#222248	REDUCE cov: 820 ft: 2289 corp: 399/8363b lim: 706 exec/s: 17096 rss: 465Mb L: 13/210 MS: 1 EraseBytes-
#222275	REDUCE cov: 820 ft: 2289 corp: 399/8362b lim: 706 exec/s: 17098 rss: 465Mb L: 21/210 MS: 2 ChangeASCIIInt-EraseBytes-
#222417	REDUCE cov: 820 ft: 2289 corp: 399/8361b lim: 706 exec/s: 17109 rss: 465Mb L: 5/210 MS: 2 ChangeBit-EraseBytes-
#224898	REDUCE cov: 820 ft: 2289 corp: 399/8357b lim: 724 exec/s: 16064 rss: 465Mb L: 20/210 MS: 1 EraseBytes-
#224944	REDUCE cov: 820 ft: 2292 corp: 400/8394b lim: 724 exec/s: 16067 rss: 465Mb L: 37/210 MS: 1 CrossOver-
#225710	REDUCE cov: 821 ft: 2293 corp: 401/8454b lim: 724 exec/s: 16122 rss: 465Mb L: 60/210 MS: 1 ChangeBinInt-
#226301	REDUCE cov: 821 ft: 2293 corp: 401/8452b lim: 724 exec/s: 16164 rss: 465Mb L: 17/210 MS: 1 EraseBytes-
#226398	REDUCE cov: 821 ft: 2293 corp: 401/8451b lim: 724 exec/s: 16171 rss: 465Mb L: 13/210 MS: 2 ChangeByte-EraseBytes-
#227144	REDUCE cov: 821 ft: 2293 corp: 401/8445b lim: 724 exec/s: 16224 rss: 465Mb L: 35/210 MS: 1 EraseBytes-
#227361	REDUCE cov: 821 ft: 2293 corp: 401/8442b lim: 724 exec/s: 16240 rss: 465Mb L: 7/210 MS: 2 ChangeByte-EraseBytes-
#229127	REDUCE cov: 821 ft: 2293 corp: 401/8429b lim: 733 exec/s: 16366 rss: 465Mb L: 13/210 MS: 1 EraseBytes-
#229473	REDUCE cov: 821 ft: 2293 corp: 401/8428b lim: 733 exec/s: 16390 rss: 465Mb L: 17/210 MS: 1 EraseBytes-
#230298	REDUCE cov: 821 ft: 2293 corp: 401/8422b lim: 733 exec/s: 16449 rss: 465Mb L: 204/204 MS: 5 PersAutoDict-ChangeByte-InsertByte-InsertByte-EraseBytes- DE: "\007\000\000\000"-
#230580	REDUCE cov: 821 ft: 2293 corp: 401/8421b lim: 733 exec/s: 16470 rss: 465Mb L: 22/204 MS: 2 ChangeASCIIInt-EraseBytes-
#230717	REDUCE cov: 821 ft: 2293 corp: 401/8420b lim: 733 exec/s: 16479 rss: 465Mb L: 28/204 MS: 2 ShuffleBytes-EraseBytes-
#231013	REDUCE cov: 821 ft: 2293 corp: 401/8415b lim: 733 exec/s: 16500 rss: 465Mb L: 6/204 MS: 1 EraseBytes-
#231424	REDUCE cov: 821 ft: 2293 corp: 401/8409b lim: 733 exec/s: 16530 rss: 465Mb L: 19/204 MS: 1 EraseBytes-
#231450	REDUCE cov: 821 ft: 2293 corp: 401/8408b lim: 733 exec/s: 16532 rss: 465Mb L: 11/204 MS: 1 EraseBytes-
#232909	REDUCE cov: 821 ft: 2293 corp: 401/8404b lim: 742 exec/s: 16636 rss: 465Mb L: 137/204 MS: 4 CopyPart-ShuffleBytes-EraseBytes-EraseBytes-
#233220	REDUCE cov: 821 ft: 2293 corp: 401/8397b lim: 742 exec/s: 16658 rss: 465Mb L: 20/204 MS: 1 EraseBytes-
#234681	REDUCE cov: 821 ft: 2293 corp: 401/8394b lim: 751 exec/s: 16762 rss: 465Mb L: 23/204 MS: 1 EraseBytes-
#235628	REDUCE cov: 821 ft: 2293 corp: 401/8393b lim: 760 exec/s: 16830 rss: 465Mb L: 10/204 MS: 2 ChangeASCIIInt-EraseBytes-
#236470	REDUCE cov: 821 ft: 2293 corp: 401/8392b lim: 760 exec/s: 16890 rss: 465Mb L: 10/204 MS: 2 ShuffleBytes-EraseBytes-
#237140	NEW    cov: 821 ft: 2294 corp: 402/8402b lim: 760 exec/s: 16938 rss: 465Mb L: 10/204 MS: 5 CrossOver-ShuffleBytes-ChangeASCIIInt-CopyPart-EraseBytes-
#237206	REDUCE cov: 821 ft: 2294 corp: 402/8401b lim: 760 exec/s: 16943 rss: 465Mb L: 12/204 MS: 1 EraseBytes-
#237342	REDUCE cov: 821 ft: 2294 corp: 402/8400b lim: 760 exec/s: 16953 rss: 465Mb L: 26/204 MS: 1 EraseBytes-
#237708	REDUCE cov: 821 ft: 2294 corp: 402/8394b lim: 760 exec/s: 16979 rss: 465Mb L: 14/204 MS: 1 EraseBytes-
#237835	REDUCE cov: 821 ft: 2294 corp: 402/8393b lim: 760 exec/s: 16988 rss: 465Mb L: 14/204 MS: 2 ChangeASCIIInt-EraseBytes-
#237846	REDUCE cov: 821 ft: 2294 corp: 402/8361b lim: 760 exec/s: 16989 rss: 465Mb L: 33/204 MS: 1 EraseBytes-
#237892	REDUCE cov: 821 ft: 2294 corp: 402/8359b lim: 760 exec/s: 16992 rss: 465Mb L: 39/204 MS: 1 EraseBytes-
#238654	REDUCE cov: 821 ft: 2294 corp: 402/8358b lim: 760 exec/s: 17046 rss: 465Mb L: 48/204 MS: 2 CopyPart-EraseBytes-
#239145	REDUCE cov: 821 ft: 2294 corp: 402/8351b lim: 760 exec/s: 17081 rss: 465Mb L: 16/204 MS: 1 EraseBytes-
#239927	REDUCE cov: 821 ft: 2294 corp: 402/8350b lim: 760 exec/s: 17137 rss: 465Mb L: 7/204 MS: 1 EraseBytes-
#240689	REDUCE cov: 821 ft: 2294 corp: 402/8347b lim: 760 exec/s: 17192 rss: 465Mb L: 11/204 MS: 2 ShuffleBytes-EraseBytes-
#245380	REDUCE cov: 821 ft: 2294 corp: 402/8346b lim: 805 exec/s: 16358 rss: 465Mb L: 10/204 MS: 1 EraseBytes-
#246102	REDUCE cov: 821 ft: 2294 corp: 402/8345b lim: 805 exec/s: 16406 rss: 465Mb L: 18/204 MS: 2 ChangeBit-EraseBytes-
#246568	REDUCE cov: 821 ft: 2294 corp: 402/8343b lim: 805 exec/s: 16437 rss: 465Mb L: 45/204 MS: 1 EraseBytes-
#247325	REDUCE cov: 821 ft: 2294 corp: 402/8337b lim: 805 exec/s: 16488 rss: 465Mb L: 22/204 MS: 2 ChangeBit-EraseBytes-
#247666	REDUCE cov: 821 ft: 2294 corp: 402/8335b lim: 805 exec/s: 16511 rss: 465Mb L: 10/204 MS: 1 EraseBytes-
#248902	REDUCE cov: 821 ft: 2294 corp: 402/8334b lim: 814 exec/s: 16593 rss: 465Mb L: 11/204 MS: 1 EraseBytes-
#249714	REDUCE cov: 821 ft: 2294 corp: 402/8333b lim: 814 exec/s: 16647 rss: 465Mb L: 23/204 MS: 2 ChangeASCIIInt-EraseBytes-
#250181	REDUCE cov: 821 ft: 2294 corp: 402/8332b lim: 814 exec/s: 16678 rss: 465Mb L: 11/204 MS: 2 ChangeBinInt-EraseBytes-
#251402	REDUCE cov: 821 ft: 2294 corp: 402/8326b lim: 823 exec/s: 16760 rss: 465Mb L: 25/204 MS: 1 EraseBytes-
#251463	REDUCE cov: 821 ft: 2294 corp: 402/8325b lim: 823 exec/s: 16764 rss: 465Mb L: 9/204 MS: 1 EraseBytes-
#251824	REDUCE cov: 821 ft: 2294 corp: 402/8324b lim: 823 exec/s: 16788 rss: 465Mb L: 12/204 MS: 1 EraseBytes-
#252730	REDUCE cov: 821 ft: 2294 corp: 402/8323b lim: 832 exec/s: 16848 rss: 465Mb L: 12/204 MS: 1 EraseBytes-
#253467	REDUCE cov: 821 ft: 2294 corp: 402/8321b lim: 832 exec/s: 16897 rss: 465Mb L: 10/204 MS: 2 EraseBytes-CopyPart-
#254568	REDUCE cov: 821 ft: 2294 corp: 402/8319b lim: 841 exec/s: 16971 rss: 465Mb L: 10/204 MS: 1 EraseBytes-
#254819	REDUCE cov: 821 ft: 2294 corp: 402/8301b lim: 841 exec/s: 16987 rss: 465Mb L: 32/204 MS: 1 CrossOver-
#255215	REDUCE cov: 821 ft: 2298 corp: 403/8342b lim: 841 exec/s: 17014 rss: 465Mb L: 41/204 MS: 1 ShuffleBytes-
#256118	REDUCE cov: 821 ft: 2298 corp: 403/8334b lim: 841 exec/s: 17074 rss: 465Mb L: 38/204 MS: 3 CopyPart-ChangeBit-EraseBytes-
#256134	REDUCE cov: 821 ft: 2298 corp: 403/8333b lim: 841 exec/s: 17075 rss: 465Mb L: 7/204 MS: 1 EraseBytes-
#257650	REDUCE cov: 821 ft: 2298 corp: 403/8331b lim: 850 exec/s: 17176 rss: 465Mb L: 8/204 MS: 1 EraseBytes-
#257971	REDUCE cov: 821 ft: 2298 corp: 403/8330b lim: 850 exec/s: 17198 rss: 465Mb L: 6/204 MS: 1 EraseBytes-
#258313	REDUCE cov: 821 ft: 2298 corp: 403/8329b lim: 850 exec/s: 17220 rss: 465Mb L: 203/203 MS: 2 ChangeByte-EraseBytes-
#259269	REDUCE cov: 821 ft: 2298 corp: 403/8326b lim: 859 exec/s: 17284 rss: 465Mb L: 13/203 MS: 1 EraseBytes-
#260650	REDUCE cov: 821 ft: 2298 corp: 403/8324b lim: 868 exec/s: 17376 rss: 465Mb L: 10/203 MS: 1 EraseBytes-
#261361	REDUCE cov: 821 ft: 2298 corp: 403/8323b lim: 868 exec/s: 16335 rss: 465Mb L: 13/203 MS: 1 EraseBytes-
#261377	REDUCE cov: 821 ft: 2298 corp: 403/8322b lim: 868 exec/s: 16336 rss: 465Mb L: 6/203 MS: 1 EraseBytes-
#261403	REDUCE cov: 821 ft: 2298 corp: 403/8319b lim: 868 exec/s: 16337 rss: 465Mb L: 12/203 MS: 1 EraseBytes-
#261444	REDUCE cov: 821 ft: 2298 corp: 403/8312b lim: 868 exec/s: 16340 rss: 465Mb L: 63/203 MS: 1 EraseBytes-
#262144	pulse  cov: 821 ft: 2298 corp: 403/8312b lim: 868 exec/s: 16384 rss: 465Mb
#262810	REDUCE cov: 821 ft: 2298 corp: 403/8311b lim: 877 exec/s: 16425 rss: 465Mb L: 10/203 MS: 1 EraseBytes-
#263102	REDUCE cov: 821 ft: 2298 corp: 403/8310b lim: 877 exec/s: 16443 rss: 465Mb L: 10/203 MS: 2 ChangeBinInt-EraseBytes-
#263218	REDUCE cov: 821 ft: 2298 corp: 403/8309b lim: 877 exec/s: 16451 rss: 465Mb L: 8/203 MS: 1 EraseBytes-
#264375	REDUCE cov: 821 ft: 2298 corp: 403/8308b lim: 886 exec/s: 16523 rss: 465Mb L: 32/203 MS: 2 ChangeASCIIInt-EraseBytes-
#265071	REDUCE cov: 821 ft: 2298 corp: 403/8297b lim: 886 exec/s: 16566 rss: 465Mb L: 192/192 MS: 1 EraseBytes-
#265672	REDUCE cov: 821 ft: 2298 corp: 403/8296b lim: 886 exec/s: 16604 rss: 465Mb L: 23/192 MS: 1 EraseBytes-
#266226	REDUCE cov: 821 ft: 2298 corp: 403/8295b lim: 886 exec/s: 16639 rss: 465Mb L: 8/192 MS: 4 ShuffleBytes-ChangeBit-ChangeASCIIInt-EraseBytes-
#268417	REDUCE cov: 821 ft: 2298 corp: 403/8294b lim: 904 exec/s: 16776 rss: 465Mb L: 5/192 MS: 1 EraseBytes-
#269953	REDUCE cov: 821 ft: 2298 corp: 403/8290b lim: 913 exec/s: 16872 rss: 465Mb L: 6/192 MS: 1 EraseBytes-
#270106	NEW    cov: 821 ft: 2299 corp: 404/8362b lim: 913 exec/s: 16881 rss: 465Mb L: 72/192 MS: 3 ShuffleBytes-ShuffleBytes-ChangeASCIIInt-
#270132	REDUCE cov: 821 ft: 2299 corp: 404/8361b lim: 913 exec/s: 16883 rss: 465Mb L: 25/192 MS: 1 EraseBytes-
#270698	REDUCE cov: 821 ft: 2299 corp: 404/8356b lim: 913 exec/s: 16918 rss: 465Mb L: 13/192 MS: 1 EraseBytes-
#271209	REDUCE cov: 821 ft: 2299 corp: 404/8351b lim: 913 exec/s: 16950 rss: 465Mb L: 41/192 MS: 1 EraseBytes-
#272390	REDUCE cov: 821 ft: 2299 corp: 404/8350b lim: 922 exec/s: 17024 rss: 465Mb L: 9/192 MS: 1 EraseBytes-
#273436	REDUCE cov: 821 ft: 2299 corp: 404/8347b lim: 931 exec/s: 17089 rss: 465Mb L: 10/192 MS: 1 EraseBytes-
#274242	REDUCE cov: 821 ft: 2299 corp: 404/8345b lim: 931 exec/s: 17140 rss: 465Mb L: 18/192 MS: 1 EraseBytes-
#274344	REDUCE cov: 821 ft: 2299 corp: 404/8344b lim: 931 exec/s: 17146 rss: 465Mb L: 9/192 MS: 2 CMP-EraseBytes- DE: "\001\011"-
#275455	REDUCE cov: 821 ft: 2300 corp: 405/8353b lim: 940 exec/s: 17215 rss: 465Mb L: 9/192 MS: 1 CMP- DE: "mod"-
#277132	REDUCE cov: 821 ft: 2300 corp: 405/8351b lim: 949 exec/s: 17320 rss: 465Mb L: 10/192 MS: 2 CopyPart-EraseBytes-
#284423	REDUCE cov: 821 ft: 2300 corp: 405/8349b lim: 1021 exec/s: 16730 rss: 465Mb L: 8/192 MS: 1 EraseBytes-
#284499	REDUCE cov: 821 ft: 2300 corp: 405/8348b lim: 1021 exec/s: 16735 rss: 465Mb L: 23/192 MS: 1 EraseBytes-
#284585	REDUCE cov: 821 ft: 2300 corp: 405/8347b lim: 1021 exec/s: 16740 rss: 465Mb L: 11/192 MS: 1 EraseBytes-
#284971	REDUCE cov: 821 ft: 2300 corp: 405/8343b lim: 1021 exec/s: 16763 rss: 465Mb L: 26/192 MS: 1 EraseBytes-
#285302	REDUCE cov: 821 ft: 2300 corp: 405/8342b lim: 1021 exec/s: 16782 rss: 465Mb L: 12/192 MS: 1 EraseBytes-
#285423	REDUCE cov: 821 ft: 2301 corp: 406/8349b lim: 1021 exec/s: 16789 rss: 465Mb L: 7/192 MS: 1 ChangeByte-
#285839	REDUCE cov: 821 ft: 2301 corp: 406/8348b lim: 1021 exec/s: 16814 rss: 465Mb L: 15/192 MS: 1 EraseBytes-
#285943	REDUCE cov: 821 ft: 2301 corp: 406/8340b lim: 1021 exec/s: 16820 rss: 465Mb L: 33/192 MS: 4 ShuffleBytes-ShuffleBytes-ChangeBinInt-EraseBytes-
#285964	REDUCE cov: 821 ft: 2301 corp: 406/8334b lim: 1021 exec/s: 16821 rss: 465Mb L: 42/192 MS: 1 EraseBytes-
#286970	REDUCE cov: 821 ft: 2301 corp: 406/8326b lim: 1030 exec/s: 16880 rss: 465Mb L: 23/192 MS: 1 EraseBytes-
#287986	REDUCE cov: 821 ft: 2301 corp: 406/8325b lim: 1040 exec/s: 16940 rss: 465Mb L: 9/192 MS: 1 EraseBytes-
#288537	REDUCE cov: 821 ft: 2301 corp: 406/8319b lim: 1040 exec/s: 16972 rss: 465Mb L: 48/192 MS: 1 EraseBytes-
#290079	REDUCE cov: 821 ft: 2306 corp: 407/8547b lim: 1050 exec/s: 17063 rss: 465Mb L: 228/228 MS: 2 InsertRepeatedBytes-CopyPart-
#290705	NEW    cov: 822 ft: 2307 corp: 408/8610b lim: 1050 exec/s: 17100 rss: 465Mb L: 63/228 MS: 1 ChangeBit-
#291651	REDUCE cov: 822 ft: 2307 corp: 408/8609b lim: 1050 exec/s: 17155 rss: 465Mb L: 5/228 MS: 1 EraseBytes-
#292882	REDUCE cov: 822 ft: 2307 corp: 408/8608b lim: 1060 exec/s: 17228 rss: 465Mb L: 7/228 MS: 1 EraseBytes-
#293418	REDUCE cov: 822 ft: 2307 corp: 408/8607b lim: 1060 exec/s: 17259 rss: 465Mb L: 6/228 MS: 1 EraseBytes-
#294419	NEW    cov: 822 ft: 2309 corp: 409/8621b lim: 1060 exec/s: 17318 rss: 465Mb L: 14/228 MS: 1 CrossOver-
#294500	REDUCE cov: 822 ft: 2309 corp: 409/8602b lim: 1060 exec/s: 17323 rss: 465Mb L: 55/228 MS: 1 EraseBytes-
#295396	REDUCE cov: 822 ft: 2309 corp: 409/8588b lim: 1060 exec/s: 17376 rss: 465Mb L: 49/228 MS: 1 EraseBytes-
#295442	NEW    cov: 822 ft: 2310 corp: 410/8723b lim: 1060 exec/s: 17378 rss: 465Mb L: 135/228 MS: 1 InsertRepeatedBytes-
#297723	REDUCE cov: 822 ft: 2310 corp: 410/8722b lim: 1080 exec/s: 17513 rss: 465Mb L: 14/228 MS: 1 EraseBytes-
#298034	REDUCE cov: 822 ft: 2310 corp: 410/8703b lim: 1080 exec/s: 16557 rss: 465Mb L: 53/228 MS: 1 EraseBytes-
#298210	REDUCE cov: 822 ft: 2310 corp: 410/8702b lim: 1080 exec/s: 16567 rss: 465Mb L: 11/228 MS: 1 EraseBytes-
#298571	REDUCE cov: 822 ft: 2311 corp: 411/8736b lim: 1080 exec/s: 16587 rss: 465Mb L: 34/228 MS: 1 ChangeBinInt-
#298684	REDUCE cov: 822 ft: 2311 corp: 411/8688b lim: 1080 exec/s: 16593 rss: 465Mb L: 144/228 MS: 3 PersAutoDict-EraseBytes-CopyPart- DE: "\000\000\000\007"-
#299330	REDUCE cov: 822 ft: 2311 corp: 411/8687b lim: 1080 exec/s: 16629 rss: 465Mb L: 6/228 MS: 1 EraseBytes-
#301388	REDUCE cov: 822 ft: 2311 corp: 411/8666b lim: 1100 exec/s: 16743 rss: 465Mb L: 207/207 MS: 3 ChangeASCIIInt-CopyPart-EraseBytes-
#303280	REDUCE cov: 822 ft: 2311 corp: 411/8661b lim: 1110 exec/s: 16848 rss: 465Mb L: 14/207 MS: 2 ChangeBit-EraseBytes-
#304790	REDUCE cov: 822 ft: 2311 corp: 411/8659b lim: 1120 exec/s: 16932 rss: 465Mb L: 10/207 MS: 5 CopyPart-ChangeASCIIInt-ChangeBinInt-ChangeASCIIInt-EraseBytes-
#305766	REDUCE cov: 822 ft: 2311 corp: 411/8647b lim: 1120 exec/s: 16987 rss: 465Mb L: 29/207 MS: 1 EraseBytes-
#307873	REDUCE cov: 822 ft: 2311 corp: 411/8645b lim: 1140 exec/s: 17104 rss: 465Mb L: 37/207 MS: 2 CopyPart-EraseBytes-
#308059	REDUCE cov: 822 ft: 2311 corp: 411/8644b lim: 1140 exec/s: 17114 rss: 465Mb L: 24/207 MS: 1 EraseBytes-
#308450	REDUCE cov: 822 ft: 2311 corp: 411/8642b lim: 1140 exec/s: 17136 rss: 465Mb L: 12/207 MS: 1 EraseBytes-
#309076	REDUCE cov: 822 ft: 2311 corp: 411/8641b lim: 1140 exec/s: 17170 rss: 465Mb L: 20/207 MS: 1 EraseBytes-
#310332	REDUCE cov: 822 ft: 2311 corp: 411/8640b lim: 1150 exec/s: 17240 rss: 465Mb L: 11/207 MS: 1 EraseBytes-
#311258	REDUCE cov: 822 ft: 2311 corp: 411/8635b lim: 1150 exec/s: 17292 rss: 465Mb L: 132/207 MS: 1 EraseBytes-
#311510	REDUCE cov: 822 ft: 2311 corp: 411/8630b lim: 1150 exec/s: 17306 rss: 465Mb L: 14/207 MS: 2 ChangeByte-EraseBytes-
#311637	REDUCE cov: 822 ft: 2311 corp: 411/8626b lim: 1150 exec/s: 17313 rss: 465Mb L: 41/207 MS: 2 InsertRepeatedBytes-EraseBytes-
#313503	REDUCE cov: 822 ft: 2311 corp: 411/8624b lim: 1160 exec/s: 17416 rss: 465Mb L: 70/207 MS: 1 EraseBytes-
#317199	REDUCE cov: 822 ft: 2311 corp: 411/8622b lim: 1190 exec/s: 17622 rss: 465Mb L: 22/207 MS: 1 EraseBytes-
#317785	REDUCE cov: 822 ft: 2311 corp: 411/8621b lim: 1190 exec/s: 16725 rss: 465Mb L: 31/207 MS: 1 EraseBytes-
#317962	REDUCE cov: 822 ft: 2311 corp: 411/8620b lim: 1190 exec/s: 16734 rss: 465Mb L: 10/207 MS: 2 CopyPart-EraseBytes-
#318103	REDUCE cov: 822 ft: 2311 corp: 411/8618b lim: 1190 exec/s: 16742 rss: 465Mb L: 8/207 MS: 1 EraseBytes-
#318419	REDUCE cov: 822 ft: 2311 corp: 411/8617b lim: 1190 exec/s: 16758 rss: 465Mb L: 6/207 MS: 1 EraseBytes-
#320750	REDUCE cov: 822 ft: 2311 corp: 411/8568b lim: 1210 exec/s: 16881 rss: 465Mb L: 158/158 MS: 1 EraseBytes-
#322014	REDUCE cov: 822 ft: 2311 corp: 411/8567b lim: 1220 exec/s: 16948 rss: 465Mb L: 21/158 MS: 4 InsertByte-ChangeASCIIInt-CopyPart-EraseBytes-
#322245	REDUCE cov: 822 ft: 2311 corp: 411/8564b lim: 1220 exec/s: 16960 rss: 465Mb L: 21/158 MS: 1 EraseBytes-
#322701	REDUCE cov: 822 ft: 2311 corp: 411/8563b lim: 1220 exec/s: 16984 rss: 465Mb L: 30/158 MS: 1 EraseBytes-
#323982	REDUCE cov: 822 ft: 2311 corp: 411/8562b lim: 1230 exec/s: 17051 rss: 465Mb L: 63/158 MS: 1 EraseBytes-
#324263	REDUCE cov: 822 ft: 2311 corp: 411/8558b lim: 1230 exec/s: 17066 rss: 465Mb L: 18/158 MS: 1 EraseBytes-
#324389	REDUCE cov: 822 ft: 2311 corp: 411/8551b lim: 1230 exec/s: 17073 rss: 465Mb L: 34/158 MS: 1 EraseBytes-
#324986	REDUCE cov: 822 ft: 2311 corp: 411/8550b lim: 1230 exec/s: 17104 rss: 465Mb L: 9/158 MS: 2 CrossOver-EraseBytes-
#325242	REDUCE cov: 822 ft: 2311 corp: 411/8549b lim: 1230 exec/s: 17118 rss: 465Mb L: 10/158 MS: 1 EraseBytes-
#325413	REDUCE cov: 822 ft: 2311 corp: 411/8548b lim: 1230 exec/s: 17127 rss: 465Mb L: 22/158 MS: 1 EraseBytes-
#325439	REDUCE cov: 822 ft: 2312 corp: 412/8678b lim: 1230 exec/s: 17128 rss: 465Mb L: 130/158 MS: 1 InsertRepeatedBytes-
#326191	REDUCE cov: 822 ft: 2317 corp: 413/8723b lim: 1230 exec/s: 17167 rss: 465Mb L: 45/158 MS: 2 ChangeBit-CrossOver-
#328937	REDUCE cov: 822 ft: 2317 corp: 413/8707b lim: 1250 exec/s: 17312 rss: 467Mb L: 60/158 MS: 1 EraseBytes-
#329398	REDUCE cov: 822 ft: 2317 corp: 413/8698b lim: 1250 exec/s: 17336 rss: 467Mb L: 27/158 MS: 1 EraseBytes-
#329469	REDUCE cov: 822 ft: 2317 corp: 413/8697b lim: 1250 exec/s: 17340 rss: 468Mb L: 18/158 MS: 1 EraseBytes-
#331450	REDUCE cov: 822 ft: 2318 corp: 414/8767b lim: 1260 exec/s: 17444 rss: 468Mb L: 70/158 MS: 1 PersAutoDict- DE: "mod"-
#331627	REDUCE cov: 822 ft: 2318 corp: 414/8764b lim: 1260 exec/s: 17454 rss: 469Mb L: 35/158 MS: 2 ShuffleBytes-EraseBytes-
#332058	REDUCE cov: 822 ft: 2318 corp: 414/8763b lim: 1260 exec/s: 17476 rss: 469Mb L: 29/158 MS: 1 EraseBytes-
#332409	REDUCE cov: 822 ft: 2318 corp: 414/8761b lim: 1260 exec/s: 17495 rss: 469Mb L: 16/158 MS: 1 EraseBytes-
#333215	REDUCE cov: 822 ft: 2318 corp: 414/8760b lim: 1260 exec/s: 17537 rss: 469Mb L: 24/158 MS: 1 EraseBytes-
#333701	REDUCE cov: 822 ft: 2318 corp: 414/8742b lim: 1260 exec/s: 17563 rss: 469Mb L: 52/158 MS: 1 EraseBytes-
#334197	REDUCE cov: 822 ft: 2318 corp: 414/8741b lim: 1260 exec/s: 17589 rss: 469Mb L: 7/158 MS: 1 EraseBytes-
#334975	REDUCE cov: 822 ft: 2319 corp: 415/8783b lim: 1260 exec/s: 17630 rss: 469Mb L: 42/158 MS: 3 ShuffleBytes-CopyPart-ChangeASCIIInt-
#336046	REDUCE cov: 822 ft: 2319 corp: 415/8769b lim: 1270 exec/s: 17686 rss: 469Mb L: 39/158 MS: 1 EraseBytes-
#338777	REDUCE cov: 822 ft: 2319 corp: 415/8768b lim: 1290 exec/s: 16938 rss: 469Mb L: 12/158 MS: 1 EraseBytes-
#339643	REDUCE cov: 822 ft: 2319 corp: 415/8766b lim: 1290 exec/s: 16982 rss: 469Mb L: 12/158 MS: 1 EraseBytes-
#342569	REDUCE cov: 822 ft: 2320 corp: 416/8798b lim: 1310 exec/s: 17128 rss: 469Mb L: 32/158 MS: 1 EraseBytes-
#344134	REDUCE cov: 822 ft: 2321 corp: 417/8917b lim: 1320 exec/s: 17206 rss: 469Mb L: 119/158 MS: 5 ChangeByte-ShuffleBytes-CrossOver-EraseBytes-InsertRepeatedBytes-
#346212	REDUCE cov: 822 ft: 2321 corp: 417/8915b lim: 1340 exec/s: 17310 rss: 470Mb L: 6/158 MS: 3 PersAutoDict-ChangeBit-EraseBytes- DE: "ffun"-
#347558	REDUCE cov: 822 ft: 2321 corp: 417/8908b lim: 1350 exec/s: 17377 rss: 470Mb L: 123/158 MS: 1 EraseBytes-
#347709	REDUCE cov: 822 ft: 2321 corp: 417/8907b lim: 1350 exec/s: 17385 rss: 470Mb L: 5/158 MS: 1 EraseBytes-
#349001	REDUCE cov: 822 ft: 2321 corp: 417/8904b lim: 1360 exec/s: 17450 rss: 470Mb L: 65/158 MS: 2 ShuffleBytes-EraseBytes-
#349012	REDUCE cov: 822 ft: 2321 corp: 417/8903b lim: 1360 exec/s: 17450 rss: 470Mb L: 15/158 MS: 1 EraseBytes-
#349939	REDUCE cov: 822 ft: 2321 corp: 417/8888b lim: 1360 exec/s: 17496 rss: 470Mb L: 37/158 MS: 2 ShuffleBytes-EraseBytes-
#350115	REDUCE cov: 822 ft: 2321 corp: 417/8877b lim: 1360 exec/s: 17505 rss: 470Mb L: 42/158 MS: 1 EraseBytes-
#350126	REDUCE cov: 822 ft: 2321 corp: 417/8872b lim: 1360 exec/s: 17506 rss: 470Mb L: 37/158 MS: 1 EraseBytes-
#351927	REDUCE cov: 822 ft: 2321 corp: 417/8867b lim: 1370 exec/s: 17596 rss: 470Mb L: 30/158 MS: 1 EraseBytes-
#353700	REDUCE cov: 822 ft: 2321 corp: 417/8864b lim: 1380 exec/s: 17685 rss: 470Mb L: 31/158 MS: 3 InsertByte-ChangeByte-EraseBytes-
#353888	REDUCE cov: 822 ft: 2321 corp: 417/8858b lim: 1380 exec/s: 17694 rss: 470Mb L: 40/158 MS: 3 ChangeASCIIInt-ChangeBit-EraseBytes-
#354689	REDUCE cov: 822 ft: 2321 corp: 417/8857b lim: 1380 exec/s: 17734 rss: 470Mb L: 134/158 MS: 1 EraseBytes-
#355585	REDUCE cov: 822 ft: 2321 corp: 417/8850b lim: 1380 exec/s: 17779 rss: 470Mb L: 24/158 MS: 1 EraseBytes-
#356347	REDUCE cov: 822 ft: 2321 corp: 417/8849b lim: 1380 exec/s: 17817 rss: 470Mb L: 5/158 MS: 2 ChangeByte-EraseBytes-
#358348	NEW    cov: 822 ft: 2322 corp: 418/8894b lim: 1390 exec/s: 17064 rss: 470Mb L: 45/158 MS: 1 ShuffleBytes-
#358565	REDUCE cov: 822 ft: 2322 corp: 418/8893b lim: 1390 exec/s: 17074 rss: 470Mb L: 46/158 MS: 2 InsertByte-EraseBytes-
#360111	REDUCE cov: 822 ft: 2322 corp: 418/8892b lim: 1400 exec/s: 17148 rss: 470Mb L: 22/158 MS: 1 EraseBytes-
#360348	REDUCE cov: 822 ft: 2322 corp: 418/8891b lim: 1400 exec/s: 17159 rss: 470Mb L: 29/158 MS: 2 ChangeASCIIInt-EraseBytes-
#361644	REDUCE cov: 822 ft: 2322 corp: 418/8882b lim: 1410 exec/s: 17221 rss: 470Mb L: 82/158 MS: 1 EraseBytes-
#362411	REDUCE cov: 822 ft: 2322 corp: 418/8881b lim: 1410 exec/s: 17257 rss: 470Mb L: 10/158 MS: 2 EraseBytes-InsertByte-
#362489	REDUCE cov: 822 ft: 2322 corp: 418/8879b lim: 1410 exec/s: 17261 rss: 470Mb L: 6/158 MS: 3 ChangeByte-CMP-EraseBytes- DE: "\377\377\377\370"-
#363741	REDUCE cov: 822 ft: 2322 corp: 418/8877b lim: 1420 exec/s: 17321 rss: 470Mb L: 15/158 MS: 2 CrossOver-EraseBytes-
#364147	REDUCE cov: 822 ft: 2322 corp: 418/8876b lim: 1420 exec/s: 17340 rss: 470Mb L: 17/158 MS: 1 EraseBytes-
#365023	REDUCE cov: 822 ft: 2322 corp: 418/8875b lim: 1420 exec/s: 17382 rss: 470Mb L: 41/158 MS: 1 EraseBytes-
#366684	REDUCE cov: 822 ft: 2322 corp: 418/8874b lim: 1430 exec/s: 17461 rss: 470Mb L: 13/158 MS: 1 EraseBytes-
#367795	REDUCE cov: 822 ft: 2322 corp: 418/8873b lim: 1440 exec/s: 17514 rss: 470Mb L: 11/158 MS: 1 EraseBytes-
#369012	REDUCE cov: 822 ft: 2322 corp: 418/8872b lim: 1450 exec/s: 17572 rss: 470Mb L: 6/158 MS: 2 EraseBytes-CopyPart-
#369363	REDUCE cov: 822 ft: 2322 corp: 418/8870b lim: 1450 exec/s: 17588 rss: 470Mb L: 9/158 MS: 1 EraseBytes-
#370069	REDUCE cov: 822 ft: 2322 corp: 418/8868b lim: 1450 exec/s: 17622 rss: 470Mb L: 139/158 MS: 1 EraseBytes-
#371691	NEW    cov: 822 ft: 2325 corp: 419/8920b lim: 1460 exec/s: 17699 rss: 470Mb L: 52/158 MS: 2 ChangeByte-CrossOver-
#371719	REDUCE cov: 822 ft: 2325 corp: 419/8919b lim: 1460 exec/s: 17700 rss: 470Mb L: 14/158 MS: 3 CopyPart-CopyPart-EraseBytes-
#372730	REDUCE cov: 822 ft: 2325 corp: 419/8918b lim: 1470 exec/s: 17749 rss: 470Mb L: 12/158 MS: 1 EraseBytes-
#373001	REDUCE cov: 822 ft: 2325 corp: 419/8915b lim: 1470 exec/s: 17761 rss: 470Mb L: 32/158 MS: 1 EraseBytes-
#374702	REDUCE cov: 822 ft: 2325 corp: 419/8914b lim: 1480 exec/s: 17842 rss: 470Mb L: 11/158 MS: 1 EraseBytes-
#375019	REDUCE cov: 822 ft: 2325 corp: 419/8913b lim: 1480 exec/s: 17858 rss: 470Mb L: 17/158 MS: 2 ChangeASCIIInt-EraseBytes-
#377351	REDUCE cov: 822 ft: 2325 corp: 419/8912b lim: 1500 exec/s: 17152 rss: 470Mb L: 16/158 MS: 2 InsertByte-EraseBytes-
#378812	REDUCE cov: 822 ft: 2325 corp: 419/8904b lim: 1510 exec/s: 17218 rss: 470Mb L: 32/158 MS: 1 EraseBytes-
#380624	REDUCE cov: 822 ft: 2325 corp: 419/8903b lim: 1520 exec/s: 17301 rss: 470Mb L: 8/158 MS: 2 ChangeASCIIInt-EraseBytes-
#381130	REDUCE cov: 822 ft: 2325 corp: 419/8902b lim: 1520 exec/s: 17324 rss: 470Mb L: 36/158 MS: 1 EraseBytes-
#381761	REDUCE cov: 822 ft: 2325 corp: 419/8897b lim: 1520 exec/s: 17352 rss: 470Mb L: 40/158 MS: 1 EraseBytes-
#382502	REDUCE cov: 822 ft: 2325 corp: 419/8896b lim: 1520 exec/s: 17386 rss: 470Mb L: 31/158 MS: 1 EraseBytes-
#386053	REDUCE cov: 822 ft: 2325 corp: 419/8894b lim: 1550 exec/s: 17547 rss: 470Mb L: 17/158 MS: 1 EraseBytes-
#386509	NEW    cov: 822 ft: 2330 corp: 420/8917b lim: 1550 exec/s: 17568 rss: 470Mb L: 23/158 MS: 1 CopyPart-
#387255	REDUCE cov: 822 ft: 2330 corp: 420/8916b lim: 1550 exec/s: 17602 rss: 470Mb L: 18/158 MS: 1 EraseBytes-
#387437	REDUCE cov: 822 ft: 2330 corp: 420/8911b lim: 1550 exec/s: 17610 rss: 470Mb L: 35/158 MS: 2 ChangeASCIIInt-EraseBytes-
#387489	REDUCE cov: 822 ft: 2330 corp: 420/8907b lim: 1550 exec/s: 17613 rss: 470Mb L: 18/158 MS: 2 ChangeByte-EraseBytes-
#387680	REDUCE cov: 822 ft: 2330 corp: 420/8906b lim: 1550 exec/s: 17621 rss: 470Mb L: 6/158 MS: 1 EraseBytes-
#389711	REDUCE cov: 822 ft: 2330 corp: 420/8905b lim: 1570 exec/s: 17714 rss: 470Mb L: 6/158 MS: 1 EraseBytes-
#389993	REDUCE cov: 822 ft: 2330 corp: 420/8898b lim: 1570 exec/s: 17726 rss: 470Mb L: 20/158 MS: 2 ChangeBit-EraseBytes-
#391995	REDUCE cov: 822 ft: 2330 corp: 420/8896b lim: 1580 exec/s: 17817 rss: 470Mb L: 18/158 MS: 2 ChangeBit-EraseBytes-
#393237	REDUCE cov: 822 ft: 2330 corp: 420/8895b lim: 1590 exec/s: 17874 rss: 470Mb L: 7/158 MS: 2 ChangeBinInt-EraseBytes-
#396643	REDUCE cov: 822 ft: 2330 corp: 420/8894b lim: 1620 exec/s: 17245 rss: 470Mb L: 14/158 MS: 1 EraseBytes-
#397219	REDUCE cov: 822 ft: 2330 corp: 420/8888b lim: 1620 exec/s: 17270 rss: 470Mb L: 57/158 MS: 1 EraseBytes-
#397765	REDUCE cov: 822 ft: 2330 corp: 420/8878b lim: 1620 exec/s: 17294 rss: 470Mb L: 25/158 MS: 1 EraseBytes-
#398002	REDUCE cov: 822 ft: 2330 corp: 420/8874b lim: 1620 exec/s: 17304 rss: 470Mb L: 18/158 MS: 2 ChangeBinInt-EraseBytes-
#398079	REDUCE cov: 822 ft: 2330 corp: 420/8873b lim: 1620 exec/s: 17307 rss: 470Mb L: 4/158 MS: 2 ShuffleBytes-EraseBytes-
#399665	REDUCE cov: 822 ft: 2330 corp: 420/8871b lim: 1630 exec/s: 17376 rss: 470Mb L: 32/158 MS: 1 EraseBytes-
#400082	REDUCE cov: 822 ft: 2330 corp: 420/8870b lim: 1630 exec/s: 17394 rss: 470Mb L: 7/158 MS: 2 ChangeBit-EraseBytes-
#401473	REDUCE cov: 822 ft: 2330 corp: 420/8866b lim: 1640 exec/s: 17455 rss: 470Mb L: 27/158 MS: 1 EraseBytes-
#402696	REDUCE cov: 822 ft: 2330 corp: 420/8860b lim: 1650 exec/s: 17508 rss: 470Mb L: 24/158 MS: 3 CrossOver-EraseBytes-CopyPart-
#403508	REDUCE cov: 822 ft: 2330 corp: 420/8859b lim: 1650 exec/s: 17543 rss: 470Mb L: 13/158 MS: 2 CopyPart-EraseBytes-
#404104	REDUCE cov: 822 ft: 2330 corp: 420/8858b lim: 1650 exec/s: 17569 rss: 470Mb L: 4/158 MS: 1 EraseBytes-
#405355	REDUCE cov: 822 ft: 2330 corp: 420/8857b lim: 1660 exec/s: 17624 rss: 470Mb L: 10/158 MS: 1 EraseBytes-
#406411	REDUCE cov: 822 ft: 2330 corp: 420/8853b lim: 1670 exec/s: 17670 rss: 470Mb L: 66/158 MS: 1 EraseBytes-
#407530	REDUCE cov: 822 ft: 2330 corp: 420/8849b lim: 1680 exec/s: 17718 rss: 470Mb L: 16/158 MS: 4 ChangeBit-CrossOver-ChangeBinInt-EraseBytes-
#407966	REDUCE cov: 822 ft: 2330 corp: 420/8848b lim: 1680 exec/s: 17737 rss: 470Mb L: 9/158 MS: 1 EraseBytes-
#408592	REDUCE cov: 822 ft: 2330 corp: 420/8846b lim: 1680 exec/s: 17764 rss: 470Mb L: 16/158 MS: 1 EraseBytes-
#409615	REDUCE cov: 822 ft: 2330 corp: 420/8843b lim: 1690 exec/s: 17809 rss: 470Mb L: 21/158 MS: 3 ChangeBinInt-ChangeBit-EraseBytes-
#410216	REDUCE cov: 822 ft: 2330 corp: 420/8837b lim: 1690 exec/s: 17835 rss: 470Mb L: 41/158 MS: 1 EraseBytes-
#410503	REDUCE cov: 822 ft: 2330 corp: 420/8835b lim: 1690 exec/s: 17847 rss: 470Mb L: 34/158 MS: 2 ChangeASCIIInt-EraseBytes-
#410739	REDUCE cov: 822 ft: 2330 corp: 420/8834b lim: 1690 exec/s: 17858 rss: 470Mb L: 12/158 MS: 1 EraseBytes-
#413320	REDUCE cov: 822 ft: 2330 corp: 420/8833b lim: 1710 exec/s: 17221 rss: 470Mb L: 34/158 MS: 1 EraseBytes-
#413342	NEW    cov: 822 ft: 2339 corp: 421/8865b lim: 1710 exec/s: 17222 rss: 470Mb L: 32/158 MS: 2 ChangeASCIIInt-CopyPart-
#413818	REDUCE cov: 822 ft: 2339 corp: 421/8861b lim: 1710 exec/s: 17242 rss: 470Mb L: 44/158 MS: 1 EraseBytes-
#414019	REDUCE cov: 822 ft: 2339 corp: 421/8860b lim: 1710 exec/s: 17250 rss: 470Mb L: 18/158 MS: 1 EraseBytes-
#414045	REDUCE cov: 822 ft: 2339 corp: 421/8859b lim: 1710 exec/s: 17251 rss: 470Mb L: 40/158 MS: 1 EraseBytes-
#414101	REDUCE cov: 822 ft: 2339 corp: 421/8858b lim: 1710 exec/s: 17254 rss: 470Mb L: 9/158 MS: 1 EraseBytes-
#415087	REDUCE cov: 822 ft: 2339 corp: 421/8857b lim: 1710 exec/s: 17295 rss: 470Mb L: 5/158 MS: 1 EraseBytes-
#415399	REDUCE cov: 822 ft: 2339 corp: 421/8856b lim: 1710 exec/s: 17308 rss: 470Mb L: 21/158 MS: 2 ChangeByte-EraseBytes-
#417275	REDUCE cov: 822 ft: 2339 corp: 421/8855b lim: 1720 exec/s: 17386 rss: 470Mb L: 9/158 MS: 1 EraseBytes-
#418576	REDUCE cov: 822 ft: 2339 corp: 421/8854b lim: 1730 exec/s: 17440 rss: 470Mb L: 6/158 MS: 1 EraseBytes-
#419687	REDUCE cov: 822 ft: 2339 corp: 421/8851b lim: 1740 exec/s: 17486 rss: 470Mb L: 7/158 MS: 1 EraseBytes-
#424409	REDUCE cov: 822 ft: 2339 corp: 421/8850b lim: 1780 exec/s: 17683 rss: 470Mb L: 6/158 MS: 2 CrossOver-EraseBytes-
#424641	REDUCE cov: 822 ft: 2339 corp: 421/8847b lim: 1780 exec/s: 17693 rss: 470Mb L: 15/158 MS: 2 CopyPart-EraseBytes-
#424867	REDUCE cov: 822 ft: 2339 corp: 421/8838b lim: 1780 exec/s: 17702 rss: 470Mb L: 15/158 MS: 1 EraseBytes-
#425863	REDUCE cov: 822 ft: 2339 corp: 421/8835b lim: 1780 exec/s: 17744 rss: 470Mb L: 29/158 MS: 1 EraseBytes-
#426441	REDUCE cov: 822 ft: 2339 corp: 421/8834b lim: 1780 exec/s: 17768 rss: 470Mb L: 36/158 MS: 3 ShuffleBytes-CopyPart-EraseBytes-
#428222	REDUCE cov: 822 ft: 2339 corp: 421/8833b lim: 1790 exec/s: 17842 rss: 470Mb L: 9/158 MS: 1 EraseBytes-
#428318	REDUCE cov: 822 ft: 2339 corp: 421/8832b lim: 1790 exec/s: 17846 rss: 470Mb L: 16/158 MS: 1 EraseBytes-
#430174	REDUCE cov: 822 ft: 2339 corp: 421/8831b lim: 1800 exec/s: 17923 rss: 470Mb L: 59/158 MS: 1 EraseBytes-
#431410	REDUCE cov: 822 ft: 2339 corp: 421/8830b lim: 1810 exec/s: 17256 rss: 470Mb L: 16/158 MS: 1 EraseBytes-
#431566	REDUCE cov: 822 ft: 2339 corp: 421/8808b lim: 1810 exec/s: 17262 rss: 470Mb L: 35/158 MS: 1 EraseBytes-
#432067	REDUCE cov: 822 ft: 2339 corp: 421/8807b lim: 1810 exec/s: 17282 rss: 470Mb L: 9/158 MS: 1 EraseBytes-
#432583	REDUCE cov: 822 ft: 2339 corp: 421/8805b lim: 1810 exec/s: 17303 rss: 470Mb L: 16/158 MS: 1 EraseBytes-
#433199	REDUCE cov: 822 ft: 2339 corp: 421/8804b lim: 1810 exec/s: 17327 rss: 470Mb L: 40/158 MS: 1 EraseBytes-
#434137	NEW    cov: 823 ft: 2340 corp: 422/8864b lim: 1810 exec/s: 17365 rss: 470Mb L: 60/158 MS: 3 ChangeASCIIInt-ShuffleBytes-CopyPart-
#434233	REDUCE cov: 823 ft: 2340 corp: 422/8863b lim: 1810 exec/s: 17369 rss: 470Mb L: 11/158 MS: 1 EraseBytes-
#435399	REDUCE cov: 823 ft: 2340 corp: 422/8862b lim: 1820 exec/s: 17415 rss: 470Mb L: 36/158 MS: 1 EraseBytes-
#436015	REDUCE cov: 823 ft: 2340 corp: 422/8861b lim: 1820 exec/s: 17440 rss: 470Mb L: 17/158 MS: 1 EraseBytes-
#436383	REDUCE cov: 823 ft: 2340 corp: 422/8860b lim: 1820 exec/s: 17455 rss: 470Mb L: 22/158 MS: 3 ShuffleBytes-ChangeASCIIInt-EraseBytes-
#437619	REDUCE cov: 823 ft: 2340 corp: 422/8856b lim: 1830 exec/s: 17504 rss: 470Mb L: 17/158 MS: 1 EraseBytes-
#439560	REDUCE cov: 823 ft: 2340 corp: 422/8855b lim: 1840 exec/s: 17582 rss: 470Mb L: 8/158 MS: 1 EraseBytes-
#444931	REDUCE cov: 823 ft: 2340 corp: 422/8853b lim: 1890 exec/s: 17797 rss: 470Mb L: 17/158 MS: 1 EraseBytes-
#444932	REDUCE cov: 823 ft: 2340 corp: 422/8851b lim: 1890 exec/s: 17797 rss: 470Mb L: 15/158 MS: 1 EraseBytes-
#446053	REDUCE cov: 823 ft: 2340 corp: 422/8850b lim: 1900 exec/s: 17842 rss: 470Mb L: 14/158 MS: 1 EraseBytes-
#449059	REDUCE cov: 823 ft: 2340 corp: 422/8848b lim: 1920 exec/s: 17962 rss: 470Mb L: 24/158 MS: 1 EraseBytes-
#449561	REDUCE cov: 823 ft: 2340 corp: 422/8847b lim: 1920 exec/s: 17982 rss: 470Mb L: 11/158 MS: 2 InsertByte-EraseBytes-
#450398	REDUCE cov: 823 ft: 2340 corp: 422/8846b lim: 1920 exec/s: 17323 rss: 470Mb L: 14/158 MS: 2 ShuffleBytes-EraseBytes-
#451199	REDUCE cov: 823 ft: 2340 corp: 422/8845b lim: 1920 exec/s: 17353 rss: 470Mb L: 11/158 MS: 1 EraseBytes-
#452000	REDUCE cov: 823 ft: 2340 corp: 422/8844b lim: 1920 exec/s: 17384 rss: 470Mb L: 19/158 MS: 1 EraseBytes-
#455558	REDUCE cov: 823 ft: 2340 corp: 422/8843b lim: 1950 exec/s: 17521 rss: 470Mb L: 26/158 MS: 3 ChangeASCIIInt-ChangeASCIIInt-EraseBytes-
#455795	REDUCE cov: 823 ft: 2340 corp: 422/8842b lim: 1950 exec/s: 17530 rss: 470Mb L: 21/158 MS: 2 CopyPart-EraseBytes-
#456181	REDUCE cov: 823 ft: 2340 corp: 422/8839b lim: 1950 exec/s: 17545 rss: 470Mb L: 10/158 MS: 1 EraseBytes-
#456440	REDUCE cov: 823 ft: 2340 corp: 422/8838b lim: 1950 exec/s: 17555 rss: 470Mb L: 10/158 MS: 4 ChangeBit-ChangeBit-ChangeASCIIInt-EraseBytes-
#456861	REDUCE cov: 823 ft: 2340 corp: 422/8836b lim: 1950 exec/s: 17571 rss: 470Mb L: 32/158 MS: 1 EraseBytes-
#457453	REDUCE cov: 823 ft: 2340 corp: 422/8835b lim: 1950 exec/s: 17594 rss: 470Mb L: 31/158 MS: 2 ShuffleBytes-EraseBytes-
#458254	REDUCE cov: 823 ft: 2340 corp: 422/8834b lim: 1950 exec/s: 17625 rss: 470Mb L: 5/158 MS: 1 EraseBytes-
#458470	REDUCE cov: 823 ft: 2340 corp: 422/8833b lim: 1950 exec/s: 17633 rss: 470Mb L: 16/158 MS: 1 EraseBytes-
#458517	REDUCE cov: 823 ft: 2340 corp: 422/8832b lim: 1950 exec/s: 17635 rss: 470Mb L: 8/158 MS: 2 ChangeByte-EraseBytes-
#459448	REDUCE cov: 823 ft: 2340 corp: 422/8829b lim: 1950 exec/s: 17671 rss: 470Mb L: 38/158 MS: 1 EraseBytes-
#459449	REDUCE cov: 823 ft: 2340 corp: 422/8828b lim: 1950 exec/s: 17671 rss: 470Mb L: 59/158 MS: 1 EraseBytes-
#464506	REDUCE cov: 823 ft: 2340 corp: 422/8824b lim: 2000 exec/s: 17865 rss: 470Mb L: 53/158 MS: 2 ChangeASCIIInt-EraseBytes-
#469167	REDUCE cov: 823 ft: 2340 corp: 422/8821b lim: 2040 exec/s: 18044 rss: 470Mb L: 18/158 MS: 1 EraseBytes-
#469718	REDUCE cov: 823 ft: 2340 corp: 422/8820b lim: 2040 exec/s: 17396 rss: 470Mb L: 11/158 MS: 1 EraseBytes-
#472649	REDUCE cov: 823 ft: 2340 corp: 422/8819b lim: 2061 exec/s: 17505 rss: 470Mb L: 11/158 MS: 1 EraseBytes-
#473015	REDUCE cov: 823 ft: 2340 corp: 422/8818b lim: 2061 exec/s: 17519 rss: 470Mb L: 15/158 MS: 1 EraseBytes-
#473136	REDUCE cov: 823 ft: 2340 corp: 422/8816b lim: 2061 exec/s: 17523 rss: 470Mb L: 12/158 MS: 1 EraseBytes-
#474258	REDUCE cov: 823 ft: 2340 corp: 422/8811b lim: 2072 exec/s: 17565 rss: 470Mb L: 21/158 MS: 2 ShuffleBytes-EraseBytes-
#474899	REDUCE cov: 823 ft: 2340 corp: 422/8809b lim: 2072 exec/s: 17588 rss: 470Mb L: 19/158 MS: 1 EraseBytes-
#475820	REDUCE cov: 823 ft: 2340 corp: 422/8808b lim: 2072 exec/s: 17622 rss: 470Mb L: 54/158 MS: 1 EraseBytes-
#479091	REDUCE cov: 823 ft: 2340 corp: 422/8807b lim: 2094 exec/s: 17744 rss: 470Mb L: 15/158 MS: 1 EraseBytes-
#479792	REDUCE cov: 823 ft: 2340 corp: 422/8806b lim: 2094 exec/s: 17770 rss: 470Mb L: 18/158 MS: 1 EraseBytes-
#479809	REDUCE cov: 823 ft: 2340 corp: 422/8805b lim: 2094 exec/s: 17770 rss: 470Mb L: 6/158 MS: 2 CopyPart-EraseBytes-
#482270	REDUCE cov: 823 ft: 2340 corp: 422/8803b lim: 2116 exec/s: 17861 rss: 470Mb L: 19/158 MS: 1 EraseBytes-
#482331	REDUCE cov: 823 ft: 2340 corp: 422/8801b lim: 2116 exec/s: 17864 rss: 470Mb L: 19/158 MS: 1 EraseBytes-
#483666	REDUCE cov: 823 ft: 2340 corp: 422/8794b lim: 2127 exec/s: 17913 rss: 470Mb L: 11/158 MS: 5 InsertByte-EraseBytes-ChangeBinInt-ShuffleBytes-InsertByte-
#483693	REDUCE cov: 823 ft: 2340 corp: 422/8792b lim: 2127 exec/s: 17914 rss: 470Mb L: 30/158 MS: 2 CopyPart-EraseBytes-
#484091	NEW    cov: 823 ft: 2341 corp: 423/8836b lim: 2127 exec/s: 17929 rss: 470Mb L: 44/158 MS: 3 CrossOver-PersAutoDict-CrossOver- DE: "moD"-
#484522	REDUCE cov: 823 ft: 2341 corp: 423/8835b lim: 2127 exec/s: 17945 rss: 470Mb L: 14/158 MS: 1 EraseBytes-
#487174	REDUCE cov: 823 ft: 2341 corp: 423/8823b lim: 2149 exec/s: 18043 rss: 470Mb L: 32/158 MS: 1 EraseBytes-
#487580	REDUCE cov: 823 ft: 2341 corp: 423/8818b lim: 2149 exec/s: 17413 rss: 470Mb L: 29/158 MS: 1 EraseBytes-
#488496	REDUCE cov: 823 ft: 2341 corp: 423/8816b lim: 2149 exec/s: 17446 rss: 470Mb L: 32/158 MS: 1 EraseBytes-
#488952	REDUCE cov: 823 ft: 2341 corp: 423/8815b lim: 2149 exec/s: 17462 rss: 470Mb L: 13/158 MS: 1 EraseBytes-
#489654	REDUCE cov: 823 ft: 2341 corp: 423/8814b lim: 2149 exec/s: 17487 rss: 470Mb L: 7/158 MS: 2 ChangeBinInt-EraseBytes-
#490955	REDUCE cov: 823 ft: 2341 corp: 423/8812b lim: 2160 exec/s: 17534 rss: 470Mb L: 132/158 MS: 1 EraseBytes-
#492506	REDUCE cov: 824 ft: 2342 corp: 424/8886b lim: 2171 exec/s: 17589 rss: 470Mb L: 74/158 MS: 1 CrossOver-
#492652	REDUCE cov: 824 ft: 2342 corp: 424/8884b lim: 2171 exec/s: 17594 rss: 470Mb L: 22/158 MS: 1 EraseBytes-
#492744	REDUCE cov: 824 ft: 2342 corp: 424/8883b lim: 2171 exec/s: 17598 rss: 470Mb L: 13/158 MS: 2 ChangeBinInt-EraseBytes-
#493730	REDUCE cov: 824 ft: 2342 corp: 424/8882b lim: 2171 exec/s: 17633 rss: 470Mb L: 15/158 MS: 1 EraseBytes-
#495226	REDUCE cov: 824 ft: 2342 corp: 424/8875b lim: 2182 exec/s: 17686 rss: 470Mb L: 112/158 MS: 1 EraseBytes-
#495662	REDUCE cov: 824 ft: 2342 corp: 424/8874b lim: 2182 exec/s: 17702 rss: 470Mb L: 13/158 MS: 1 EraseBytes-
#497055	REDUCE cov: 824 ft: 2342 corp: 424/8873b lim: 2193 exec/s: 17751 rss: 470Mb L: 19/158 MS: 3 ChangeByte-ShuffleBytes-EraseBytes-
#498461	REDUCE cov: 824 ft: 2342 corp: 424/8864b lim: 2204 exec/s: 17188 rss: 470Mb L: 23/158 MS: 1 EraseBytes-
#498794	REDUCE cov: 824 ft: 2342 corp: 424/8863b lim: 2204 exec/s: 17199 rss: 470Mb L: 20/158 MS: 3 ChangeBit-ChangeASCIIInt-EraseBytes-
#498940	REDUCE cov: 824 ft: 2342 corp: 424/8861b lim: 2204 exec/s: 17204 rss: 470Mb L: 15/158 MS: 1 EraseBytes-
#499671	REDUCE cov: 824 ft: 2342 corp: 424/8860b lim: 2204 exec/s: 17230 rss: 470Mb L: 17/158 MS: 1 EraseBytes-
#502994	REDUCE cov: 824 ft: 2342 corp: 424/8856b lim: 2237 exec/s: 17344 rss: 470Mb L: 51/158 MS: 3 ShuffleBytes-InsertByte-EraseBytes-
#504780	REDUCE cov: 824 ft: 2342 corp: 424/8842b lim: 2248 exec/s: 17406 rss: 470Mb L: 98/158 MS: 1 EraseBytes-
#505857	REDUCE cov: 824 ft: 2342 corp: 424/8839b lim: 2248 exec/s: 17443 rss: 470Mb L: 15/158 MS: 2 ShuffleBytes-EraseBytes-
#506788	REDUCE cov: 824 ft: 2342 corp: 424/8838b lim: 2248 exec/s: 17475 rss: 470Mb L: 131/158 MS: 1 EraseBytes-
#508079	REDUCE cov: 824 ft: 2342 corp: 424/8833b lim: 2259 exec/s: 17519 rss: 470Mb L: 23/158 MS: 1 EraseBytes-
#508545	NEW    cov: 826 ft: 2344 corp: 425/8876b lim: 2259 exec/s: 17536 rss: 470Mb L: 43/158 MS: 1 EraseBytes-
#509871	REDUCE cov: 826 ft: 2344 corp: 425/8875b lim: 2270 exec/s: 17581 rss: 470Mb L: 5/158 MS: 1 EraseBytes-
#510502	REDUCE cov: 826 ft: 2345 corp: 426/9007b lim: 2270 exec/s: 17603 rss: 470Mb L: 132/158 MS: 1 ChangeASCIIInt-
#510688	REDUCE cov: 826 ft: 2345 corp: 426/8996b lim: 2270 exec/s: 17609 rss: 470Mb L: 12/158 MS: 1 EraseBytes-
#510859	REDUCE cov: 826 ft: 2345 corp: 426/8995b lim: 2270 exec/s: 17615 rss: 470Mb L: 12/158 MS: 1 EraseBytes-
#512455	REDUCE cov: 826 ft: 2345 corp: 426/8994b lim: 2281 exec/s: 17081 rss: 470Mb L: 39/158 MS: 1 EraseBytes-
#513647	REDUCE cov: 826 ft: 2345 corp: 426/8984b lim: 2292 exec/s: 17121 rss: 470Mb L: 148/148 MS: 2 CrossOver-EraseBytes-
#515824	REDUCE cov: 826 ft: 2345 corp: 426/8983b lim: 2303 exec/s: 17194 rss: 470Mb L: 15/148 MS: 2 ChangeByte-EraseBytes-
#516720	REDUCE cov: 826 ft: 2345 corp: 426/8982b lim: 2303 exec/s: 17224 rss: 470Mb L: 14/148 MS: 1 EraseBytes-
#517761	REDUCE cov: 826 ft: 2345 corp: 426/8980b lim: 2303 exec/s: 17258 rss: 470Mb L: 17/148 MS: 1 EraseBytes-
#519592	REDUCE cov: 826 ft: 2345 corp: 426/8979b lim: 2314 exec/s: 17319 rss: 470Mb L: 9/148 MS: 1 EraseBytes-
#519763	REDUCE cov: 826 ft: 2345 corp: 426/8955b lim: 2314 exec/s: 17325 rss: 470Mb L: 50/148 MS: 1 EraseBytes-
#520974	REDUCE cov: 826 ft: 2345 corp: 426/8954b lim: 2325 exec/s: 17365 rss: 470Mb L: 11/148 MS: 1 EraseBytes-
#521466	REDUCE cov: 826 ft: 2345 corp: 426/8952b lim: 2325 exec/s: 17382 rss: 470Mb L: 17/148 MS: 2 ChangeBit-EraseBytes-
#522497	REDUCE cov: 826 ft: 2345 corp: 426/8950b lim: 2325 exec/s: 17416 rss: 470Mb L: 43/148 MS: 1 EraseBytes-
#523793	REDUCE cov: 826 ft: 2345 corp: 426/8949b lim: 2336 exec/s: 17459 rss: 470Mb L: 6/148 MS: 1 EraseBytes-
#524288	pulse  cov: 826 ft: 2345 corp: 426/8949b lim: 2336 exec/s: 17476 rss: 470Mb
#524989	REDUCE cov: 826 ft: 2345 corp: 426/8948b lim: 2347 exec/s: 17499 rss: 470Mb L: 29/148 MS: 1 EraseBytes-
#525810	REDUCE cov: 826 ft: 2345 corp: 426/8947b lim: 2347 exec/s: 17527 rss: 470Mb L: 31/148 MS: 1 EraseBytes-
#533726	REDUCE cov: 826 ft: 2345 corp: 426/8946b lim: 2424 exec/s: 17216 rss: 471Mb L: 28/148 MS: 1 EraseBytes-
#541318	REDUCE cov: 826 ft: 2345 corp: 426/8945b lim: 2490 exec/s: 17461 rss: 471Mb L: 54/148 MS: 2 ChangeBit-EraseBytes-
#541429	REDUCE cov: 826 ft: 2345 corp: 426/8943b lim: 2490 exec/s: 17465 rss: 471Mb L: 17/148 MS: 1 EraseBytes-
#542315	REDUCE cov: 826 ft: 2345 corp: 426/8942b lim: 2490 exec/s: 17494 rss: 471Mb L: 35/148 MS: 1 EraseBytes-
#543766	REDUCE cov: 826 ft: 2345 corp: 426/8937b lim: 2501 exec/s: 17540 rss: 471Mb L: 26/148 MS: 1 EraseBytes-
#544032	REDUCE cov: 826 ft: 2345 corp: 426/8936b lim: 2501 exec/s: 17549 rss: 471Mb L: 5/148 MS: 1 EraseBytes-
#544103	REDUCE cov: 826 ft: 2345 corp: 426/8935b lim: 2501 exec/s: 17551 rss: 471Mb L: 8/148 MS: 1 EraseBytes-
#546299	REDUCE cov: 826 ft: 2345 corp: 426/8932b lim: 2512 exec/s: 17622 rss: 471Mb L: 79/148 MS: 1 EraseBytes-
#547235	REDUCE cov: 826 ft: 2345 corp: 426/8931b lim: 2512 exec/s: 17652 rss: 471Mb L: 7/148 MS: 1 EraseBytes-
#550427	REDUCE cov: 826 ft: 2345 corp: 426/8930b lim: 2534 exec/s: 17200 rss: 471Mb L: 8/148 MS: 2 ChangeBinInt-EraseBytes-
#556273	REDUCE cov: 826 ft: 2345 corp: 426/8929b lim: 2589 exec/s: 17383 rss: 471Mb L: 14/148 MS: 1 EraseBytes-
#556499	REDUCE cov: 826 ft: 2345 corp: 426/8928b lim: 2589 exec/s: 17390 rss: 471Mb L: 30/148 MS: 1 EraseBytes-
#558710	REDUCE cov: 826 ft: 2345 corp: 426/8920b lim: 2611 exec/s: 17459 rss: 471Mb L: 14/148 MS: 1 EraseBytes-
#559556	REDUCE cov: 826 ft: 2345 corp: 426/8919b lim: 2611 exec/s: 17486 rss: 471Mb L: 14/148 MS: 1 EraseBytes-
#560257	REDUCE cov: 826 ft: 2345 corp: 426/8913b lim: 2611 exec/s: 17508 rss: 471Mb L: 73/148 MS: 1 EraseBytes-
#560599	REDUCE cov: 826 ft: 2345 corp: 426/8912b lim: 2611 exec/s: 17518 rss: 471Mb L: 41/148 MS: 2 ShuffleBytes-EraseBytes-
#560865	REDUCE cov: 826 ft: 2345 corp: 426/8911b lim: 2611 exec/s: 17527 rss: 471Mb L: 15/148 MS: 1 EraseBytes-
#563021	REDUCE cov: 826 ft: 2346 corp: 427/8923b lim: 2622 exec/s: 17594 rss: 471Mb L: 12/148 MS: 1 EraseBytes-
#563912	REDUCE cov: 826 ft: 2346 corp: 427/8922b lim: 2622 exec/s: 17622 rss: 471Mb L: 13/148 MS: 1 EraseBytes-
#565163	REDUCE cov: 826 ft: 2346 corp: 427/8921b lim: 2633 exec/s: 17661 rss: 471Mb L: 22/148 MS: 1 EraseBytes-
#565169	REDUCE cov: 826 ft: 2346 corp: 427/8920b lim: 2633 exec/s: 17661 rss: 471Mb L: 44/148 MS: 1 EraseBytes-
#567250	REDUCE cov: 826 ft: 2346 corp: 427/8907b lim: 2644 exec/s: 17726 rss: 471Mb L: 28/148 MS: 1 EraseBytes-
#567501	REDUCE cov: 826 ft: 2346 corp: 427/8906b lim: 2644 exec/s: 17734 rss: 471Mb L: 8/148 MS: 1 EraseBytes-
#567524	REDUCE cov: 826 ft: 2346 corp: 427/8903b lim: 2644 exec/s: 17735 rss: 471Mb L: 11/148 MS: 3 ShuffleBytes-ChangeByte-EraseBytes-
#569300	REDUCE cov: 826 ft: 2346 corp: 427/8902b lim: 2655 exec/s: 17251 rss: 471Mb L: 10/148 MS: 1 EraseBytes-
#569572	REDUCE cov: 826 ft: 2346 corp: 427/8898b lim: 2655 exec/s: 17259 rss: 471Mb L: 25/148 MS: 2 ChangeASCIIInt-EraseBytes-
#571258	REDUCE cov: 826 ft: 2346 corp: 427/8897b lim: 2666 exec/s: 17310 rss: 471Mb L: 42/148 MS: 1 EraseBytes-
#571344	REDUCE cov: 826 ft: 2346 corp: 427/8896b lim: 2666 exec/s: 17313 rss: 471Mb L: 12/148 MS: 1 EraseBytes-
#574275	REDUCE cov: 826 ft: 2346 corp: 427/8895b lim: 2688 exec/s: 17402 rss: 471Mb L: 15/148 MS: 1 EraseBytes-
#574566	REDUCE cov: 826 ft: 2346 corp: 427/8894b lim: 2688 exec/s: 17411 rss: 471Mb L: 65/148 MS: 1 EraseBytes-
#574584	REDUCE cov: 826 ft: 2346 corp: 427/8893b lim: 2688 exec/s: 17411 rss: 471Mb L: 5/148 MS: 3 ShuffleBytes-PersAutoDict-EraseBytes- DE: "\007\000\000\000"-
#574861	REDUCE cov: 826 ft: 2346 corp: 427/8892b lim: 2688 exec/s: 17420 rss: 471Mb L: 15/148 MS: 2 ChangeBit-EraseBytes-
#575197	REDUCE cov: 826 ft: 2346 corp: 427/8891b lim: 2688 exec/s: 17430 rss: 471Mb L: 28/148 MS: 1 EraseBytes-
#576824	REDUCE cov: 826 ft: 2346 corp: 427/8890b lim: 2699 exec/s: 17479 rss: 471Mb L: 7/148 MS: 2 ChangeByte-EraseBytes-
#578325	REDUCE cov: 826 ft: 2346 corp: 427/8889b lim: 2710 exec/s: 17525 rss: 471Mb L: 12/148 MS: 1 EraseBytes-
#578442	REDUCE cov: 826 ft: 2346 corp: 427/8883b lim: 2710 exec/s: 17528 rss: 471Mb L: 21/148 MS: 2 ChangeByte-EraseBytes-
#580528	REDUCE cov: 826 ft: 2348 corp: 428/8955b lim: 2721 exec/s: 17591 rss: 471Mb L: 72/148 MS: 1 EraseBytes-
#580564	REDUCE cov: 826 ft: 2348 corp: 428/8954b lim: 2721 exec/s: 17592 rss: 471Mb L: 24/148 MS: 1 EraseBytes-
#580785	REDUCE cov: 826 ft: 2348 corp: 428/8943b lim: 2721 exec/s: 17599 rss: 471Mb L: 35/148 MS: 1 EraseBytes-
#580896	REDUCE cov: 826 ft: 2352 corp: 429/8998b lim: 2721 exec/s: 17602 rss: 471Mb L: 55/148 MS: 1 CopyPart-
#582417	REDUCE cov: 826 ft: 2352 corp: 429/8995b lim: 2732 exec/s: 17649 rss: 471Mb L: 20/148 MS: 1 EraseBytes-
#582513	REDUCE cov: 826 ft: 2352 corp: 429/8993b lim: 2732 exec/s: 17651 rss: 471Mb L: 12/148 MS: 1 EraseBytes-
#583270	REDUCE cov: 826 ft: 2352 corp: 429/8992b lim: 2732 exec/s: 17674 rss: 471Mb L: 17/148 MS: 2 ChangeASCIIInt-EraseBytes-
#583322	REDUCE cov: 826 ft: 2352 corp: 429/8991b lim: 2732 exec/s: 17676 rss: 471Mb L: 9/148 MS: 2 ChangeASCIIInt-EraseBytes-
#583563	REDUCE cov: 826 ft: 2352 corp: 429/8988b lim: 2732 exec/s: 17683 rss: 471Mb L: 14/148 MS: 1 EraseBytes-
#583884	REDUCE cov: 826 ft: 2352 corp: 429/8977b lim: 2732 exec/s: 17693 rss: 471Mb L: 44/148 MS: 1 EraseBytes-
#584015	REDUCE cov: 826 ft: 2352 corp: 429/8971b lim: 2732 exec/s: 17697 rss: 471Mb L: 42/148 MS: 1 EraseBytes-
#587066	REDUCE cov: 826 ft: 2352 corp: 429/8970b lim: 2754 exec/s: 17789 rss: 471Mb L: 35/148 MS: 1 EraseBytes-
#588337	REDUCE cov: 826 ft: 2352 corp: 429/8968b lim: 2765 exec/s: 17304 rss: 471Mb L: 19/148 MS: 1 EraseBytes-
#593033	REDUCE cov: 826 ft: 2352 corp: 429/8966b lim: 2809 exec/s: 17442 rss: 471Mb L: 31/148 MS: 1 EraseBytes-
#595544	REDUCE cov: 826 ft: 2352 corp: 429/8965b lim: 2831 exec/s: 17516 rss: 471Mb L: 19/148 MS: 1 EraseBytes-
#596585	REDUCE cov: 826 ft: 2352 corp: 429/8964b lim: 2831 exec/s: 17546 rss: 471Mb L: 7/148 MS: 1 EraseBytes-
#598791	REDUCE cov: 826 ft: 2353 corp: 430/9029b lim: 2842 exec/s: 17611 rss: 471Mb L: 65/148 MS: 1 ShuffleBytes-
#599622	REDUCE cov: 826 ft: 2353 corp: 430/9028b lim: 2842 exec/s: 17635 rss: 471Mb L: 17/148 MS: 1 EraseBytes-
#599938	REDUCE cov: 826 ft: 2353 corp: 430/9027b lim: 2842 exec/s: 17645 rss: 471Mb L: 9/148 MS: 1 EraseBytes-
#600580	REDUCE cov: 826 ft: 2353 corp: 430/9025b lim: 2842 exec/s: 17664 rss: 471Mb L: 17/148 MS: 2 ChangeASCIIInt-EraseBytes-
#600991	REDUCE cov: 826 ft: 2353 corp: 430/9024b lim: 2842 exec/s: 17676 rss: 471Mb L: 5/148 MS: 1 EraseBytes-
#603792	REDUCE cov: 826 ft: 2353 corp: 430/9022b lim: 2864 exec/s: 17758 rss: 471Mb L: 35/148 MS: 1 EraseBytes-
#609428	REDUCE cov: 826 ft: 2353 corp: 430/9021b lim: 2919 exec/s: 17412 rss: 471Mb L: 23/148 MS: 1 EraseBytes-
#613220	REDUCE cov: 826 ft: 2353 corp: 430/9020b lim: 2952 exec/s: 17520 rss: 471Mb L: 6/148 MS: 2 ShuffleBytes-EraseBytes-
#614421	REDUCE cov: 826 ft: 2353 corp: 430/9017b lim: 2963 exec/s: 17554 rss: 471Mb L: 20/148 MS: 1 EraseBytes-
#615487	REDUCE cov: 826 ft: 2353 corp: 430/9016b lim: 2963 exec/s: 17585 rss: 471Mb L: 8/148 MS: 1 EraseBytes-
#618088	REDUCE cov: 826 ft: 2353 corp: 430/9015b lim: 2985 exec/s: 17659 rss: 471Mb L: 10/148 MS: 1 EraseBytes-
#619158	REDUCE cov: 826 ft: 2353 corp: 430/9011b lim: 2985 exec/s: 17690 rss: 471Mb L: 12/148 MS: 5 ChangeASCIIInt-ChangeBinInt-ChangeASCIIInt-ChangeASCIIInt-EraseBytes-
#620534	REDUCE cov: 826 ft: 2353 corp: 430/9005b lim: 2996 exec/s: 17729 rss: 471Mb L: 28/148 MS: 1 EraseBytes-
#620715	REDUCE cov: 826 ft: 2354 corp: 431/9034b lim: 2996 exec/s: 17734 rss: 471Mb L: 29/148 MS: 1 ChangeBinInt-
#622111	REDUCE cov: 826 ft: 2354 corp: 431/9033b lim: 3007 exec/s: 17774 rss: 471Mb L: 12/148 MS: 1 EraseBytes-
#622522	REDUCE cov: 826 ft: 2354 corp: 431/9030b lim: 3007 exec/s: 17786 rss: 471Mb L: 46/148 MS: 1 EraseBytes-
#623523	REDUCE cov: 826 ft: 2354 corp: 431/9029b lim: 3007 exec/s: 17814 rss: 471Mb L: 8/148 MS: 1 EraseBytes-
#623971	REDUCE cov: 826 ft: 2354 corp: 431/9028b lim: 3007 exec/s: 17827 rss: 471Mb L: 12/148 MS: 3 CrossOver-ChangeBinInt-EraseBytes-
#625462	REDUCE cov: 826 ft: 2354 corp: 431/9027b lim: 3018 exec/s: 17373 rss: 471Mb L: 24/148 MS: 1 EraseBytes-
#634959	REDUCE cov: 826 ft: 2357 corp: 432/9071b lim: 3106 exec/s: 17637 rss: 471Mb L: 44/148 MS: 2 ChangeASCIIInt-CopyPart-
#637122	REDUCE cov: 826 ft: 2357 corp: 432/9069b lim: 3117 exec/s: 17697 rss: 471Mb L: 146/146 MS: 3 CopyPart-ChangeASCIIInt-EraseBytes-
#641919	REDUCE cov: 826 ft: 2357 corp: 432/9063b lim: 3161 exec/s: 17831 rss: 471Mb L: 29/146 MS: 2 ChangeASCIIInt-EraseBytes-
#642180	REDUCE cov: 826 ft: 2357 corp: 432/9061b lim: 3161 exec/s: 17838 rss: 471Mb L: 40/146 MS: 1 EraseBytes-
#643082	REDUCE cov: 826 ft: 2357 corp: 432/9060b lim: 3161 exec/s: 17380 rss: 471Mb L: 13/146 MS: 2 ChangeASCIIInt-EraseBytes-
#644588	REDUCE cov: 826 ft: 2357 corp: 432/9058b lim: 3172 exec/s: 17421 rss: 471Mb L: 30/146 MS: 1 EraseBytes-
#646745	REDUCE cov: 826 ft: 2357 corp: 432/9057b lim: 3183 exec/s: 17479 rss: 471Mb L: 8/146 MS: 2 ChangeBit-EraseBytes-
#651772	REDUCE cov: 826 ft: 2357 corp: 432/9044b lim: 3227 exec/s: 17615 rss: 471Mb L: 37/146 MS: 2 ChangeBinInt-EraseBytes-
#656073	REDUCE cov: 826 ft: 2357 corp: 432/9041b lim: 3260 exec/s: 17731 rss: 471Mb L: 26/146 MS: 1 EraseBytes-
#659394	REDUCE cov: 826 ft: 2357 corp: 432/9035b lim: 3293 exec/s: 17821 rss: 471Mb L: 34/146 MS: 1 EraseBytes-
#659790	NEW    cov: 826 ft: 2367 corp: 433/9093b lim: 3293 exec/s: 17832 rss: 471Mb L: 58/146 MS: 1 CopyPart-
#660972	REDUCE cov: 826 ft: 2367 corp: 433/9092b lim: 3304 exec/s: 17864 rss: 471Mb L: 11/146 MS: 2 ShuffleBytes-EraseBytes-
#664590	REDUCE cov: 826 ft: 2367 corp: 433/9089b lim: 3337 exec/s: 17489 rss: 471Mb L: 10/146 MS: 3 ChangeASCIIInt-ChangeBinInt-EraseBytes-
#665711	NEW    cov: 826 ft: 2368 corp: 434/9110b lim: 3348 exec/s: 17518 rss: 471Mb L: 21/146 MS: 1 CMP- DE: "union"-
#665922	REDUCE cov: 826 ft: 2368 corp: 434/9109b lim: 3348 exec/s: 17524 rss: 471Mb L: 10/146 MS: 1 EraseBytes-
#667963	REDUCE cov: 826 ft: 2368 corp: 434/9108b lim: 3359 exec/s: 17577 rss: 471Mb L: 27/146 MS: 1 EraseBytes-
#668479	REDUCE cov: 826 ft: 2368 corp: 434/9107b lim: 3359 exec/s: 17591 rss: 471Mb L: 8/146 MS: 1 EraseBytes-
#671050	REDUCE cov: 826 ft: 2368 corp: 434/9097b lim: 3381 exec/s: 17659 rss: 471Mb L: 35/146 MS: 1 EraseBytes-
#673851	REDUCE cov: 826 ft: 2368 corp: 434/9095b lim: 3403 exec/s: 17732 rss: 471Mb L: 22/146 MS: 1 EraseBytes-
#674497	REDUCE cov: 826 ft: 2368 corp: 434/9094b lim: 3403 exec/s: 17749 rss: 471Mb L: 8/146 MS: 1 EraseBytes-
#675741	REDUCE cov: 826 ft: 2368 corp: 434/9093b lim: 3414 exec/s: 17782 rss: 471Mb L: 7/146 MS: 4 ChangeBit-ChangeBit-CopyPart-EraseBytes-
#675783	REDUCE cov: 826 ft: 2368 corp: 434/9092b lim: 3414 exec/s: 17783 rss: 471Mb L: 11/146 MS: 2 ChangeASCIIInt-EraseBytes-
#678974	REDUCE cov: 826 ft: 2368 corp: 434/9089b lim: 3436 exec/s: 17867 rss: 471Mb L: 45/146 MS: 1 EraseBytes-
#680150	REDUCE cov: 826 ft: 2368 corp: 434/9082b lim: 3447 exec/s: 17898 rss: 471Mb L: 41/146 MS: 1 EraseBytes-
#680301	REDUCE cov: 826 ft: 2368 corp: 434/9080b lim: 3447 exec/s: 17902 rss: 471Mb L: 12/146 MS: 1 EraseBytes-
#680407	REDUCE cov: 826 ft: 2368 corp: 434/9079b lim: 3447 exec/s: 17905 rss: 471Mb L: 6/146 MS: 1 EraseBytes-
#685278	REDUCE cov: 826 ft: 2368 corp: 434/9078b lim: 3491 exec/s: 17571 rss: 471Mb L: 44/146 MS: 1 EraseBytes-
#687089	REDUCE cov: 826 ft: 2368 corp: 434/9066b lim: 3502 exec/s: 17617 rss: 471Mb L: 32/146 MS: 1 EraseBytes-
#688475	REDUCE cov: 826 ft: 2368 corp: 434/9065b lim: 3513 exec/s: 17653 rss: 471Mb L: 7/146 MS: 1 EraseBytes-
#689641	REDUCE cov: 830 ft: 2372 corp: 435/9112b lim: 3524 exec/s: 17683 rss: 471Mb L: 47/146 MS: 1 CopyPart-
#691863	REDUCE cov: 830 ft: 2372 corp: 435/9111b lim: 3546 exec/s: 17740 rss: 471Mb L: 5/146 MS: 2 CrossOver-EraseBytes-
#692165	REDUCE cov: 830 ft: 2372 corp: 435/9109b lim: 3546 exec/s: 17747 rss: 471Mb L: 12/146 MS: 2 CopyPart-EraseBytes-
#693296	REDUCE cov: 830 ft: 2372 corp: 435/9108b lim: 3557 exec/s: 17776 rss: 471Mb L: 34/146 MS: 1 EraseBytes-
#695647	REDUCE cov: 830 ft: 2372 corp: 435/9106b lim: 3579 exec/s: 17837 rss: 471Mb L: 28/146 MS: 1 EraseBytes-
#696375	REDUCE cov: 830 ft: 2372 corp: 435/9103b lim: 3579 exec/s: 17855 rss: 471Mb L: 14/146 MS: 3 CopyPart-ShuffleBytes-EraseBytes-
#697571	REDUCE cov: 830 ft: 2372 corp: 435/9102b lim: 3590 exec/s: 17886 rss: 471Mb L: 19/146 MS: 1 EraseBytes-
#698164	REDUCE cov: 830 ft: 2372 corp: 435/9101b lim: 3590 exec/s: 17901 rss: 471Mb L: 11/146 MS: 3 ChangeASCIIInt-ChangeASCIIInt-EraseBytes-
#698336	REDUCE cov: 830 ft: 2372 corp: 435/9100b lim: 3590 exec/s: 17906 rss: 471Mb L: 43/146 MS: 2 ShuffleBytes-EraseBytes-
#699977	REDUCE cov: 830 ft: 2372 corp: 435/9099b lim: 3601 exec/s: 17499 rss: 471Mb L: 7/146 MS: 1 EraseBytes-
#703665	REDUCE cov: 830 ft: 2372 corp: 435/9086b lim: 3634 exec/s: 17591 rss: 471Mb L: 40/146 MS: 3 ChangeByte-ChangeASCIIInt-EraseBytes-
#704633	REDUCE cov: 830 ft: 2372 corp: 435/9085b lim: 3634 exec/s: 17615 rss: 471Mb L: 10/146 MS: 3 ChangeASCIIInt-ChangeBit-EraseBytes-
#707075	REDUCE cov: 830 ft: 2372 corp: 435/9084b lim: 3656 exec/s: 17676 rss: 471Mb L: 16/146 MS: 2 InsertByte-EraseBytes-
#707516	REDUCE cov: 830 ft: 2372 corp: 435/9078b lim: 3656 exec/s: 17687 rss: 471Mb L: 53/146 MS: 1 EraseBytes-
#707873	REDUCE cov: 830 ft: 2372 corp: 435/9074b lim: 3656 exec/s: 17696 rss: 471Mb L: 142/144 MS: 2 ChangeASCIIInt-EraseBytes-
#708374	REDUCE cov: 830 ft: 2372 corp: 435/9073b lim: 3656 exec/s: 17709 rss: 471Mb L: 16/144 MS: 1 EraseBytes-
#709185	REDUCE cov: 830 ft: 2372 corp: 435/9072b lim: 3656 exec/s: 17729 rss: 471Mb L: 43/144 MS: 1 EraseBytes-
#710177	REDUCE cov: 830 ft: 2372 corp: 435/9071b lim: 3656 exec/s: 17754 rss: 471Mb L: 64/144 MS: 2 ChangeASCIIInt-EraseBytes-
#713195	REDUCE cov: 830 ft: 2372 corp: 435/9069b lim: 3678 exec/s: 17829 rss: 471Mb L: 45/144 MS: 3 PersAutoDict-ChangeASCIIInt-EraseBytes- DE: "union"-
#713591	REDUCE cov: 830 ft: 2372 corp: 435/9068b lim: 3678 exec/s: 17839 rss: 471Mb L: 19/144 MS: 1 EraseBytes-
#714492	REDUCE cov: 830 ft: 2372 corp: 435/9067b lim: 3678 exec/s: 17862 rss: 471Mb L: 11/144 MS: 1 EraseBytes-
#716808	REDUCE cov: 830 ft: 2372 corp: 435/9066b lim: 3700 exec/s: 17920 rss: 471Mb L: 10/144 MS: 1 EraseBytes-
#717504	REDUCE cov: 830 ft: 2372 corp: 435/9065b lim: 3700 exec/s: 17937 rss: 471Mb L: 10/144 MS: 1 EraseBytes-
#719060	REDUCE cov: 830 ft: 2372 corp: 435/9062b lim: 3711 exec/s: 17538 rss: 471Mb L: 18/144 MS: 1 EraseBytes-
#719216	REDUCE cov: 830 ft: 2372 corp: 435/9059b lim: 3711 exec/s: 17541 rss: 471Mb L: 9/144 MS: 1 EraseBytes-
#720222	REDUCE cov: 830 ft: 2372 corp: 435/9058b lim: 3711 exec/s: 17566 rss: 471Mb L: 8/144 MS: 1 EraseBytes-
#720369	REDUCE cov: 830 ft: 2372 corp: 435/9057b lim: 3711 exec/s: 17569 rss: 471Mb L: 5/144 MS: 2 InsertByte-EraseBytes-
#721410	REDUCE cov: 830 ft: 2372 corp: 435/9054b lim: 3711 exec/s: 17595 rss: 471Mb L: 15/144 MS: 1 EraseBytes-
#722231	REDUCE cov: 830 ft: 2372 corp: 435/9046b lim: 3711 exec/s: 17615 rss: 471Mb L: 57/144 MS: 1 EraseBytes-
#723242	REDUCE cov: 830 ft: 2372 corp: 435/9045b lim: 3711 exec/s: 17640 rss: 471Mb L: 33/144 MS: 1 EraseBytes-
#723478	REDUCE cov: 830 ft: 2372 corp: 435/9044b lim: 3711 exec/s: 17645 rss: 471Mb L: 38/144 MS: 1 EraseBytes-
#724214	REDUCE cov: 830 ft: 2372 corp: 435/9042b lim: 3711 exec/s: 17663 rss: 471Mb L: 29/144 MS: 1 EraseBytes-
#725250	REDUCE cov: 830 ft: 2372 corp: 435/9039b lim: 3711 exec/s: 17689 rss: 471Mb L: 57/144 MS: 1 EraseBytes-
#733202	REDUCE cov: 830 ft: 2372 corp: 435/9038b lim: 3788 exec/s: 17882 rss: 471Mb L: 18/144 MS: 2 ChangeBinInt-EraseBytes-
#735543	REDUCE cov: 830 ft: 2374 corp: 436/9102b lim: 3810 exec/s: 17940 rss: 471Mb L: 64/144 MS: 1 ChangeBit-
#735874	REDUCE cov: 830 ft: 2374 corp: 436/9101b lim: 3810 exec/s: 17520 rss: 471Mb L: 63/144 MS: 1 EraseBytes-
#739630	REDUCE cov: 830 ft: 2374 corp: 436/9096b lim: 3843 exec/s: 17610 rss: 471Mb L: 40/144 MS: 1 EraseBytes-
#740971	REDUCE cov: 830 ft: 2374 corp: 436/9094b lim: 3854 exec/s: 17642 rss: 471Mb L: 14/144 MS: 1 EraseBytes-
#743457	REDUCE cov: 830 ft: 2374 corp: 436/9093b lim: 3876 exec/s: 17701 rss: 471Mb L: 6/144 MS: 1 EraseBytes-
#746149	REDUCE cov: 830 ft: 2374 corp: 436/9092b lim: 3898 exec/s: 17765 rss: 471Mb L: 28/144 MS: 2 ShuffleBytes-EraseBytes-
#752565	REDUCE cov: 830 ft: 2374 corp: 436/9090b lim: 3953 exec/s: 17501 rss: 471Mb L: 15/144 MS: 1 EraseBytes-
#753376	REDUCE cov: 830 ft: 2374 corp: 436/9089b lim: 3953 exec/s: 17520 rss: 471Mb L: 20/144 MS: 1 EraseBytes-
#754502	REDUCE cov: 830 ft: 2374 corp: 436/9086b lim: 3964 exec/s: 17546 rss: 471Mb L: 25/144 MS: 1 EraseBytes-
#755718	REDUCE cov: 830 ft: 2374 corp: 436/9085b lim: 3975 exec/s: 17574 rss: 471Mb L: 15/144 MS: 1 EraseBytes-
#756059	REDUCE cov: 830 ft: 2374 corp: 436/9084b lim: 3975 exec/s: 17582 rss: 471Mb L: 17/144 MS: 1 EraseBytes-
#757976	REDUCE cov: 830 ft: 2374 corp: 436/9080b lim: 3986 exec/s: 17627 rss: 471Mb L: 31/144 MS: 2 InsertByte-EraseBytes-
#760577	REDUCE cov: 830 ft: 2374 corp: 436/9079b lim: 4008 exec/s: 17687 rss: 471Mb L: 10/144 MS: 1 EraseBytes-
#761215	REDUCE cov: 830 ft: 2374 corp: 436/9078b lim: 4008 exec/s: 17702 rss: 471Mb L: 12/144 MS: 3 ChangeASCIIInt-ChangeASCIIInt-EraseBytes-
#763321	REDUCE cov: 830 ft: 2374 corp: 436/9077b lim: 4019 exec/s: 17751 rss: 471Mb L: 10/144 MS: 1 EraseBytes-
#765473	REDUCE cov: 830 ft: 2374 corp: 436/9076b lim: 4030 exec/s: 17801 rss: 471Mb L: 9/144 MS: 2 ShuffleBytes-EraseBytes-
#765784	REDUCE cov: 830 ft: 2374 corp: 436/9070b lim: 4030 exec/s: 17808 rss: 471Mb L: 51/144 MS: 1 EraseBytes-
#766610	REDUCE cov: 830 ft: 2374 corp: 436/9069b lim: 4030 exec/s: 17828 rss: 471Mb L: 11/144 MS: 1 EraseBytes-
#767806	REDUCE cov: 830 ft: 2374 corp: 436/9064b lim: 4041 exec/s: 17855 rss: 471Mb L: 35/144 MS: 1 EraseBytes-
#772008	REDUCE cov: 830 ft: 2374 corp: 436/9063b lim: 4074 exec/s: 17545 rss: 471Mb L: 43/144 MS: 2 ChangeBit-EraseBytes-
#775804	REDUCE cov: 830 ft: 2374 corp: 436/9062b lim: 4096 exec/s: 17631 rss: 471Mb L: 90/144 MS: 1 EraseBytes-
#775847	REDUCE cov: 830 ft: 2374 corp: 436/9061b lim: 4096 exec/s: 17632 rss: 471Mb L: 14/144 MS: 3 CopyPart-ChangeByte-EraseBytes-
#779403	REDUCE cov: 830 ft: 2374 corp: 436/9058b lim: 4096 exec/s: 17713 rss: 471Mb L: 43/144 MS: 1 EraseBytes-
#780239	REDUCE cov: 830 ft: 2374 corp: 436/9057b lim: 4096 exec/s: 17732 rss: 471Mb L: 34/144 MS: 1 EraseBytes-
#782341	NEW    cov: 830 ft: 2379 corp: 437/9134b lim: 4096 exec/s: 17780 rss: 471Mb L: 77/144 MS: 2 PersAutoDict-CopyPart- DE: "mod"-
#785487	REDUCE cov: 830 ft: 2379 corp: 437/9133b lim: 4096 exec/s: 17455 rss: 471Mb L: 11/144 MS: 1 EraseBytes-
#786888	REDUCE cov: 830 ft: 2379 corp: 437/9114b lim: 4096 exec/s: 17486 rss: 471Mb L: 45/144 MS: 1 EraseBytes-
#788259	REDUCE cov: 830 ft: 2379 corp: 437/9113b lim: 4096 exec/s: 17516 rss: 471Mb L: 71/144 MS: 1 EraseBytes-
#789870	REDUCE cov: 830 ft: 2379 corp: 437/9112b lim: 4096 exec/s: 17552 rss: 471Mb L: 13/144 MS: 1 EraseBytes-
#790156	REDUCE cov: 830 ft: 2379 corp: 437/9110b lim: 4096 exec/s: 17559 rss: 471Mb L: 35/144 MS: 1 EraseBytes-
#793643	REDUCE cov: 830 ft: 2379 corp: 437/9109b lim: 4096 exec/s: 17636 rss: 471Mb L: 16/144 MS: 2 ChangeASCIIInt-EraseBytes-
#794029	REDUCE cov: 830 ft: 2379 corp: 437/9105b lim: 4096 exec/s: 17645 rss: 471Mb L: 14/144 MS: 1 EraseBytes-
#794520	REDUCE cov: 830 ft: 2379 corp: 437/9104b lim: 4096 exec/s: 17656 rss: 471Mb L: 5/144 MS: 1 EraseBytes-
#794691	REDUCE cov: 830 ft: 2379 corp: 437/9103b lim: 4096 exec/s: 17659 rss: 471Mb L: 26/144 MS: 1 EraseBytes-
#796588	REDUCE cov: 830 ft: 2379 corp: 437/9102b lim: 4096 exec/s: 17701 rss: 471Mb L: 13/144 MS: 2 ChangeBinInt-EraseBytes-
#797114	REDUCE cov: 830 ft: 2379 corp: 437/9101b lim: 4096 exec/s: 17713 rss: 471Mb L: 13/144 MS: 1 EraseBytes-
#797460	REDUCE cov: 830 ft: 2379 corp: 437/9097b lim: 4096 exec/s: 17721 rss: 471Mb L: 36/144 MS: 1 EraseBytes-
#799497	REDUCE cov: 830 ft: 2379 corp: 437/9096b lim: 4096 exec/s: 17766 rss: 471Mb L: 13/144 MS: 2 CrossOver-EraseBytes-
#800878	REDUCE cov: 830 ft: 2379 corp: 437/9095b lim: 4096 exec/s: 17797 rss: 471Mb L: 38/144 MS: 1 EraseBytes-
#801514	REDUCE cov: 830 ft: 2379 corp: 437/9093b lim: 4096 exec/s: 17811 rss: 471Mb L: 41/144 MS: 1 EraseBytes-
#801960	REDUCE cov: 830 ft: 2379 corp: 437/9092b lim: 4096 exec/s: 17821 rss: 471Mb L: 10/144 MS: 1 EraseBytes-
#802011	REDUCE cov: 830 ft: 2379 corp: 437/9091b lim: 4096 exec/s: 17822 rss: 471Mb L: 18/144 MS: 1 EraseBytes-
#806067	REDUCE cov: 830 ft: 2380 corp: 438/9138b lim: 4096 exec/s: 17523 rss: 471Mb L: 47/144 MS: 1 ChangeBinInt-
#807589	REDUCE cov: 830 ft: 2380 corp: 438/9134b lim: 4096 exec/s: 17556 rss: 471Mb L: 10/144 MS: 2 ShuffleBytes-EraseBytes-
#808675	REDUCE cov: 830 ft: 2380 corp: 438/9133b lim: 4096 exec/s: 17579 rss: 471Mb L: 12/144 MS: 1 EraseBytes-
#810006	REDUCE cov: 830 ft: 2380 corp: 438/9131b lim: 4096 exec/s: 17608 rss: 471Mb L: 10/144 MS: 1 EraseBytes-
#814127	REDUCE cov: 830 ft: 2380 corp: 438/9130b lim: 4096 exec/s: 17698 rss: 471Mb L: 46/144 MS: 1 EraseBytes-
#814368	REDUCE cov: 830 ft: 2380 corp: 438/9120b lim: 4096 exec/s: 17703 rss: 471Mb L: 36/144 MS: 1 EraseBytes-
#816980	REDUCE cov: 830 ft: 2380 corp: 438/9106b lim: 4096 exec/s: 17760 rss: 471Mb L: 32/144 MS: 2 ChangeBit-EraseBytes-
#818216	REDUCE cov: 830 ft: 2380 corp: 438/9105b lim: 4096 exec/s: 17787 rss: 471Mb L: 10/144 MS: 1 EraseBytes-
#825117	REDUCE cov: 830 ft: 2380 corp: 438/9102b lim: 4096 exec/s: 17555 rss: 471Mb L: 45/144 MS: 1 EraseBytes-
#827228	REDUCE cov: 830 ft: 2380 corp: 438/9101b lim: 4096 exec/s: 17600 rss: 472Mb L: 28/144 MS: 1 EraseBytes-
#831095	REDUCE cov: 830 ft: 2380 corp: 438/9100b lim: 4096 exec/s: 17682 rss: 472Mb L: 10/144 MS: 2 ChangeASCIIInt-EraseBytes-
#831621	REDUCE cov: 830 ft: 2380 corp: 438/9099b lim: 4096 exec/s: 17694 rss: 472Mb L: 7/144 MS: 1 EraseBytes-
#834597	REDUCE cov: 830 ft: 2380 corp: 438/9098b lim: 4096 exec/s: 17757 rss: 472Mb L: 131/144 MS: 1 EraseBytes-
#835083	REDUCE cov: 830 ft: 2380 corp: 438/9096b lim: 4096 exec/s: 17767 rss: 472Mb L: 49/144 MS: 1 EraseBytes-
#835694	REDUCE cov: 830 ft: 2380 corp: 438/9085b lim: 4096 exec/s: 17780 rss: 472Mb L: 52/144 MS: 1 EraseBytes-
#836260	REDUCE cov: 830 ft: 2380 corp: 438/9084b lim: 4096 exec/s: 17792 rss: 472Mb L: 35/144 MS: 1 EraseBytes-
#837816	REDUCE cov: 830 ft: 2380 corp: 438/9083b lim: 4096 exec/s: 17825 rss: 472Mb L: 13/144 MS: 1 EraseBytes-
#838148	REDUCE cov: 830 ft: 2380 corp: 438/9076b lim: 4096 exec/s: 17832 rss: 472Mb L: 18/144 MS: 2 PersAutoDict-EraseBytes- DE: "\007\000"-
#838175	NEW    cov: 830 ft: 2382 corp: 439/9179b lim: 4096 exec/s: 17833 rss: 472Mb L: 103/144 MS: 2 ShuffleBytes-CopyPart-
#846681	REDUCE cov: 830 ft: 2382 corp: 439/9178b lim: 4096 exec/s: 17639 rss: 472Mb L: 12/144 MS: 1 EraseBytes-
#847197	REDUCE cov: 830 ft: 2382 corp: 439/9177b lim: 4096 exec/s: 17649 rss: 472Mb L: 21/144 MS: 1 EraseBytes-
#849378	REDUCE cov: 830 ft: 2382 corp: 439/9176b lim: 4096 exec/s: 17695 rss: 472Mb L: 16/144 MS: 1 EraseBytes-
#850864	REDUCE cov: 830 ft: 2382 corp: 439/9169b lim: 4096 exec/s: 17726 rss: 472Mb L: 96/144 MS: 1 EraseBytes-
#850960	REDUCE cov: 830 ft: 2382 corp: 439/9164b lim: 4096 exec/s: 17728 rss: 472Mb L: 40/144 MS: 1 EraseBytes-
#855244	REDUCE cov: 830 ft: 2382 corp: 439/9159b lim: 4096 exec/s: 17453 rss: 472Mb L: 20/144 MS: 4 CopyPart-ChangeASCIIInt-ChangeASCIIInt-EraseBytes-
#857086	REDUCE cov: 830 ft: 2382 corp: 439/9158b lim: 4096 exec/s: 17491 rss: 472Mb L: 11/144 MS: 1 EraseBytes-
#858427	REDUCE cov: 830 ft: 2382 corp: 439/9157b lim: 4096 exec/s: 17518 rss: 472Mb L: 51/144 MS: 1 EraseBytes-
#858793	REDUCE cov: 830 ft: 2382 corp: 439/9156b lim: 4096 exec/s: 17526 rss: 472Mb L: 35/144 MS: 1 EraseBytes-
#859494	REDUCE cov: 830 ft: 2382 corp: 439/9154b lim: 4096 exec/s: 17540 rss: 472Mb L: 57/144 MS: 1 EraseBytes-
#859496	REDUCE cov: 830 ft: 2382 corp: 439/9153b lim: 4096 exec/s: 17540 rss: 472Mb L: 5/144 MS: 2 CopyPart-EraseBytes-
#860932	NEW    cov: 830 ft: 2383 corp: 440/9163b lim: 4096 exec/s: 17570 rss: 472Mb L: 10/144 MS: 1 ChangeASCIIInt-
#861203	REDUCE cov: 830 ft: 2383 corp: 440/9161b lim: 4096 exec/s: 17575 rss: 472Mb L: 41/144 MS: 1 EraseBytes-
#866209	REDUCE cov: 830 ft: 2383 corp: 440/9160b lim: 4096 exec/s: 17677 rss: 472Mb L: 14/144 MS: 1 EraseBytes-
#867450	REDUCE cov: 830 ft: 2383 corp: 440/9159b lim: 4096 exec/s: 17703 rss: 472Mb L: 9/144 MS: 1 EraseBytes-
#870122	REDUCE cov: 830 ft: 2383 corp: 440/9158b lim: 4096 exec/s: 17757 rss: 472Mb L: 34/144 MS: 2 ChangeASCIIInt-EraseBytes-
#871188	REDUCE cov: 830 ft: 2383 corp: 440/9157b lim: 4096 exec/s: 17779 rss: 472Mb L: 34/144 MS: 1 EraseBytes-
#872389	REDUCE cov: 830 ft: 2383 corp: 440/9156b lim: 4096 exec/s: 17447 rss: 472Mb L: 10/144 MS: 1 EraseBytes-
#872665	REDUCE cov: 830 ft: 2383 corp: 440/9154b lim: 4096 exec/s: 17453 rss: 472Mb L: 28/144 MS: 1 EraseBytes-
#872901	REDUCE cov: 830 ft: 2384 corp: 441/9250b lim: 4096 exec/s: 17458 rss: 472Mb L: 96/144 MS: 1 ChangeBinInt-
#874652	REDUCE cov: 830 ft: 2384 corp: 441/9249b lim: 4096 exec/s: 17493 rss: 472Mb L: 14/144 MS: 1 EraseBytes-
#875233	REDUCE cov: 830 ft: 2384 corp: 441/9247b lim: 4096 exec/s: 17504 rss: 472Mb L: 13/144 MS: 1 EraseBytes-
#876534	REDUCE cov: 830 ft: 2384 corp: 441/9246b lim: 4096 exec/s: 17530 rss: 472Mb L: 39/144 MS: 1 EraseBytes-
#877675	REDUCE cov: 830 ft: 2384 corp: 441/9245b lim: 4096 exec/s: 17553 rss: 472Mb L: 14/144 MS: 1 EraseBytes-
#877696	NEW    cov: 830 ft: 2396 corp: 442/9379b lim: 4096 exec/s: 17553 rss: 472Mb L: 134/144 MS: 1 CopyPart-
#879082	REDUCE cov: 830 ft: 2396 corp: 442/9378b lim: 4096 exec/s: 17581 rss: 472Mb L: 11/144 MS: 1 EraseBytes-
#879648	REDUCE cov: 830 ft: 2396 corp: 442/9376b lim: 4096 exec/s: 17592 rss: 472Mb L: 30/144 MS: 1 EraseBytes-
#880319	REDUCE cov: 830 ft: 2396 corp: 442/9375b lim: 4096 exec/s: 17606 rss: 472Mb L: 33/144 MS: 1 EraseBytes-
#880980	REDUCE cov: 830 ft: 2396 corp: 442/9374b lim: 4096 exec/s: 17619 rss: 472Mb L: 9/144 MS: 1 EraseBytes-
#881201	REDUCE cov: 830 ft: 2396 corp: 442/9373b lim: 4096 exec/s: 17624 rss: 472Mb L: 13/144 MS: 1 EraseBytes-
#890743	REDUCE cov: 830 ft: 2396 corp: 442/9372b lim: 4096 exec/s: 17465 rss: 473Mb L: 30/144 MS: 2 ShuffleBytes-EraseBytes-
#892564	REDUCE cov: 830 ft: 2396 corp: 442/9371b lim: 4096 exec/s: 17501 rss: 473Mb L: 13/144 MS: 1 EraseBytes-
#893005	REDUCE cov: 830 ft: 2396 corp: 442/9368b lim: 4096 exec/s: 17509 rss: 473Mb L: 10/144 MS: 1 EraseBytes-
#895696	REDUCE cov: 830 ft: 2396 corp: 442/9367b lim: 4096 exec/s: 17562 rss: 473Mb L: 14/144 MS: 1 EraseBytes-
#897508	REDUCE cov: 830 ft: 2396 corp: 442/9366b lim: 4096 exec/s: 17598 rss: 473Mb L: 17/144 MS: 2 ChangeASCIIInt-EraseBytes-
#900999	REDUCE cov: 830 ft: 2396 corp: 442/9363b lim: 4096 exec/s: 17666 rss: 473Mb L: 37/144 MS: 1 EraseBytes-
#911835	REDUCE cov: 830 ft: 2396 corp: 442/9362b lim: 4096 exec/s: 17535 rss: 473Mb L: 10/144 MS: 1 EraseBytes-
#913372	REDUCE cov: 830 ft: 2396 corp: 442/9361b lim: 4096 exec/s: 17564 rss: 473Mb L: 20/144 MS: 2 ChangeASCIIInt-EraseBytes-
#916603	REDUCE cov: 830 ft: 2396 corp: 442/9360b lim: 4096 exec/s: 17626 rss: 473Mb L: 11/144 MS: 1 EraseBytes-
#919494	REDUCE cov: 830 ft: 2396 corp: 442/9359b lim: 4096 exec/s: 17682 rss: 473Mb L: 13/144 MS: 1 EraseBytes-
#923971	REDUCE cov: 830 ft: 2396 corp: 442/9358b lim: 4096 exec/s: 17768 rss: 473Mb L: 23/144 MS: 2 CrossOver-EraseBytes-
#924057	REDUCE cov: 830 ft: 2396 corp: 442/9353b lim: 4096 exec/s: 17770 rss: 473Mb L: 34/144 MS: 1 EraseBytes-
#925813	REDUCE cov: 830 ft: 2396 corp: 442/9352b lim: 4096 exec/s: 17804 rss: 473Mb L: 9/144 MS: 1 EraseBytes-
#925969	REDUCE cov: 830 ft: 2396 corp: 442/9343b lim: 4096 exec/s: 17807 rss: 473Mb L: 14/144 MS: 1 EraseBytes-
#925975	REDUCE cov: 830 ft: 2396 corp: 442/9342b lim: 4096 exec/s: 17807 rss: 473Mb L: 10/144 MS: 1 EraseBytes-
#927369	REDUCE cov: 830 ft: 2396 corp: 442/9341b lim: 4096 exec/s: 17497 rss: 473Mb L: 33/144 MS: 4 CopyPart-ShuffleBytes-CrossOver-EraseBytes-
#929156	REDUCE cov: 830 ft: 2396 corp: 442/9340b lim: 4096 exec/s: 17531 rss: 473Mb L: 11/144 MS: 2 ChangeByte-EraseBytes-
#933548	REDUCE cov: 830 ft: 2396 corp: 442/9339b lim: 4096 exec/s: 17614 rss: 473Mb L: 12/144 MS: 2 ChangeByte-EraseBytes-
#934249	REDUCE cov: 830 ft: 2396 corp: 442/9338b lim: 4096 exec/s: 17627 rss: 473Mb L: 10/144 MS: 1 EraseBytes-
#934750	REDUCE cov: 830 ft: 2396 corp: 442/9337b lim: 4096 exec/s: 17636 rss: 473Mb L: 12/144 MS: 1 EraseBytes-
#936383	REDUCE cov: 830 ft: 2396 corp: 442/9326b lim: 4096 exec/s: 17667 rss: 473Mb L: 34/144 MS: 3 CopyPart-EraseBytes-EraseBytes-
#937124	NEW    cov: 830 ft: 2407 corp: 443/9509b lim: 4096 exec/s: 17681 rss: 473Mb L: 183/183 MS: 1 CopyPart-
#938115	REDUCE cov: 830 ft: 2407 corp: 443/9507b lim: 4096 exec/s: 17700 rss: 473Mb L: 19/183 MS: 1 EraseBytes-
#939806	REDUCE cov: 830 ft: 2407 corp: 443/9504b lim: 4096 exec/s: 17732 rss: 473Mb L: 14/183 MS: 1 EraseBytes-
#942688	REDUCE cov: 830 ft: 2407 corp: 443/9503b lim: 4096 exec/s: 17786 rss: 473Mb L: 11/183 MS: 2 ChangeBinInt-EraseBytes-
#943599	REDUCE cov: 830 ft: 2407 corp: 443/9502b lim: 4096 exec/s: 17803 rss: 473Mb L: 8/183 MS: 1 EraseBytes-
#945495	NEW    cov: 830 ft: 2424 corp: 444/9845b lim: 4096 exec/s: 17839 rss: 473Mb L: 343/343 MS: 1 CopyPart-
#946551	REDUCE cov: 830 ft: 2424 corp: 444/9844b lim: 4096 exec/s: 17859 rss: 473Mb L: 21/343 MS: 1 EraseBytes-
#947497	REDUCE cov: 830 ft: 2424 corp: 444/9833b lim: 4096 exec/s: 17877 rss: 473Mb L: 85/343 MS: 1 EraseBytes-
#951878	REDUCE cov: 830 ft: 2424 corp: 444/9830b lim: 4096 exec/s: 17627 rss: 473Mb L: 17/343 MS: 1 EraseBytes-
#958244	REDUCE cov: 830 ft: 2424 corp: 444/9829b lim: 4096 exec/s: 17745 rss: 473Mb L: 11/343 MS: 1 EraseBytes-
#958620	REDUCE cov: 830 ft: 2424 corp: 444/9828b lim: 4096 exec/s: 17752 rss: 473Mb L: 10/343 MS: 1 EraseBytes-
#964016	REDUCE cov: 830 ft: 2424 corp: 444/9827b lim: 4096 exec/s: 17852 rss: 473Mb L: 8/343 MS: 1 EraseBytes-
#968342	REDUCE cov: 830 ft: 2424 corp: 444/9826b lim: 4096 exec/s: 17932 rss: 473Mb L: 7/343 MS: 1 EraseBytes-
#971168	REDUCE cov: 830 ft: 2424 corp: 444/9825b lim: 4096 exec/s: 17657 rss: 473Mb L: 13/343 MS: 1 EraseBytes-
#971419	REDUCE cov: 830 ft: 2424 corp: 444/9822b lim: 4096 exec/s: 17662 rss: 473Mb L: 31/343 MS: 1 EraseBytes-
#971505	REDUCE cov: 830 ft: 2424 corp: 444/9820b lim: 4096 exec/s: 17663 rss: 473Mb L: 32/343 MS: 1 EraseBytes-
#974261	REDUCE cov: 830 ft: 2424 corp: 444/9819b lim: 4096 exec/s: 17713 rss: 473Mb L: 31/343 MS: 1 EraseBytes-
#974537	REDUCE cov: 830 ft: 2424 corp: 444/9818b lim: 4096 exec/s: 17718 rss: 473Mb L: 6/343 MS: 1 EraseBytes-
#977168	REDUCE cov: 830 ft: 2424 corp: 444/9816b lim: 4096 exec/s: 17766 rss: 473Mb L: 8/343 MS: 1 EraseBytes-
#979246	REDUCE cov: 830 ft: 2424 corp: 444/9815b lim: 4096 exec/s: 17804 rss: 473Mb L: 12/343 MS: 3 ChangeBinInt-ChangeByte-EraseBytes-
#982082	REDUCE cov: 830 ft: 2424 corp: 444/9814b lim: 4096 exec/s: 17856 rss: 473Mb L: 11/343 MS: 1 EraseBytes-
#982638	REDUCE cov: 830 ft: 2424 corp: 444/9813b lim: 4096 exec/s: 17866 rss: 473Mb L: 11/343 MS: 1 EraseBytes-
#985300	REDUCE cov: 830 ft: 2424 corp: 444/9812b lim: 4096 exec/s: 17914 rss: 473Mb L: 9/343 MS: 2 EraseBytes-CopyPart-
#991826	REDUCE cov: 830 ft: 2424 corp: 444/9811b lim: 4096 exec/s: 17711 rss: 473Mb L: 7/343 MS: 1 EraseBytes-
#991988	REDUCE cov: 830 ft: 2424 corp: 444/9807b lim: 4096 exec/s: 17714 rss: 473Mb L: 48/343 MS: 2 ShuffleBytes-EraseBytes-
#992929	REDUCE cov: 830 ft: 2424 corp: 444/9806b lim: 4096 exec/s: 17730 rss: 473Mb L: 7/343 MS: 1 EraseBytes-
#994605	REDUCE cov: 830 ft: 2424 corp: 444/9805b lim: 4096 exec/s: 17760 rss: 473Mb L: 30/343 MS: 1 EraseBytes-
#997382	REDUCE cov: 830 ft: 2424 corp: 444/9796b lim: 4096 exec/s: 17810 rss: 473Mb L: 174/343 MS: 2 ChangeASCIIInt-EraseBytes-
#998813	REDUCE cov: 830 ft: 2424 corp: 444/9795b lim: 4096 exec/s: 17835 rss: 473Mb L: 34/343 MS: 1 EraseBytes-
#1001634	REDUCE cov: 830 ft: 2424 corp: 444/9794b lim: 4096 exec/s: 17886 rss: 473Mb L: 10/343 MS: 1 EraseBytes-
#1002773	REDUCE cov: 830 ft: 2424 corp: 444/9792b lim: 4096 exec/s: 17906 rss: 473Mb L: 35/343 MS: 4 CopyPart-ShuffleBytes-CopyPart-EraseBytes-
#1006299	REDUCE cov: 830 ft: 2424 corp: 444/9791b lim: 4096 exec/s: 17969 rss: 473Mb L: 36/343 MS: 1 EraseBytes-
#1006445	REDUCE cov: 830 ft: 2424 corp: 444/9782b lim: 4096 exec/s: 17972 rss: 473Mb L: 334/334 MS: 1 EraseBytes-
#1006936	REDUCE cov: 830 ft: 2424 corp: 444/9780b lim: 4096 exec/s: 17981 rss: 473Mb L: 26/334 MS: 1 EraseBytes-
#1008082	REDUCE cov: 830 ft: 2424 corp: 444/9777b lim: 4096 exec/s: 18001 rss: 473Mb L: 14/334 MS: 1 EraseBytes-
#1008258	REDUCE cov: 830 ft: 2426 corp: 445/10111b lim: 4096 exec/s: 18004 rss: 473Mb L: 334/334 MS: 1 CopyPart-
#1009414	REDUCE cov: 830 ft: 2426 corp: 445/10110b lim: 4096 exec/s: 17709 rss: 473Mb L: 16/334 MS: 1 EraseBytes-
#1013200	REDUCE cov: 830 ft: 2426 corp: 445/10109b lim: 4096 exec/s: 17775 rss: 473Mb L: 27/334 MS: 1 EraseBytes-
#1014086	REDUCE cov: 830 ft: 2426 corp: 445/10108b lim: 4096 exec/s: 17790 rss: 473Mb L: 13/334 MS: 1 EraseBytes-
#1014717	REDUCE cov: 830 ft: 2426 corp: 445/10103b lim: 4096 exec/s: 17802 rss: 473Mb L: 52/334 MS: 1 EraseBytes-
#1016749	REDUCE cov: 830 ft: 2426 corp: 445/10100b lim: 4096 exec/s: 17837 rss: 473Mb L: 20/334 MS: 2 ChangeBit-EraseBytes-
#1023956	REDUCE cov: 830 ft: 2426 corp: 445/10098b lim: 4096 exec/s: 17964 rss: 473Mb L: 17/334 MS: 2 ChangeBinInt-EraseBytes-
#1026052	REDUCE cov: 830 ft: 2426 corp: 445/10097b lim: 4096 exec/s: 17690 rss: 473Mb L: 13/334 MS: 1 EraseBytes-
#1029743	REDUCE cov: 830 ft: 2426 corp: 445/10096b lim: 4096 exec/s: 17754 rss: 473Mb L: 13/334 MS: 1 EraseBytes-
#1031964	REDUCE cov: 830 ft: 2426 corp: 445/10091b lim: 4096 exec/s: 17792 rss: 473Mb L: 10/334 MS: 1 EraseBytes-
#1033075	REDUCE cov: 830 ft: 2426 corp: 445/10090b lim: 4096 exec/s: 17811 rss: 473Mb L: 34/334 MS: 1 EraseBytes-
#1035286	REDUCE cov: 830 ft: 2426 corp: 445/10089b lim: 4096 exec/s: 17849 rss: 473Mb L: 21/334 MS: 1 EraseBytes-
#1036207	REDUCE cov: 830 ft: 2426 corp: 445/10087b lim: 4096 exec/s: 17865 rss: 473Mb L: 51/334 MS: 1 EraseBytes-
#1037208	NEW    cov: 830 ft: 2431 corp: 446/10708b lim: 4096 exec/s: 17882 rss: 473Mb L: 621/621 MS: 1 CopyPart-
#1037509	REDUCE cov: 830 ft: 2431 corp: 446/10707b lim: 4096 exec/s: 17888 rss: 473Mb L: 50/621 MS: 1 EraseBytes-
#1038586	REDUCE cov: 830 ft: 2433 corp: 447/11026b lim: 4096 exec/s: 17906 rss: 473Mb L: 319/621 MS: 2 ChangeASCIIInt-EraseBytes-
#1041942	REDUCE cov: 830 ft: 2433 corp: 447/11025b lim: 4096 exec/s: 17660 rss: 473Mb L: 131/621 MS: 1 EraseBytes-
#1044906	REDUCE cov: 830 ft: 2433 corp: 447/11024b lim: 4096 exec/s: 17710 rss: 473Mb L: 9/621 MS: 4 CopyPart-InsertByte-ChangeBit-EraseBytes-
#1045112	REDUCE cov: 830 ft: 2433 corp: 447/11018b lim: 4096 exec/s: 17713 rss: 473Mb L: 168/621 MS: 1 EraseBytes-
#1046905	REDUCE cov: 830 ft: 2433 corp: 447/11017b lim: 4096 exec/s: 17744 rss: 473Mb L: 7/621 MS: 3 InsertByte-EraseBytes-EraseBytes-
#1048476	REDUCE cov: 830 ft: 2433 corp: 447/11015b lim: 4096 exec/s: 17770 rss: 473Mb L: 24/621 MS: 1 EraseBytes-
#1048576	pulse  cov: 830 ft: 2433 corp: 447/11015b lim: 4096 exec/s: 17772 rss: 473Mb
#1050458	REDUCE cov: 830 ft: 2433 corp: 447/11014b lim: 4096 exec/s: 17804 rss: 473Mb L: 8/621 MS: 2 ChangeASCIIInt-EraseBytes-
#1050790	REDUCE cov: 830 ft: 2433 corp: 447/11012b lim: 4096 exec/s: 17810 rss: 473Mb L: 32/621 MS: 2 ChangeASCIIInt-EraseBytes-
#1054221	NEW    cov: 830 ft: 2445 corp: 448/11569b lim: 4096 exec/s: 17868 rss: 473Mb L: 557/621 MS: 1 CopyPart-
#1054332	REDUCE cov: 830 ft: 2445 corp: 448/11568b lim: 4096 exec/s: 17870 rss: 473Mb L: 17/621 MS: 1 EraseBytes-
#1055503	REDUCE cov: 830 ft: 2445 corp: 448/11553b lim: 4096 exec/s: 17889 rss: 473Mb L: 606/606 MS: 1 EraseBytes-
#1056399	REDUCE cov: 830 ft: 2445 corp: 448/11530b lim: 4096 exec/s: 17905 rss: 473Mb L: 311/606 MS: 1 EraseBytes-
#1056855	REDUCE cov: 830 ft: 2445 corp: 448/11521b lim: 4096 exec/s: 17912 rss: 473Mb L: 325/606 MS: 1 EraseBytes-
#1057091	REDUCE cov: 830 ft: 2445 corp: 448/11520b lim: 4096 exec/s: 17916 rss: 473Mb L: 11/606 MS: 1 EraseBytes-
#1058233	REDUCE cov: 830 ft: 2445 corp: 448/11231b lim: 4096 exec/s: 17936 rss: 473Mb L: 317/557 MS: 2 ChangeASCIIInt-EraseBytes-
#1059566	REDUCE cov: 830 ft: 2445 corp: 448/11222b lim: 4096 exec/s: 17659 rss: 474Mb L: 548/548 MS: 3 CopyPart-ChangeBit-EraseBytes-
#1060138	REDUCE cov: 830 ft: 2445 corp: 448/11199b lim: 4096 exec/s: 17668 rss: 474Mb L: 288/548 MS: 2 ChangeBit-EraseBytes-
#1060649	REDUCE cov: 830 ft: 2445 corp: 448/11197b lim: 4096 exec/s: 17677 rss: 475Mb L: 13/548 MS: 1 EraseBytes-
#1062435	REDUCE cov: 830 ft: 2445 corp: 448/11196b lim: 4096 exec/s: 17707 rss: 475Mb L: 19/548 MS: 1 EraseBytes-
#1062771	REDUCE cov: 830 ft: 2445 corp: 448/11189b lim: 4096 exec/s: 17712 rss: 475Mb L: 36/548 MS: 1 EraseBytes-
#1065787	REDUCE cov: 830 ft: 2445 corp: 448/11181b lim: 4096 exec/s: 17763 rss: 475Mb L: 35/548 MS: 1 EraseBytes-
#1068954	REDUCE cov: 830 ft: 2447 corp: 449/11730b lim: 4096 exec/s: 17815 rss: 477Mb L: 549/549 MS: 2 CrossOver-InsertByte-
#1070335	REDUCE cov: 830 ft: 2447 corp: 449/11729b lim: 4096 exec/s: 17838 rss: 477Mb L: 29/549 MS: 1 EraseBytes-
#1078931	REDUCE cov: 830 ft: 2448 corp: 450/11739b lim: 4096 exec/s: 17687 rss: 478Mb L: 10/549 MS: 1 CopyPart-
#1079748	REDUCE cov: 830 ft: 2448 corp: 450/11738b lim: 4096 exec/s: 17700 rss: 478Mb L: 8/549 MS: 2 CopyPart-EraseBytes-
#1079875	REDUCE cov: 830 ft: 2448 corp: 450/11737b lim: 4096 exec/s: 17702 rss: 478Mb L: 6/549 MS: 2 ChangeASCIIInt-EraseBytes-
#1081701	REDUCE cov: 830 ft: 2464 corp: 451/12756b lim: 4096 exec/s: 17732 rss: 478Mb L: 1019/1019 MS: 1 CopyPart-
#1082027	REDUCE cov: 830 ft: 2464 corp: 451/12748b lim: 4096 exec/s: 17738 rss: 478Mb L: 40/1019 MS: 1 EraseBytes-
#1082363	REDUCE cov: 830 ft: 2466 corp: 452/13066b lim: 4096 exec/s: 17743 rss: 479Mb L: 318/1019 MS: 1 CopyPart-
#1083939	REDUCE cov: 830 ft: 2466 corp: 452/12804b lim: 4096 exec/s: 17769 rss: 479Mb L: 287/1019 MS: 1 EraseBytes-
#1084835	REDUCE cov: 830 ft: 2466 corp: 452/12796b lim: 4096 exec/s: 17784 rss: 479Mb L: 42/1019 MS: 1 EraseBytes-
#1084951	REDUCE cov: 830 ft: 2466 corp: 452/12795b lim: 4096 exec/s: 17786 rss: 479Mb L: 33/1019 MS: 1 EraseBytes-
#1085512	REDUCE cov: 830 ft: 2466 corp: 452/12794b lim: 4096 exec/s: 17795 rss: 479Mb L: 34/1019 MS: 1 EraseBytes-
#1091169	REDUCE cov: 830 ft: 2466 corp: 452/12793b lim: 4096 exec/s: 17888 rss: 479Mb L: 10/1019 MS: 2 ShuffleBytes-EraseBytes-
#1096205	REDUCE cov: 830 ft: 2466 corp: 452/12792b lim: 4096 exec/s: 17680 rss: 479Mb L: 16/1019 MS: 1 EraseBytes-
#1098241	REDUCE cov: 830 ft: 2466 corp: 452/12785b lim: 4096 exec/s: 17713 rss: 479Mb L: 30/1019 MS: 1 EraseBytes-
#1100072	REDUCE cov: 830 ft: 2466 corp: 452/12758b lim: 4096 exec/s: 17743 rss: 479Mb L: 521/1019 MS: 1 EraseBytes-
#1101536	NEW    cov: 830 ft: 2467 corp: 453/13777b lim: 4096 exec/s: 17766 rss: 479Mb L: 1019/1019 MS: 4 ChangeASCIIInt-ChangeBinInt-CMP-ShuffleBytes- DE: "union"-
#1104332	REDUCE cov: 830 ft: 2467 corp: 453/13776b lim: 4096 exec/s: 17811 rss: 479Mb L: 20/1019 MS: 1 EraseBytes-
#1106593	REDUCE cov: 830 ft: 2467 corp: 453/13773b lim: 4096 exec/s: 17848 rss: 479Mb L: 28/1019 MS: 1 EraseBytes-
#1106764	REDUCE cov: 830 ft: 2467 corp: 453/13772b lim: 4096 exec/s: 17851 rss: 479Mb L: 24/1019 MS: 1 EraseBytes-
#1110346	REDUCE cov: 830 ft: 2467 corp: 453/13771b lim: 4096 exec/s: 17908 rss: 479Mb L: 24/1019 MS: 2 ChangeBinInt-EraseBytes-
#1113382	REDUCE cov: 830 ft: 2467 corp: 453/13770b lim: 4096 exec/s: 17672 rss: 479Mb L: 8/1019 MS: 1 EraseBytes-
#1114869	REDUCE cov: 830 ft: 2467 corp: 453/13512b lim: 4096 exec/s: 17696 rss: 479Mb L: 761/1019 MS: 2 CMP-EraseBytes- DE: "char"-
#1118035	REDUCE cov: 830 ft: 2467 corp: 453/13510b lim: 4096 exec/s: 17746 rss: 479Mb L: 30/1019 MS: 1 EraseBytes-
#1119576	REDUCE cov: 830 ft: 2467 corp: 453/13509b lim: 4096 exec/s: 17771 rss: 479Mb L: 6/1019 MS: 1 EraseBytes-
#1125968	REDUCE cov: 830 ft: 2467 corp: 453/13508b lim: 4096 exec/s: 17872 rss: 479Mb L: 7/1019 MS: 2 EraseBytes-InsertByte-
#1126710	REDUCE cov: 830 ft: 2467 corp: 453/13500b lim: 4096 exec/s: 17884 rss: 479Mb L: 513/1019 MS: 2 CMP-EraseBytes- DE: "uod"-
#1129066	REDUCE cov: 830 ft: 2467 corp: 453/13499b lim: 4096 exec/s: 17921 rss: 479Mb L: 51/1019 MS: 1 EraseBytes-
#1130482	REDUCE cov: 830 ft: 2467 corp: 453/13498b lim: 4096 exec/s: 17944 rss: 479Mb L: 13/1019 MS: 1 EraseBytes-
#1134238	REDUCE cov: 830 ft: 2467 corp: 453/13313b lim: 4096 exec/s: 17722 rss: 479Mb L: 576/1019 MS: 1 EraseBytes-
#1135184	REDUCE cov: 830 ft: 2467 corp: 453/13293b lim: 4096 exec/s: 17737 rss: 479Mb L: 298/1019 MS: 1 EraseBytes-
#1136184	REDUCE cov: 830 ft: 2467 corp: 453/13292b lim: 4096 exec/s: 17752 rss: 479Mb L: 7/1019 MS: 5 CopyPart-ShuffleBytes-EraseBytes-EraseBytes-CopyPart-
#1142385	REDUCE cov: 830 ft: 2467 corp: 453/13236b lim: 4096 exec/s: 17849 rss: 479Mb L: 963/963 MS: 1 EraseBytes-
#1143961	REDUCE cov: 830 ft: 2467 corp: 453/13233b lim: 4096 exec/s: 17874 rss: 479Mb L: 25/963 MS: 1 EraseBytes-
#1144972	REDUCE cov: 830 ft: 2467 corp: 453/13107b lim: 4096 exec/s: 17890 rss: 479Mb L: 837/837 MS: 1 EraseBytes-
#1145608	REDUCE cov: 830 ft: 2467 corp: 453/13097b lim: 4096 exec/s: 17900 rss: 479Mb L: 315/837 MS: 1 EraseBytes-
#1146239	REDUCE cov: 830 ft: 2467 corp: 453/13096b lim: 4096 exec/s: 17909 rss: 479Mb L: 35/837 MS: 1 EraseBytes-
#1149766	REDUCE cov: 830 ft: 2467 corp: 453/13093b lim: 4096 exec/s: 17688 rss: 479Mb L: 16/837 MS: 2 CMP-EraseBytes- DE: "Vnf"-
#1150232	REDUCE cov: 830 ft: 2467 corp: 453/13091b lim: 4096 exec/s: 17695 rss: 479Mb L: 37/837 MS: 1 EraseBytes-
#1153269	REDUCE cov: 830 ft: 2468 corp: 454/13142b lim: 4096 exec/s: 17742 rss: 479Mb L: 51/837 MS: 2 ChangeASCIIInt-ChangeASCIIInt-
#1156800	REDUCE cov: 830 ft: 2468 corp: 454/13141b lim: 4096 exec/s: 17796 rss: 479Mb L: 33/837 MS: 1 EraseBytes-
#1165461	REDUCE cov: 830 ft: 2468 corp: 454/13136b lim: 4096 exec/s: 17930 rss: 479Mb L: 36/837 MS: 1 EraseBytes-
#1170482	REDUCE cov: 830 ft: 2468 corp: 454/13135b lim: 4096 exec/s: 17734 rss: 479Mb L: 50/837 MS: 1 EraseBytes-
#1171228	REDUCE cov: 830 ft: 2468 corp: 454/13133b lim: 4096 exec/s: 17745 rss: 479Mb L: 8/837 MS: 1 EraseBytes-
#1171944	REDUCE cov: 830 ft: 2468 corp: 454/13132b lim: 4096 exec/s: 17756 rss: 479Mb L: 16/837 MS: 1 EraseBytes-
#1173075	REDUCE cov: 830 ft: 2468 corp: 454/13131b lim: 4096 exec/s: 17773 rss: 479Mb L: 26/837 MS: 1 EraseBytes-
#1177767	REDUCE cov: 830 ft: 2469 corp: 455/13708b lim: 4096 exec/s: 17844 rss: 479Mb L: 577/837 MS: 2 ChangeASCIIInt-InsertByte-
#1177793	REDUCE cov: 830 ft: 2469 corp: 455/13703b lim: 4096 exec/s: 17845 rss: 479Mb L: 19/837 MS: 1 EraseBytes-
#1183169	REDUCE cov: 830 ft: 2469 corp: 455/13702b lim: 4096 exec/s: 17659 rss: 479Mb L: 10/837 MS: 1 EraseBytes-
#1183200	REDUCE cov: 830 ft: 2469 corp: 455/13701b lim: 4096 exec/s: 17659 rss: 479Mb L: 24/837 MS: 1 EraseBytes-
#1184511	REDUCE cov: 830 ft: 2469 corp: 455/13690b lim: 4096 exec/s: 17679 rss: 479Mb L: 29/837 MS: 1 EraseBytes-
#1185742	REDUCE cov: 830 ft: 2469 corp: 455/13688b lim: 4096 exec/s: 17697 rss: 479Mb L: 49/837 MS: 1 EraseBytes-
#1185848	REDUCE cov: 830 ft: 2469 corp: 455/13674b lim: 4096 exec/s: 17699 rss: 479Mb L: 499/837 MS: 1 EraseBytes-
#1189929	REDUCE cov: 830 ft: 2469 corp: 455/13669b lim: 4096 exec/s: 17760 rss: 479Mb L: 28/837 MS: 1 EraseBytes-
#1194726	REDUCE cov: 830 ft: 2469 corp: 455/13516b lim: 4096 exec/s: 17831 rss: 479Mb L: 684/684 MS: 2 ShuffleBytes-EraseBytes-
#1195452	REDUCE cov: 830 ft: 2469 corp: 455/13515b lim: 4096 exec/s: 17842 rss: 479Mb L: 18/684 MS: 1 EraseBytes-
#1210708	REDUCE cov: 830 ft: 2469 corp: 455/13514b lim: 4096 exec/s: 17804 rss: 479Mb L: 29/684 MS: 1 EraseBytes-
#1211364	REDUCE cov: 830 ft: 2469 corp: 455/13495b lim: 4096 exec/s: 17814 rss: 479Mb L: 480/684 MS: 1 EraseBytes-
#1215251	REDUCE cov: 830 ft: 2469 corp: 455/13494b lim: 4096 exec/s: 17871 rss: 479Mb L: 12/684 MS: 2 ChangeASCIIInt-EraseBytes-
#1222098	REDUCE cov: 830 ft: 2469 corp: 455/13491b lim: 4096 exec/s: 17711 rss: 479Mb L: 33/684 MS: 2 ChangeASCIIInt-EraseBytes-
#1224754	REDUCE cov: 830 ft: 2469 corp: 455/13457b lim: 4096 exec/s: 17750 rss: 479Mb L: 281/684 MS: 1 EraseBytes-
#1225765	REDUCE cov: 830 ft: 2469 corp: 455/13455b lim: 4096 exec/s: 17764 rss: 479Mb L: 28/684 MS: 1 EraseBytes-
#1226386	REDUCE cov: 830 ft: 2469 corp: 455/13424b lim: 4096 exec/s: 17773 rss: 479Mb L: 288/684 MS: 1 EraseBytes-
#1236202	REDUCE cov: 830 ft: 2469 corp: 455/13423b lim: 4096 exec/s: 17660 rss: 479Mb L: 27/684 MS: 1 EraseBytes-
#1237128	REDUCE cov: 830 ft: 2469 corp: 455/13421b lim: 4096 exec/s: 17673 rss: 479Mb L: 63/684 MS: 1 EraseBytes-
#1240894	REDUCE cov: 830 ft: 2469 corp: 455/13416b lim: 4096 exec/s: 17727 rss: 479Mb L: 28/684 MS: 1 EraseBytes-
#1242210	REDUCE cov: 830 ft: 2469 corp: 455/13415b lim: 4096 exec/s: 17745 rss: 479Mb L: 26/684 MS: 1 EraseBytes-
#1242646	REDUCE cov: 830 ft: 2469 corp: 455/13412b lim: 4096 exec/s: 17752 rss: 479Mb L: 41/684 MS: 1 EraseBytes-
#1244763	REDUCE cov: 830 ft: 2470 corp: 456/13460b lim: 4096 exec/s: 17782 rss: 479Mb L: 48/684 MS: 2 ChangeBinInt-ChangeBit-
#1247359	REDUCE cov: 830 ft: 2470 corp: 456/13459b lim: 4096 exec/s: 17819 rss: 479Mb L: 9/684 MS: 1 EraseBytes-
#1253760	REDUCE cov: 830 ft: 2470 corp: 456/13457b lim: 4096 exec/s: 17658 rss: 479Mb L: 38/684 MS: 1 EraseBytes-
#1254257	REDUCE cov: 830 ft: 2470 corp: 456/13456b lim: 4096 exec/s: 17665 rss: 479Mb L: 12/684 MS: 2 ChangeBit-EraseBytes-
#1257899	REDUCE cov: 830 ft: 2470 corp: 456/13455b lim: 4096 exec/s: 17716 rss: 479Mb L: 6/684 MS: 2 EraseBytes-CopyPart-
#1262076	REDUCE cov: 830 ft: 2470 corp: 456/13449b lim: 4096 exec/s: 17528 rss: 479Mb L: 16/684 MS: 2 ChangeBit-EraseBytes-
#1262207	REDUCE cov: 830 ft: 2470 corp: 456/13442b lim: 4096 exec/s: 17530 rss: 479Mb L: 677/677 MS: 1 EraseBytes-
#1262774	REDUCE cov: 830 ft: 2470 corp: 456/13439b lim: 4096 exec/s: 17538 rss: 479Mb L: 7/677 MS: 2 EraseBytes-CrossOver-
#1267272	REDUCE cov: 830 ft: 2470 corp: 456/13438b lim: 4096 exec/s: 17601 rss: 479Mb L: 6/677 MS: 3 ShuffleBytes-ChangeBinInt-EraseBytes-
#1269505	REDUCE cov: 830 ft: 2470 corp: 456/13437b lim: 4096 exec/s: 17632 rss: 479Mb L: 13/677 MS: 3 ChangeASCIIInt-ChangeBinInt-EraseBytes-
#1273136	REDUCE cov: 830 ft: 2470 corp: 456/13436b lim: 4096 exec/s: 17682 rss: 479Mb L: 9/677 MS: 1 EraseBytes-
#1279852	REDUCE cov: 830 ft: 2470 corp: 456/13435b lim: 4096 exec/s: 17532 rss: 479Mb L: 47/677 MS: 1 EraseBytes-
#1283619	REDUCE cov: 830 ft: 2470 corp: 456/13434b lim: 4096 exec/s: 17583 rss: 479Mb L: 11/677 MS: 1 EraseBytes-
#1289270	REDUCE cov: 830 ft: 2470 corp: 456/13433b lim: 4096 exec/s: 17661 rss: 479Mb L: 10/677 MS: 1 EraseBytes-
#1295661	REDUCE cov: 830 ft: 2470 corp: 456/13432b lim: 4096 exec/s: 17508 rss: 479Mb L: 10/677 MS: 1 EraseBytes-
#1296807	REDUCE cov: 830 ft: 2470 corp: 456/13431b lim: 4096 exec/s: 17524 rss: 479Mb L: 16/677 MS: 1 EraseBytes-
#1302859	REDUCE cov: 830 ft: 2470 corp: 456/13430b lim: 4096 exec/s: 17606 rss: 479Mb L: 30/677 MS: 2 ChangeByte-EraseBytes-
#1302966	REDUCE cov: 830 ft: 2470 corp: 456/13427b lim: 4096 exec/s: 17607 rss: 479Mb L: 30/677 MS: 2 CopyPart-EraseBytes-
#1305942	REDUCE cov: 830 ft: 2470 corp: 456/13426b lim: 4096 exec/s: 17647 rss: 479Mb L: 15/677 MS: 1 EraseBytes-
#1307663	REDUCE cov: 830 ft: 2470 corp: 456/13425b lim: 4096 exec/s: 17671 rss: 479Mb L: 47/677 MS: 1 EraseBytes-
#1308969	REDUCE cov: 830 ft: 2470 corp: 456/13420b lim: 4096 exec/s: 17688 rss: 479Mb L: 28/677 MS: 1 EraseBytes-
#1310290	REDUCE cov: 830 ft: 2470 corp: 456/13418b lim: 4096 exec/s: 17470 rss: 479Mb L: 45/677 MS: 1 EraseBytes-
#1310296	REDUCE cov: 830 ft: 2470 corp: 456/13417b lim: 4096 exec/s: 17470 rss: 479Mb L: 36/677 MS: 1 EraseBytes-
#1311762	REDUCE cov: 830 ft: 2470 corp: 456/13416b lim: 4096 exec/s: 17490 rss: 479Mb L: 30/677 MS: 1 EraseBytes-
#1312618	REDUCE cov: 830 ft: 2470 corp: 456/13413b lim: 4096 exec/s: 17501 rss: 479Mb L: 32/677 MS: 1 EraseBytes-
#1313880	REDUCE cov: 830 ft: 2470 corp: 456/13410b lim: 4096 exec/s: 17518 rss: 479Mb L: 13/677 MS: 2 ChangeByte-EraseBytes-
#1315191	REDUCE cov: 830 ft: 2470 corp: 456/13409b lim: 4096 exec/s: 17535 rss: 479Mb L: 10/677 MS: 1 EraseBytes-
#1315357	REDUCE cov: 830 ft: 2470 corp: 456/13405b lim: 4096 exec/s: 17538 rss: 479Mb L: 50/677 MS: 1 EraseBytes-
#1318173	REDUCE cov: 830 ft: 2471 corp: 457/13439b lim: 4096 exec/s: 17575 rss: 479Mb L: 34/677 MS: 1 EraseBytes-
#1318294	REDUCE cov: 830 ft: 2471 corp: 457/13438b lim: 4096 exec/s: 17577 rss: 479Mb L: 9/677 MS: 1 EraseBytes-
#1318971	NEW    cov: 830 ft: 2474 corp: 458/13577b lim: 4096 exec/s: 17586 rss: 479Mb L: 139/677 MS: 2 ShuffleBytes-InsertRepeatedBytes-
#1322519	REDUCE cov: 830 ft: 2474 corp: 458/13576b lim: 4096 exec/s: 17633 rss: 479Mb L: 6/677 MS: 3 ChangeBit-ShuffleBytes-EraseBytes-
#1328945	REDUCE cov: 830 ft: 2474 corp: 458/13575b lim: 4096 exec/s: 17486 rss: 479Mb L: 50/677 MS: 1 EraseBytes-
#1331742	REDUCE cov: 830 ft: 2474 corp: 458/13561b lim: 4096 exec/s: 17522 rss: 479Mb L: 35/677 MS: 2 ShuffleBytes-EraseBytes-
#1332573	REDUCE cov: 830 ft: 2474 corp: 458/13560b lim: 4096 exec/s: 17533 rss: 479Mb L: 14/677 MS: 1 EraseBytes-
#1335554	REDUCE cov: 830 ft: 2474 corp: 458/13559b lim: 4096 exec/s: 17573 rss: 479Mb L: 19/677 MS: 1 EraseBytes-
#1341930	REDUCE cov: 830 ft: 2474 corp: 458/13557b lim: 4096 exec/s: 17656 rss: 479Mb L: 29/677 MS: 1 EraseBytes-
#1346386	REDUCE cov: 830 ft: 2474 corp: 458/13556b lim: 4096 exec/s: 17485 rss: 479Mb L: 23/677 MS: 1 EraseBytes-
#1354192	REDUCE cov: 830 ft: 2474 corp: 458/13555b lim: 4096 exec/s: 17586 rss: 479Mb L: 7/677 MS: 1 EraseBytes-
#1358708	REDUCE cov: 830 ft: 2474 corp: 458/13554b lim: 4096 exec/s: 17645 rss: 479Mb L: 31/677 MS: 1 EraseBytes-
#1359319	REDUCE cov: 830 ft: 2474 corp: 458/13543b lim: 4096 exec/s: 17653 rss: 479Mb L: 35/677 MS: 1 EraseBytes-
#1362321	REDUCE cov: 830 ft: 2474 corp: 458/13537b lim: 4096 exec/s: 17465 rss: 479Mb L: 43/677 MS: 2 ChangeBit-EraseBytes-
#1364733	REDUCE cov: 830 ft: 2474 corp: 458/13531b lim: 4096 exec/s: 17496 rss: 479Mb L: 31/677 MS: 2 EraseBytes-EraseBytes-
#1365060	REDUCE cov: 830 ft: 2474 corp: 458/13530b lim: 4096 exec/s: 17500 rss: 479Mb L: 19/677 MS: 2 ChangeASCIIInt-EraseBytes-
#1370622	REDUCE cov: 830 ft: 2474 corp: 458/13529b lim: 4096 exec/s: 17572 rss: 479Mb L: 27/677 MS: 2 ShuffleBytes-EraseBytes-
#1371638	REDUCE cov: 830 ft: 2474 corp: 458/13526b lim: 4096 exec/s: 17585 rss: 479Mb L: 39/677 MS: 1 EraseBytes-
#1372559	REDUCE cov: 830 ft: 2474 corp: 458/13523b lim: 4096 exec/s: 17596 rss: 479Mb L: 17/677 MS: 1 EraseBytes-
#1373995	REDUCE cov: 830 ft: 2474 corp: 458/13521b lim: 4096 exec/s: 17615 rss: 479Mb L: 17/677 MS: 1 EraseBytes-
#1382271	REDUCE cov: 830 ft: 2483 corp: 459/14833b lim: 4096 exec/s: 17497 rss: 479Mb L: 1312/1312 MS: 1 CopyPart-
#1394172	REDUCE cov: 830 ft: 2483 corp: 459/14826b lim: 4096 exec/s: 17427 rss: 479Mb L: 21/1312 MS: 1 EraseBytes-
#1394733	REDUCE cov: 830 ft: 2484 corp: 460/14869b lim: 4096 exec/s: 17434 rss: 479Mb L: 43/1312 MS: 1 ChangeByte-
#1395251	REDUCE cov: 830 ft: 2484 corp: 460/14865b lim: 4096 exec/s: 17440 rss: 479Mb L: 35/1312 MS: 3 CopyPart-ChangeASCIIInt-EraseBytes-
#1399227	REDUCE cov: 830 ft: 2484 corp: 460/14863b lim: 4096 exec/s: 17490 rss: 479Mb L: 34/1312 MS: 1 EraseBytes-
#1400983	REDUCE cov: 830 ft: 2484 corp: 460/14861b lim: 4096 exec/s: 17512 rss: 479Mb L: 18/1312 MS: 1 EraseBytes-
#1407804	REDUCE cov: 830 ft: 2484 corp: 460/14860b lim: 4096 exec/s: 17597 rss: 479Mb L: 13/1312 MS: 1 EraseBytes-
#1412660	REDUCE cov: 830 ft: 2484 corp: 460/14853b lim: 4096 exec/s: 17440 rss: 479Mb L: 21/1312 MS: 1 EraseBytes-
#1414001	REDUCE cov: 830 ft: 2484 corp: 460/14852b lim: 4096 exec/s: 17456 rss: 479Mb L: 17/1312 MS: 1 EraseBytes-
#1418168	REDUCE cov: 830 ft: 2484 corp: 460/14845b lim: 4096 exec/s: 17508 rss: 479Mb L: 310/1312 MS: 2 ChangeASCIIInt-EraseBytes-
#1418199	REDUCE cov: 830 ft: 2484 corp: 460/14844b lim: 4096 exec/s: 17508 rss: 479Mb L: 17/1312 MS: 1 EraseBytes-
#1420515	REDUCE cov: 830 ft: 2484 corp: 460/14825b lim: 4096 exec/s: 17537 rss: 479Mb L: 291/1312 MS: 1 EraseBytes-
#1422571	REDUCE cov: 830 ft: 2484 corp: 460/14824b lim: 4096 exec/s: 17562 rss: 479Mb L: 18/1312 MS: 1 EraseBytes-
#1424173	REDUCE cov: 830 ft: 2485 corp: 461/14843b lim: 4096 exec/s: 17582 rss: 479Mb L: 19/1312 MS: 2 ShuffleBytes-ShuffleBytes-
#1425347	REDUCE cov: 830 ft: 2485 corp: 461/14842b lim: 4096 exec/s: 17382 rss: 479Mb L: 9/1312 MS: 4 ChangeASCIIInt-ChangeASCIIInt-ChangeASCIIInt-EraseBytes-
#1431994	REDUCE cov: 830 ft: 2485 corp: 461/14833b lim: 4096 exec/s: 17463 rss: 479Mb L: 29/1312 MS: 2 ChangeByte-EraseBytes-
#1433535	REDUCE cov: 830 ft: 2485 corp: 461/14832b lim: 4096 exec/s: 17482 rss: 479Mb L: 12/1312 MS: 1 EraseBytes-
#1435561	REDUCE cov: 830 ft: 2485 corp: 461/14822b lim: 4096 exec/s: 17506 rss: 479Mb L: 40/1312 MS: 1 EraseBytes-
#1438303	REDUCE cov: 830 ft: 2485 corp: 461/14821b lim: 4096 exec/s: 17540 rss: 479Mb L: 14/1312 MS: 2 ChangeASCIIInt-EraseBytes-
#1439784	REDUCE cov: 830 ft: 2485 corp: 461/14793b lim: 4096 exec/s: 17558 rss: 479Mb L: 549/1312 MS: 1 EraseBytes-
#1443546	REDUCE cov: 830 ft: 2486 corp: 462/14822b lim: 4096 exec/s: 17392 rss: 479Mb L: 29/1312 MS: 2 ChangeASCIIInt-ChangeBit-
#1448367	REDUCE cov: 830 ft: 2486 corp: 462/14814b lim: 4096 exec/s: 17450 rss: 479Mb L: 21/1312 MS: 1 EraseBytes-
#1453073	REDUCE cov: 830 ft: 2486 corp: 462/14813b lim: 4096 exec/s: 17506 rss: 479Mb L: 12/1312 MS: 1 EraseBytes-
#1454014	REDUCE cov: 830 ft: 2486 corp: 462/14812b lim: 4096 exec/s: 17518 rss: 479Mb L: 15/1312 MS: 1 EraseBytes-
#1455460	REDUCE cov: 830 ft: 2486 corp: 462/14810b lim: 4096 exec/s: 17535 rss: 479Mb L: 31/1312 MS: 1 EraseBytes-
#1455691	REDUCE cov: 830 ft: 2486 corp: 462/14807b lim: 4096 exec/s: 17538 rss: 479Mb L: 33/1312 MS: 1 EraseBytes-
#1457312	REDUCE cov: 830 ft: 2486 corp: 462/14805b lim: 4096 exec/s: 17557 rss: 479Mb L: 10/1312 MS: 1 EraseBytes-
#1457503	REDUCE cov: 830 ft: 2486 corp: 462/14804b lim: 4096 exec/s: 17560 rss: 479Mb L: 31/1312 MS: 1 EraseBytes-
#1459254	REDUCE cov: 830 ft: 2486 corp: 462/14799b lim: 4096 exec/s: 17581 rss: 479Mb L: 72/1312 MS: 1 EraseBytes-
#1460768	REDUCE cov: 830 ft: 2486 corp: 462/14797b lim: 4096 exec/s: 17390 rss: 479Mb L: 17/1312 MS: 4 ChangeASCIIInt-ChangeASCIIInt-ChangeASCIIInt-EraseBytes-
#1461559	REDUCE cov: 830 ft: 2486 corp: 462/14789b lim: 4096 exec/s: 17399 rss: 479Mb L: 21/1312 MS: 1 EraseBytes-
#1464160	REDUCE cov: 830 ft: 2486 corp: 462/14784b lim: 4096 exec/s: 17430 rss: 479Mb L: 42/1312 MS: 1 EraseBytes-
#1467087	REDUCE cov: 830 ft: 2486 corp: 462/14783b lim: 4096 exec/s: 17465 rss: 479Mb L: 97/1312 MS: 2 ChangeBit-EraseBytes-
#1468198	REDUCE cov: 830 ft: 2486 corp: 462/14782b lim: 4096 exec/s: 17478 rss: 479Mb L: 40/1312 MS: 1 EraseBytes-
#1474444	REDUCE cov: 830 ft: 2486 corp: 462/14781b lim: 4096 exec/s: 17552 rss: 479Mb L: 25/1312 MS: 1 EraseBytes-
#1474785	NEW    cov: 830 ft: 2487 corp: 463/14824b lim: 4096 exec/s: 17556 rss: 479Mb L: 43/1312 MS: 1 ChangeASCIIInt-
#1476441	REDUCE cov: 830 ft: 2487 corp: 463/14823b lim: 4096 exec/s: 17576 rss: 479Mb L: 13/1312 MS: 1 EraseBytes-
#1477152	NEW    cov: 830 ft: 2488 corp: 464/14866b lim: 4096 exec/s: 17378 rss: 479Mb L: 43/1312 MS: 1 CopyPart-
#1478153	REDUCE cov: 830 ft: 2488 corp: 464/14864b lim: 4096 exec/s: 17390 rss: 479Mb L: 21/1312 MS: 1 EraseBytes-
#1480325	REDUCE cov: 830 ft: 2488 corp: 464/14863b lim: 4096 exec/s: 17415 rss: 479Mb L: 34/1312 MS: 2 CopyPart-EraseBytes-
#1481338	REDUCE cov: 830 ft: 2488 corp: 464/14862b lim: 4096 exec/s: 17427 rss: 479Mb L: 27/1312 MS: 3 ChangeASCIIInt-ChangeASCIIInt-EraseBytes-
#1481740	REDUCE cov: 830 ft: 2488 corp: 464/14861b lim: 4096 exec/s: 17432 rss: 479Mb L: 18/1312 MS: 2 CopyPart-EraseBytes-
#1483701	REDUCE cov: 830 ft: 2488 corp: 464/14857b lim: 4096 exec/s: 17455 rss: 479Mb L: 39/1312 MS: 1 EraseBytes-
#1496937	REDUCE cov: 830 ft: 2489 corp: 465/14890b lim: 4096 exec/s: 17406 rss: 479Mb L: 33/1312 MS: 1 ChangeASCIIInt-
#1503348	REDUCE cov: 830 ft: 2489 corp: 465/14889b lim: 4096 exec/s: 17480 rss: 479Mb L: 14/1312 MS: 1 EraseBytes-
#1505004	REDUCE cov: 830 ft: 2489 corp: 465/14888b lim: 4096 exec/s: 17500 rss: 479Mb L: 20/1312 MS: 1 EraseBytes-
#1509485	REDUCE cov: 830 ft: 2489 corp: 465/14887b lim: 4096 exec/s: 17350 rss: 479Mb L: 32/1312 MS: 1 EraseBytes-
#1510646	REDUCE cov: 830 ft: 2489 corp: 465/14886b lim: 4096 exec/s: 17363 rss: 479Mb L: 11/1312 MS: 1 EraseBytes-
#1512567	REDUCE cov: 830 ft: 2489 corp: 465/14885b lim: 4096 exec/s: 17385 rss: 479Mb L: 39/1312 MS: 1 EraseBytes-
#1514853	REDUCE cov: 830 ft: 2489 corp: 465/14810b lim: 4096 exec/s: 17412 rss: 479Mb L: 1237/1237 MS: 1 EraseBytes-
#1520169	REDUCE cov: 830 ft: 2489 corp: 465/14808b lim: 4096 exec/s: 17473 rss: 479Mb L: 38/1237 MS: 1 EraseBytes-
#1525585	REDUCE cov: 830 ft: 2489 corp: 465/14807b lim: 4096 exec/s: 17336 rss: 479Mb L: 26/1237 MS: 1 EraseBytes-
#1527187	REDUCE cov: 830 ft: 2489 corp: 465/14806b lim: 4096 exec/s: 17354 rss: 479Mb L: 28/1237 MS: 2 PersAutoDict-EraseBytes- DE: "\007\000"-
#1529229	REDUCE cov: 830 ft: 2489 corp: 465/14805b lim: 4096 exec/s: 17377 rss: 479Mb L: 8/1237 MS: 2 PersAutoDict-EraseBytes- DE: "\007\000\000\000"-
#1529245	REDUCE cov: 830 ft: 2489 corp: 465/14804b lim: 4096 exec/s: 17377 rss: 479Mb L: 15/1237 MS: 1 EraseBytes-
#1530491	REDUCE cov: 830 ft: 2489 corp: 465/14799b lim: 4096 exec/s: 17391 rss: 479Mb L: 91/1237 MS: 1 EraseBytes-
#1530678	REDUCE cov: 830 ft: 2489 corp: 465/14798b lim: 4096 exec/s: 17394 rss: 479Mb L: 12/1237 MS: 2 ChangeASCIIInt-EraseBytes-
#1534319	REDUCE cov: 830 ft: 2489 corp: 465/14796b lim: 4096 exec/s: 17435 rss: 479Mb L: 52/1237 MS: 1 EraseBytes-
#1536245	REDUCE cov: 830 ft: 2489 corp: 465/14788b lim: 4096 exec/s: 17261 rss: 479Mb L: 77/1237 MS: 1 EraseBytes-
#1543801	REDUCE cov: 830 ft: 2489 corp: 465/14787b lim: 4096 exec/s: 17346 rss: 479Mb L: 20/1237 MS: 1 EraseBytes-
#1544602	REDUCE cov: 830 ft: 2489 corp: 465/14786b lim: 4096 exec/s: 17355 rss: 479Mb L: 18/1237 MS: 1 EraseBytes-
#1548388	REDUCE cov: 830 ft: 2489 corp: 465/14785b lim: 4096 exec/s: 17397 rss: 479Mb L: 23/1237 MS: 1 EraseBytes-
#1551839	REDUCE cov: 830 ft: 2489 corp: 465/14783b lim: 4096 exec/s: 17242 rss: 479Mb L: 29/1237 MS: 1 EraseBytes-
#1566045	REDUCE cov: 830 ft: 2489 corp: 465/14781b lim: 4096 exec/s: 17209 rss: 479Mb L: 14/1237 MS: 1 EraseBytes-
#1571246	REDUCE cov: 830 ft: 2489 corp: 465/14780b lim: 4096 exec/s: 17266 rss: 479Mb L: 16/1237 MS: 1 EraseBytes-
#1576687	REDUCE cov: 830 ft: 2489 corp: 465/14779b lim: 4096 exec/s: 17326 rss: 479Mb L: 9/1237 MS: 1 EraseBytes-
#1578863	REDUCE cov: 830 ft: 2489 corp: 465/14743b lim: 4096 exec/s: 17161 rss: 479Mb L: 444/1237 MS: 1 EraseBytes-
#1581384	NEW    cov: 830 ft: 2490 corp: 466/14786b lim: 4096 exec/s: 17188 rss: 479Mb L: 43/1237 MS: 1 ShuffleBytes-
#1582630	REDUCE cov: 830 ft: 2490 corp: 466/14785b lim: 4096 exec/s: 17202 rss: 479Mb L: 19/1237 MS: 1 EraseBytes-
#1582691	REDUCE cov: 830 ft: 2490 corp: 466/14784b lim: 4096 exec/s: 17203 rss: 479Mb L: 38/1237 MS: 1 EraseBytes-
#1583102	REDUCE cov: 830 ft: 2490 corp: 466/14783b lim: 4096 exec/s: 17207 rss: 479Mb L: 19/1237 MS: 1 EraseBytes-
#1584833	REDUCE cov: 830 ft: 2490 corp: 466/14782b lim: 4096 exec/s: 17226 rss: 479Mb L: 31/1237 MS: 1 EraseBytes-
#1586320	REDUCE cov: 830 ft: 2490 corp: 466/14781b lim: 4096 exec/s: 17242 rss: 479Mb L: 18/1237 MS: 2 EraseBytes-CopyPart-
#1586966	REDUCE cov: 830 ft: 2490 corp: 466/14769b lim: 4096 exec/s: 17249 rss: 479Mb L: 119/1237 MS: 1 EraseBytes-
#1587145	REDUCE cov: 830 ft: 2490 corp: 466/14768b lim: 4096 exec/s: 17251 rss: 479Mb L: 23/1237 MS: 4 ChangeByte-ChangeASCIIInt-ChangeASCIIInt-EraseBytes-
#1589091	REDUCE cov: 830 ft: 2490 corp: 466/14766b lim: 4096 exec/s: 17087 rss: 479Mb L: 34/1237 MS: 1 EraseBytes-
#1589598	REDUCE cov: 830 ft: 2490 corp: 466/14765b lim: 4096 exec/s: 17092 rss: 479Mb L: 12/1237 MS: 2 ChangeByte-EraseBytes-
#1591484	REDUCE cov: 830 ft: 2490 corp: 466/14764b lim: 4096 exec/s: 17112 rss: 479Mb L: 14/1237 MS: 1 EraseBytes-
#1594145	REDUCE cov: 830 ft: 2490 corp: 466/14762b lim: 4096 exec/s: 17141 rss: 479Mb L: 15/1237 MS: 1 EraseBytes-
#1596466	REDUCE cov: 830 ft: 2490 corp: 466/14761b lim: 4096 exec/s: 17166 rss: 479Mb L: 44/1237 MS: 1 EraseBytes-
#1602180	REDUCE cov: 830 ft: 2490 corp: 466/14759b lim: 4096 exec/s: 17227 rss: 479Mb L: 40/1237 MS: 4 PersAutoDict-ChangeASCIIInt-CrossOver-EraseBytes- DE: "\000\000\000\007"-
#1605927	REDUCE cov: 830 ft: 2490 corp: 466/14758b lim: 4096 exec/s: 17084 rss: 479Mb L: 22/1237 MS: 2 ChangeASCIIInt-EraseBytes-
#1606278	REDUCE cov: 830 ft: 2490 corp: 466/14757b lim: 4096 exec/s: 17088 rss: 479Mb L: 31/1237 MS: 1 EraseBytes-
#1611404	REDUCE cov: 830 ft: 2490 corp: 466/14756b lim: 4096 exec/s: 17142 rss: 479Mb L: 28/1237 MS: 1 EraseBytes-
#1612445	REDUCE cov: 830 ft: 2490 corp: 466/14586b lim: 4096 exec/s: 17153 rss: 479Mb L: 1067/1067 MS: 1 EraseBytes-
#1617301	REDUCE cov: 830 ft: 2490 corp: 466/14581b lim: 4096 exec/s: 17205 rss: 479Mb L: 30/1067 MS: 1 EraseBytes-
#1618092	REDUCE cov: 830 ft: 2490 corp: 466/14579b lim: 4096 exec/s: 17213 rss: 479Mb L: 117/1067 MS: 1 EraseBytes-
#1626703	REDUCE cov: 830 ft: 2490 corp: 466/14574b lim: 4096 exec/s: 17123 rss: 479Mb L: 45/1067 MS: 1 EraseBytes-
#1630549	REDUCE cov: 830 ft: 2490 corp: 466/14570b lim: 4096 exec/s: 17163 rss: 479Mb L: 15/1067 MS: 1 EraseBytes-
#1633645	REDUCE cov: 830 ft: 2490 corp: 466/14569b lim: 4096 exec/s: 17196 rss: 479Mb L: 13/1067 MS: 1 EraseBytes-
#1637331	REDUCE cov: 830 ft: 2490 corp: 466/14568b lim: 4096 exec/s: 17055 rss: 479Mb L: 20/1067 MS: 1 EraseBytes-
#1640527	REDUCE cov: 830 ft: 2490 corp: 466/14567b lim: 4096 exec/s: 17088 rss: 479Mb L: 21/1067 MS: 1 EraseBytes-
#1641403	REDUCE cov: 830 ft: 2490 corp: 466/14566b lim: 4096 exec/s: 17097 rss: 479Mb L: 9/1067 MS: 1 EraseBytes-
#1642790	REDUCE cov: 830 ft: 2493 corp: 467/14614b lim: 4096 exec/s: 17112 rss: 479Mb L: 48/1067 MS: 2 ChangeBit-ChangeByte-
#1643331	REDUCE cov: 830 ft: 2493 corp: 467/14613b lim: 4096 exec/s: 17118 rss: 479Mb L: 11/1067 MS: 1 EraseBytes-
#1643488	REDUCE cov: 830 ft: 2493 corp: 467/14612b lim: 4096 exec/s: 17119 rss: 479Mb L: 22/1067 MS: 2 ChangeBinInt-EraseBytes-
#1644079	REDUCE cov: 830 ft: 2493 corp: 467/14605b lim: 4096 exec/s: 17125 rss: 479Mb L: 41/1067 MS: 1 EraseBytes-
#1648160	REDUCE cov: 830 ft: 2493 corp: 467/14604b lim: 4096 exec/s: 17168 rss: 479Mb L: 15/1067 MS: 1 EraseBytes-
#1652269	REDUCE cov: 830 ft: 2493 corp: 467/14603b lim: 4096 exec/s: 17211 rss: 479Mb L: 10/1067 MS: 4 CopyPart-ChangeBit-ShuffleBytes-EraseBytes-
#1656915	REDUCE cov: 830 ft: 2493 corp: 467/14602b lim: 4096 exec/s: 17081 rss: 479Mb L: 16/1067 MS: 1 EraseBytes-
#1669241	REDUCE cov: 830 ft: 2493 corp: 467/14601b lim: 4096 exec/s: 17208 rss: 479Mb L: 25/1067 MS: 1 EraseBytes-
#1672312	REDUCE cov: 830 ft: 2493 corp: 467/14600b lim: 4096 exec/s: 17064 rss: 479Mb L: 42/1067 MS: 1 EraseBytes-
#1674025	REDUCE cov: 830 ft: 2493 corp: 467/14599b lim: 4096 exec/s: 17081 rss: 479Mb L: 10/1067 MS: 3 EraseBytes-CrossOver-EraseBytes-
#1685111	REDUCE cov: 830 ft: 2493 corp: 467/14597b lim: 4096 exec/s: 17021 rss: 479Mb L: 30/1067 MS: 1 EraseBytes-
#1692712	REDUCE cov: 830 ft: 2493 corp: 467/14595b lim: 4096 exec/s: 17098 rss: 479Mb L: 16/1067 MS: 1 EraseBytes-
#1694913	REDUCE cov: 830 ft: 2493 corp: 467/14594b lim: 4096 exec/s: 17120 rss: 479Mb L: 18/1067 MS: 1 EraseBytes-
#1695067	REDUCE cov: 830 ft: 2493 corp: 467/14593b lim: 4096 exec/s: 17121 rss: 479Mb L: 19/1067 MS: 4 ChangeBit-ChangeASCIIInt-PersAutoDict-EraseBytes- DE: "rfun"-
#1696753	REDUCE cov: 830 ft: 2493 corp: 467/14591b lim: 4096 exec/s: 17138 rss: 479Mb L: 29/1067 MS: 1 EraseBytes-
#1700149	REDUCE cov: 830 ft: 2493 corp: 467/14590b lim: 4096 exec/s: 17001 rss: 479Mb L: 9/1067 MS: 1 EraseBytes-
#1711185	REDUCE cov: 830 ft: 2493 corp: 467/14584b lim: 4096 exec/s: 17111 rss: 479Mb L: 39/1067 MS: 1 EraseBytes-
#1713576	REDUCE cov: 830 ft: 2493 corp: 467/14583b lim: 4096 exec/s: 17135 rss: 479Mb L: 30/1067 MS: 1 EraseBytes-
#1715642	REDUCE cov: 830 ft: 2493 corp: 467/14582b lim: 4096 exec/s: 17156 rss: 479Mb L: 28/1067 MS: 1 EraseBytes-
#1715958	REDUCE cov: 830 ft: 2493 corp: 467/14581b lim: 4096 exec/s: 16989 rss: 479Mb L: 40/1067 MS: 1 EraseBytes-
#1722850	REDUCE cov: 830 ft: 2493 corp: 467/14580b lim: 4096 exec/s: 17057 rss: 479Mb L: 29/1067 MS: 2 ShuffleBytes-EraseBytes-
#1726116	REDUCE cov: 830 ft: 2493 corp: 467/14579b lim: 4096 exec/s: 17090 rss: 479Mb L: 12/1067 MS: 1 EraseBytes-
#1727337	REDUCE cov: 830 ft: 2493 corp: 467/14578b lim: 4096 exec/s: 17102 rss: 479Mb L: 27/1067 MS: 1 EraseBytes-
#1728928	REDUCE cov: 830 ft: 2493 corp: 467/14577b lim: 4096 exec/s: 17118 rss: 479Mb L: 9/1067 MS: 1 EraseBytes-
#1731244	REDUCE cov: 830 ft: 2493 corp: 467/14576b lim: 4096 exec/s: 16972 rss: 479Mb L: 28/1067 MS: 1 EraseBytes-
#1743325	REDUCE cov: 830 ft: 2493 corp: 467/14574b lim: 4096 exec/s: 17091 rss: 479Mb L: 89/1067 MS: 1 EraseBytes-
#1745572	REDUCE cov: 830 ft: 2493 corp: 467/14567b lim: 4096 exec/s: 17113 rss: 479Mb L: 32/1067 MS: 2 ChangeASCIIInt-EraseBytes-
#1746743	REDUCE cov: 830 ft: 2493 corp: 467/14566b lim: 4096 exec/s: 16958 rss: 479Mb L: 17/1067 MS: 1 EraseBytes-
#1750129	REDUCE cov: 830 ft: 2493 corp: 467/14559b lim: 4096 exec/s: 16991 rss: 479Mb L: 16/1067 MS: 1 EraseBytes-
#1753365	REDUCE cov: 830 ft: 2493 corp: 467/14558b lim: 4096 exec/s: 17022 rss: 479Mb L: 49/1067 MS: 1 EraseBytes-
#1753898	REDUCE cov: 830 ft: 2493 corp: 467/14557b lim: 4096 exec/s: 17028 rss: 479Mb L: 18/1067 MS: 3 ChangeBit-ChangeASCIIInt-EraseBytes-
#1756194	REDUCE cov: 830 ft: 2493 corp: 467/14547b lim: 4096 exec/s: 17050 rss: 479Mb L: 33/1067 MS: 1 EraseBytes-
#1756720	REDUCE cov: 830 ft: 2493 corp: 467/14546b lim: 4096 exec/s: 17055 rss: 479Mb L: 8/1067 MS: 1 EraseBytes-
#1759996	REDUCE cov: 830 ft: 2493 corp: 467/14541b lim: 4096 exec/s: 17087 rss: 479Mb L: 12/1067 MS: 1 EraseBytes-
#1760747	REDUCE cov: 830 ft: 2493 corp: 467/14540b lim: 4096 exec/s: 17094 rss: 479Mb L: 39/1067 MS: 1 EraseBytes-
#1761549	REDUCE cov: 830 ft: 2493 corp: 467/14539b lim: 4096 exec/s: 17102 rss: 479Mb L: 29/1067 MS: 2 ChangeASCIIInt-EraseBytes-
#1764276	REDUCE cov: 830 ft: 2493 corp: 467/14521b lim: 4096 exec/s: 16964 rss: 479Mb L: 558/1067 MS: 2 ChangeASCIIInt-EraseBytes-
#1765152	REDUCE cov: 830 ft: 2493 corp: 467/14520b lim: 4096 exec/s: 16972 rss: 479Mb L: 9/1067 MS: 1 EraseBytes-
#1769418	REDUCE cov: 830 ft: 2493 corp: 467/14519b lim: 4096 exec/s: 17013 rss: 479Mb L: 10/1067 MS: 1 EraseBytes-
#1775984	REDUCE cov: 830 ft: 2493 corp: 467/14518b lim: 4096 exec/s: 17076 rss: 479Mb L: 13/1067 MS: 1 EraseBytes-
#1776447	REDUCE cov: 830 ft: 2493 corp: 467/14511b lim: 4096 exec/s: 17081 rss: 479Mb L: 33/1067 MS: 3 CrossOver-ChangeBinInt-EraseBytes-
#1777393	REDUCE cov: 830 ft: 2493 corp: 467/14510b lim: 4096 exec/s: 17090 rss: 479Mb L: 13/1067 MS: 1 EraseBytes-
#1780055	REDUCE cov: 830 ft: 2493 corp: 467/14509b lim: 4096 exec/s: 17115 rss: 479Mb L: 12/1067 MS: 2 ChangeBit-EraseBytes-
#1780731	REDUCE cov: 830 ft: 2493 corp: 467/14508b lim: 4096 exec/s: 17122 rss: 479Mb L: 11/1067 MS: 1 EraseBytes-
#1783763	REDUCE cov: 830 ft: 2493 corp: 467/14507b lim: 4096 exec/s: 16988 rss: 479Mb L: 6/1067 MS: 2 ChangeBinInt-EraseBytes-
#1788164	REDUCE cov: 830 ft: 2493 corp: 467/14506b lim: 4096 exec/s: 17030 rss: 479Mb L: 8/1067 MS: 1 EraseBytes-
#1790885	REDUCE cov: 830 ft: 2493 corp: 467/14505b lim: 4096 exec/s: 17056 rss: 479Mb L: 17/1067 MS: 1 EraseBytes-
#1791296	REDUCE cov: 830 ft: 2493 corp: 467/14504b lim: 4096 exec/s: 17059 rss: 479Mb L: 14/1067 MS: 1 EraseBytes-
#1792072	REDUCE cov: 830 ft: 2493 corp: 467/14503b lim: 4096 exec/s: 17067 rss: 479Mb L: 13/1067 MS: 1 EraseBytes-
#1793483	REDUCE cov: 830 ft: 2493 corp: 467/14502b lim: 4096 exec/s: 17080 rss: 479Mb L: 14/1067 MS: 1 EraseBytes-
#1795869	REDUCE cov: 830 ft: 2493 corp: 467/14501b lim: 4096 exec/s: 17103 rss: 479Mb L: 88/1067 MS: 1 EraseBytes-
#1801285	REDUCE cov: 830 ft: 2493 corp: 467/14500b lim: 4096 exec/s: 16993 rss: 479Mb L: 54/1067 MS: 1 EraseBytes-
#1806287	REDUCE cov: 830 ft: 2493 corp: 467/14497b lim: 4096 exec/s: 17040 rss: 479Mb L: 15/1067 MS: 2 ChangeASCIIInt-EraseBytes-
#1812398	REDUCE cov: 830 ft: 2493 corp: 467/14492b lim: 4096 exec/s: 17098 rss: 479Mb L: 30/1067 MS: 1 EraseBytes-
#1823631	REDUCE cov: 830 ft: 2493 corp: 467/14491b lim: 4096 exec/s: 17043 rss: 479Mb L: 37/1067 MS: 3 CopyPart-EraseBytes-CopyPart-
#1831827	REDUCE cov: 830 ft: 2493 corp: 467/14487b lim: 4096 exec/s: 17119 rss: 479Mb L: 22/1067 MS: 1 EraseBytes-
#1837779	REDUCE cov: 830 ft: 2493 corp: 467/14486b lim: 4096 exec/s: 17016 rss: 479Mb L: 10/1067 MS: 2 CopyPart-EraseBytes-
#1837860	REDUCE cov: 830 ft: 2493 corp: 467/14485b lim: 4096 exec/s: 17017 rss: 479Mb L: 41/1067 MS: 1 EraseBytes-
#1847236	REDUCE cov: 830 ft: 2493 corp: 467/14484b lim: 4096 exec/s: 16947 rss: 479Mb L: 22/1067 MS: 1 EraseBytes-
#1849818	REDUCE cov: 830 ft: 2493 corp: 467/14483b lim: 4096 exec/s: 16970 rss: 479Mb L: 14/1067 MS: 2 ChangeASCIIInt-EraseBytes-
#1857909	REDUCE cov: 830 ft: 2493 corp: 467/14482b lim: 4096 exec/s: 17045 rss: 479Mb L: 59/1067 MS: 1 EraseBytes-
#1860490	REDUCE cov: 830 ft: 2493 corp: 467/14481b lim: 4096 exec/s: 17068 rss: 479Mb L: 45/1067 MS: 1 EraseBytes-
#1860744	REDUCE cov: 830 ft: 2493 corp: 467/14480b lim: 4096 exec/s: 17071 rss: 479Mb L: 4/1067 MS: 4 EraseBytes-ChangeByte-ChangeBit-CrossOver-
#1864126	REDUCE cov: 830 ft: 2493 corp: 467/14479b lim: 4096 exec/s: 17102 rss: 479Mb L: 12/1067 MS: 2 ChangeASCIIInt-EraseBytes-
#1870747	REDUCE cov: 830 ft: 2493 corp: 467/14478b lim: 4096 exec/s: 17006 rss: 479Mb L: 8/1067 MS: 1 EraseBytes-
#1871018	REDUCE cov: 830 ft: 2493 corp: 467/14468b lim: 4096 exec/s: 17009 rss: 479Mb L: 40/1067 MS: 1 EraseBytes-
#1873524	REDUCE cov: 830 ft: 2493 corp: 467/14466b lim: 4096 exec/s: 17032 rss: 479Mb L: 86/1067 MS: 1 EraseBytes-
#1880601	REDUCE cov: 830 ft: 2493 corp: 467/14465b lim: 4096 exec/s: 17096 rss: 479Mb L: 29/1067 MS: 2 ChangeBinInt-EraseBytes-
#1882367	REDUCE cov: 830 ft: 2493 corp: 467/14464b lim: 4096 exec/s: 17112 rss: 479Mb L: 11/1067 MS: 1 EraseBytes-
#1893938	REDUCE cov: 830 ft: 2493 corp: 467/14462b lim: 4096 exec/s: 17062 rss: 479Mb L: 23/1067 MS: 1 EraseBytes-
#1895914	REDUCE cov: 830 ft: 2493 corp: 467/14457b lim: 4096 exec/s: 17080 rss: 479Mb L: 49/1067 MS: 1 EraseBytes-
#1896765	REDUCE cov: 830 ft: 2493 corp: 467/14456b lim: 4096 exec/s: 17087 rss: 479Mb L: 24/1067 MS: 1 EraseBytes-
#1900711	REDUCE cov: 830 ft: 2493 corp: 467/14455b lim: 4096 exec/s: 17123 rss: 479Mb L: 9/1067 MS: 1 EraseBytes-
#1905278	REDUCE cov: 830 ft: 2493 corp: 467/14454b lim: 4096 exec/s: 17164 rss: 479Mb L: 34/1067 MS: 2 ChangeASCIIInt-EraseBytes-
#1920759	REDUCE cov: 830 ft: 2493 corp: 467/14453b lim: 4096 exec/s: 17149 rss: 479Mb L: 13/1067 MS: 1 EraseBytes-
#1921080	REDUCE cov: 830 ft: 2493 corp: 467/14450b lim: 4096 exec/s: 17152 rss: 479Mb L: 35/1067 MS: 1 EraseBytes-
#1921746	REDUCE cov: 830 ft: 2493 corp: 467/14449b lim: 4096 exec/s: 17158 rss: 479Mb L: 14/1067 MS: 1 EraseBytes-
#1922743	REDUCE cov: 830 ft: 2493 corp: 467/14448b lim: 4096 exec/s: 17167 rss: 479Mb L: 51/1067 MS: 2 ChangeBinInt-EraseBytes-
#1925379	REDUCE cov: 830 ft: 2493 corp: 467/14447b lim: 4096 exec/s: 17190 rss: 479Mb L: 14/1067 MS: 1 EraseBytes-
#1934001	REDUCE cov: 830 ft: 2493 corp: 467/14438b lim: 4096 exec/s: 17115 rss: 479Mb L: 24/1067 MS: 2 EraseBytes-ChangeByte-
#1945717	REDUCE cov: 830 ft: 2493 corp: 467/14435b lim: 4096 exec/s: 17218 rss: 479Mb L: 36/1067 MS: 1 EraseBytes-
#1951848	REDUCE cov: 830 ft: 2493 corp: 467/14434b lim: 4096 exec/s: 17272 rss: 479Mb L: 17/1067 MS: 1 EraseBytes-
#1953814	REDUCE cov: 830 ft: 2504 corp: 468/16265b lim: 4096 exec/s: 17290 rss: 479Mb L: 1831/1831 MS: 1 CopyPart-
#1960170	REDUCE cov: 830 ft: 2504 corp: 468/16260b lim: 4096 exec/s: 17194 rss: 479Mb L: 24/1831 MS: 1 EraseBytes-
#1971161	REDUCE cov: 830 ft: 2504 corp: 468/16259b lim: 4096 exec/s: 17290 rss: 479Mb L: 12/1831 MS: 1 EraseBytes-
#1972973	REDUCE cov: 830 ft: 2504 corp: 468/16258b lim: 4096 exec/s: 17306 rss: 479Mb L: 14/1831 MS: 2 ChangeBinInt-EraseBytes-
#1973419	REDUCE cov: 830 ft: 2504 corp: 468/16257b lim: 4096 exec/s: 17310 rss: 479Mb L: 30/1831 MS: 1 EraseBytes-
#1975326	REDUCE cov: 830 ft: 2504 corp: 468/16256b lim: 4096 exec/s: 17327 rss: 479Mb L: 32/1831 MS: 2 ShuffleBytes-EraseBytes-
#1976784	REDUCE cov: 830 ft: 2504 corp: 468/16218b lim: 4096 exec/s: 17340 rss: 479Mb L: 260/1831 MS: 3 ChangeBit-InsertByte-EraseBytes-
#1978645	REDUCE cov: 830 ft: 2504 corp: 468/16216b lim: 4096 exec/s: 17356 rss: 479Mb L: 286/1831 MS: 1 EraseBytes-
#1981086	REDUCE cov: 830 ft: 2504 corp: 468/16212b lim: 4096 exec/s: 17377 rss: 479Mb L: 39/1831 MS: 1 EraseBytes-
#1983148	REDUCE cov: 830 ft: 2504 corp: 468/16210b lim: 4096 exec/s: 17244 rss: 479Mb L: 11/1831 MS: 2 ChangeByte-EraseBytes-
#1986109	REDUCE cov: 830 ft: 2504 corp: 468/16209b lim: 4096 exec/s: 17270 rss: 479Mb L: 34/1831 MS: 1 EraseBytes-
#1991496	REDUCE cov: 830 ft: 2504 corp: 468/16098b lim: 4096 exec/s: 17317 rss: 479Mb L: 1720/1720 MS: 2 ChangeASCIIInt-EraseBytes-
#2001568	REDUCE cov: 830 ft: 2504 corp: 468/16097b lim: 4096 exec/s: 17404 rss: 479Mb L: 13/1720 MS: 2 ChangeASCIIInt-EraseBytes-
#2002809	REDUCE cov: 830 ft: 2504 corp: 468/16096b lim: 4096 exec/s: 17415 rss: 479Mb L: 8/1720 MS: 1 EraseBytes-
#2003755	REDUCE cov: 830 ft: 2504 corp: 468/16095b lim: 4096 exec/s: 17423 rss: 479Mb L: 22/1720 MS: 1 EraseBytes-
#2006561	REDUCE cov: 830 ft: 2504 corp: 468/16094b lim: 4096 exec/s: 17448 rss: 479Mb L: 28/1720 MS: 1 EraseBytes-
#2006683	REDUCE cov: 830 ft: 2517 corp: 469/18Kb lim: 4096 exec/s: 17449 rss: 479Mb L: 3211/3211 MS: 2 ShuffleBytes-CopyPart-
#2007484	REDUCE cov: 830 ft: 2517 corp: 469/18Kb lim: 4096 exec/s: 17305 rss: 479Mb L: 45/3211 MS: 1 EraseBytes-
#2008410	REDUCE cov: 830 ft: 2517 corp: 469/18Kb lim: 4096 exec/s: 17313 rss: 479Mb L: 2995/2995 MS: 1 EraseBytes-
#2011021	REDUCE cov: 830 ft: 2517 corp: 469/18Kb lim: 4096 exec/s: 17336 rss: 479Mb L: 32/2995 MS: 1 EraseBytes-
#2014522	REDUCE cov: 830 ft: 2520 corp: 470/18Kb lim: 4096 exec/s: 17366 rss: 479Mb L: 36/2995 MS: 1 ChangeBinInt-
#2015773	REDUCE cov: 830 ft: 2520 corp: 470/18Kb lim: 4096 exec/s: 17377 rss: 479Mb L: 15/2995 MS: 1 EraseBytes-
#2022479	REDUCE cov: 830 ft: 2520 corp: 470/18Kb lim: 4096 exec/s: 17435 rss: 479Mb L: 33/2995 MS: 1 EraseBytes-
#2023911	REDUCE cov: 830 ft: 2520 corp: 470/18Kb lim: 4096 exec/s: 17447 rss: 479Mb L: 2978/2978 MS: 2 ChangeASCIIInt-EraseBytes-
#2024108	REDUCE cov: 830 ft: 2520 corp: 470/18Kb lim: 4096 exec/s: 17449 rss: 479Mb L: 20/2978 MS: 2 ChangeASCIIInt-EraseBytes-
#2024379	REDUCE cov: 830 ft: 2520 corp: 470/18Kb lim: 4096 exec/s: 17451 rss: 479Mb L: 34/2978 MS: 1 EraseBytes-
#2024741	REDUCE cov: 830 ft: 2520 corp: 470/18Kb lim: 4096 exec/s: 17454 rss: 479Mb L: 27/2978 MS: 2 ShuffleBytes-EraseBytes-
#2027727	REDUCE cov: 830 ft: 2520 corp: 470/18Kb lim: 4096 exec/s: 17480 rss: 479Mb L: 274/2978 MS: 1 EraseBytes-
#2030904	REDUCE cov: 830 ft: 2521 corp: 471/21Kb lim: 4096 exec/s: 17358 rss: 479Mb L: 2978/2978 MS: 2 ChangeASCIIInt-ChangeBit-
#2031331	REDUCE cov: 830 ft: 2521 corp: 471/20Kb lim: 4096 exec/s: 17361 rss: 479Mb L: 2260/2978 MS: 2 ChangeByte-EraseBytes-
#2035552	REDUCE cov: 830 ft: 2521 corp: 471/20Kb lim: 4096 exec/s: 17397 rss: 481Mb L: 8/2978 MS: 1 EraseBytes-
#2038508	REDUCE cov: 830 ft: 2521 corp: 471/20Kb lim: 4096 exec/s: 17423 rss: 481Mb L: 10/2978 MS: 1 EraseBytes-
#2041914	REDUCE cov: 830 ft: 2521 corp: 471/20Kb lim: 4096 exec/s: 17452 rss: 482Mb L: 18/2978 MS: 1 EraseBytes-
#2043960	REDUCE cov: 830 ft: 2521 corp: 471/20Kb lim: 4096 exec/s: 17469 rss: 483Mb L: 30/2978 MS: 1 EraseBytes-
#2045461	REDUCE cov: 830 ft: 2521 corp: 471/20Kb lim: 4096 exec/s: 17482 rss: 484Mb L: 39/2978 MS: 1 EraseBytes-
#2049337	REDUCE cov: 830 ft: 2521 corp: 471/20Kb lim: 4096 exec/s: 17515 rss: 484Mb L: 29/2978 MS: 1 EraseBytes-
#2050134	REDUCE cov: 830 ft: 2521 corp: 471/20Kb lim: 4096 exec/s: 17522 rss: 484Mb L: 29/2978 MS: 2 InsertByte-EraseBytes-
#2053350	REDUCE cov: 830 ft: 2521 corp: 471/20Kb lim: 4096 exec/s: 17401 rss: 485Mb L: 20/2978 MS: 1 EraseBytes-
#2056001	REDUCE cov: 830 ft: 2521 corp: 471/20Kb lim: 4096 exec/s: 17423 rss: 485Mb L: 26/2978 MS: 1 EraseBytes-
#2069037	REDUCE cov: 830 ft: 2521 corp: 471/20Kb lim: 4096 exec/s: 17534 rss: 485Mb L: 9/2978 MS: 1 EraseBytes-
#2069728	REDUCE cov: 830 ft: 2521 corp: 471/20Kb lim: 4096 exec/s: 17540 rss: 485Mb L: 2643/2643 MS: 1 EraseBytes-
#2072714	REDUCE cov: 830 ft: 2521 corp: 471/20Kb lim: 4096 exec/s: 17565 rss: 485Mb L: 50/2643 MS: 1 EraseBytes-
#2072765	REDUCE cov: 830 ft: 2521 corp: 471/20Kb lim: 4096 exec/s: 17565 rss: 485Mb L: 32/2643 MS: 1 EraseBytes-
#2074816	REDUCE cov: 830 ft: 2521 corp: 471/20Kb lim: 4096 exec/s: 17435 rss: 485Mb L: 37/2643 MS: 1 EraseBytes-
#2077912	REDUCE cov: 830 ft: 2521 corp: 471/20Kb lim: 4096 exec/s: 17461 rss: 485Mb L: 28/2643 MS: 1 EraseBytes-
#2080078	REDUCE cov: 830 ft: 2521 corp: 471/20Kb lim: 4096 exec/s: 17479 rss: 485Mb L: 42/2643 MS: 1 EraseBytes-
#2080979	REDUCE cov: 830 ft: 2521 corp: 471/20Kb lim: 4096 exec/s: 17487 rss: 485Mb L: 28/2643 MS: 1 EraseBytes-
#2084085	REDUCE cov: 830 ft: 2521 corp: 471/20Kb lim: 4096 exec/s: 17513 rss: 485Mb L: 9/2643 MS: 1 EraseBytes-
#2085201	REDUCE cov: 830 ft: 2521 corp: 471/20Kb lim: 4096 exec/s: 17522 rss: 485Mb L: 11/2643 MS: 1 EraseBytes-
#2087637	REDUCE cov: 830 ft: 2521 corp: 471/20Kb lim: 4096 exec/s: 17543 rss: 485Mb L: 1878/2643 MS: 1 EraseBytes-
#2093088	REDUCE cov: 830 ft: 2521 corp: 471/20Kb lim: 4096 exec/s: 17588 rss: 485Mb L: 10/2643 MS: 1 EraseBytes-
#2095904	REDUCE cov: 830 ft: 2521 corp: 471/20Kb lim: 4096 exec/s: 17612 rss: 485Mb L: 5/2643 MS: 1 EraseBytes-
#2096392	REDUCE cov: 830 ft: 2521 corp: 471/20Kb lim: 4096 exec/s: 17616 rss: 485Mb L: 12/2643 MS: 3 ChangeBit-CopyPart-EraseBytes-
#2097152	pulse  cov: 830 ft: 2521 corp: 471/20Kb lim: 4096 exec/s: 17476 rss: 485Mb
#2100808	REDUCE cov: 830 ft: 2521 corp: 471/20Kb lim: 4096 exec/s: 17506 rss: 485Mb L: 62/2643 MS: 1 EraseBytes-
#2101719	REDUCE cov: 830 ft: 2521 corp: 471/20Kb lim: 4096 exec/s: 17514 rss: 485Mb L: 28/2643 MS: 1 EraseBytes-
#2110726	REDUCE cov: 830 ft: 2521 corp: 471/20Kb lim: 4096 exec/s: 17589 rss: 485Mb L: 27/2643 MS: 2 ChangeASCIIInt-EraseBytes-
#2121427	REDUCE cov: 830 ft: 2521 corp: 471/20Kb lim: 4096 exec/s: 17678 rss: 485Mb L: 17/2643 MS: 1 EraseBytes-
#2121442	DONE   cov: 830 ft: 2521 corp: 471/20Kb lim: 4096 exec/s: 17532 rss: 485Mb
###### Recommended dictionary. ######
"\007\000\000\000" # Uses: 11432
"union" # Uses: 11306
"char" # Uses: 11323
"\376\377\377\364" # Uses: 10917
"nion" # Uses: 10841
"\007\000" # Uses: 10907
"rfun" # Uses: 11062
"moD" # Uses: 10810
"\377\377\377\377\377\377\377\377" # Uses: 9753
"ahcq" # Uses: 10558
"\216\360\022\000pP\000\000" # Uses: 9714
"\376\377\377\377" # Uses: 9929
"\000\000\000\007" # Uses: 9723
"ffun" # Uses: 9166
"\001\011" # Uses: 9262
"mod" # Uses: 9172
"\377\377\377\370" # Uses: 8411
"uod" # Uses: 4588
"Vnf" # Uses: 4402
###### End of recommended dictionary. ######
Done 2121442 runs in 121 second(s)
stat::number_of_executed_units: 2121442
stat::average_exec_per_sec:     17532
stat::new_units_added:          1848
stat::slowest_unit_time_sec:    0
stat::peak_rss_mb:              485
-- coverage of text over its corpus: which parts of the reader are reached
Filename                       Regions    Missed Regions     Cover   Functions  Missed Functions  Executed       Lines      Missed Lines     Cover    Branches   Missed Branches     Cover
---------------------------------------------------------------------------------------------------------------------------------------------------------------------------------------------------------------------------------------------------------------------------------------
include/adelefeld/adele.h            4                 4     0.00%           4                 4     0.00%           4                 4     0.00%           0                 0         -
include/adelefeld/fball.h            2                 2     0.00%           2                 2     0.00%           2                 2     0.00%           0                 0         -
include/adelefeld/place.h            2                 2     0.00%           2                 2     0.00%           2                 2     0.00%           0                 0         -
include/adelefeld/rat.h              2                 2     0.00%           2                 2     0.00%           2                 2     0.00%           0                 0         -
include/adelefeld/status.h           1                 1     0.00%           1                 1     0.00%          17                17     0.00%           0                 0         -
include/adelefeld/text.h             7                 2    71.43%           3                 2    33.33%           8                 2    75.00%           0                 0         -
src/text.c                         833                18    97.84%          70                 0   100.00%        1053                19    98.20%         664                24    96.39%
tests/fuzz/fuzz_text.c             289                51    82.35%          12                 0   100.00%         201                11    94.53%         156                72    53.85%
tests/support/golden.c             341               341     0.00%          20                20     0.00%         480               480     0.00%         246               246     0.00%
tests/support/jsonl.c              830               830     0.00%          33                33     0.00%         812               812     0.00%         524               524     0.00%

Files which contain no functions:
tests/support/golden.h               0                 0         -           0                 0         -           0                 0         -           0                 0         -
tests/support/jsonl.h                0                 0         -           0                 0         -           0                 0         -           0                 0         -
---------------------------------------------------------------------------------------------------------------------------------------------------------------------------------------------------------------------------------------------------------------------------------------
TOTAL                             2311              1253    45.78%         149                66    55.70%        2581              1351    47.66%        1590               866    45.53%
fuzz passed: 1 target(s), no crash
