FAIL tests/test_text_local.c:471: every_row_of_the_golden_file_lball: check failed: well_formed(t, len) && len == r->expected_len && memcmp(t, r->expected, len) == 0 | lball.tsv line 9: printed "[p=5: 1/125 + O(5^2)]", expected "[p=5: 1/125 + O(5^-2)]"
FAIL tests/test_text_local.c:479: every_row_of_the_golden_file_lball: check failed: adf_lball_equal_set(x, y) && adf_lball_identical(x, y) | lball.tsv line 9: round trip
FAIL tests/test_text_local.c:471: every_row_of_the_golden_file_lball: check failed: well_formed(t, len) && len == r->expected_len && memcmp(t, r->expected, len) == 0 | lball.tsv line 19: printed "[p=5: 0 + O(5^3)]", expected "[p=5: 0 + O(5^-3)]"
FAIL tests/test_text_local.c:479: every_row_of_the_golden_file_lball: check failed: adf_lball_equal_set(x, y) && adf_lball_identical(x, y) | lball.tsv line 19: round trip
FAIL tests/test_text_local.c:471: every_row_of_the_golden_file_lball: check failed: well_formed(t, len) && len == r->expected_len && memcmp(t, r->expected, len) == 0 | lball.tsv line 20: printed "[p=5: 0 + O(5^2)]", expected "[p=5: 0 + O(5^-2)]"
FAIL tests/test_text_local.c:479: every_row_of_the_golden_file_lball: check failed: adf_lball_equal_set(x, y) && adf_lball_identical(x, y) | lball.tsv line 20: round trip
FAIL tests/test_text_local.c:471: every_row_of_the_golden_file_lball: check failed: well_formed(t, len) && len == r->expected_len && memcmp(t, r->expected, len) == 0 | lball.tsv line 21: printed "[p=5: 1/125 + O(5^2)]", expected "[p=5: 1/125 + O(5^-2)]"
FAIL tests/test_text_local.c:479: every_row_of_the_golden_file_lball: check failed: adf_lball_equal_set(x, y) && adf_lball_identical(x, y) | lball.tsv line 21: round trip
FAIL every_row_of_the_golden_file_lball (tests/test_text_local.c:440, 8 failed checks)
ok   lball_stored_fields
ok   every_row_of_the_golden_file_sball
ok   sball_the_complex_tag
ok   sball_the_canonical_order
FAIL tests/test_text_local.c:946: the_reference_on_generated_texts: check failed: well_formed(t, len) && len == rl && memcmp(t, ref, len) == 0 | vectors line 6: printed "[p=5: 0 + O(5^1)]", the reference says "[p=5: 0 + O(5^-1)]"
FAIL tests/test_text_local.c:946: the_reference_on_generated_texts: check failed: well_formed(t, len) && len == rl && memcmp(t, ref, len) == 0 | vectors line 10: printed "[p=2: 0 + O(2^1)]", the reference says "[p=2: 0 + O(2^-1)]"
FAIL tests/test_text_local.c:946: the_reference_on_generated_texts: check failed: well_formed(t, len) && len == rl && memcmp(t, ref, len) == 0 | vectors line 14: printed "[p=65537: 0 + O(65537^3)]", the reference says "[p=65537: 0 + O(65537^-3)]"
FAIL tests/test_text_local.c:946: the_reference_on_generated_texts: check failed: well_formed(t, len) && len == rl && memcmp(t, ref, len) == 0 | vectors line 29: printed "[p=5: 0 + O(5^1)]", the reference says "[p=5: 0 + O(5^-1)]"
FAIL tests/test_text_local.c:946: the_reference_on_generated_texts: check failed: well_formed(t, len) && len == rl && memcmp(t, ref, len) == 0 | vectors line 40: printed "[p=2: 0 + O(2^3)]", the reference says "[p=2: 0 + O(2^-3)]"
FAIL tests/test_text_local.c:946: the_reference_on_generated_texts: check failed: well_formed(t, len) && len == rl && memcmp(t, ref, len) == 0 | vectors line 44: printed "[p=3: 0 + O(3^3)]", the reference says "[p=3: 0 + O(3^-3)]"
FAIL tests/test_text_local.c:946: the_reference_on_generated_texts: check failed: well_formed(t, len) && len == rl && memcmp(t, ref, len) == 0 | vectors line 51: printed "[p=5: 0 + O(5^1)]", the reference says "[p=5: 0 + O(5^-1)]"
FAIL tests/test_text_local.c:946: the_reference_on_generated_texts: check failed: well_formed(t, len) && len == rl && memcmp(t, ref, len) == 0 | vectors line 57: printed "[p=7: 0 + O(7^3)]", the reference says "[p=7: 0 + O(7^-3)]"
FAIL tests/test_text_local.c:946: the_reference_on_generated_texts: check failed: well_formed(t, len) && len == rl && memcmp(t, ref, len) == 0 | vectors line 64: printed "[p=7: 0 + O(7^1)]", the reference says "[p=7: 0 + O(7^-1)]"
FAIL tests/test_text_local.c:946: the_reference_on_generated_texts: check failed: well_formed(t, len) && len == rl && memcmp(t, ref, len) == 0 | vectors line 69: printed "[p=65537: 0 + O(65537^1)]", the reference says "[p=65537: 0 + O(65537^-1)]"
FAIL tests/test_text_local.c:946: the_reference_on_generated_texts: check failed: well_formed(t, len) && len == rl && memcmp(t, ref, len) == 0 | vectors line 93: printed "[p=7: 0 + O(7^2)]", the reference says "[p=7: 0 + O(7^-2)]"
FAIL tests/test_text_local.c:946: the_reference_on_generated_texts: check failed: well_formed(t, len) && len == rl && memcmp(t, ref, len) == 0 | vectors line 101: printed "[p=2: 0 + O(2^3)]", the reference says "[p=2: 0 + O(2^-3)]"
FAIL tests/test_text_local.c:946: the_reference_on_generated_texts: check failed: well_formed(t, len) && len == rl && memcmp(t, ref, len) == 0 | vectors line 104: printed "[p=7: 0 + O(7^2)]", the reference says "[p=7: 0 + O(7^-2)]"
FAIL tests/test_text_local.c:946: the_reference_on_generated_texts: check failed: well_formed(t, len) && len == rl && memcmp(t, ref, len) == 0 | vectors line 106: printed "[p=5: 0 + O(5^3)]", the reference says "[p=5: 0 + O(5^-3)]"
FAIL tests/test_text_local.c:946: the_reference_on_generated_texts: check failed: well_formed(t, len) && len == rl && memcmp(t, ref, len) == 0 | vectors line 115: printed "[p=5: 0 + O(5^3)]", the reference says "[p=5: 0 + O(5^-3)]"
FAIL tests/test_text_local.c:946: the_reference_on_generated_texts: check failed: well_formed(t, len) && len == rl && memcmp(t, ref, len) == 0 | vectors line 125: printed "[p=7: 0 + O(7^2)]", the reference says "[p=7: 0 + O(7^-2)]"
FAIL tests/test_text_local.c:946: the_reference_on_generated_texts: check failed: well_formed(t, len) && len == rl && memcmp(t, ref, len) == 0 | vectors line 127: printed "[p=7: 0 + O(7^2)]", the reference says "[p=7: 0 + O(7^-2)]"
FAIL tests/test_text_local.c:946: the_reference_on_generated_texts: check failed: well_formed(t, len) && len == rl && memcmp(t, ref, len) == 0 | vectors line 133: printed "[p=2: 0 + O(2^2)]", the reference says "[p=2: 0 + O(2^-2)]"
FAIL tests/test_text_local.c:946: the_reference_on_generated_texts: check failed: well_formed(t, len) && len == rl && memcmp(t, ref, len) == 0 | vectors line 137: printed "[p=7: 0 + O(7^1)]", the reference says "[p=7: 0 + O(7^-1)]"
FAIL tests/test_text_local.c:946: the_reference_on_generated_texts: check failed: well_formed(t, len) && len == rl && memcmp(t, ref, len) == 0 | vectors line 148: printed "[p=5: 0 + O(5^3)]", the reference says "[p=5: 0 + O(5^-3)]"
FAIL tests/test_text_local.c:946: the_reference_on_generated_texts: check failed: well_formed(t, len) && len == rl && memcmp(t, ref, len) == 0 | vectors line 159: printed "[p=3: 0 + O(3^2)]", the reference says "[p=3: 0 + O(3^-2)]"
FAIL tests/test_text_local.c:946: the_reference_on_generated_texts: check failed: well_formed(t, len) && len == rl && memcmp(t, ref, len) == 0 | vectors line 176: printed "[p=5: 0 + O(5^2)]", the reference says "[p=5: 0 + O(5^-2)]"
FAIL tests/test_text_local.c:946: the_reference_on_generated_texts: check failed: well_formed(t, len) && len == rl && memcmp(t, ref, len) == 0 | vectors line 189: printed "[p=65537: 0 + O(65537^2)]", the reference says "[p=65537: 0 + O(65537^-2)]"
FAIL tests/test_text_local.c:946: the_reference_on_generated_texts: check failed: well_formed(t, len) && len == rl && memcmp(t, ref, len) == 0 | vectors line 200: printed "[p=18446744073709551557: 0 + O(18446744073709551557^1)]", the reference says "[p=18446744073709551557: 0 + O(18446744073709551557^-1)]"
FAIL tests/test_text_local.c:946: the_reference_on_generated_texts: check failed: well_formed(t, len) && len == rl && memcmp(t, ref, len) == 0 | vectors line 206: printed "[p=3: 0 + O(3^1)]", the reference says "[p=3: 0 + O(3^-1)]"
FAIL tests/test_text_local.c:946: the_reference_on_generated_texts: check failed: well_formed(t, len) && len == rl && memcmp(t, ref, len) == 0 | vectors line 211: printed "[p=7: 0 + O(7^3)]", the reference says "[p=7: 0 + O(7^-3)]"
FAIL tests/test_text_local.c:946: the_reference_on_generated_texts: check failed: well_formed(t, len) && len == rl && memcmp(t, ref, len) == 0 | vectors line 212: printed "[p=7: 0 + O(7^2)]", the reference says "[p=7: 0 + O(7^-2)]"
FAIL tests/test_text_local.c:946: the_reference_on_generated_texts: check failed: well_formed(t, len) && len == rl && memcmp(t, ref, len) == 0 | vectors line 225: printed "[p=3: 0 + O(3^3)]", the reference says "[p=3: 0 + O(3^-3)]"
FAIL tests/test_text_local.c:946: the_reference_on_generated_texts: check failed: well_formed(t, len) && len == rl && memcmp(t, ref, len) == 0 | vectors line 230: printed "[p=3: 0 + O(3^3)]", the reference says "[p=3: 0 + O(3^-3)]"
FAIL tests/test_text_local.c:946: the_reference_on_generated_texts: check failed: well_formed(t, len) && len == rl && memcmp(t, ref, len) == 0 | vectors line 236: printed "[p=2: 0 + O(2^3)]", the reference says "[p=2: 0 + O(2^-3)]"
FAIL tests/test_text_local.c:946: the_reference_on_generated_texts: check failed: well_formed(t, len) && len == rl && memcmp(t, ref, len) == 0 | vectors line 244: printed "[p=5: 0 + O(5^1)]", the reference says "[p=5: 0 + O(5^-1)]"
FAIL tests/test_text_local.c:946: the_reference_on_generated_texts: check failed: well_formed(t, len) && len == rl && memcmp(t, ref, len) == 0 | vectors line 273: printed "[p=7: 0 + O(7^1)]", the reference says "[p=7: 0 + O(7^-1)]"
FAIL tests/test_text_local.c:946: the_reference_on_generated_texts: check failed: well_formed(t, len) && len == rl && memcmp(t, ref, len) == 0 | vectors line 274: printed "[p=3: 0 + O(3^1)]", the reference says "[p=3: 0 + O(3^-1)]"
FAIL tests/test_text_local.c:946: the_reference_on_generated_texts: check failed: well_formed(t, len) && len == rl && memcmp(t, ref, len) == 0 | vectors line 292: printed "[p=5: 0 + O(5^1)]", the reference says "[p=5: 0 + O(5^-1)]"
FAIL tests/test_text_local.c:946: the_reference_on_generated_texts: check failed: well_formed(t, len) && len == rl && memcmp(t, ref, len) == 0 | vectors line 303: printed "[p=65537: 0 + O(65537^1)]", the reference says "[p=65537: 0 + O(65537^-1)]"
FAIL tests/test_text_local.c:946: the_reference_on_generated_texts: check failed: well_formed(t, len) && len == rl && memcmp(t, ref, len) == 0 | vectors line 306: printed "[p=7: 0 + O(7^3)]", the reference says "[p=7: 0 + O(7^-3)]"
FAIL tests/test_text_local.c:946: the_reference_on_generated_texts: check failed: well_formed(t, len) && len == rl && memcmp(t, ref, len) == 0 | vectors line 316: printed "[p=7: 0 + O(7^3)]", the reference says "[p=7: 0 + O(7^-3)]"
FAIL tests/test_text_local.c:946: the_reference_on_generated_texts: check failed: well_formed(t, len) && len == rl && memcmp(t, ref, len) == 0 | vectors line 317: printed "[p=7: 0 + O(7^1)]", the reference says "[p=7: 0 + O(7^-1)]"
FAIL tests/test_text_local.c:946: the_reference_on_generated_texts: check failed: well_formed(t, len) && len == rl && memcmp(t, ref, len) == 0 | vectors line 335: printed "[p=2: 0 + O(2^1)]", the reference says "[p=2: 0 + O(2^-1)]"
FAIL tests/test_text_local.c:946: the_reference_on_generated_texts: check failed: well_formed(t, len) && len == rl && memcmp(t, ref, len) == 0 | vectors line 378: printed "[p=2: 0 + O(2^1)]", the reference says "[p=2: 0 + O(2^-1)]"
FAIL tests/test_text_local.c:946: the_reference_on_generated_texts: check failed: well_formed(t, len) && len == rl && memcmp(t, ref, len) == 0 | vectors line 406: printed "[p=5: 0 + O(5^1)]", the reference says "[p=5: 0 + O(5^-1)]"
FAIL tests/test_text_local.c:946: the_reference_on_generated_texts: check failed: well_formed(t, len) && len == rl && memcmp(t, ref, len) == 0 | vectors line 417: printed "[p=65537: 0 + O(65537^1)]", the reference says "[p=65537: 0 + O(65537^-1)]"
FAIL tests/test_text_local.c:946: the_reference_on_generated_texts: check failed: well_formed(t, len) && len == rl && memcmp(t, ref, len) == 0 | vectors line 419: printed "[p=5: 0 + O(5^2)]", the reference says "[p=5: 0 + O(5^-2)]"
FAIL tests/test_text_local.c:946: the_reference_on_generated_texts: check failed: well_formed(t, len) && len == rl && memcmp(t, ref, len) == 0 | vectors line 421: printed "[p=5: 0 + O(5^1)]", the reference says "[p=5: 0 + O(5^-1)]"
FAIL tests/test_text_local.c:946: the_reference_on_generated_texts: check failed: well_formed(t, len) && len == rl && memcmp(t, ref, len) == 0 | vectors line 437: printed "[p=65537: 0 + O(65537^3)]", the reference says "[p=65537: 0 + O(65537^-3)]"
FAIL tests/test_text_local.c:946: the_reference_on_generated_texts: check failed: well_formed(t, len) && len == rl && memcmp(t, ref, len) == 0 | vectors line 446: printed "[p=2: 0 + O(2^1)]", the reference says "[p=2: 0 + O(2^-1)]"
FAIL tests/test_text_local.c:946: the_reference_on_generated_texts: check failed: well_formed(t, len) && len == rl && memcmp(t, ref, len) == 0 | vectors line 455: printed "[p=2: 0 + O(2^3)]", the reference says "[p=2: 0 + O(2^-3)]"
FAIL tests/test_text_local.c:946: the_reference_on_generated_texts: check failed: well_formed(t, len) && len == rl && memcmp(t, ref, len) == 0 | vectors line 473: printed "[p=7: 0 + O(7^3)]", the reference says "[p=7: 0 + O(7^-3)]"
FAIL tests/test_text_local.c:946: the_reference_on_generated_texts: check failed: well_formed(t, len) && len == rl && memcmp(t, ref, len) == 0 | vectors line 490: printed "[p=5: 0 + O(5^1)]", the reference says "[p=5: 0 + O(5^-1)]"
FAIL tests/test_text_local.c:946: the_reference_on_generated_texts: check failed: well_formed(t, len) && len == rl && memcmp(t, ref, len) == 0 | vectors line 499: printed "[p=5: 0 + O(5^2)]", the reference says "[p=5: 0 + O(5^-2)]"
FAIL tests/test_text_local.c:946: the_reference_on_generated_texts: check failed: well_formed(t, len) && len == rl && memcmp(t, ref, len) == 0 | vectors line 504: printed "[p=7: 0 + O(7^2)]", the reference says "[p=7: 0 + O(7^-2)]"
FAIL tests/test_text_local.c:946: the_reference_on_generated_texts: check failed: well_formed(t, len) && len == rl && memcmp(t, ref, len) == 0 | vectors line 514: printed "[p=2: 0 + O(2^1)]", the reference says "[p=2: 0 + O(2^-1)]"
FAIL tests/test_text_local.c:946: the_reference_on_generated_texts: check failed: well_formed(t, len) && len == rl && memcmp(t, ref, len) == 0 | vectors line 528: printed "[p=5: 0 + O(5^1)]", the reference says "[p=5: 0 + O(5^-1)]"
FAIL tests/test_text_local.c:946: the_reference_on_generated_texts: check failed: well_formed(t, len) && len == rl && memcmp(t, ref, len) == 0 | vectors line 529: printed "[p=2: 0 + O(2^2)]", the reference says "[p=2: 0 + O(2^-2)]"
FAIL tests/test_text_local.c:946: the_reference_on_generated_texts: check failed: well_formed(t, len) && len == rl && memcmp(t, ref, len) == 0 | vectors line 532: printed "[p=5: 0 + O(5^2)]", the reference says "[p=5: 0 + O(5^-2)]"
FAIL tests/test_text_local.c:946: the_reference_on_generated_texts: check failed: well_formed(t, len) && len == rl && memcmp(t, ref, len) == 0 | vectors line 537: printed "[p=3: 0 + O(3^3)]", the reference says "[p=3: 0 + O(3^-3)]"
FAIL tests/test_text_local.c:946: the_reference_on_generated_texts: check failed: well_formed(t, len) && len == rl && memcmp(t, ref, len) == 0 | vectors line 542: printed "[p=2: 0 + O(2^2)]", the reference says "[p=2: 0 + O(2^-2)]"
FAIL tests/test_text_local.c:946: the_reference_on_generated_texts: check failed: well_formed(t, len) && len == rl && memcmp(t, ref, len) == 0 | vectors line 546: printed "[p=7: 0 + O(7^2)]", the reference says "[p=7: 0 + O(7^-2)]"
FAIL tests/test_text_local.c:946: the_reference_on_generated_texts: check failed: well_formed(t, len) && len == rl && memcmp(t, ref, len) == 0 | vectors line 547: printed "[p=2: 0 + O(2^1)]", the reference says "[p=2: 0 + O(2^-1)]"
FAIL tests/test_text_local.c:946: the_reference_on_generated_texts: check failed: well_formed(t, len) && len == rl && memcmp(t, ref, len) == 0 | vectors line 550: printed "[p=18446744073709551557: 0 + O(18446744073709551557^3)]", the reference says "[p=18446744073709551557: 0 + O(18446744073709551557^-3)]"
FAIL tests/test_text_local.c:946: the_reference_on_generated_texts: check failed: well_formed(t, len) && len == rl && memcmp(t, ref, len) == 0 | vectors line 560: printed "[p=2: 0 + O(2^3)]", the reference says "[p=2: 0 + O(2^-3)]"
FAIL tests/test_text_local.c:946: the_reference_on_generated_texts: check failed: well_formed(t, len) && len == rl && memcmp(t, ref, len) == 0 | vectors line 569: printed "[p=3: 0 + O(3^2)]", the reference says "[p=3: 0 + O(3^-2)]"
FAIL tests/test_text_local.c:946: the_reference_on_generated_texts: check failed: well_formed(t, len) && len == rl && memcmp(t, ref, len) == 0 | vectors line 587: printed "[p=2: 0 + O(2^2)]", the reference says "[p=2: 0 + O(2^-2)]"
FAIL tests/test_text_local.c:946: the_reference_on_generated_texts: check failed: well_formed(t, len) && len == rl && memcmp(t, ref, len) == 0 | vectors line 588: printed "[p=2: 0 + O(2^2)]", the reference says "[p=2: 0 + O(2^-2)]"
FAIL tests/test_text_local.c:946: the_reference_on_generated_texts: check failed: well_formed(t, len) && len == rl && memcmp(t, ref, len) == 0 | vectors line 591: printed "[p=3: 0 + O(3^1)]", the reference says "[p=3: 0 + O(3^-1)]"
FAIL tests/test_text_local.c:946: the_reference_on_generated_texts: check failed: well_formed(t, len) && len == rl && memcmp(t, ref, len) == 0 | vectors line 595: printed "[p=65537: 0 + O(65537^3)]", the reference says "[p=65537: 0 + O(65537^-3)]"
FAIL tests/test_text_local.c:946: the_reference_on_generated_texts: check failed: well_formed(t, len) && len == rl && memcmp(t, ref, len) == 0 | vectors line 609: printed "[p=3: 0 + O(3^2)]", the reference says "[p=3: 0 + O(3^-2)]"
FAIL tests/test_text_local.c:946: the_reference_on_generated_texts: check failed: well_formed(t, len) && len == rl && memcmp(t, ref, len) == 0 | vectors line 627: printed "[p=5: 0 + O(5^2)]", the reference says "[p=5: 0 + O(5^-2)]"
FAIL tests/test_text_local.c:946: the_reference_on_generated_texts: check failed: well_formed(t, len) && len == rl && memcmp(t, ref, len) == 0 | vectors line 634: printed "[p=7: 0 + O(7^3)]", the reference says "[p=7: 0 + O(7^-3)]"
FAIL tests/test_text_local.c:946: the_reference_on_generated_texts: check failed: well_formed(t, len) && len == rl && memcmp(t, ref, len) == 0 | vectors line 650: printed "[p=7: 0 + O(7^3)]", the reference says "[p=7: 0 + O(7^-3)]"
FAIL tests/test_text_local.c:946: the_reference_on_generated_texts: check failed: well_formed(t, len) && len == rl && memcmp(t, ref, len) == 0 | vectors line 653: printed "[p=2: 0 + O(2^3)]", the reference says "[p=2: 0 + O(2^-3)]"
FAIL tests/test_text_local.c:946: the_reference_on_generated_texts: check failed: well_formed(t, len) && len == rl && memcmp(t, ref, len) == 0 | vectors line 656: printed "[p=5: 0 + O(5^1)]", the reference says "[p=5: 0 + O(5^-1)]"
FAIL tests/test_text_local.c:946: the_reference_on_generated_texts: check failed: well_formed(t, len) && len == rl && memcmp(t, ref, len) == 0 | vectors line 688: printed "[p=5: 0 + O(5^1)]", the reference says "[p=5: 0 + O(5^-1)]"
FAIL tests/test_text_local.c:946: the_reference_on_generated_texts: check failed: well_formed(t, len) && len == rl && memcmp(t, ref, len) == 0 | vectors line 689: printed "[p=7: 0 + O(7^3)]", the reference says "[p=7: 0 + O(7^-3)]"
FAIL tests/test_text_local.c:946: the_reference_on_generated_texts: check failed: well_formed(t, len) && len == rl && memcmp(t, ref, len) == 0 | vectors line 701: printed "[p=65537: 0 + O(65537^2)]", the reference says "[p=65537: 0 + O(65537^-2)]"
FAIL tests/test_text_local.c:946: the_reference_on_generated_texts: check failed: well_formed(t, len) && len == rl && memcmp(t, ref, len) == 0 | vectors line 702: printed "[p=2: 0 + O(2^2)]", the reference says "[p=2: 0 + O(2^-2)]"
FAIL tests/test_text_local.c:946: the_reference_on_generated_texts: check failed: well_formed(t, len) && len == rl && memcmp(t, ref, len) == 0 | vectors line 720: printed "[p=3: 0 + O(3^2)]", the reference says "[p=3: 0 + O(3^-2)]"
FAIL tests/test_text_local.c:946: the_reference_on_generated_texts: check failed: well_formed(t, len) && len == rl && memcmp(t, ref, len) == 0 | vectors line 729: printed "[p=5: 0 + O(5^2)]", the reference says "[p=5: 0 + O(5^-2)]"
FAIL tests/test_text_local.c:946: the_reference_on_generated_texts: check failed: well_formed(t, len) && len == rl && memcmp(t, ref, len) == 0 | vectors line 737: printed "[p=65537: 0 + O(65537^3)]", the reference says "[p=65537: 0 + O(65537^-3)]"
FAIL tests/test_text_local.c:946: the_reference_on_generated_texts: check failed: well_formed(t, len) && len == rl && memcmp(t, ref, len) == 0 | vectors line 746: printed "[p=2: 0 + O(2^3)]", the reference says "[p=2: 0 + O(2^-3)]"
FAIL tests/test_text_local.c:946: the_reference_on_generated_texts: check failed: well_formed(t, len) && len == rl && memcmp(t, ref, len) == 0 | vectors line 750: printed "[p=65537: 0 + O(65537^3)]", the reference says "[p=65537: 0 + O(65537^-3)]"
FAIL tests/test_text_local.c:946: the_reference_on_generated_texts: check failed: well_formed(t, len) && len == rl && memcmp(t, ref, len) == 0 | vectors line 764: printed "[p=7: 0 + O(7^1)]", the reference says "[p=7: 0 + O(7^-1)]"
FAIL tests/test_text_local.c:946: the_reference_on_generated_texts: check failed: well_formed(t, len) && len == rl && memcmp(t, ref, len) == 0 | vectors line 786: printed "[p=65537: 0 + O(65537^3)]", the reference says "[p=65537: 0 + O(65537^-3)]"
FAIL tests/test_text_local.c:946: the_reference_on_generated_texts: check failed: well_formed(t, len) && len == rl && memcmp(t, ref, len) == 0 | vectors line 792: printed "[p=3: 0 + O(3^3)]", the reference says "[p=3: 0 + O(3^-3)]"
FAIL tests/test_text_local.c:946: the_reference_on_generated_texts: check failed: well_formed(t, len) && len == rl && memcmp(t, ref, len) == 0 | vectors line 797: printed "[p=3: 0 + O(3^1)]", the reference says "[p=3: 0 + O(3^-1)]"
FAIL tests/test_text_local.c:946: the_reference_on_generated_texts: check failed: well_formed(t, len) && len == rl && memcmp(t, ref, len) == 0 | vectors line 809: printed "[p=7: 0 + O(7^1)]", the reference says "[p=7: 0 + O(7^-1)]"
FAIL tests/test_text_local.c:946: the_reference_on_generated_texts: check failed: well_formed(t, len) && len == rl && memcmp(t, ref, len) == 0 | vectors line 837: printed "[p=3: 0 + O(3^2)]", the reference says "[p=3: 0 + O(3^-2)]"
FAIL tests/test_text_local.c:946: the_reference_on_generated_texts: check failed: well_formed(t, len) && len == rl && memcmp(t, ref, len) == 0 | vectors line 853: printed "[p=7: 0 + O(7^3)]", the reference says "[p=7: 0 + O(7^-3)]"
FAIL tests/test_text_local.c:946: the_reference_on_generated_texts: check failed: well_formed(t, len) && len == rl && memcmp(t, ref, len) == 0 | vectors line 858: printed "[p=5: 0 + O(5^2)]", the reference says "[p=5: 0 + O(5^-2)]"
FAIL tests/test_text_local.c:946: the_reference_on_generated_texts: check failed: well_formed(t, len) && len == rl && memcmp(t, ref, len) == 0 | vectors line 868: printed "[p=5: 0 + O(5^2)]", the reference says "[p=5: 0 + O(5^-2)]"
FAIL tests/test_text_local.c:946: the_reference_on_generated_texts: check failed: well_formed(t, len) && len == rl && memcmp(t, ref, len) == 0 | vectors line 880: printed "[p=7: 0 + O(7^2)]", the reference says "[p=7: 0 + O(7^-2)]"
FAIL tests/test_text_local.c:946: the_reference_on_generated_texts: check failed: well_formed(t, len) && len == rl && memcmp(t, ref, len) == 0 | vectors line 893: printed "[p=5: 0 + O(5^1)]", the reference says "[p=5: 0 + O(5^-1)]"
FAIL tests/test_text_local.c:946: the_reference_on_generated_texts: check failed: well_formed(t, len) && len == rl && memcmp(t, ref, len) == 0 | vectors line 904: printed "[p=3: 0 + O(3^3)]", the reference says "[p=3: 0 + O(3^-3)]"
FAIL tests/test_text_local.c:946: the_reference_on_generated_texts: check failed: well_formed(t, len) && len == rl && memcmp(t, ref, len) == 0 | vectors line 905: printed "[p=5: 0 + O(5^3)]", the reference says "[p=5: 0 + O(5^-3)]"
FAIL tests/test_text_local.c:946: the_reference_on_generated_texts: check failed: well_formed(t, len) && len == rl && memcmp(t, ref, len) == 0 | vectors line 913: printed "[p=65537: 0 + O(65537^2)]", the reference says "[p=65537: 0 + O(65537^-2)]"
FAIL tests/test_text_local.c:946: the_reference_on_generated_texts: check failed: well_formed(t, len) && len == rl && memcmp(t, ref, len) == 0 | vectors line 917: printed "[p=7: 0 + O(7^3)]", the reference says "[p=7: 0 + O(7^-3)]"
FAIL tests/test_text_local.c:946: the_reference_on_generated_texts: check failed: well_formed(t, len) && len == rl && memcmp(t, ref, len) == 0 | vectors line 927: printed "[p=2: 0 + O(2^1)]", the reference says "[p=2: 0 + O(2^-1)]"
FAIL tests/test_text_local.c:946: the_reference_on_generated_texts: check failed: well_formed(t, len) && len == rl && memcmp(t, ref, len) == 0 | vectors line 955: printed "[p=5: 0 + O(5^3)]", the reference says "[p=5: 0 + O(5^-3)]"
FAIL tests/test_text_local.c:946: the_reference_on_generated_texts: check failed: well_formed(t, len) && len == rl && memcmp(t, ref, len) == 0 | vectors line 959: printed "[p=2: 0 + O(2^3)]", the reference says "[p=2: 0 + O(2^-3)]"
FAIL tests/test_text_local.c:946: the_reference_on_generated_texts: check failed: well_formed(t, len) && len == rl && memcmp(t, ref, len) == 0 | vectors line 965: printed "[p=65537: 0 + O(65537^2)]", the reference says "[p=65537: 0 + O(65537^-2)]"
FAIL tests/test_text_local.c:946: the_reference_on_generated_texts: check failed: well_formed(t, len) && len == rl && memcmp(t, ref, len) == 0 | vectors line 966: printed "[p=5: 0 + O(5^3)]", the reference says "[p=5: 0 + O(5^-3)]"
FAIL tests/test_text_local.c:946: the_reference_on_generated_texts: check failed: well_formed(t, len) && len == rl && memcmp(t, ref, len) == 0 | vectors line 980: printed "[p=65537: 0 + O(65537^1)]", the reference says "[p=65537: 0 + O(65537^-1)]"
FAIL tests/test_text_local.c:946: the_reference_on_generated_texts: check failed: well_formed(t, len) && len == rl && memcmp(t, ref, len) == 0 | vectors line 982: printed "[p=5: 0 + O(5^3)]", the reference says "[p=5: 0 + O(5^-3)]"
FAIL tests/test_text_local.c:964: the_reference_on_generated_texts: check failed: well_formed(t, len) && len == rl && memcmp(t, ref, len) == 0 | vectors line 1004: printed "{inf: -352 +/- 22; p=2: 2; p=5: 0 + O(5^0); p=65537: 0 + O(65537^3)}", the reference says "{inf: -352 +/- 22; p=2: 2; p=5: 0 + O(5^0); p=65537: 0 + O(65537^-3)}"
FAIL tests/test_text_local.c:964: the_reference_on_generated_texts: check failed: well_formed(t, len) && len == rl && memcmp(t, ref, len) == 0 | vectors line 1009: printed "{p=2: 0 + O(2^1); p=3: 1 + O(3^1); p=5: 7 + O(5^2); p=65537: 0 + O(65537^2)}", the reference says "{p=2: 0 + O(2^-1); p=3: 1 + O(3^1); p=5: 7 + O(5^2); p=65537: 0 + O(65537^-2)}"
FAIL tests/test_text_local.c:1034: the_reference_on_generated_texts: check failed: pe - pb == ee - eb && memcmp(t + pb, ref + eb, pe - pb) == 0 | vectors line 1016: entry 2 printed "p=7: 0 + O(7^1)", the reference "p=7: 0 + O(7^-1)"
FAIL tests/test_text_local.c:1054: the_reference_on_generated_texts: check failed: adf_lball_identical(&x->loc[k], &y->loc[k]) | vectors line 1016: the local component 1
FAIL tests/test_text_local.c:964: the_reference_on_generated_texts: check failed: well_formed(t, len) && len == rl && memcmp(t, ref, len) == 0 | vectors line 1024: printed "{p=2: 0 + O(2^3); p=65537: 3}", the reference says "{p=2: 0 + O(2^-3); p=65537: 3}"
FAIL tests/test_text_local.c:1034: the_reference_on_generated_texts: check failed: pe - pb == ee - eb && memcmp(t + pb, ref + eb, pe - pb) == 0 | vectors line 1043: entry 2 printed "p=5: 0 + O(5^1)", the reference "p=5: 0 + O(5^-1)"
FAIL tests/test_text_local.c:1054: the_reference_on_generated_texts: check failed: adf_lball_identical(&x->loc[k], &y->loc[k]) | vectors line 1043: the local component 1
FAIL tests/test_text_local.c:964: the_reference_on_generated_texts: check failed: well_formed(t, len) && len == rl && memcmp(t, ref, len) == 0 | vectors line 1045: printed "{p=2: 0 + O(2^2); p=3: -5; p=5: 4 + O(5^2); p=7: 45 + O(7^2)}", the reference says "{p=2: 0 + O(2^-2); p=3: -5; p=5: 4 + O(5^2); p=7: 45 + O(7^2)}"
FAIL tests/test_text_local.c:964: the_reference_on_generated_texts: check failed: well_formed(t, len) && len == rl && memcmp(t, ref, len) == 0 | vectors line 1052: printed "{inf: -0.25; p=2: -83; p=5: 0 + O(5^1)}", the reference says "{inf: -0.25; p=2: -83; p=5: 0 + O(5^-1)}"
FAIL tests/test_text_local.c:964: the_reference_on_generated_texts: check failed: well_formed(t, len) && len == rl && memcmp(t, ref, len) == 0 | vectors line 1058: printed "{p=3: 77 + O(3^4); p=5: 609 + O(5^4); p=7: 0; p=65537: 0 + O(65537^1)}", the reference says "{p=3: 77 + O(3^4); p=5: 609 + O(5^4); p=7: 0; p=65537: 0 + O(65537^-1)}"
FAIL tests/test_text_local.c:964: the_reference_on_generated_texts: check failed: well_formed(t, len) && len == rl && memcmp(t, ref, len) == 0 | vectors line 1063: printed "{p=2: 0 + O(2^3); p=3: 0 + O(3^3); p=7: -7; p=65537: 9 + O(65537^2)}", the reference says "{p=2: 0 + O(2^-3); p=3: 0 + O(3^-3); p=7: -7; p=65537: 9 + O(65537^2)}"
FAIL tests/test_text_local.c:964: the_reference_on_generated_texts: check failed: well_formed(t, len) && len == rl && memcmp(t, ref, len) == 0 | vectors line 1074: printed "{p=3: -7; p=5: -3; p=7: -2; p=65537: 0 + O(65537^2)}", the reference says "{p=3: -7; p=5: -3; p=7: -2; p=65537: 0 + O(65537^-2)}"
FAIL tests/test_text_local.c:964: the_reference_on_generated_texts: check failed: well_formed(t, len) && len == rl && memcmp(t, ref, len) == 0 | vectors line 1090: printed "{inf: 52; p=3: 4; p=7: 0 + O(7^1)}", the reference says "{inf: 52; p=3: 4; p=7: 0 + O(7^-1)}"
FAIL tests/test_text_local.c:964: the_reference_on_generated_texts: check failed: well_formed(t, len) && len == rl && memcmp(t, ref, len) == 0 | vectors line 1092: printed "{inf: 1000 +/- 23000; p=3: -2; p=5: 14 + O(5^2); p=7: 0 + O(7^1); p=65537: 0 + O(65537^3)}", the reference says "{inf: 1000 +/- 23000; p=3: -2; p=5: 14 + O(5^2); p=7: 0 + O(7^-1); p=65537: 0 + O(65537^-3)}"
FAIL tests/test_text_local.c:964: the_reference_on_generated_texts: check failed: well_formed(t, len) && len == rl && memcmp(t, ref, len) == 0 | vectors line 1112: printed "{p=3: 0 + O(3^3); p=5: 0 + O(5^0); p=65537: 0 + O(65537^1)}", the reference says "{p=3: 0 + O(3^-3); p=5: 0 + O(5^0); p=65537: 0 + O(65537^-1)}"
FAIL tests/test_text_local.c:964: the_reference_on_generated_texts: check failed: well_formed(t, len) && len == rl && memcmp(t, ref, len) == 0 | vectors line 1125: printed "{p=5: 0 + O(5^2); p=65537: -7}", the reference says "{p=5: 0 + O(5^-2); p=65537: -7}"
FAIL tests/test_text_local.c:1034: the_reference_on_generated_texts: check failed: pe - pb == ee - eb && memcmp(t + pb, ref + eb, pe - pb) == 0 | vectors line 1153: entry 3 printed "p=7: 0 + O(7^1)", the reference "p=7: 0 + O(7^-1)"
FAIL tests/test_text_local.c:1054: the_reference_on_generated_texts: check failed: adf_lball_identical(&x->loc[k], &y->loc[k]) | vectors line 1153: the local component 2
FAIL tests/test_text_local.c:964: the_reference_on_generated_texts: check failed: well_formed(t, len) && len == rl && memcmp(t, ref, len) == 0 | vectors line 1155: printed "{p=3: 0 + O(3^1); p=5: 0 + O(5^3)}", the reference says "{p=3: 0 + O(3^-1); p=5: 0 + O(5^-3)}"
FAIL tests/test_text_local.c:964: the_reference_on_generated_texts: check failed: well_formed(t, len) && len == rl && memcmp(t, ref, len) == 0 | vectors line 1158: printed "{inf: 8; p=3: 0 + O(3^3); p=7: 5}", the reference says "{inf: 8; p=3: 0 + O(3^-3); p=7: 5}"
FAIL tests/test_text_local.c:1034: the_reference_on_generated_texts: check failed: pe - pb == ee - eb && memcmp(t + pb, ref + eb, pe - pb) == 0 | vectors line 1170: entry 4 printed "p=7: 0 + O(7^1)", the reference "p=7: 0 + O(7^-1)"
FAIL tests/test_text_local.c:1054: the_reference_on_generated_texts: check failed: adf_lball_identical(&x->loc[k], &y->loc[k]) | vectors line 1170: the local component 3
FAIL tests/test_text_local.c:964: the_reference_on_generated_texts: check failed: well_formed(t, len) && len == rl && memcmp(t, ref, len) == 0 | vectors line 1177: printed "{p=2: 0 + O(2^1); p=3: 253; p=5: 7; p=7: 39/7}", the reference says "{p=2: 0 + O(2^-1); p=3: 253; p=5: 7; p=7: 39/7}"
FAIL tests/test_text_local.c:964: the_reference_on_generated_texts: check failed: well_formed(t, len) && len == rl && memcmp(t, ref, len) == 0 | vectors line 1178: printed "{p=5: 2; p=65537: 0 + O(65537^2)}", the reference says "{p=5: 2; p=65537: 0 + O(65537^-2)}"
FAIL tests/test_text_local.c:964: the_reference_on_generated_texts: check failed: well_formed(t, len) && len == rl && memcmp(t, ref, len) == 0 | vectors line 1183: printed "{p=3: 0 + O(3^2)}", the reference says "{p=3: 0 + O(3^-2)}"
FAIL tests/test_text_local.c:964: the_reference_on_generated_texts: check failed: well_formed(t, len) && len == rl && memcmp(t, ref, len) == 0 | vectors line 1197: printed "{p=2: 0 + O(2^2); p=3: 40 + O(3^4); p=5: -4; p=7: -25/7}", the reference says "{p=2: 0 + O(2^-2); p=3: 40 + O(3^4); p=5: -4; p=7: -25/7}"
FAIL tests/test_text_local.c:964: the_reference_on_generated_texts: check failed: well_formed(t, len) && len == rl && memcmp(t, ref, len) == 0 | vectors line 1207: printed "{p=3: 0 + O(3^2); p=5: 0 + O(5^3); p=7: 19 + O(7^2); p=65537: -12}", the reference says "{p=3: 0 + O(3^2); p=5: 0 + O(5^-3); p=7: 19 + O(7^2); p=65537: -12}"
FAIL tests/test_text_local.c:1034: the_reference_on_generated_texts: check failed: pe - pb == ee - eb && memcmp(t + pb, ref + eb, pe - pb) == 0 | vectors line 1213: entry 3 printed "p=5: 0 + O(5^1)", the reference "p=5: 0 + O(5^-1)"
FAIL tests/test_text_local.c:1054: the_reference_on_generated_texts: check failed: adf_lball_identical(&x->loc[k], &y->loc[k]) | vectors line 1213: the local component 2
FAIL tests/test_text_local.c:1034: the_reference_on_generated_texts: check failed: pe - pb == ee - eb && memcmp(t + pb, ref + eb, pe - pb) == 0 | vectors line 1215: entry 2 printed "p=5: 0 + O(5^3)", the reference "p=5: 0 + O(5^-3)"
FAIL tests/test_text_local.c:1034: the_reference_on_generated_texts: check failed: pe - pb == ee - eb && memcmp(t + pb, ref + eb, pe - pb) == 0 | vectors line 1215: entry 3 printed "p=7: 0 + O(7^3)", the reference "p=7: 0 + O(7^-3)"
FAIL tests/test_text_local.c:1054: the_reference_on_generated_texts: check failed: adf_lball_identical(&x->loc[k], &y->loc[k]) | vectors line 1215: the local component 1
FAIL tests/test_text_local.c:1054: the_reference_on_generated_texts: check failed: adf_lball_identical(&x->loc[k], &y->loc[k]) | vectors line 1215: the local component 2
FAIL tests/test_text_local.c:964: the_reference_on_generated_texts: check failed: well_formed(t, len) && len == rl && memcmp(t, ref, len) == 0 | vectors line 1220: printed "{p=5: 0 + O(5^1)}", the reference says "{p=5: 0 + O(5^-1)}"
FAIL tests/test_text_local.c:964: the_reference_on_generated_texts: check failed: well_formed(t, len) && len == rl && memcmp(t, ref, len) == 0 | vectors line 1226: printed "{p=2: 8; p=5: 0 + O(5^2); p=65537: 0 + O(65537^3)}", the reference says "{p=2: 8; p=5: 0 + O(5^-2); p=65537: 0 + O(65537^-3)}"
FAIL tests/test_text_local.c:964: the_reference_on_generated_texts: check failed: well_formed(t, len) && len == rl && memcmp(t, ref, len) == 0 | vectors line 1244: printed "{inf: 272; p=5: 0 + O(5^3); p=7: -5; p=65537: 67}", the reference says "{inf: 272; p=5: 0 + O(5^-3); p=7: -5; p=65537: 67}"
FAIL tests/test_text_local.c:964: the_reference_on_generated_texts: check failed: well_formed(t, len) && len == rl && memcmp(t, ref, len) == 0 | vectors line 1274: printed "{p=5: -8; p=65537: 0 + O(65537^3)}", the reference says "{p=5: -8; p=65537: 0 + O(65537^-3)}"
FAIL tests/test_text_local.c:964: the_reference_on_generated_texts: check failed: well_formed(t, len) && len == rl && memcmp(t, ref, len) == 0 | vectors line 1287: printed "{inf: -240 +/- 88; p=5: -8; p=7: 0 + O(7^2); p=65537: 1}", the reference says "{inf: -240 +/- 88; p=5: -8; p=7: 0 + O(7^-2); p=65537: 1}"
FAIL tests/test_text_local.c:964: the_reference_on_generated_texts: check failed: well_formed(t, len) && len == rl && memcmp(t, ref, len) == 0 | vectors line 1291: printed "{p=7: 0 + O(7^3)}", the reference says "{p=7: 0 + O(7^-3)}"
FAIL tests/test_text_local.c:964: the_reference_on_generated_texts: check failed: well_formed(t, len) && len == rl && memcmp(t, ref, len) == 0 | vectors line 1298: printed "{p=2: 3 + O(2^2); p=7: 0 + O(7^1)}", the reference says "{p=2: 3 + O(2^2); p=7: 0 + O(7^-1)}"
FAIL tests/test_text_local.c:964: the_reference_on_generated_texts: check failed: well_formed(t, len) && len == rl && memcmp(t, ref, len) == 0 | vectors line 1299: printed "{p=2: 0 + O(2^2)}", the reference says "{p=2: 0 + O(2^-2)}"
FAIL tests/test_text_local.c:1034: the_reference_on_generated_texts: check failed: pe - pb == ee - eb && memcmp(t + pb, ref + eb, pe - pb) == 0 | vectors line 1308: entry 1 printed "p=2: 0 + O(2^3)", the reference "p=2: 0 + O(2^-3)"
FAIL tests/test_text_local.c:1054: the_reference_on_generated_texts: check failed: adf_lball_identical(&x->loc[k], &y->loc[k]) | vectors line 1308: the local component 0
FAIL tests/test_text_local.c:964: the_reference_on_generated_texts: check failed: well_formed(t, len) && len == rl && memcmp(t, ref, len) == 0 | vectors line 1338: printed "{p=2: 0 + O(2^2)}", the reference says "{p=2: 0 + O(2^-2)}"
FAIL tests/test_text_local.c:964: the_reference_on_generated_texts: check failed: well_formed(t, len) && len == rl && memcmp(t, ref, len) == 0 | vectors line 1354: printed "{p=2: 6; p=3: -6/7; p=7: 0 + O(7^2); p=65537: 0 + O(65537^2)}", the reference says "{p=2: 6; p=3: -6/7; p=7: 0 + O(7^-2); p=65537: 0 + O(65537^-2)}"
FAIL tests/test_text_local.c:1034: the_reference_on_generated_texts: check failed: pe - pb == ee - eb && memcmp(t + pb, ref + eb, pe - pb) == 0 | vectors line 1358: entry 1 printed "p=2: 0 + O(2^1)", the reference "p=2: 0 + O(2^-1)"
FAIL tests/test_text_local.c:1054: the_reference_on_generated_texts: check failed: adf_lball_identical(&x->loc[k], &y->loc[k]) | vectors line 1358: the local component 0
FAIL tests/test_text_local.c:1034: the_reference_on_generated_texts: check failed: pe - pb == ee - eb && memcmp(t + pb, ref + eb, pe - pb) == 0 | vectors line 1366: entry 2 printed "p=7: 0 + O(7^3)", the reference "p=7: 0 + O(7^-3)"
FAIL tests/test_text_local.c:1054: the_reference_on_generated_texts: check failed: adf_lball_identical(&x->loc[k], &y->loc[k]) | vectors line 1366: the local component 1
FAIL tests/test_text_local.c:964: the_reference_on_generated_texts: check failed: well_formed(t, len) && len == rl && memcmp(t, ref, len) == 0 | vectors line 1386: printed "{inf: -20 +/- 140; p=2: 0 + O(2^3)}", the reference says "{inf: -20 +/- 140; p=2: 0 + O(2^-3)}"
FAIL tests/test_text_local.c:964: the_reference_on_generated_texts: check failed: well_formed(t, len) && len == rl && memcmp(t, ref, len) == 0 | vectors line 1394: printed "{inf: 1; p=7: 0 + O(7^3); p=65537: -10}", the reference says "{inf: 1; p=7: 0 + O(7^-3); p=65537: -10}"
FAIL tests/test_text_local.c:964: the_reference_on_generated_texts: check failed: well_formed(t, len) && len == rl && memcmp(t, ref, len) == 0 | vectors line 1396: printed "{inf: -992; p=3: -17; p=5: 0 + O(5^3); p=7: 2 + O(7^1); p=65537: 7}", the reference says "{inf: -992; p=3: -17; p=5: 0 + O(5^-3); p=7: 2 + O(7^1); p=65537: 7}"
FAIL tests/test_text_local.c:964: the_reference_on_generated_texts: check failed: well_formed(t, len) && len == rl && memcmp(t, ref, len) == 0 | vectors line 1414: printed "{p=3: 0 + O(3^2); p=5: 33/5; p=7: 0 + O(7^2)}", the reference says "{p=3: 0 + O(3^-2); p=5: 33/5; p=7: 0 + O(7^-2)}"
FAIL tests/test_text_local.c:1034: the_reference_on_generated_texts: check failed: pe - pb == ee - eb && memcmp(t + pb, ref + eb, pe - pb) == 0 | vectors line 1421: entry 4 printed "p=65537: 0 + O(65537^2)", the reference "p=65537: 0 + O(65537^-2)"
FAIL tests/test_text_local.c:1054: the_reference_on_generated_texts: check failed: adf_lball_identical(&x->loc[k], &y->loc[k]) | vectors line 1421: the local component 3
FAIL tests/test_text_local.c:964: the_reference_on_generated_texts: check failed: well_formed(t, len) && len == rl && memcmp(t, ref, len) == 0 | vectors line 1433: printed "{p=2: 0 + O(2^1); p=3: 1; p=5: -3; p=65537: 11 + O(65537^4)}", the reference says "{p=2: 0 + O(2^-1); p=3: 1; p=5: -3; p=65537: 11 + O(65537^4)}"
FAIL tests/test_text_local.c:964: the_reference_on_generated_texts: check failed: well_formed(t, len) && len == rl && memcmp(t, ref, len) == 0 | vectors line 1458: printed "{p=3: 0 + O(3^3); p=7: -8; p=65537: 65519 + O(65537^1)}", the reference says "{p=3: 0 + O(3^-3); p=7: -8; p=65537: 65519 + O(65537^1)}"
FAIL tests/test_text_local.c:1034: the_reference_on_generated_texts: check failed: pe - pb == ee - eb && memcmp(t + pb, ref + eb, pe - pb) == 0 | vectors line 1472: entry 4 printed "p=65537: 0 + O(65537^1)", the reference "p=65537: 0 + O(65537^-1)"
FAIL tests/test_text_local.c:1054: the_reference_on_generated_texts: check failed: adf_lball_identical(&x->loc[k], &y->loc[k]) | vectors line 1472: the local component 3
FAIL tests/test_text_local.c:964: the_reference_on_generated_texts: check failed: well_formed(t, len) && len == rl && memcmp(t, ref, len) == 0 | vectors line 1477: printed "{inf: -1 +/- 10; p=2: 0 + O(2^3); p=3: 27/2; p=5: -8; p=7: 0 + O(7^2)}", the reference says "{inf: -1 +/- 10; p=2: 0 + O(2^-3); p=3: 27/2; p=5: -8; p=7: 0 + O(7^-2)}"
FAIL tests/test_text_local.c:964: the_reference_on_generated_texts: check failed: well_formed(t, len) && len == rl && memcmp(t, ref, len) == 0 | vectors line 1487: printed "{p=2: 0 + O(2^2); p=3: 0 + O(3^3); p=7: -17/3; p=65537: 18}", the reference says "{p=2: 0 + O(2^-2); p=3: 0 + O(3^-3); p=7: -17/3; p=65537: 18}"
FAIL tests/test_text_local.c:964: the_reference_on_generated_texts: check failed: well_formed(t, len) && len == rl && memcmp(t, ref, len) == 0 | vectors line 1495: printed "{p=5: -1; p=7: 0 + O(7^2)}", the reference says "{p=5: -1; p=7: 0 + O(7^-2)}"
FAIL tests/test_text_local.c:964: the_reference_on_generated_texts: check failed: well_formed(t, len) && len == rl && memcmp(t, ref, len) == 0 | vectors line 1504: printed "{p=3: 19/7; p=5: 0 + O(5^3); p=7: -1}", the reference says "{p=3: 19/7; p=5: 0 + O(5^-3); p=7: -1}"
FAIL tests/test_text_local.c:964: the_reference_on_generated_texts: check failed: well_formed(t, len) && len == rl && memcmp(t, ref, len) == 0 | vectors line 1515: printed "{inf: 3000 +/- 26000; p=3: 0 + O(3^3)}", the reference says "{inf: 3000 +/- 26000; p=3: 0 + O(3^-3)}"
FAIL tests/test_text_local.c:964: the_reference_on_generated_texts: check failed: well_formed(t, len) && len == rl && memcmp(t, ref, len) == 0 | vectors line 1522: printed "{inf: 1408; p=2: 0 + O(2^1); p=3: 39 + O(3^4); p=65537: 65530 + O(65537^1)}", the reference says "{inf: 1408; p=2: 0 + O(2^-1); p=3: 39 + O(3^4); p=65537: 65530 + O(65537^1)}"
FAIL tests/test_text_local.c:964: the_reference_on_generated_texts: check failed: well_formed(t, len) && len == rl && memcmp(t, ref, len) == 0 | vectors line 1539: printed "{inf: 12.2 +/- 3.1; p=2: 39/4; p=3: 0 + O(3^1); p=5: 0 + O(5^1)}", the reference says "{inf: 12.2 +/- 3.1; p=2: 39/4; p=3: 0 + O(3^-1); p=5: 0 + O(5^-1)}"
FAIL tests/test_text_local.c:964: the_reference_on_generated_texts: check failed: well_formed(t, len) && len == rl && memcmp(t, ref, len) == 0 | vectors line 1545: printed "{p=2: 0 + O(2^1); p=3: 0 + O(3^3); p=5: 0 + O(5^1); p=7: 0}", the reference says "{p=2: 0 + O(2^-1); p=3: 0 + O(3^-3); p=5: 0 + O(5^-1); p=7: 0}"
FAIL tests/test_text_local.c:964: the_reference_on_generated_texts: check failed: well_formed(t, len) && len == rl && memcmp(t, ref, len) == 0 | vectors line 1549: printed "{inf: -80; p=3: 7; p=5: 0 + O(5^2); p=65537: 0 + O(65537^1)}", the reference says "{inf: -80; p=3: 7; p=5: 0 + O(5^-2); p=65537: 0 + O(65537^-1)}"
FAIL tests/test_text_local.c:964: the_reference_on_generated_texts: check failed: well_formed(t, len) && len == rl && memcmp(t, ref, len) == 0 | vectors line 1556: printed "{inf: 0 +/- 7700; p=2: -3; p=3: 1 + O(3^1); p=5: 0 + O(5^1); p=7: 17}", the reference says "{inf: 0 +/- 7700; p=2: -3; p=3: 1 + O(3^1); p=5: 0 + O(5^-1); p=7: 17}"
FAIL tests/test_text_local.c:964: the_reference_on_generated_texts: check failed: well_formed(t, len) && len == rl && memcmp(t, ref, len) == 0 | vectors line 1562: printed "{p=2: 4; p=3: 3; p=5: 0 + O(5^3); p=65537: 18447869999386460152 + O(65537^4)}", the reference says "{p=2: 4; p=3: 3; p=5: 0 + O(5^-3); p=65537: 18447869999386460152 + O(65537^4)}"
FAIL tests/test_text_local.c:1034: the_reference_on_generated_texts: check failed: pe - pb == ee - eb && memcmp(t + pb, ref + eb, pe - pb) == 0 | vectors line 1580: entry 2 printed "p=7: 0 + O(7^2)", the reference "p=7: 0 + O(7^-2)"
FAIL tests/test_text_local.c:1054: the_reference_on_generated_texts: check failed: adf_lball_identical(&x->loc[k], &y->loc[k]) | vectors line 1580: the local component 1
FAIL tests/test_text_local.c:964: the_reference_on_generated_texts: check failed: well_formed(t, len) && len == rl && memcmp(t, ref, len) == 0 | vectors line 1586: printed "{p=2: 18; p=3: 9; p=5: 0 + O(5^3); p=7: 3 + O(7^4)}", the reference says "{p=2: 18; p=3: 9; p=5: 0 + O(5^-3); p=7: 3 + O(7^4)}"
FAIL tests/test_text_local.c:964: the_reference_on_generated_texts: check failed: well_formed(t, len) && len == rl && memcmp(t, ref, len) == 0 | vectors line 1592: printed "{inf: 832; p=5: -6; p=65537: 0 + O(65537^2)}", the reference says "{inf: 832; p=5: -6; p=65537: 0 + O(65537^-2)}"
FAIL tests/test_text_local.c:964: the_reference_on_generated_texts: check failed: well_formed(t, len) && len == rl && memcmp(t, ref, len) == 0 | vectors line 1597: printed "{p=3: -30; p=5: 4 + O(5^1); p=7: 42 + O(7^2); p=65537: 0 + O(65537^3)}", the reference says "{p=3: -30; p=5: 4 + O(5^1); p=7: 42 + O(7^2); p=65537: 0 + O(65537^-3)}"
FAIL tests/test_text_local.c:964: the_reference_on_generated_texts: check failed: well_formed(t, len) && len == rl && memcmp(t, ref, len) == 0 | vectors line 1599: printed "{p=2: 1 + O(2^1); p=5: 8; p=7: 0 + O(7^3); p=65537: 0 + O(65537^0)}", the reference says "{p=2: 1 + O(2^1); p=5: 8; p=7: 0 + O(7^-3); p=65537: 0 + O(65537^0)}"
FAIL tests/test_text_local.c:964: the_reference_on_generated_texts: check failed: well_formed(t, len) && len == rl && memcmp(t, ref, len) == 0 | vectors line 1611: printed "{p=3: 0 + O(3^2); p=5: 0 + O(5^0); p=7: 3/7 + O(7^0); p=65537: 13/5}", the reference says "{p=3: 0 + O(3^-2); p=5: 0 + O(5^0); p=7: 3/7 + O(7^0); p=65537: 13/5}"
FAIL tests/test_text_local.c:964: the_reference_on_generated_texts: check failed: well_formed(t, len) && len == rl && memcmp(t, ref, len) == 0 | vectors line 1625: printed "{p=3: 0; p=7: 0 + O(7^2)}", the reference says "{p=3: 0; p=7: 0 + O(7^-2)}"
FAIL tests/test_text_local.c:1034: the_reference_on_generated_texts: check failed: pe - pb == ee - eb && memcmp(t + pb, ref + eb, pe - pb) == 0 | vectors line 1629: entry 1 printed "p=5: 0 + O(5^2)", the reference "p=5: 0 + O(5^-2)"
FAIL tests/test_text_local.c:1054: the_reference_on_generated_texts: check failed: adf_lball_identical(&x->loc[k], &y->loc[k]) | vectors line 1629: the local component 0
FAIL tests/test_text_local.c:1034: the_reference_on_generated_texts: check failed: pe - pb == ee - eb && memcmp(t + pb, ref + eb, pe - pb) == 0 | vectors line 1631: entry 1 printed "p=2: 0 + O(2^1)", the reference "p=2: 0 + O(2^-1)"
FAIL tests/test_text_local.c:1034: the_reference_on_generated_texts: check failed: pe - pb == ee - eb && memcmp(t + pb, ref + eb, pe - pb) == 0 | vectors line 1631: entry 2 printed "p=5: 0 + O(5^3)", the reference "p=5: 0 + O(5^-3)"
FAIL tests/test_text_local.c:1054: the_reference_on_generated_texts: check failed: adf_lball_identical(&x->loc[k], &y->loc[k]) | vectors line 1631: the local component 0
FAIL tests/test_text_local.c:1054: the_reference_on_generated_texts: check failed: adf_lball_identical(&x->loc[k], &y->loc[k]) | vectors line 1631: the local component 1
FAIL tests/test_text_local.c:964: the_reference_on_generated_texts: check failed: well_formed(t, len) && len == rl && memcmp(t, ref, len) == 0 | vectors line 1646: printed "{p=2: -11; p=7: 0 + O(7^2); p=65537: 20}", the reference says "{p=2: -11; p=7: 0 + O(7^-2); p=65537: 20}"
FAIL tests/test_text_local.c:964: the_reference_on_generated_texts: check failed: well_formed(t, len) && len == rl && memcmp(t, ref, len) == 0 | vectors line 1655: printed "{p=2: 0 + O(2^3); p=3: 13}", the reference says "{p=2: 0 + O(2^-3); p=3: 13}"
FAIL tests/test_text_local.c:964: the_reference_on_generated_texts: check failed: well_formed(t, len) && len == rl && memcmp(t, ref, len) == 0 | vectors line 1661: printed "{inf: 8448 +/- 22; p=65537: 0 + O(65537^2)}", the reference says "{inf: 8448 +/- 22; p=65537: 0 + O(65537^-2)}"
FAIL tests/test_text_local.c:964: the_reference_on_generated_texts: check failed: well_formed(t, len) && len == rl && memcmp(t, ref, len) == 0 | vectors line 1684: printed "{p=2: -2; p=3: 0 + O(3^3); p=5: 3; p=7: -14}", the reference says "{p=2: -2; p=3: 0 + O(3^-3); p=5: 3; p=7: -14}"
FAIL tests/test_text_local.c:964: the_reference_on_generated_texts: check failed: well_formed(t, len) && len == rl && memcmp(t, ref, len) == 0 | vectors line 1685: printed "{p=2: -19/2; p=3: 0 + O(3^1); p=7: 1 + O(7^1)}", the reference says "{p=2: -19/2; p=3: 0 + O(3^-1); p=7: 1 + O(7^1)}"
FAIL tests/test_text_local.c:964: the_reference_on_generated_texts: check failed: well_formed(t, len) && len == rl && memcmp(t, ref, len) == 0 | vectors line 1691: printed "{inf: 0 +/- 110; p=2: 0 + O(2^2); p=5: 24 + O(5^2); p=7: 16; p=65537: 4295098364 + O(65537^2)}", the reference says "{inf: 0 +/- 110; p=2: 0 + O(2^-2); p=5: 24 + O(5^2); p=7: 16; p=65537: 4295098364 + O(65537^2)}"
FAIL tests/test_text_local.c:964: the_reference_on_generated_texts: check failed: well_formed(t, len) && len == rl && memcmp(t, ref, len) == 0 | vectors line 1705: printed "{p=2: 0 + O(2^2); p=65537: 3}", the reference says "{p=2: 0 + O(2^-2); p=65537: 3}"
FAIL tests/test_text_local.c:964: the_reference_on_generated_texts: check failed: well_formed(t, len) && len == rl && memcmp(t, ref, len) == 0 | vectors line 1706: printed "{p=3: 0 + O(3^3)}", the reference says "{p=3: 0 + O(3^-3)}"
FAIL tests/test_text_local.c:964: the_reference_on_generated_texts: check failed: well_formed(t, len) && len == rl && memcmp(t, ref, len) == 0 | vectors line 1710: printed "{inf: 36; p=2: 1 + O(2^1); p=7: 0 + O(7^3); p=65537: -13}", the reference says "{inf: 36; p=2: 1 + O(2^1); p=7: 0 + O(7^-3); p=65537: -13}"
FAIL tests/test_text_local.c:964: the_reference_on_generated_texts: check failed: well_formed(t, len) && len == rl && memcmp(t, ref, len) == 0 | vectors line 1713: printed "{p=2: 1 + O(2^1); p=3: 77 + O(3^4); p=5: 0 + O(5^3); p=65537: 0 + O(65537^2)}", the reference says "{p=2: 1 + O(2^1); p=3: 77 + O(3^4); p=5: 0 + O(5^-3); p=65537: 0 + O(65537^-2)}"
FAIL tests/test_text_local.c:964: the_reference_on_generated_texts: check failed: well_formed(t, len) && len == rl && memcmp(t, ref, len) == 0 | vectors line 1715: printed "{inf: -4; p=2: 7/4; p=7: 0 + O(7^3)}", the reference says "{inf: -4; p=2: 7/4; p=7: 0 + O(7^-3)}"
FAIL tests/test_text_local.c:964: the_reference_on_generated_texts: check failed: well_formed(t, len) && len == rl && memcmp(t, ref, len) == 0 | vectors line 1722: printed "{p=7: 0 + O(7^3)}", the reference says "{p=7: 0 + O(7^-3)}"
FAIL tests/test_text_local.c:964: the_reference_on_generated_texts: check failed: well_formed(t, len) && len == rl && memcmp(t, ref, len) == 0 | vectors line 1729: printed "{inf: 1344 +/- 3; p=2: 0 + O(2^2); p=3: 0; p=5: 3 + O(5^1); p=65537: 0}", the reference says "{inf: 1344 +/- 3; p=2: 0 + O(2^-2); p=3: 0; p=5: 3 + O(5^1); p=65537: 0}"
FAIL tests/test_text_local.c:964: the_reference_on_generated_texts: check failed: well_formed(t, len) && len == rl && memcmp(t, ref, len) == 0 | vectors line 1733: printed "{p=2: 0 + O(2^3); p=3: -23/5; p=7: 5 + O(7^1); p=65537: -12}", the reference says "{p=2: 0 + O(2^-3); p=3: -23/5; p=7: 5 + O(7^1); p=65537: -12}"
FAIL tests/test_text_local.c:964: the_reference_on_generated_texts: check failed: well_formed(t, len) && len == rl && memcmp(t, ref, len) == 0 | vectors line 1747: printed "{inf: -5600 +/- 2800; p=2: 4 + O(2^4); p=3: 0 + O(3^2); p=5: 200 + O(5^4); p=7: -2}", the reference says "{inf: -5600 +/- 2800; p=2: 4 + O(2^4); p=3: 0 + O(3^-2); p=5: 200 + O(5^4); p=7: -2}"
FAIL tests/test_text_local.c:964: the_reference_on_generated_texts: check failed: well_formed(t, len) && len == rl && memcmp(t, ref, len) == 0 | vectors line 1770: printed "{p=3: 0 + O(3^1)}", the reference says "{p=3: 0 + O(3^-1)}"
FAIL tests/test_text_local.c:964: the_reference_on_generated_texts: check failed: well_formed(t, len) && len == rl && memcmp(t, ref, len) == 0 | vectors line 1777: printed "{p=3: 0 + O(3^1); p=5: 0 + O(5^0); p=7: 6; p=65537: 0 + O(65537^3)}", the reference says "{p=3: 0 + O(3^-1); p=5: 0 + O(5^0); p=7: 6; p=65537: 0 + O(65537^-3)}"
FAIL tests/test_text_local.c:964: the_reference_on_generated_texts: check failed: well_formed(t, len) && len == rl && memcmp(t, ref, len) == 0 | vectors line 1780: printed "{inf: 800 +/- 3000; p=5: 0 + O(5^1); p=65537: 0 + O(65537^3)}", the reference says "{inf: 800 +/- 3000; p=5: 0 + O(5^-1); p=65537: 0 + O(65537^-3)}"
FAIL tests/test_text_local.c:964: the_reference_on_generated_texts: check failed: well_formed(t, len) && len == rl && memcmp(t, ref, len) == 0 | vectors line 1783: printed "{p=2: 7 + O(2^4); p=5: 2; p=7: 0 + O(7^2); p=65537: 0 + O(65537^3)}", the reference says "{p=2: 7 + O(2^4); p=5: 2; p=7: 0 + O(7^-2); p=65537: 0 + O(65537^-3)}"
FAIL tests/test_text_local.c:964: the_reference_on_generated_texts: check failed: well_formed(t, len) && len == rl && memcmp(t, ref, len) == 0 | vectors line 1795: printed "{p=2: 8; p=3: 15 + O(3^4); p=5: 0 + O(5^1); p=65537: -35}", the reference says "{p=2: 8; p=3: 15 + O(3^4); p=5: 0 + O(5^-1); p=65537: -35}"
FAIL tests/test_text_local.c:964: the_reference_on_generated_texts: check failed: well_formed(t, len) && len == rl && memcmp(t, ref, len) == 0 | vectors line 1800: printed "{inf: -700 +/- 9800; p=2: 12; p=65537: 0 + O(65537^1)}", the reference says "{inf: -700 +/- 9800; p=2: 12; p=65537: 0 + O(65537^-1)}"
FAIL tests/test_text_local.c:964: the_reference_on_generated_texts: check failed: well_formed(t, len) && len == rl && memcmp(t, ref, len) == 0 | vectors line 1803: printed "{p=2: 1 + O(2^2); p=3: 0 + O(3^1); p=7: 0 + O(7^2); p=65537: 0 + O(65537^3)}", the reference says "{p=2: 1 + O(2^2); p=3: 0 + O(3^-1); p=7: 0 + O(7^-2); p=65537: 0 + O(65537^-3)}"
FAIL tests/test_text_local.c:964: the_reference_on_generated_texts: check failed: well_formed(t, len) && len == rl && memcmp(t, ref, len) == 0 | vectors line 1808: printed "{inf: -18; p=3: 0 + O(3^3); p=7: 7}", the reference says "{inf: -18; p=3: 0 + O(3^-3); p=7: 7}"
FAIL tests/test_text_local.c:964: the_reference_on_generated_texts: check failed: well_formed(t, len) && len == rl && memcmp(t, ref, len) == 0 | vectors line 1821: printed "{inf: -1500 +/- 2000; p=3: 0 + O(3^1); p=5: 10}", the reference says "{inf: -1500 +/- 2000; p=3: 0 + O(3^-1); p=5: 10}"
FAIL tests/test_text_local.c:1034: the_reference_on_generated_texts: check failed: pe - pb == ee - eb && memcmp(t + pb, ref + eb, pe - pb) == 0 | vectors line 1826: entry 1 printed "p=7: 0 + O(7^3)", the reference "p=7: 0 + O(7^-3)"
FAIL tests/test_text_local.c:1054: the_reference_on_generated_texts: check failed: adf_lball_identical(&x->loc[k], &y->loc[k]) | vectors line 1826: the local component 0
FAIL tests/test_text_local.c:964: the_reference_on_generated_texts: check failed: well_formed(t, len) && len == rl && memcmp(t, ref, len) == 0 | vectors line 1836: printed "{p=5: -10; p=7: 780; p=65537: 0 + O(65537^2)}", the reference says "{p=5: -10; p=7: 780; p=65537: 0 + O(65537^-2)}"
FAIL tests/test_text_local.c:964: the_reference_on_generated_texts: check failed: well_formed(t, len) && len == rl && memcmp(t, ref, len) == 0 | vectors line 1839: printed "{p=2: 0 + O(2^0); p=3: 37; p=7: 0 + O(7^1); p=65537: 0 + O(65537^0)}", the reference says "{p=2: 0 + O(2^0); p=3: 37; p=7: 0 + O(7^-1); p=65537: 0 + O(65537^0)}"
FAIL tests/test_text_local.c:964: the_reference_on_generated_texts: check failed: well_formed(t, len) && len == rl && memcmp(t, ref, len) == 0 | vectors line 1852: printed "{inf: -12 +/- 88; p=2: 0 + O(2^1); p=65537: 0 + O(65537^3)}", the reference says "{inf: -12 +/- 88; p=2: 0 + O(2^-1); p=65537: 0 + O(65537^-3)}"
FAIL tests/test_text_local.c:964: the_reference_on_generated_texts: check failed: well_formed(t, len) && len == rl && memcmp(t, ref, len) == 0 | vectors line 1856: printed "{p=2: 0 + O(2^0); p=3: 0 + O(3^1); p=5: 0 + O(5^0)}", the reference says "{p=2: 0 + O(2^0); p=3: 0 + O(3^-1); p=5: 0 + O(5^0)}"
FAIL tests/test_text_local.c:964: the_reference_on_generated_texts: check failed: well_formed(t, len) && len == rl && memcmp(t, ref, len) == 0 | vectors line 1860: printed "{p=3: 0 + O(3^3); p=5: 8; p=7: -5}", the reference says "{p=3: 0 + O(3^-3); p=5: 8; p=7: -5}"
FAIL tests/test_text_local.c:964: the_reference_on_generated_texts: check failed: well_formed(t, len) && len == rl && memcmp(t, ref, len) == 0 | vectors line 1861: printed "{p=5: 0 + O(5^1)}", the reference says "{p=5: 0 + O(5^-1)}"
FAIL tests/test_text_local.c:964: the_reference_on_generated_texts: check failed: well_formed(t, len) && len == rl && memcmp(t, ref, len) == 0 | vectors line 1864: printed "{p=2: 0 + O(2^1)}", the reference says "{p=2: 0 + O(2^-1)}"
FAIL tests/test_text_local.c:964: the_reference_on_generated_texts: check failed: well_formed(t, len) && len == rl && memcmp(t, ref, len) == 0 | vectors line 1867: printed "{p=5: 0 + O(5^2); p=7: 0 + O(7^0); p=65537: 6}", the reference says "{p=5: 0 + O(5^-2); p=7: 0 + O(7^0); p=65537: 6}"
FAIL tests/test_text_local.c:964: the_reference_on_generated_texts: check failed: well_formed(t, len) && len == rl && memcmp(t, ref, len) == 0 | vectors line 1886: printed "{p=5: 0 + O(5^2); p=7: 6 + O(7^2)}", the reference says "{p=5: 0 + O(5^-2); p=7: 6 + O(7^2)}"
FAIL tests/test_text_local.c:964: the_reference_on_generated_texts: check failed: well_formed(t, len) && len == rl && memcmp(t, ref, len) == 0 | vectors line 1894: printed "{p=2: -21/5; p=3: 2 + O(3^1); p=65537: 0 + O(65537^1)}", the reference says "{p=2: -21/5; p=3: 2 + O(3^1); p=65537: 0 + O(65537^-1)}"
FAIL tests/test_text_local.c:964: the_reference_on_generated_texts: check failed: well_formed(t, len) && len == rl && memcmp(t, ref, len) == 0 | vectors line 1908: printed "{p=3: 0 + O(3^3); p=5: -3/2; p=7: 0 + O(7^0); p=65537: 2}", the reference says "{p=3: 0 + O(3^-3); p=5: -3/2; p=7: 0 + O(7^0); p=65537: 2}"
FAIL tests/test_text_local.c:964: the_reference_on_generated_texts: check failed: well_formed(t, len) && len == rl && memcmp(t, ref, len) == 0 | vectors line 1914: printed "{p=7: 0 + O(7^2); p=65537: 6}", the reference says "{p=7: 0 + O(7^-2); p=65537: 6}"
FAIL tests/test_text_local.c:1034: the_reference_on_generated_texts: check failed: pe - pb == ee - eb && memcmp(t + pb, ref + eb, pe - pb) == 0 | vectors line 1915: entry 1 printed "p=2: 0 + O(2^2)", the reference "p=2: 0 + O(2^-2)"
FAIL tests/test_text_local.c:1054: the_reference_on_generated_texts: check failed: adf_lball_identical(&x->loc[k], &y->loc[k]) | vectors line 1915: the local component 0
FAIL tests/test_text_local.c:964: the_reference_on_generated_texts: check failed: well_formed(t, len) && len == rl && memcmp(t, ref, len) == 0 | vectors line 1916: printed "{inf: 22; p=2: -20; p=7: 0 + O(7^3); p=65537: 4}", the reference says "{inf: 22; p=2: -20; p=7: 0 + O(7^-3); p=65537: 4}"
FAIL tests/test_text_local.c:964: the_reference_on_generated_texts: check failed: well_formed(t, len) && len == rl && memcmp(t, ref, len) == 0 | vectors line 1932: printed "{p=3: 11; p=5: 11/4; p=7: 12; p=65537: 0 + O(65537^1)}", the reference says "{p=3: 11; p=5: 11/4; p=7: 12; p=65537: 0 + O(65537^-1)}"
FAIL tests/test_text_local.c:964: the_reference_on_generated_texts: check failed: well_formed(t, len) && len == rl && memcmp(t, ref, len) == 0 | vectors line 1936: printed "{p=5: 0 + O(5^3); p=7: 0 + O(7^1)}", the reference says "{p=5: 0 + O(5^-3); p=7: 0 + O(7^-1)}"
FAIL tests/test_text_local.c:964: the_reference_on_generated_texts: check failed: well_formed(t, len) && len == rl && memcmp(t, ref, len) == 0 | vectors line 1945: printed "{p=2: -6; p=5: -9; p=7: 0 + O(7^2)}", the reference says "{p=2: -6; p=5: -9; p=7: 0 + O(7^-2)}"
FAIL tests/test_text_local.c:1034: the_reference_on_generated_texts: check failed: pe - pb == ee - eb && memcmp(t + pb, ref + eb, pe - pb) == 0 | vectors line 1949: entry 1 printed "p=3: 0 + O(3^3)", the reference "p=3: 0 + O(3^-3)"
FAIL tests/test_text_local.c:1054: the_reference_on_generated_texts: check failed: adf_lball_identical(&x->loc[k], &y->loc[k]) | vectors line 1949: the local component 0
FAIL tests/test_text_local.c:964: the_reference_on_generated_texts: check failed: well_formed(t, len) && len == rl && memcmp(t, ref, len) == 0 | vectors line 1958: printed "{p=2: 0 + O(2^1); p=3: 0 + O(3^2)}", the reference says "{p=2: 0 + O(2^1); p=3: 0 + O(3^-2)}"
FAIL tests/test_text_local.c:964: the_reference_on_generated_texts: check failed: well_formed(t, len) && len == rl && memcmp(t, ref, len) == 0 | vectors line 1966: printed "{p=3: 78 + O(3^4); p=5: 1 + O(5^1); p=65537: 0 + O(65537^1)}", the reference says "{p=3: 78 + O(3^4); p=5: 1 + O(5^1); p=65537: 0 + O(65537^-1)}"
FAIL tests/test_text_local.c:964: the_reference_on_generated_texts: check failed: well_formed(t, len) && len == rl && memcmp(t, ref, len) == 0 | vectors line 1967: printed "{p=2: 0 + O(2^3); p=3: 0 + O(3^0); p=5: 0 + O(5^2); p=7: -4}", the reference says "{p=2: 0 + O(2^-3); p=3: 0 + O(3^0); p=5: 0 + O(5^-2); p=7: -4}"
FAIL tests/test_text_local.c:964: the_reference_on_generated_texts: check failed: well_formed(t, len) && len == rl && memcmp(t, ref, len) == 0 | vectors line 1981: printed "{p=2: -2; p=5: 1 + O(5^1); p=7: 9; p=65537: 0 + O(65537^3)}", the reference says "{p=2: -2; p=5: 1 + O(5^1); p=7: 9; p=65537: 0 + O(65537^-3)}"
FAIL tests/test_text_local.c:964: the_reference_on_generated_texts: check failed: well_formed(t, len) && len == rl && memcmp(t, ref, len) == 0 | vectors line 1992: printed "{p=2: 0 + O(2^1); p=5: 5 + O(5^52); p=7: 2386 + O(7^4); p=65537: 0 + O(65537^1)}", the reference says "{p=2: 0 + O(2^-1); p=5: 5 + O(5^52); p=7: 2386 + O(7^4); p=65537: 0 + O(65537^-1)}"
FAIL tests/test_text_local.c:964: the_reference_on_generated_texts: check failed: well_formed(t, len) && len == rl && memcmp(t, ref, len) == 0 | vectors line 1994: printed "{p=2: 12/7; p=3: -1; p=5: 0 + O(5^1); p=7: 0 + O(7^2)}", the reference says "{p=2: 12/7; p=3: -1; p=5: 0 + O(5^-1); p=7: 0 + O(7^-2)}"
FAIL tests/test_text_local.c:964: the_reference_on_generated_texts: check failed: well_formed(t, len) && len == rl && memcmp(t, ref, len) == 0 | vectors line 2000: printed "{p=3: 0 + O(3^1); p=5: 20/3; p=65537: 5/3}", the reference says "{p=3: 0 + O(3^-1); p=5: 20/3; p=65537: 5/3}"
FAIL the_reference_on_generated_texts (tests/test_text_local.c:888, 240 failed checks)
FAIL tests/test_text_local.c:1139: round_trips_of_generated_values: check failed: adf_lball_identical(x, y) | "[p=3: 0 + O(3^1)]": the round trip changed the value
FAIL tests/test_text_local.c:1140: round_trips_of_generated_values: check failed: adf_lball_equal_set(x, y) | "[p=3: 0 + O(3^1)]": the round trip changed the set
FAIL tests/test_text_local.c:1139: round_trips_of_generated_values: check failed: adf_lball_identical(x, y) | "[p=3: 0 + O(3^2)]": the round trip changed the value
FAIL tests/test_text_local.c:1140: round_trips_of_generated_values: check failed: adf_lball_equal_set(x, y) | "[p=3: 0 + O(3^2)]": the round trip changed the set
FAIL tests/test_text_local.c:1139: round_trips_of_generated_values: check failed: adf_lball_identical(x, y) | "[p=5: 0 + O(5^1)]": the round trip changed the value
FAIL tests/test_text_local.c:1140: round_trips_of_generated_values: check failed: adf_lball_equal_set(x, y) | "[p=5: 0 + O(5^1)]": the round trip changed the set
FAIL tests/test_text_local.c:1139: round_trips_of_generated_values: check failed: adf_lball_identical(x, y) | "[p=5: 0 + O(5^2)]": the round trip changed the value
FAIL tests/test_text_local.c:1140: round_trips_of_generated_values: check failed: adf_lball_equal_set(x, y) | "[p=5: 0 + O(5^2)]": the round trip changed the set
FAIL tests/test_text_local.c:1139: round_trips_of_generated_values: check failed: adf_lball_identical(x, y) | "[p=3: 0 + O(3^3)]": the round trip changed the value
FAIL tests/test_text_local.c:1140: round_trips_of_generated_values: check failed: adf_lball_equal_set(x, y) | "[p=3: 0 + O(3^3)]": the round trip changed the set
FAIL tests/test_text_local.c:1139: round_trips_of_generated_values: check failed: adf_lball_identical(x, y) | "[p=18446744073709551557: 0 + O(18446744073709551557^2)]": the round trip changed the value
FAIL tests/test_text_local.c:1140: round_trips_of_generated_values: check failed: adf_lball_equal_set(x, y) | "[p=18446744073709551557: 0 + O(18446744073709551557^2)]": the round trip changed the set
FAIL tests/test_text_local.c:1139: round_trips_of_generated_values: check failed: adf_lball_identical(x, y) | "[p=18446744073709551557: 0 + O(18446744073709551557^1)]": the round trip changed the value
FAIL tests/test_text_local.c:1140: round_trips_of_generated_values: check failed: adf_lball_equal_set(x, y) | "[p=18446744073709551557: 0 + O(18446744073709551557^1)]": the round trip changed the set
FAIL tests/test_text_local.c:1139: round_trips_of_generated_values: check failed: adf_lball_identical(x, y) | "[p=18446744073709551557: 0 + O(18446744073709551557^2)]": the round trip changed the value
FAIL tests/test_text_local.c:1140: round_trips_of_generated_values: check failed: adf_lball_equal_set(x, y) | "[p=18446744073709551557: 0 + O(18446744073709551557^2)]": the round trip changed the set
FAIL tests/test_text_local.c:1139: round_trips_of_generated_values: check failed: adf_lball_identical(x, y) | "[p=65537: 0 + O(65537^3)]": the round trip changed the value
FAIL tests/test_text_local.c:1140: round_trips_of_generated_values: check failed: adf_lball_equal_set(x, y) | "[p=65537: 0 + O(65537^3)]": the round trip changed the set
FAIL tests/test_text_local.c:1139: round_trips_of_generated_values: check failed: adf_lball_identical(x, y) | "[p=3: 0 + O(3^4)]": the round trip changed the value
FAIL tests/test_text_local.c:1140: round_trips_of_generated_values: check failed: adf_lball_equal_set(x, y) | "[p=3: 0 + O(3^4)]": the round trip changed the set
FAIL tests/test_text_local.c:1139: round_trips_of_generated_values: check failed: adf_lball_identical(x, y) | "[p=5: 0 + O(5^1)]": the round trip changed the value
FAIL tests/test_text_local.c:1140: round_trips_of_generated_values: check failed: adf_lball_equal_set(x, y) | "[p=5: 0 + O(5^1)]": the round trip changed the set
FAIL tests/test_text_local.c:1139: round_trips_of_generated_values: check failed: adf_lball_identical(x, y) | "[p=5: 0 + O(5^1)]": the round trip changed the value
FAIL tests/test_text_local.c:1140: round_trips_of_generated_values: check failed: adf_lball_equal_set(x, y) | "[p=5: 0 + O(5^1)]": the round trip changed the set
FAIL tests/test_text_local.c:1139: round_trips_of_generated_values: check failed: adf_lball_identical(x, y) | "[p=3: 0 + O(3^1)]": the round trip changed the value
FAIL tests/test_text_local.c:1140: round_trips_of_generated_values: check failed: adf_lball_equal_set(x, y) | "[p=3: 0 + O(3^1)]": the round trip changed the set
FAIL tests/test_text_local.c:1139: round_trips_of_generated_values: check failed: adf_lball_identical(x, y) | "[p=3: 0 + O(3^4)]": the round trip changed the value
FAIL tests/test_text_local.c:1140: round_trips_of_generated_values: check failed: adf_lball_equal_set(x, y) | "[p=3: 0 + O(3^4)]": the round trip changed the set
FAIL tests/test_text_local.c:1139: round_trips_of_generated_values: check failed: adf_lball_identical(x, y) | "[p=2: 0 + O(2^3)]": the round trip changed the value
FAIL tests/test_text_local.c:1140: round_trips_of_generated_values: check failed: adf_lball_equal_set(x, y) | "[p=2: 0 + O(2^3)]": the round trip changed the set
FAIL tests/test_text_local.c:1139: round_trips_of_generated_values: check failed: adf_lball_identical(x, y) | "[p=3: 0 + O(3^2)]": the round trip changed the value
FAIL tests/test_text_local.c:1140: round_trips_of_generated_values: check failed: adf_lball_equal_set(x, y) | "[p=3: 0 + O(3^2)]": the round trip changed the set
FAIL tests/test_text_local.c:1139: round_trips_of_generated_values: check failed: adf_lball_identical(x, y) | "[p=3: 0 + O(3^2)]": the round trip changed the value
FAIL tests/test_text_local.c:1140: round_trips_of_generated_values: check failed: adf_lball_equal_set(x, y) | "[p=3: 0 + O(3^2)]": the round trip changed the set
FAIL tests/test_text_local.c:1139: round_trips_of_generated_values: check failed: adf_lball_identical(x, y) | "[p=7: 0 + O(7^1)]": the round trip changed the value
FAIL tests/test_text_local.c:1140: round_trips_of_generated_values: check failed: adf_lball_equal_set(x, y) | "[p=7: 0 + O(7^1)]": the round trip changed the set
FAIL tests/test_text_local.c:1139: round_trips_of_generated_values: check failed: adf_lball_identical(x, y) | "[p=5: 0 + O(5^4)]": the round trip changed the value
FAIL tests/test_text_local.c:1140: round_trips_of_generated_values: check failed: adf_lball_equal_set(x, y) | "[p=5: 0 + O(5^4)]": the round trip changed the set
FAIL tests/test_text_local.c:1139: round_trips_of_generated_values: check failed: adf_lball_identical(x, y) | "[p=18446744073709551557: 0 + O(18446744073709551557^2)]": the round trip changed the value
FAIL tests/test_text_local.c:1140: round_trips_of_generated_values: check failed: adf_lball_equal_set(x, y) | "[p=18446744073709551557: 0 + O(18446744073709551557^2)]": the round trip changed the set
FAIL tests/test_text_local.c:1139: round_trips_of_generated_values: check failed: adf_lball_identical(x, y) | "[p=65537: 0 + O(65537^2)]": the round trip changed the value
FAIL tests/test_text_local.c:1140: round_trips_of_generated_values: check failed: adf_lball_equal_set(x, y) | "[p=65537: 0 + O(65537^2)]": the round trip changed the set
FAIL tests/test_text_local.c:1139: round_trips_of_generated_values: check failed: adf_lball_identical(x, y) | "[p=65537: 0 + O(65537^3)]": the round trip changed the value
FAIL tests/test_text_local.c:1140: round_trips_of_generated_values: check failed: adf_lball_equal_set(x, y) | "[p=65537: 0 + O(65537^3)]": the round trip changed the set
FAIL tests/test_text_local.c:1139: round_trips_of_generated_values: check failed: adf_lball_identical(x, y) | "[p=2: 0 + O(2^1)]": the round trip changed the value
FAIL tests/test_text_local.c:1140: round_trips_of_generated_values: check failed: adf_lball_equal_set(x, y) | "[p=2: 0 + O(2^1)]": the round trip changed the set
FAIL tests/test_text_local.c:1139: round_trips_of_generated_values: check failed: adf_lball_identical(x, y) | "[p=5: 0 + O(5^2)]": the round trip changed the value
FAIL tests/test_text_local.c:1140: round_trips_of_generated_values: check failed: adf_lball_equal_set(x, y) | "[p=5: 0 + O(5^2)]": the round trip changed the set
FAIL tests/test_text_local.c:1139: round_trips_of_generated_values: check failed: adf_lball_identical(x, y) | "[p=18446744073709551557: 0 + O(18446744073709551557^4)]": the round trip changed the value
FAIL tests/test_text_local.c:1140: round_trips_of_generated_values: check failed: adf_lball_equal_set(x, y) | "[p=18446744073709551557: 0 + O(18446744073709551557^4)]": the round trip changed the set
FAIL tests/test_text_local.c:1139: round_trips_of_generated_values: check failed: adf_lball_identical(x, y) | "[p=7: 0 + O(7^1)]": the round trip changed the value
FAIL tests/test_text_local.c:1140: round_trips_of_generated_values: check failed: adf_lball_equal_set(x, y) | "[p=7: 0 + O(7^1)]": the round trip changed the set
FAIL tests/test_text_local.c:1139: round_trips_of_generated_values: check failed: adf_lball_identical(x, y) | "[p=3: 0 + O(3^2)]": the round trip changed the value
FAIL tests/test_text_local.c:1140: round_trips_of_generated_values: check failed: adf_lball_equal_set(x, y) | "[p=3: 0 + O(3^2)]": the round trip changed the set
FAIL tests/test_text_local.c:1139: round_trips_of_generated_values: check failed: adf_lball_identical(x, y) | "[p=7: 0 + O(7^2)]": the round trip changed the value
FAIL tests/test_text_local.c:1140: round_trips_of_generated_values: check failed: adf_lball_equal_set(x, y) | "[p=7: 0 + O(7^2)]": the round trip changed the set
FAIL tests/test_text_local.c:1139: round_trips_of_generated_values: check failed: adf_lball_identical(x, y) | "[p=65537: 0 + O(65537^3)]": the round trip changed the value
FAIL tests/test_text_local.c:1140: round_trips_of_generated_values: check failed: adf_lball_equal_set(x, y) | "[p=65537: 0 + O(65537^3)]": the round trip changed the set
FAIL tests/test_text_local.c:1139: round_trips_of_generated_values: check failed: adf_lball_identical(x, y) | "[p=7: 0 + O(7^2)]": the round trip changed the value
FAIL tests/test_text_local.c:1140: round_trips_of_generated_values: check failed: adf_lball_equal_set(x, y) | "[p=7: 0 + O(7^2)]": the round trip changed the set
FAIL tests/test_text_local.c:1139: round_trips_of_generated_values: check failed: adf_lball_identical(x, y) | "[p=3: 0 + O(3^3)]": the round trip changed the value
FAIL tests/test_text_local.c:1140: round_trips_of_generated_values: check failed: adf_lball_equal_set(x, y) | "[p=3: 0 + O(3^3)]": the round trip changed the set
FAIL tests/test_text_local.c:1139: round_trips_of_generated_values: check failed: adf_lball_identical(x, y) | "[p=7: 0 + O(7^2)]": the round trip changed the value
FAIL tests/test_text_local.c:1140: round_trips_of_generated_values: check failed: adf_lball_equal_set(x, y) | "[p=7: 0 + O(7^2)]": the round trip changed the set
FAIL tests/test_text_local.c:1139: round_trips_of_generated_values: check failed: adf_lball_identical(x, y) | "[p=65537: 0 + O(65537^2)]": the round trip changed the value
FAIL tests/test_text_local.c:1140: round_trips_of_generated_values: check failed: adf_lball_equal_set(x, y) | "[p=65537: 0 + O(65537^2)]": the round trip changed the set
FAIL tests/test_text_local.c:1139: round_trips_of_generated_values: check failed: adf_lball_identical(x, y) | "[p=65537: 0 + O(65537^3)]": the round trip changed the value
FAIL tests/test_text_local.c:1140: round_trips_of_generated_values: check failed: adf_lball_equal_set(x, y) | "[p=65537: 0 + O(65537^3)]": the round trip changed the set
FAIL tests/test_text_local.c:1139: round_trips_of_generated_values: check failed: adf_lball_identical(x, y) | "[p=5: 0 + O(5^4)]": the round trip changed the value
FAIL tests/test_text_local.c:1140: round_trips_of_generated_values: check failed: adf_lball_equal_set(x, y) | "[p=5: 0 + O(5^4)]": the round trip changed the set
FAIL tests/test_text_local.c:1139: round_trips_of_generated_values: check failed: adf_lball_identical(x, y) | "[p=7: 0 + O(7^2)]": the round trip changed the value
FAIL tests/test_text_local.c:1140: round_trips_of_generated_values: check failed: adf_lball_equal_set(x, y) | "[p=7: 0 + O(7^2)]": the round trip changed the set
FAIL tests/test_text_local.c:1139: round_trips_of_generated_values: check failed: adf_lball_identical(x, y) | "[p=3: 0 + O(3^3)]": the round trip changed the value
FAIL tests/test_text_local.c:1140: round_trips_of_generated_values: check failed: adf_lball_equal_set(x, y) | "[p=3: 0 + O(3^3)]": the round trip changed the set
FAIL tests/test_text_local.c:1139: round_trips_of_generated_values: check failed: adf_lball_identical(x, y) | "[p=18446744073709551557: 0 + O(18446744073709551557^1)]": the round trip changed the value
FAIL tests/test_text_local.c:1140: round_trips_of_generated_values: check failed: adf_lball_equal_set(x, y) | "[p=18446744073709551557: 0 + O(18446744073709551557^1)]": the round trip changed the set
FAIL tests/test_text_local.c:1139: round_trips_of_generated_values: check failed: adf_lball_identical(x, y) | "[p=3: 0 + O(3^1)]": the round trip changed the value
FAIL tests/test_text_local.c:1140: round_trips_of_generated_values: check failed: adf_lball_equal_set(x, y) | "[p=3: 0 + O(3^1)]": the round trip changed the set
FAIL tests/test_text_local.c:1139: round_trips_of_generated_values: check failed: adf_lball_identical(x, y) | "[p=3: 0 + O(3^4)]": the round trip changed the value
FAIL tests/test_text_local.c:1140: round_trips_of_generated_values: check failed: adf_lball_equal_set(x, y) | "[p=3: 0 + O(3^4)]": the round trip changed the set
FAIL tests/test_text_local.c:1139: round_trips_of_generated_values: check failed: adf_lball_identical(x, y) | "[p=7: 0 + O(7^2)]": the round trip changed the value
FAIL tests/test_text_local.c:1140: round_trips_of_generated_values: check failed: adf_lball_equal_set(x, y) | "[p=7: 0 + O(7^2)]": the round trip changed the set
FAIL tests/test_text_local.c:1139: round_trips_of_generated_values: check failed: adf_lball_identical(x, y) | "[p=2: 0 + O(2^1)]": the round trip changed the value
FAIL tests/test_text_local.c:1140: round_trips_of_generated_values: check failed: adf_lball_equal_set(x, y) | "[p=2: 0 + O(2^1)]": the round trip changed the set
FAIL tests/test_text_local.c:1139: round_trips_of_generated_values: check failed: adf_lball_identical(x, y) | "[p=3: 0 + O(3^2)]": the round trip changed the value
FAIL tests/test_text_local.c:1140: round_trips_of_generated_values: check failed: adf_lball_equal_set(x, y) | "[p=3: 0 + O(3^2)]": the round trip changed the set
FAIL tests/test_text_local.c:1139: round_trips_of_generated_values: check failed: adf_lball_identical(x, y) | "[p=3: 0 + O(3^1)]": the round trip changed the value
FAIL tests/test_text_local.c:1140: round_trips_of_generated_values: check failed: adf_lball_equal_set(x, y) | "[p=3: 0 + O(3^1)]": the round trip changed the set
FAIL tests/test_text_local.c:1139: round_trips_of_generated_values: check failed: adf_lball_identical(x, y) | "[p=5: 0 + O(5^1)]": the round trip changed the value
FAIL tests/test_text_local.c:1140: round_trips_of_generated_values: check failed: adf_lball_equal_set(x, y) | "[p=5: 0 + O(5^1)]": the round trip changed the set
FAIL tests/test_text_local.c:1139: round_trips_of_generated_values: check failed: adf_lball_identical(x, y) | "[p=18446744073709551557: 0 + O(18446744073709551557^2)]": the round trip changed the value
FAIL tests/test_text_local.c:1140: round_trips_of_generated_values: check failed: adf_lball_equal_set(x, y) | "[p=18446744073709551557: 0 + O(18446744073709551557^2)]": the round trip changed the set
FAIL tests/test_text_local.c:1139: round_trips_of_generated_values: check failed: adf_lball_identical(x, y) | "[p=7: 0 + O(7^1)]": the round trip changed the value
FAIL tests/test_text_local.c:1140: round_trips_of_generated_values: check failed: adf_lball_equal_set(x, y) | "[p=7: 0 + O(7^1)]": the round trip changed the set
FAIL tests/test_text_local.c:1139: round_trips_of_generated_values: check failed: adf_lball_identical(x, y) | "[p=7: 0 + O(7^1)]": the round trip changed the value
FAIL tests/test_text_local.c:1140: round_trips_of_generated_values: check failed: adf_lball_equal_set(x, y) | "[p=7: 0 + O(7^1)]": the round trip changed the set
FAIL tests/test_text_local.c:1139: round_trips_of_generated_values: check failed: adf_lball_identical(x, y) | "[p=5: 0 + O(5^4)]": the round trip changed the value
FAIL tests/test_text_local.c:1140: round_trips_of_generated_values: check failed: adf_lball_equal_set(x, y) | "[p=5: 0 + O(5^4)]": the round trip changed the set
FAIL tests/test_text_local.c:1139: round_trips_of_generated_values: check failed: adf_lball_identical(x, y) | "[p=65537: 0 + O(65537^3)]": the round trip changed the value
FAIL tests/test_text_local.c:1140: round_trips_of_generated_values: check failed: adf_lball_equal_set(x, y) | "[p=65537: 0 + O(65537^3)]": the round trip changed the set
FAIL tests/test_text_local.c:1139: round_trips_of_generated_values: check failed: adf_lball_identical(x, y) | "[p=5: 0 + O(5^2)]": the round trip changed the value
FAIL tests/test_text_local.c:1140: round_trips_of_generated_values: check failed: adf_lball_equal_set(x, y) | "[p=5: 0 + O(5^2)]": the round trip changed the set
FAIL tests/test_text_local.c:1139: round_trips_of_generated_values: check failed: adf_lball_identical(x, y) | "[p=5: 0 + O(5^3)]": the round trip changed the value
FAIL tests/test_text_local.c:1140: round_trips_of_generated_values: check failed: adf_lball_equal_set(x, y) | "[p=5: 0 + O(5^3)]": the round trip changed the set
FAIL tests/test_text_local.c:1139: round_trips_of_generated_values: check failed: adf_lball_identical(x, y) | "[p=5: 0 + O(5^1)]": the round trip changed the value
FAIL tests/test_text_local.c:1140: round_trips_of_generated_values: check failed: adf_lball_equal_set(x, y) | "[p=5: 0 + O(5^1)]": the round trip changed the set
FAIL tests/test_text_local.c:1139: round_trips_of_generated_values: check failed: adf_lball_identical(x, y) | "[p=65537: 0 + O(65537^4)]": the round trip changed the value
FAIL tests/test_text_local.c:1140: round_trips_of_generated_values: check failed: adf_lball_equal_set(x, y) | "[p=65537: 0 + O(65537^4)]": the round trip changed the set
FAIL tests/test_text_local.c:1139: round_trips_of_generated_values: check failed: adf_lball_identical(x, y) | "[p=7: 0 + O(7^4)]": the round trip changed the value
FAIL tests/test_text_local.c:1140: round_trips_of_generated_values: check failed: adf_lball_equal_set(x, y) | "[p=7: 0 + O(7^4)]": the round trip changed the set
FAIL tests/test_text_local.c:1139: round_trips_of_generated_values: check failed: adf_lball_identical(x, y) | "[p=65537: 0 + O(65537^2)]": the round trip changed the value
FAIL tests/test_text_local.c:1140: round_trips_of_generated_values: check failed: adf_lball_equal_set(x, y) | "[p=65537: 0 + O(65537^2)]": the round trip changed the set
FAIL tests/test_text_local.c:1139: round_trips_of_generated_values: check failed: adf_lball_identical(x, y) | "[p=3: 0 + O(3^1)]": the round trip changed the value
FAIL tests/test_text_local.c:1140: round_trips_of_generated_values: check failed: adf_lball_equal_set(x, y) | "[p=3: 0 + O(3^1)]": the round trip changed the set
FAIL tests/test_text_local.c:1139: round_trips_of_generated_values: check failed: adf_lball_identical(x, y) | "[p=5: 0 + O(5^3)]": the round trip changed the value
FAIL tests/test_text_local.c:1140: round_trips_of_generated_values: check failed: adf_lball_equal_set(x, y) | "[p=5: 0 + O(5^3)]": the round trip changed the set
FAIL tests/test_text_local.c:1139: round_trips_of_generated_values: check failed: adf_lball_identical(x, y) | "[p=65537: 0 + O(65537^4)]": the round trip changed the value
FAIL tests/test_text_local.c:1140: round_trips_of_generated_values: check failed: adf_lball_equal_set(x, y) | "[p=65537: 0 + O(65537^4)]": the round trip changed the set
FAIL tests/test_text_local.c:1139: round_trips_of_generated_values: check failed: adf_lball_identical(x, y) | "[p=3: 0 + O(3^1)]": the round trip changed the value
FAIL tests/test_text_local.c:1140: round_trips_of_generated_values: check failed: adf_lball_equal_set(x, y) | "[p=3: 0 + O(3^1)]": the round trip changed the set
FAIL tests/test_text_local.c:1139: round_trips_of_generated_values: check failed: adf_lball_identical(x, y) | "[p=18446744073709551557: 0 + O(18446744073709551557^3)]": the round trip changed the value
FAIL tests/test_text_local.c:1140: round_trips_of_generated_values: check failed: adf_lball_equal_set(x, y) | "[p=18446744073709551557: 0 + O(18446744073709551557^3)]": the round trip changed the set
FAIL tests/test_text_local.c:1139: round_trips_of_generated_values: check failed: adf_lball_identical(x, y) | "[p=3: 0 + O(3^1)]": the round trip changed the value
FAIL tests/test_text_local.c:1140: round_trips_of_generated_values: check failed: adf_lball_equal_set(x, y) | "[p=3: 0 + O(3^1)]": the round trip changed the set
FAIL tests/test_text_local.c:1139: round_trips_of_generated_values: check failed: adf_lball_identical(x, y) | "[p=2: 0 + O(2^4)]": the round trip changed the value
FAIL tests/test_text_local.c:1140: round_trips_of_generated_values: check failed: adf_lball_equal_set(x, y) | "[p=2: 0 + O(2^4)]": the round trip changed the set
FAIL tests/test_text_local.c:1139: round_trips_of_generated_values: check failed: adf_lball_identical(x, y) | "[p=3: 0 + O(3^3)]": the round trip changed the value
FAIL tests/test_text_local.c:1140: round_trips_of_generated_values: check failed: adf_lball_equal_set(x, y) | "[p=3: 0 + O(3^3)]": the round trip changed the set
FAIL tests/test_text_local.c:1139: round_trips_of_generated_values: check failed: adf_lball_identical(x, y) | "[p=2: 0 + O(2^1)]": the round trip changed the value
FAIL tests/test_text_local.c:1140: round_trips_of_generated_values: check failed: adf_lball_equal_set(x, y) | "[p=2: 0 + O(2^1)]": the round trip changed the set
FAIL tests/test_text_local.c:1139: round_trips_of_generated_values: check failed: adf_lball_identical(x, y) | "[p=3: 0 + O(3^2)]": the round trip changed the value
FAIL tests/test_text_local.c:1140: round_trips_of_generated_values: check failed: adf_lball_equal_set(x, y) | "[p=3: 0 + O(3^2)]": the round trip changed the set
FAIL tests/test_text_local.c:1139: round_trips_of_generated_values: check failed: adf_lball_identical(x, y) | "[p=18446744073709551557: 0 + O(18446744073709551557^1)]": the round trip changed the value
FAIL tests/test_text_local.c:1140: round_trips_of_generated_values: check failed: adf_lball_equal_set(x, y) | "[p=18446744073709551557: 0 + O(18446744073709551557^1)]": the round trip changed the set
FAIL tests/test_text_local.c:1139: round_trips_of_generated_values: check failed: adf_lball_identical(x, y) | "[p=65537: 0 + O(65537^4)]": the round trip changed the value
FAIL tests/test_text_local.c:1140: round_trips_of_generated_values: check failed: adf_lball_equal_set(x, y) | "[p=65537: 0 + O(65537^4)]": the round trip changed the set
FAIL tests/test_text_local.c:1139: round_trips_of_generated_values: check failed: adf_lball_identical(x, y) | "[p=18446744073709551557: 0 + O(18446744073709551557^2)]": the round trip changed the value
FAIL tests/test_text_local.c:1140: round_trips_of_generated_values: check failed: adf_lball_equal_set(x, y) | "[p=18446744073709551557: 0 + O(18446744073709551557^2)]": the round trip changed the set
FAIL tests/test_text_local.c:1139: round_trips_of_generated_values: check failed: adf_lball_identical(x, y) | "[p=65537: 0 + O(65537^3)]": the round trip changed the value
FAIL tests/test_text_local.c:1140: round_trips_of_generated_values: check failed: adf_lball_equal_set(x, y) | "[p=65537: 0 + O(65537^3)]": the round trip changed the set
FAIL tests/test_text_local.c:1139: round_trips_of_generated_values: check failed: adf_lball_identical(x, y) | "[p=5: 0 + O(5^3)]": the round trip changed the value
FAIL tests/test_text_local.c:1140: round_trips_of_generated_values: check failed: adf_lball_equal_set(x, y) | "[p=5: 0 + O(5^3)]": the round trip changed the set
FAIL tests/test_text_local.c:1139: round_trips_of_generated_values: check failed: adf_lball_identical(x, y) | "[p=65537: 0 + O(65537^4)]": the round trip changed the value
FAIL tests/test_text_local.c:1140: round_trips_of_generated_values: check failed: adf_lball_equal_set(x, y) | "[p=65537: 0 + O(65537^4)]": the round trip changed the set
FAIL tests/test_text_local.c:1139: round_trips_of_generated_values: check failed: adf_lball_identical(x, y) | "[p=18446744073709551557: 0 + O(18446744073709551557^4)]": the round trip changed the value
FAIL tests/test_text_local.c:1140: round_trips_of_generated_values: check failed: adf_lball_equal_set(x, y) | "[p=18446744073709551557: 0 + O(18446744073709551557^4)]": the round trip changed the set
FAIL tests/test_text_local.c:1139: round_trips_of_generated_values: check failed: adf_lball_identical(x, y) | "[p=7: 0 + O(7^2)]": the round trip changed the value
FAIL tests/test_text_local.c:1140: round_trips_of_generated_values: check failed: adf_lball_equal_set(x, y) | "[p=7: 0 + O(7^2)]": the round trip changed the set
FAIL tests/test_text_local.c:1139: round_trips_of_generated_values: check failed: adf_lball_identical(x, y) | "[p=5: 0 + O(5^4)]": the round trip changed the value
FAIL tests/test_text_local.c:1140: round_trips_of_generated_values: check failed: adf_lball_equal_set(x, y) | "[p=5: 0 + O(5^4)]": the round trip changed the set
FAIL tests/test_text_local.c:1139: round_trips_of_generated_values: check failed: adf_lball_identical(x, y) | "[p=2: 1/4 + O(2^1)]": the round trip changed the value
FAIL tests/test_text_local.c:1140: round_trips_of_generated_values: check failed: adf_lball_equal_set(x, y) | "[p=2: 1/4 + O(2^1)]": the round trip changed the set
FAIL tests/test_text_local.c:1139: round_trips_of_generated_values: check failed: adf_lball_identical(x, y) | "[p=5: 0 + O(5^3)]": the round trip changed the value
FAIL tests/test_text_local.c:1140: round_trips_of_generated_values: check failed: adf_lball_equal_set(x, y) | "[p=5: 0 + O(5^3)]": the round trip changed the set
FAIL tests/test_text_local.c:1139: round_trips_of_generated_values: check failed: adf_lball_identical(x, y) | "[p=65537: 0 + O(65537^1)]": the round trip changed the value
FAIL tests/test_text_local.c:1140: round_trips_of_generated_values: check failed: adf_lball_equal_set(x, y) | "[p=65537: 0 + O(65537^1)]": the round trip changed the set
FAIL tests/test_text_local.c:1139: round_trips_of_generated_values: check failed: adf_lball_identical(x, y) | "[p=7: 0 + O(7^2)]": the round trip changed the value
FAIL tests/test_text_local.c:1140: round_trips_of_generated_values: check failed: adf_lball_equal_set(x, y) | "[p=7: 0 + O(7^2)]": the round trip changed the set
FAIL tests/test_text_local.c:1139: round_trips_of_generated_values: check failed: adf_lball_identical(x, y) | "[p=5: 0 + O(5^3)]": the round trip changed the value
FAIL tests/test_text_local.c:1140: round_trips_of_generated_values: check failed: adf_lball_equal_set(x, y) | "[p=5: 0 + O(5^3)]": the round trip changed the set
FAIL tests/test_text_local.c:1139: round_trips_of_generated_values: check failed: adf_lball_identical(x, y) | "[p=7: 0 + O(7^4)]": the round trip changed the value
FAIL tests/test_text_local.c:1140: round_trips_of_generated_values: check failed: adf_lball_equal_set(x, y) | "[p=7: 0 + O(7^4)]": the round trip changed the set
FAIL tests/test_text_local.c:1139: round_trips_of_generated_values: check failed: adf_lball_identical(x, y) | "[p=5: 0 + O(5^4)]": the round trip changed the value
FAIL tests/test_text_local.c:1140: round_trips_of_generated_values: check failed: adf_lball_equal_set(x, y) | "[p=5: 0 + O(5^4)]": the round trip changed the set
FAIL tests/test_text_local.c:1139: round_trips_of_generated_values: check failed: adf_lball_identical(x, y) | "[p=2: 0 + O(2^2)]": the round trip changed the value
FAIL tests/test_text_local.c:1140: round_trips_of_generated_values: check failed: adf_lball_equal_set(x, y) | "[p=2: 0 + O(2^2)]": the round trip changed the set
FAIL tests/test_text_local.c:1139: round_trips_of_generated_values: check failed: adf_lball_identical(x, y) | "[p=65537: 0 + O(65537^3)]": the round trip changed the value
FAIL tests/test_text_local.c:1140: round_trips_of_generated_values: check failed: adf_lball_equal_set(x, y) | "[p=65537: 0 + O(65537^3)]": the round trip changed the set
FAIL tests/test_text_local.c:1139: round_trips_of_generated_values: check failed: adf_lball_identical(x, y) | "[p=5: 0 + O(5^2)]": the round trip changed the value
FAIL tests/test_text_local.c:1140: round_trips_of_generated_values: check failed: adf_lball_equal_set(x, y) | "[p=5: 0 + O(5^2)]": the round trip changed the set
FAIL tests/test_text_local.c:1139: round_trips_of_generated_values: check failed: adf_lball_identical(x, y) | "[p=3: 0 + O(3^4)]": the round trip changed the value
FAIL tests/test_text_local.c:1140: round_trips_of_generated_values: check failed: adf_lball_equal_set(x, y) | "[p=3: 0 + O(3^4)]": the round trip changed the set
FAIL tests/test_text_local.c:1139: round_trips_of_generated_values: check failed: adf_lball_identical(x, y) | "[p=18446744073709551557: 0 + O(18446744073709551557^2)]": the round trip changed the value
FAIL tests/test_text_local.c:1140: round_trips_of_generated_values: check failed: adf_lball_equal_set(x, y) | "[p=18446744073709551557: 0 + O(18446744073709551557^2)]": the round trip changed the set
FAIL tests/test_text_local.c:1139: round_trips_of_generated_values: check failed: adf_lball_identical(x, y) | "[p=7: 0 + O(7^4)]": the round trip changed the value
FAIL tests/test_text_local.c:1140: round_trips_of_generated_values: check failed: adf_lball_equal_set(x, y) | "[p=7: 0 + O(7^4)]": the round trip changed the set
FAIL tests/test_text_local.c:1139: round_trips_of_generated_values: check failed: adf_lball_identical(x, y) | "[p=65537: 0 + O(65537^4)]": the round trip changed the value
FAIL tests/test_text_local.c:1140: round_trips_of_generated_values: check failed: adf_lball_equal_set(x, y) | "[p=65537: 0 + O(65537^4)]": the round trip changed the set
FAIL tests/test_text_local.c:1139: round_trips_of_generated_values: check failed: adf_lball_identical(x, y) | "[p=3: 0 + O(3^2)]": the round trip changed the value
FAIL tests/test_text_local.c:1140: round_trips_of_generated_values: check failed: adf_lball_equal_set(x, y) | "[p=3: 0 + O(3^2)]": the round trip changed the set
FAIL tests/test_text_local.c:1139: round_trips_of_generated_values: check failed: adf_lball_identical(x, y) | "[p=3: 0 + O(3^3)]": the round trip changed the value
FAIL tests/test_text_local.c:1140: round_trips_of_generated_values: check failed: adf_lball_equal_set(x, y) | "[p=3: 0 + O(3^3)]": the round trip changed the set
FAIL tests/test_text_local.c:1139: round_trips_of_generated_values: check failed: adf_lball_identical(x, y) | "[p=7: 0 + O(7^2)]": the round trip changed the value
FAIL tests/test_text_local.c:1140: round_trips_of_generated_values: check failed: adf_lball_equal_set(x, y) | "[p=7: 0 + O(7^2)]": the round trip changed the set
FAIL tests/test_text_local.c:1139: round_trips_of_generated_values: check failed: adf_lball_identical(x, y) | "[p=3: 0 + O(3^2)]": the round trip changed the value
FAIL tests/test_text_local.c:1140: round_trips_of_generated_values: check failed: adf_lball_equal_set(x, y) | "[p=3: 0 + O(3^2)]": the round trip changed the set
FAIL tests/test_text_local.c:1139: round_trips_of_generated_values: check failed: adf_lball_identical(x, y) | "[p=18446744073709551557: 0 + O(18446744073709551557^2)]": the round trip changed the value
FAIL tests/test_text_local.c:1140: round_trips_of_generated_values: check failed: adf_lball_equal_set(x, y) | "[p=18446744073709551557: 0 + O(18446744073709551557^2)]": the round trip changed the set
FAIL tests/test_text_local.c:1139: round_trips_of_generated_values: check failed: adf_lball_identical(x, y) | "[p=18446744073709551557: 0 + O(18446744073709551557^2)]": the round trip changed the value
FAIL tests/test_text_local.c:1140: round_trips_of_generated_values: check failed: adf_lball_equal_set(x, y) | "[p=18446744073709551557: 0 + O(18446744073709551557^2)]": the round trip changed the set
FAIL tests/test_text_local.c:1139: round_trips_of_generated_values: check failed: adf_lball_identical(x, y) | "[p=2: 0 + O(2^3)]": the round trip changed the value
FAIL tests/test_text_local.c:1140: round_trips_of_generated_values: check failed: adf_lball_equal_set(x, y) | "[p=2: 0 + O(2^3)]": the round trip changed the set
FAIL tests/test_text_local.c:1139: round_trips_of_generated_values: check failed: adf_lball_identical(x, y) | "[p=5: 0 + O(5^1)]": the round trip changed the value
FAIL tests/test_text_local.c:1140: round_trips_of_generated_values: check failed: adf_lball_equal_set(x, y) | "[p=5: 0 + O(5^1)]": the round trip changed the set
FAIL tests/test_text_local.c:1139: round_trips_of_generated_values: check failed: adf_lball_identical(x, y) | "[p=3: 0 + O(3^2)]": the round trip changed the value
FAIL tests/test_text_local.c:1140: round_trips_of_generated_values: check failed: adf_lball_equal_set(x, y) | "[p=3: 0 + O(3^2)]": the round trip changed the set
FAIL tests/test_text_local.c:1139: round_trips_of_generated_values: check failed: adf_lball_identical(x, y) | "[p=18446744073709551557: 0 + O(18446744073709551557^2)]": the round trip changed the value
FAIL tests/test_text_local.c:1140: round_trips_of_generated_values: check failed: adf_lball_equal_set(x, y) | "[p=18446744073709551557: 0 + O(18446744073709551557^2)]": the round trip changed the set
FAIL tests/test_text_local.c:1139: round_trips_of_generated_values: check failed: adf_lball_identical(x, y) | "[p=3: 0 + O(3^4)]": the round trip changed the value
FAIL tests/test_text_local.c:1140: round_trips_of_generated_values: check failed: adf_lball_equal_set(x, y) | "[p=3: 0 + O(3^4)]": the round trip changed the set
FAIL tests/test_text_local.c:1139: round_trips_of_generated_values: check failed: adf_lball_identical(x, y) | "[p=3: 0 + O(3^4)]": the round trip changed the value
FAIL tests/test_text_local.c:1140: round_trips_of_generated_values: check failed: adf_lball_equal_set(x, y) | "[p=3: 0 + O(3^4)]": the round trip changed the set
FAIL tests/test_text_local.c:1139: round_trips_of_generated_values: check failed: adf_lball_identical(x, y) | "[p=3: 0 + O(3^2)]": the round trip changed the value
FAIL tests/test_text_local.c:1140: round_trips_of_generated_values: check failed: adf_lball_equal_set(x, y) | "[p=3: 0 + O(3^2)]": the round trip changed the set
FAIL tests/test_text_local.c:1139: round_trips_of_generated_values: check failed: adf_lball_identical(x, y) | "[p=3: 0 + O(3^1)]": the round trip changed the value
FAIL tests/test_text_local.c:1140: round_trips_of_generated_values: check failed: adf_lball_equal_set(x, y) | "[p=3: 0 + O(3^1)]": the round trip changed the set
FAIL tests/test_text_local.c:1139: round_trips_of_generated_values: check failed: adf_lball_identical(x, y) | "[p=65537: 0 + O(65537^1)]": the round trip changed the value
FAIL tests/test_text_local.c:1140: round_trips_of_generated_values: check failed: adf_lball_equal_set(x, y) | "[p=65537: 0 + O(65537^1)]": the round trip changed the set
FAIL tests/test_text_local.c:1139: round_trips_of_generated_values: check failed: adf_lball_identical(x, y) | "[p=65537: 0 + O(65537^3)]": the round trip changed the value
FAIL tests/test_text_local.c:1140: round_trips_of_generated_values: check failed: adf_lball_equal_set(x, y) | "[p=65537: 0 + O(65537^3)]": the round trip changed the set
FAIL tests/test_text_local.c:1139: round_trips_of_generated_values: check failed: adf_lball_identical(x, y) | "[p=65537: 0 + O(65537^3)]": the round trip changed the value
FAIL tests/test_text_local.c:1140: round_trips_of_generated_values: check failed: adf_lball_equal_set(x, y) | "[p=65537: 0 + O(65537^3)]": the round trip changed the set
FAIL tests/test_text_local.c:1139: round_trips_of_generated_values: check failed: adf_lball_identical(x, y) | "[p=7: 0 + O(7^4)]": the round trip changed the value
FAIL tests/test_text_local.c:1140: round_trips_of_generated_values: check failed: adf_lball_equal_set(x, y) | "[p=7: 0 + O(7^4)]": the round trip changed the set
FAIL tests/test_text_local.c:1139: round_trips_of_generated_values: check failed: adf_lball_identical(x, y) | "[p=2: 0 + O(2^4)]": the round trip changed the value
FAIL tests/test_text_local.c:1140: round_trips_of_generated_values: check failed: adf_lball_equal_set(x, y) | "[p=2: 0 + O(2^4)]": the round trip changed the set
FAIL tests/test_text_local.c:1139: round_trips_of_generated_values: check failed: adf_lball_identical(x, y) | "[p=2: 0 + O(2^3)]": the round trip changed the value
FAIL tests/test_text_local.c:1140: round_trips_of_generated_values: check failed: adf_lball_equal_set(x, y) | "[p=2: 0 + O(2^3)]": the round trip changed the set
FAIL tests/test_text_local.c:1139: round_trips_of_generated_values: check failed: adf_lball_identical(x, y) | "[p=65537: 0 + O(65537^3)]": the round trip changed the value
FAIL tests/test_text_local.c:1140: round_trips_of_generated_values: check failed: adf_lball_equal_set(x, y) | "[p=65537: 0 + O(65537^3)]": the round trip changed the set
FAIL tests/test_text_local.c:1139: round_trips_of_generated_values: check failed: adf_lball_identical(x, y) | "[p=5: 0 + O(5^2)]": the round trip changed the value
FAIL tests/test_text_local.c:1140: round_trips_of_generated_values: check failed: adf_lball_equal_set(x, y) | "[p=5: 0 + O(5^2)]": the round trip changed the set
FAIL tests/test_text_local.c:1139: round_trips_of_generated_values: check failed: adf_lball_identical(x, y) | "[p=2: 0 + O(2^3)]": the round trip changed the value
FAIL tests/test_text_local.c:1140: round_trips_of_generated_values: check failed: adf_lball_equal_set(x, y) | "[p=2: 0 + O(2^3)]": the round trip changed the set
FAIL tests/test_text_local.c:1139: round_trips_of_generated_values: check failed: adf_lball_identical(x, y) | "[p=3: 0 + O(3^2)]": the round trip changed the value
FAIL tests/test_text_local.c:1140: round_trips_of_generated_values: check failed: adf_lball_equal_set(x, y) | "[p=3: 0 + O(3^2)]": the round trip changed the set
FAIL tests/test_text_local.c:1139: round_trips_of_generated_values: check failed: adf_lball_identical(x, y) | "[p=18446744073709551557: 0 + O(18446744073709551557^3)]": the round trip changed the value
FAIL tests/test_text_local.c:1140: round_trips_of_generated_values: check failed: adf_lball_equal_set(x, y) | "[p=18446744073709551557: 0 + O(18446744073709551557^3)]": the round trip changed the set
FAIL tests/test_text_local.c:1139: round_trips_of_generated_values: check failed: adf_lball_identical(x, y) | "[p=7: 0 + O(7^2)]": the round trip changed the value
FAIL tests/test_text_local.c:1140: round_trips_of_generated_values: check failed: adf_lball_equal_set(x, y) | "[p=7: 0 + O(7^2)]": the round trip changed the set
FAIL tests/test_text_local.c:1139: round_trips_of_generated_values: check failed: adf_lball_identical(x, y) | "[p=3: 0 + O(3^1)]": the round trip changed the value
FAIL tests/test_text_local.c:1140: round_trips_of_generated_values: check failed: adf_lball_equal_set(x, y) | "[p=3: 0 + O(3^1)]": the round trip changed the set
FAIL tests/test_text_local.c:1139: round_trips_of_generated_values: check failed: adf_lball_identical(x, y) | "[p=5: 0 + O(5^1)]": the round trip changed the value
FAIL tests/test_text_local.c:1140: round_trips_of_generated_values: check failed: adf_lball_equal_set(x, y) | "[p=5: 0 + O(5^1)]": the round trip changed the set
FAIL tests/test_text_local.c:1139: round_trips_of_generated_values: check failed: adf_lball_identical(x, y) | "[p=2: 0 + O(2^3)]": the round trip changed the value
FAIL tests/test_text_local.c:1140: round_trips_of_generated_values: check failed: adf_lball_equal_set(x, y) | "[p=2: 0 + O(2^3)]": the round trip changed the set
FAIL tests/test_text_local.c:1139: round_trips_of_generated_values: check failed: adf_lball_identical(x, y) | "[p=65537: 0 + O(65537^2)]": the round trip changed the value
FAIL tests/test_text_local.c:1140: round_trips_of_generated_values: check failed: adf_lball_equal_set(x, y) | "[p=65537: 0 + O(65537^2)]": the round trip changed the set
FAIL tests/test_text_local.c:1139: round_trips_of_generated_values: check failed: adf_lball_identical(x, y) | "[p=18446744073709551557: 0 + O(18446744073709551557^4)]": the round trip changed the value
FAIL tests/test_text_local.c:1140: round_trips_of_generated_values: check failed: adf_lball_equal_set(x, y) | "[p=18446744073709551557: 0 + O(18446744073709551557^4)]": the round trip changed the set
FAIL tests/test_text_local.c:1139: round_trips_of_generated_values: check failed: adf_lball_identical(x, y) | "[p=2: 1/4 + O(2^1)]": the round trip changed the value
FAIL tests/test_text_local.c:1140: round_trips_of_generated_values: check failed: adf_lball_equal_set(x, y) | "[p=2: 1/4 + O(2^1)]": the round trip changed the set
FAIL tests/test_text_local.c:1139: round_trips_of_generated_values: check failed: adf_lball_identical(x, y) | "[p=5: 0 + O(5^1)]": the round trip changed the value
FAIL tests/test_text_local.c:1140: round_trips_of_generated_values: check failed: adf_lball_equal_set(x, y) | "[p=5: 0 + O(5^1)]": the round trip changed the set
FAIL tests/test_text_local.c:1139: round_trips_of_generated_values: check failed: adf_lball_identical(x, y) | "[p=18446744073709551557: 0 + O(18446744073709551557^3)]": the round trip changed the value
FAIL tests/test_text_local.c:1140: round_trips_of_generated_values: check failed: adf_lball_equal_set(x, y) | "[p=18446744073709551557: 0 + O(18446744073709551557^3)]": the round trip changed the set
FAIL tests/test_text_local.c:1139: round_trips_of_generated_values: check failed: adf_lball_identical(x, y) | "[p=5: 0 + O(5^2)]": the round trip changed the value
FAIL tests/test_text_local.c:1140: round_trips_of_generated_values: check failed: adf_lball_equal_set(x, y) | "[p=5: 0 + O(5^2)]": the round trip changed the set
FAIL tests/test_text_local.c:1139: round_trips_of_generated_values: check failed: adf_lball_identical(x, y) | "[p=2: 0 + O(2^3)]": the round trip changed the value
FAIL tests/test_text_local.c:1140: round_trips_of_generated_values: check failed: adf_lball_equal_set(x, y) | "[p=2: 0 + O(2^3)]": the round trip changed the set
FAIL tests/test_text_local.c:1139: round_trips_of_generated_values: check failed: adf_lball_identical(x, y) | "[p=18446744073709551557: 0 + O(18446744073709551557^4)]": the round trip changed the value
FAIL tests/test_text_local.c:1140: round_trips_of_generated_values: check failed: adf_lball_equal_set(x, y) | "[p=18446744073709551557: 0 + O(18446744073709551557^4)]": the round trip changed the set
FAIL tests/test_text_local.c:1139: round_trips_of_generated_values: check failed: adf_lball_identical(x, y) | "[p=7: 0 + O(7^4)]": the round trip changed the value
FAIL tests/test_text_local.c:1140: round_trips_of_generated_values: check failed: adf_lball_equal_set(x, y) | "[p=7: 0 + O(7^4)]": the round trip changed the set
FAIL tests/test_text_local.c:1139: round_trips_of_generated_values: check failed: adf_lball_identical(x, y) | "[p=2: 0 + O(2^4)]": the round trip changed the value
FAIL tests/test_text_local.c:1140: round_trips_of_generated_values: check failed: adf_lball_equal_set(x, y) | "[p=2: 0 + O(2^4)]": the round trip changed the set
FAIL tests/test_text_local.c:1139: round_trips_of_generated_values: check failed: adf_lball_identical(x, y) | "[p=5: 0 + O(5^1)]": the round trip changed the value
FAIL tests/test_text_local.c:1140: round_trips_of_generated_values: check failed: adf_lball_equal_set(x, y) | "[p=5: 0 + O(5^1)]": the round trip changed the set
FAIL tests/test_text_local.c:1139: round_trips_of_generated_values: check failed: adf_lball_identical(x, y) | "[p=65537: 0 + O(65537^2)]": the round trip changed the value
FAIL tests/test_text_local.c:1140: round_trips_of_generated_values: check failed: adf_lball_equal_set(x, y) | "[p=65537: 0 + O(65537^2)]": the round trip changed the set
FAIL tests/test_text_local.c:1139: round_trips_of_generated_values: check failed: adf_lball_identical(x, y) | "[p=65537: 0 + O(65537^4)]": the round trip changed the value
FAIL tests/test_text_local.c:1140: round_trips_of_generated_values: check failed: adf_lball_equal_set(x, y) | "[p=65537: 0 + O(65537^4)]": the round trip changed the set
FAIL tests/test_text_local.c:1139: round_trips_of_generated_values: check failed: adf_lball_identical(x, y) | "[p=5: 0 + O(5^4)]": the round trip changed the value
FAIL tests/test_text_local.c:1140: round_trips_of_generated_values: check failed: adf_lball_equal_set(x, y) | "[p=5: 0 + O(5^4)]": the round trip changed the set
FAIL tests/test_text_local.c:1139: round_trips_of_generated_values: check failed: adf_lball_identical(x, y) | "[p=5: 0 + O(5^3)]": the round trip changed the value
FAIL tests/test_text_local.c:1140: round_trips_of_generated_values: check failed: adf_lball_equal_set(x, y) | "[p=5: 0 + O(5^3)]": the round trip changed the set
FAIL tests/test_text_local.c:1139: round_trips_of_generated_values: check failed: adf_lball_identical(x, y) | "[p=5: 0 + O(5^3)]": the round trip changed the value
FAIL tests/test_text_local.c:1140: round_trips_of_generated_values: check failed: adf_lball_equal_set(x, y) | "[p=5: 0 + O(5^3)]": the round trip changed the set
FAIL tests/test_text_local.c:1139: round_trips_of_generated_values: check failed: adf_lball_identical(x, y) | "[p=2: 0 + O(2^3)]": the round trip changed the value
FAIL tests/test_text_local.c:1140: round_trips_of_generated_values: check failed: adf_lball_equal_set(x, y) | "[p=2: 0 + O(2^3)]": the round trip changed the set
FAIL tests/test_text_local.c:1139: round_trips_of_generated_values: check failed: adf_lball_identical(x, y) | "[p=2: 0 + O(2^1)]": the round trip changed the value
FAIL tests/test_text_local.c:1140: round_trips_of_generated_values: check failed: adf_lball_equal_set(x, y) | "[p=2: 0 + O(2^1)]": the round trip changed the set
FAIL tests/test_text_local.c:1139: round_trips_of_generated_values: check failed: adf_lball_identical(x, y) | "[p=18446744073709551557: 0 + O(18446744073709551557^3)]": the round trip changed the value
FAIL tests/test_text_local.c:1140: round_trips_of_generated_values: check failed: adf_lball_equal_set(x, y) | "[p=18446744073709551557: 0 + O(18446744073709551557^3)]": the round trip changed the set
FAIL tests/test_text_local.c:1139: round_trips_of_generated_values: check failed: adf_lball_identical(x, y) | "[p=5: 0 + O(5^4)]": the round trip changed the value
FAIL tests/test_text_local.c:1140: round_trips_of_generated_values: check failed: adf_lball_equal_set(x, y) | "[p=5: 0 + O(5^4)]": the round trip changed the set
FAIL tests/test_text_local.c:1139: round_trips_of_generated_values: check failed: adf_lball_identical(x, y) | "[p=65537: 0 + O(65537^1)]": the round trip changed the value
FAIL tests/test_text_local.c:1140: round_trips_of_generated_values: check failed: adf_lball_equal_set(x, y) | "[p=65537: 0 + O(65537^1)]": the round trip changed the set
FAIL tests/test_text_local.c:1139: round_trips_of_generated_values: check failed: adf_lball_identical(x, y) | "[p=5: 0 + O(5^3)]": the round trip changed the value
FAIL tests/test_text_local.c:1140: round_trips_of_generated_values: check failed: adf_lball_equal_set(x, y) | "[p=5: 0 + O(5^3)]": the round trip changed the set
FAIL tests/test_text_local.c:1139: round_trips_of_generated_values: check failed: adf_lball_identical(x, y) | "[p=5: 0 + O(5^2)]": the round trip changed the value
FAIL tests/test_text_local.c:1140: round_trips_of_generated_values: check failed: adf_lball_equal_set(x, y) | "[p=5: 0 + O(5^2)]": the round trip changed the set
FAIL tests/test_text_local.c:1139: round_trips_of_generated_values: check failed: adf_lball_identical(x, y) | "[p=5: 0 + O(5^4)]": the round trip changed the value
FAIL tests/test_text_local.c:1140: round_trips_of_generated_values: check failed: adf_lball_equal_set(x, y) | "[p=5: 0 + O(5^4)]": the round trip changed the set
FAIL tests/test_text_local.c:1139: round_trips_of_generated_values: check failed: adf_lball_identical(x, y) | "[p=7: 0 + O(7^1)]": the round trip changed the value
FAIL tests/test_text_local.c:1140: round_trips_of_generated_values: check failed: adf_lball_equal_set(x, y) | "[p=7: 0 + O(7^1)]": the round trip changed the set
FAIL tests/test_text_local.c:1139: round_trips_of_generated_values: check failed: adf_lball_identical(x, y) | "[p=65537: 0 + O(65537^3)]": the round trip changed the value
FAIL tests/test_text_local.c:1140: round_trips_of_generated_values: check failed: adf_lball_equal_set(x, y) | "[p=65537: 0 + O(65537^3)]": the round trip changed the set
FAIL tests/test_text_local.c:1139: round_trips_of_generated_values: check failed: adf_lball_identical(x, y) | "[p=7: 0 + O(7^3)]": the round trip changed the value
FAIL tests/test_text_local.c:1140: round_trips_of_generated_values: check failed: adf_lball_equal_set(x, y) | "[p=7: 0 + O(7^3)]": the round trip changed the set
FAIL tests/test_text_local.c:1139: round_trips_of_generated_values: check failed: adf_lball_identical(x, y) | "[p=7: 0 + O(7^2)]": the round trip changed the value
FAIL tests/test_text_local.c:1140: round_trips_of_generated_values: check failed: adf_lball_equal_set(x, y) | "[p=7: 0 + O(7^2)]": the round trip changed the set
FAIL tests/test_text_local.c:1139: round_trips_of_generated_values: check failed: adf_lball_identical(x, y) | "[p=7: 0 + O(7^4)]": the round trip changed the value
FAIL tests/test_text_local.c:1140: round_trips_of_generated_values: check failed: adf_lball_equal_set(x, y) | "[p=7: 0 + O(7^4)]": the round trip changed the set
FAIL tests/test_text_local.c:1139: round_trips_of_generated_values: check failed: adf_lball_identical(x, y) | "[p=2: 0 + O(2^3)]": the round trip changed the value
FAIL tests/test_text_local.c:1140: round_trips_of_generated_values: check failed: adf_lball_equal_set(x, y) | "[p=2: 0 + O(2^3)]": the round trip changed the set
FAIL tests/test_text_local.c:1139: round_trips_of_generated_values: check failed: adf_lball_identical(x, y) | "[p=2: 0 + O(2^4)]": the round trip changed the value
FAIL tests/test_text_local.c:1140: round_trips_of_generated_values: check failed: adf_lball_equal_set(x, y) | "[p=2: 0 + O(2^4)]": the round trip changed the set
FAIL tests/test_text_local.c:1139: round_trips_of_generated_values: check failed: adf_lball_identical(x, y) | "[p=2: 0 + O(2^3)]": the round trip changed the value
FAIL tests/test_text_local.c:1140: round_trips_of_generated_values: check failed: adf_lball_equal_set(x, y) | "[p=2: 0 + O(2^3)]": the round trip changed the set
FAIL tests/test_text_local.c:1139: round_trips_of_generated_values: check failed: adf_lball_identical(x, y) | "[p=7: 0 + O(7^2)]": the round trip changed the value
FAIL tests/test_text_local.c:1140: round_trips_of_generated_values: check failed: adf_lball_equal_set(x, y) | "[p=7: 0 + O(7^2)]": the round trip changed the set
FAIL tests/test_text_local.c:1139: round_trips_of_generated_values: check failed: adf_lball_identical(x, y) | "[p=65537: 0 + O(65537^1)]": the round trip changed the value
FAIL tests/test_text_local.c:1140: round_trips_of_generated_values: check failed: adf_lball_equal_set(x, y) | "[p=65537: 0 + O(65537^1)]": the round trip changed the set
FAIL tests/test_text_local.c:1139: round_trips_of_generated_values: check failed: adf_lball_identical(x, y) | "[p=5: 0 + O(5^4)]": the round trip changed the value
FAIL tests/test_text_local.c:1140: round_trips_of_generated_values: check failed: adf_lball_equal_set(x, y) | "[p=5: 0 + O(5^4)]": the round trip changed the set
FAIL tests/test_text_local.c:1139: round_trips_of_generated_values: check failed: adf_lball_identical(x, y) | "[p=65537: 0 + O(65537^1)]": the round trip changed the value
FAIL tests/test_text_local.c:1140: round_trips_of_generated_values: check failed: adf_lball_equal_set(x, y) | "[p=65537: 0 + O(65537^1)]": the round trip changed the set
FAIL tests/test_text_local.c:1139: round_trips_of_generated_values: check failed: adf_lball_identical(x, y) | "[p=18446744073709551557: 0 + O(18446744073709551557^2)]": the round trip changed the value
FAIL tests/test_text_local.c:1140: round_trips_of_generated_values: check failed: adf_lball_equal_set(x, y) | "[p=18446744073709551557: 0 + O(18446744073709551557^2)]": the round trip changed the set
FAIL tests/test_text_local.c:1139: round_trips_of_generated_values: check failed: adf_lball_identical(x, y) | "[p=3: 0 + O(3^3)]": the round trip changed the value
FAIL tests/test_text_local.c:1140: round_trips_of_generated_values: check failed: adf_lball_equal_set(x, y) | "[p=3: 0 + O(3^3)]": the round trip changed the set
FAIL tests/test_text_local.c:1139: round_trips_of_generated_values: check failed: adf_lball_identical(x, y) | "[p=65537: 0 + O(65537^3)]": the round trip changed the value
FAIL tests/test_text_local.c:1140: round_trips_of_generated_values: check failed: adf_lball_equal_set(x, y) | "[p=65537: 0 + O(65537^3)]": the round trip changed the set
FAIL tests/test_text_local.c:1139: round_trips_of_generated_values: check failed: adf_lball_identical(x, y) | "[p=5: 0 + O(5^3)]": the round trip changed the value
FAIL tests/test_text_local.c:1140: round_trips_of_generated_values: check failed: adf_lball_equal_set(x, y) | "[p=5: 0 + O(5^3)]": the round trip changed the set
FAIL tests/test_text_local.c:1139: round_trips_of_generated_values: check failed: adf_lball_identical(x, y) | "[p=18446744073709551557: 0 + O(18446744073709551557^1)]": the round trip changed the value
FAIL tests/test_text_local.c:1140: round_trips_of_generated_values: check failed: adf_lball_equal_set(x, y) | "[p=18446744073709551557: 0 + O(18446744073709551557^1)]": the round trip changed the set
FAIL tests/test_text_local.c:1139: round_trips_of_generated_values: check failed: adf_lball_identical(x, y) | "[p=18446744073709551557: 0 + O(18446744073709551557^3)]": the round trip changed the value
FAIL tests/test_text_local.c:1140: round_trips_of_generated_values: check failed: adf_lball_equal_set(x, y) | "[p=18446744073709551557: 0 + O(18446744073709551557^3)]": the round trip changed the set
FAIL tests/test_text_local.c:1139: round_trips_of_generated_values: check failed: adf_lball_identical(x, y) | "[p=65537: 0 + O(65537^4)]": the round trip changed the value
FAIL tests/test_text_local.c:1140: round_trips_of_generated_values: check failed: adf_lball_equal_set(x, y) | "[p=65537: 0 + O(65537^4)]": the round trip changed the set
FAIL tests/test_text_local.c:1139: round_trips_of_generated_values: check failed: adf_lball_identical(x, y) | "[p=7: 0 + O(7^3)]": the round trip changed the value
FAIL tests/test_text_local.c:1140: round_trips_of_generated_values: check failed: adf_lball_equal_set(x, y) | "[p=7: 0 + O(7^3)]": the round trip changed the set
FAIL tests/test_text_local.c:1139: round_trips_of_generated_values: check failed: adf_lball_identical(x, y) | "[p=65537: 0 + O(65537^4)]": the round trip changed the value
FAIL tests/test_text_local.c:1140: round_trips_of_generated_values: check failed: adf_lball_equal_set(x, y) | "[p=65537: 0 + O(65537^4)]": the round trip changed the set
FAIL tests/test_text_local.c:1139: round_trips_of_generated_values: check failed: adf_lball_identical(x, y) | "[p=18446744073709551557: 0 + O(18446744073709551557^2)]": the round trip changed the value
FAIL tests/test_text_local.c:1140: round_trips_of_generated_values: check failed: adf_lball_equal_set(x, y) | "[p=18446744073709551557: 0 + O(18446744073709551557^2)]": the round trip changed the set
FAIL tests/test_text_local.c:1139: round_trips_of_generated_values: check failed: adf_lball_identical(x, y) | "[p=65537: 0 + O(65537^1)]": the round trip changed the value
FAIL tests/test_text_local.c:1140: round_trips_of_generated_values: check failed: adf_lball_equal_set(x, y) | "[p=65537: 0 + O(65537^1)]": the round trip changed the set
FAIL tests/test_text_local.c:1139: round_trips_of_generated_values: check failed: adf_lball_identical(x, y) | "[p=18446744073709551557: 0 + O(18446744073709551557^3)]": the round trip changed the value
FAIL tests/test_text_local.c:1140: round_trips_of_generated_values: check failed: adf_lball_equal_set(x, y) | "[p=18446744073709551557: 0 + O(18446744073709551557^3)]": the round trip changed the set
FAIL tests/test_text_local.c:1139: round_trips_of_generated_values: check failed: adf_lball_identical(x, y) | "[p=18446744073709551557: 0 + O(18446744073709551557^4)]": the round trip changed the value
FAIL tests/test_text_local.c:1140: round_trips_of_generated_values: check failed: adf_lball_equal_set(x, y) | "[p=18446744073709551557: 0 + O(18446744073709551557^4)]": the round trip changed the set
FAIL tests/test_text_local.c:1139: round_trips_of_generated_values: check failed: adf_lball_identical(x, y) | "[p=5: 0 + O(5^4)]": the round trip changed the value
FAIL tests/test_text_local.c:1140: round_trips_of_generated_values: check failed: adf_lball_equal_set(x, y) | "[p=5: 0 + O(5^4)]": the round trip changed the set
FAIL tests/test_text_local.c:1139: round_trips_of_generated_values: check failed: adf_lball_identical(x, y) | "[p=5: 0 + O(5^4)]": the round trip changed the value
FAIL tests/test_text_local.c:1140: round_trips_of_generated_values: check failed: adf_lball_equal_set(x, y) | "[p=5: 0 + O(5^4)]": the round trip changed the set
FAIL tests/test_text_local.c:1139: round_trips_of_generated_values: check failed: adf_lball_identical(x, y) | "[p=3: 0 + O(3^3)]": the round trip changed the value
FAIL tests/test_text_local.c:1140: round_trips_of_generated_values: check failed: adf_lball_equal_set(x, y) | "[p=3: 0 + O(3^3)]": the round trip changed the set
FAIL tests/test_text_local.c:1139: round_trips_of_generated_values: check failed: adf_lball_identical(x, y) | "[p=3: 0 + O(3^2)]": the round trip changed the value
FAIL tests/test_text_local.c:1140: round_trips_of_generated_values: check failed: adf_lball_equal_set(x, y) | "[p=3: 0 + O(3^2)]": the round trip changed the set
FAIL tests/test_text_local.c:1139: round_trips_of_generated_values: check failed: adf_lball_identical(x, y) | "[p=65537: 0 + O(65537^2)]": the round trip changed the value
FAIL tests/test_text_local.c:1140: round_trips_of_generated_values: check failed: adf_lball_equal_set(x, y) | "[p=65537: 0 + O(65537^2)]": the round trip changed the set
FAIL tests/test_text_local.c:1139: round_trips_of_generated_values: check failed: adf_lball_identical(x, y) | "[p=65537: 0 + O(65537^2)]": the round trip changed the value
FAIL tests/test_text_local.c:1140: round_trips_of_generated_values: check failed: adf_lball_equal_set(x, y) | "[p=65537: 0 + O(65537^2)]": the round trip changed the set
FAIL tests/test_text_local.c:1139: round_trips_of_generated_values: check failed: adf_lball_identical(x, y) | "[p=5: 0 + O(5^3)]": the round trip changed the value
FAIL tests/test_text_local.c:1140: round_trips_of_generated_values: check failed: adf_lball_equal_set(x, y) | "[p=5: 0 + O(5^3)]": the round trip changed the set
FAIL tests/test_text_local.c:1139: round_trips_of_generated_values: check failed: adf_lball_identical(x, y) | "[p=7: 0 + O(7^1)]": the round trip changed the value
FAIL tests/test_text_local.c:1140: round_trips_of_generated_values: check failed: adf_lball_equal_set(x, y) | "[p=7: 0 + O(7^1)]": the round trip changed the set
FAIL tests/test_text_local.c:1139: round_trips_of_generated_values: check failed: adf_lball_identical(x, y) | "[p=2: 0 + O(2^1)]": the round trip changed the value
FAIL tests/test_text_local.c:1140: round_trips_of_generated_values: check failed: adf_lball_equal_set(x, y) | "[p=2: 0 + O(2^1)]": the round trip changed the set
FAIL tests/test_text_local.c:1139: round_trips_of_generated_values: check failed: adf_lball_identical(x, y) | "[p=3: 0 + O(3^4)]": the round trip changed the value
FAIL tests/test_text_local.c:1140: round_trips_of_generated_values: check failed: adf_lball_equal_set(x, y) | "[p=3: 0 + O(3^4)]": the round trip changed the set
FAIL tests/test_text_local.c:1139: round_trips_of_generated_values: check failed: adf_lball_identical(x, y) | "[p=65537: 0 + O(65537^1)]": the round trip changed the value
FAIL tests/test_text_local.c:1140: round_trips_of_generated_values: check failed: adf_lball_equal_set(x, y) | "[p=65537: 0 + O(65537^1)]": the round trip changed the set
FAIL tests/test_text_local.c:1139: round_trips_of_generated_values: check failed: adf_lball_identical(x, y) | "[p=3: 0 + O(3^2)]": the round trip changed the value
FAIL tests/test_text_local.c:1140: round_trips_of_generated_values: check failed: adf_lball_equal_set(x, y) | "[p=3: 0 + O(3^2)]": the round trip changed the set
FAIL tests/test_text_local.c:1139: round_trips_of_generated_values: check failed: adf_lball_identical(x, y) | "[p=18446744073709551557: 0 + O(18446744073709551557^4)]": the round trip changed the value
FAIL tests/test_text_local.c:1140: round_trips_of_generated_values: check failed: adf_lball_equal_set(x, y) | "[p=18446744073709551557: 0 + O(18446744073709551557^4)]": the round trip changed the set
FAIL tests/test_text_local.c:1139: round_trips_of_generated_values: check failed: adf_lball_identical(x, y) | "[p=2: 0 + O(2^2)]": the round trip changed the value
FAIL tests/test_text_local.c:1140: round_trips_of_generated_values: check failed: adf_lball_equal_set(x, y) | "[p=2: 0 + O(2^2)]": the round trip changed the set
FAIL tests/test_text_local.c:1139: round_trips_of_generated_values: check failed: adf_lball_identical(x, y) | "[p=7: 0 + O(7^2)]": the round trip changed the value
FAIL tests/test_text_local.c:1140: round_trips_of_generated_values: check failed: adf_lball_equal_set(x, y) | "[p=7: 0 + O(7^2)]": the round trip changed the set
FAIL tests/test_text_local.c:1139: round_trips_of_generated_values: check failed: adf_lball_identical(x, y) | "[p=3: 0 + O(3^1)]": the round trip changed the value
FAIL tests/test_text_local.c:1140: round_trips_of_generated_values: check failed: adf_lball_equal_set(x, y) | "[p=3: 0 + O(3^1)]": the round trip changed the set
FAIL tests/test_text_local.c:1139: round_trips_of_generated_values: check failed: adf_lball_identical(x, y) | "[p=18446744073709551557: 0 + O(18446744073709551557^1)]": the round trip changed the value
FAIL tests/test_text_local.c:1140: round_trips_of_generated_values: check failed: adf_lball_equal_set(x, y) | "[p=18446744073709551557: 0 + O(18446744073709551557^1)]": the round trip changed the set
FAIL tests/test_text_local.c:1139: round_trips_of_generated_values: check failed: adf_lball_identical(x, y) | "[p=5: 0 + O(5^3)]": the round trip changed the value
FAIL tests/test_text_local.c:1140: round_trips_of_generated_values: check failed: adf_lball_equal_set(x, y) | "[p=5: 0 + O(5^3)]": the round trip changed the set
FAIL tests/test_text_local.c:1139: round_trips_of_generated_values: check failed: adf_lball_identical(x, y) | "[p=7: 0 + O(7^4)]": the round trip changed the value
FAIL tests/test_text_local.c:1140: round_trips_of_generated_values: check failed: adf_lball_equal_set(x, y) | "[p=7: 0 + O(7^4)]": the round trip changed the set
FAIL tests/test_text_local.c:1139: round_trips_of_generated_values: check failed: adf_lball_identical(x, y) | "[p=5: 0 + O(5^4)]": the round trip changed the value
FAIL tests/test_text_local.c:1140: round_trips_of_generated_values: check failed: adf_lball_equal_set(x, y) | "[p=5: 0 + O(5^4)]": the round trip changed the set
FAIL tests/test_text_local.c:1139: round_trips_of_generated_values: check failed: adf_lball_identical(x, y) | "[p=5: 0 + O(5^2)]": the round trip changed the value
FAIL tests/test_text_local.c:1140: round_trips_of_generated_values: check failed: adf_lball_equal_set(x, y) | "[p=5: 0 + O(5^2)]": the round trip changed the set
FAIL tests/test_text_local.c:1139: round_trips_of_generated_values: check failed: adf_lball_identical(x, y) | "[p=2: 0 + O(2^4)]": the round trip changed the value
FAIL tests/test_text_local.c:1140: round_trips_of_generated_values: check failed: adf_lball_equal_set(x, y) | "[p=2: 0 + O(2^4)]": the round trip changed the set
FAIL tests/test_text_local.c:1139: round_trips_of_generated_values: check failed: adf_lball_identical(x, y) | "[p=5: 0 + O(5^3)]": the round trip changed the value
FAIL tests/test_text_local.c:1140: round_trips_of_generated_values: check failed: adf_lball_equal_set(x, y) | "[p=5: 0 + O(5^3)]": the round trip changed the set
FAIL tests/test_text_local.c:1139: round_trips_of_generated_values: check failed: adf_lball_identical(x, y) | "[p=65537: 0 + O(65537^1)]": the round trip changed the value
FAIL tests/test_text_local.c:1140: round_trips_of_generated_values: check failed: adf_lball_equal_set(x, y) | "[p=65537: 0 + O(65537^1)]": the round trip changed the set
FAIL tests/test_text_local.c:1139: round_trips_of_generated_values: check failed: adf_lball_identical(x, y) | "[p=65537: 0 + O(65537^3)]": the round trip changed the value
FAIL tests/test_text_local.c:1140: round_trips_of_generated_values: check failed: adf_lball_equal_set(x, y) | "[p=65537: 0 + O(65537^3)]": the round trip changed the set
FAIL tests/test_text_local.c:1139: round_trips_of_generated_values: check failed: adf_lball_identical(x, y) | "[p=65537: 0 + O(65537^2)]": the round trip changed the value
FAIL tests/test_text_local.c:1140: round_trips_of_generated_values: check failed: adf_lball_equal_set(x, y) | "[p=65537: 0 + O(65537^2)]": the round trip changed the set
FAIL tests/test_text_local.c:1139: round_trips_of_generated_values: check failed: adf_lball_identical(x, y) | "[p=2: 0 + O(2^3)]": the round trip changed the value
FAIL tests/test_text_local.c:1140: round_trips_of_generated_values: check failed: adf_lball_equal_set(x, y) | "[p=2: 0 + O(2^3)]": the round trip changed the set
FAIL tests/test_text_local.c:1139: round_trips_of_generated_values: check failed: adf_lball_identical(x, y) | "[p=18446744073709551557: 0 + O(18446744073709551557^3)]": the round trip changed the value
FAIL tests/test_text_local.c:1140: round_trips_of_generated_values: check failed: adf_lball_equal_set(x, y) | "[p=18446744073709551557: 0 + O(18446744073709551557^3)]": the round trip changed the set
FAIL tests/test_text_local.c:1139: round_trips_of_generated_values: check failed: adf_lball_identical(x, y) | "[p=3: 0 + O(3^2)]": the round trip changed the value
FAIL tests/test_text_local.c:1140: round_trips_of_generated_values: check failed: adf_lball_equal_set(x, y) | "[p=3: 0 + O(3^2)]": the round trip changed the set
FAIL tests/test_text_local.c:1139: round_trips_of_generated_values: check failed: adf_lball_identical(x, y) | "[p=5: 0 + O(5^1)]": the round trip changed the value
FAIL tests/test_text_local.c:1140: round_trips_of_generated_values: check failed: adf_lball_equal_set(x, y) | "[p=5: 0 + O(5^1)]": the round trip changed the set
FAIL tests/test_text_local.c:1139: round_trips_of_generated_values: check failed: adf_lball_identical(x, y) | "[p=5: 0 + O(5^1)]": the round trip changed the value
FAIL tests/test_text_local.c:1140: round_trips_of_generated_values: check failed: adf_lball_equal_set(x, y) | "[p=5: 0 + O(5^1)]": the round trip changed the set
FAIL tests/test_text_local.c:1139: round_trips_of_generated_values: check failed: adf_lball_identical(x, y) | "[p=3: 0 + O(3^4)]": the round trip changed the value
FAIL tests/test_text_local.c:1140: round_trips_of_generated_values: check failed: adf_lball_equal_set(x, y) | "[p=3: 0 + O(3^4)]": the round trip changed the set
FAIL tests/test_text_local.c:1139: round_trips_of_generated_values: check failed: adf_lball_identical(x, y) | "[p=5: 0 + O(5^3)]": the round trip changed the value
FAIL tests/test_text_local.c:1140: round_trips_of_generated_values: check failed: adf_lball_equal_set(x, y) | "[p=5: 0 + O(5^3)]": the round trip changed the set
FAIL tests/test_text_local.c:1139: round_trips_of_generated_values: check failed: adf_lball_identical(x, y) | "[p=3: 0 + O(3^3)]": the round trip changed the value
FAIL tests/test_text_local.c:1140: round_trips_of_generated_values: check failed: adf_lball_equal_set(x, y) | "[p=3: 0 + O(3^3)]": the round trip changed the set
FAIL tests/test_text_local.c:1139: round_trips_of_generated_values: check failed: adf_lball_identical(x, y) | "[p=18446744073709551557: 0 + O(18446744073709551557^1)]": the round trip changed the value
FAIL tests/test_text_local.c:1140: round_trips_of_generated_values: check failed: adf_lball_equal_set(x, y) | "[p=18446744073709551557: 0 + O(18446744073709551557^1)]": the round trip changed the set
FAIL tests/test_text_local.c:1139: round_trips_of_generated_values: check failed: adf_lball_identical(x, y) | "[p=3: 0 + O(3^1)]": the round trip changed the value
FAIL tests/test_text_local.c:1140: round_trips_of_generated_values: check failed: adf_lball_equal_set(x, y) | "[p=3: 0 + O(3^1)]": the round trip changed the set
FAIL tests/test_text_local.c:1139: round_trips_of_generated_values: check failed: adf_lball_identical(x, y) | "[p=2: 0 + O(2^3)]": the round trip changed the value
FAIL tests/test_text_local.c:1140: round_trips_of_generated_values: check failed: adf_lball_equal_set(x, y) | "[p=2: 0 + O(2^3)]": the round trip changed the set
FAIL tests/test_text_local.c:1139: round_trips_of_generated_values: check failed: adf_lball_identical(x, y) | "[p=5: 0 + O(5^2)]": the round trip changed the value
FAIL tests/test_text_local.c:1140: round_trips_of_generated_values: check failed: adf_lball_equal_set(x, y) | "[p=5: 0 + O(5^2)]": the round trip changed the set
FAIL tests/test_text_local.c:1139: round_trips_of_generated_values: check failed: adf_lball_identical(x, y) | "[p=7: 0 + O(7^1)]": the round trip changed the value
FAIL tests/test_text_local.c:1140: round_trips_of_generated_values: check failed: adf_lball_equal_set(x, y) | "[p=7: 0 + O(7^1)]": the round trip changed the set
FAIL tests/test_text_local.c:1139: round_trips_of_generated_values: check failed: adf_lball_identical(x, y) | "[p=65537: 0 + O(65537^4)]": the round trip changed the value
FAIL tests/test_text_local.c:1140: round_trips_of_generated_values: check failed: adf_lball_equal_set(x, y) | "[p=65537: 0 + O(65537^4)]": the round trip changed the set
FAIL tests/test_text_local.c:1139: round_trips_of_generated_values: check failed: adf_lball_identical(x, y) | "[p=65537: 0 + O(65537^2)]": the round trip changed the value
FAIL tests/test_text_local.c:1140: round_trips_of_generated_values: check failed: adf_lball_equal_set(x, y) | "[p=65537: 0 + O(65537^2)]": the round trip changed the set
FAIL tests/test_text_local.c:1139: round_trips_of_generated_values: check failed: adf_lball_identical(x, y) | "[p=18446744073709551557: 0 + O(18446744073709551557^2)]": the round trip changed the value
FAIL tests/test_text_local.c:1140: round_trips_of_generated_values: check failed: adf_lball_equal_set(x, y) | "[p=18446744073709551557: 0 + O(18446744073709551557^2)]": the round trip changed the set
FAIL tests/test_text_local.c:1139: round_trips_of_generated_values: check failed: adf_lball_identical(x, y) | "[p=5: 0 + O(5^1)]": the round trip changed the value
FAIL tests/test_text_local.c:1140: round_trips_of_generated_values: check failed: adf_lball_equal_set(x, y) | "[p=5: 0 + O(5^1)]": the round trip changed the set
FAIL tests/test_text_local.c:1139: round_trips_of_generated_values: check failed: adf_lball_identical(x, y) | "[p=65537: 0 + O(65537^3)]": the round trip changed the value
FAIL tests/test_text_local.c:1140: round_trips_of_generated_values: check failed: adf_lball_equal_set(x, y) | "[p=65537: 0 + O(65537^3)]": the round trip changed the set
FAIL tests/test_text_local.c:1139: round_trips_of_generated_values: check failed: adf_lball_identical(x, y) | "[p=5: 0 + O(5^4)]": the round trip changed the value
FAIL tests/test_text_local.c:1140: round_trips_of_generated_values: check failed: adf_lball_equal_set(x, y) | "[p=5: 0 + O(5^4)]": the round trip changed the set
FAIL tests/test_text_local.c:1139: round_trips_of_generated_values: check failed: adf_lball_identical(x, y) | "[p=3: 0 + O(3^1)]": the round trip changed the value
FAIL tests/test_text_local.c:1140: round_trips_of_generated_values: check failed: adf_lball_equal_set(x, y) | "[p=3: 0 + O(3^1)]": the round trip changed the set
FAIL tests/test_text_local.c:1139: round_trips_of_generated_values: check failed: adf_lball_identical(x, y) | "[p=65537: 0 + O(65537^1)]": the round trip changed the value
FAIL tests/test_text_local.c:1140: round_trips_of_generated_values: check failed: adf_lball_equal_set(x, y) | "[p=65537: 0 + O(65537^1)]": the round trip changed the set
FAIL tests/test_text_local.c:1139: round_trips_of_generated_values: check failed: adf_lball_identical(x, y) | "[p=3: 0 + O(3^3)]": the round trip changed the value
FAIL tests/test_text_local.c:1140: round_trips_of_generated_values: check failed: adf_lball_equal_set(x, y) | "[p=3: 0 + O(3^3)]": the round trip changed the set
FAIL tests/test_text_local.c:1139: round_trips_of_generated_values: check failed: adf_lball_identical(x, y) | "[p=3: 0 + O(3^2)]": the round trip changed the value
FAIL tests/test_text_local.c:1140: round_trips_of_generated_values: check failed: adf_lball_equal_set(x, y) | "[p=3: 0 + O(3^2)]": the round trip changed the set
FAIL tests/test_text_local.c:1139: round_trips_of_generated_values: check failed: adf_lball_identical(x, y) | "[p=3: 0 + O(3^2)]": the round trip changed the value
FAIL tests/test_text_local.c:1140: round_trips_of_generated_values: check failed: adf_lball_equal_set(x, y) | "[p=3: 0 + O(3^2)]": the round trip changed the set
FAIL tests/test_text_local.c:1139: round_trips_of_generated_values: check failed: adf_lball_identical(x, y) | "[p=3: 0 + O(3^2)]": the round trip changed the value
FAIL tests/test_text_local.c:1140: round_trips_of_generated_values: check failed: adf_lball_equal_set(x, y) | "[p=3: 0 + O(3^2)]": the round trip changed the set
FAIL tests/test_text_local.c:1139: round_trips_of_generated_values: check failed: adf_lball_identical(x, y) | "[p=5: 0 + O(5^1)]": the round trip changed the value
FAIL tests/test_text_local.c:1140: round_trips_of_generated_values: check failed: adf_lball_equal_set(x, y) | "[p=5: 0 + O(5^1)]": the round trip changed the set
FAIL tests/test_text_local.c:1139: round_trips_of_generated_values: check failed: adf_lball_identical(x, y) | "[p=5: 0 + O(5^3)]": the round trip changed the value
FAIL tests/test_text_local.c:1140: round_trips_of_generated_values: check failed: adf_lball_equal_set(x, y) | "[p=5: 0 + O(5^3)]": the round trip changed the set
FAIL tests/test_text_local.c:1139: round_trips_of_generated_values: check failed: adf_lball_identical(x, y) | "[p=65537: 0 + O(65537^2)]": the round trip changed the value
FAIL tests/test_text_local.c:1140: round_trips_of_generated_values: check failed: adf_lball_equal_set(x, y) | "[p=65537: 0 + O(65537^2)]": the round trip changed the set
FAIL tests/test_text_local.c:1139: round_trips_of_generated_values: check failed: adf_lball_identical(x, y) | "[p=7: 0 + O(7^1)]": the round trip changed the value
FAIL tests/test_text_local.c:1140: round_trips_of_generated_values: check failed: adf_lball_equal_set(x, y) | "[p=7: 0 + O(7^1)]": the round trip changed the set
FAIL tests/test_text_local.c:1139: round_trips_of_generated_values: check failed: adf_lball_identical(x, y) | "[p=3: 0 + O(3^4)]": the round trip changed the value
FAIL tests/test_text_local.c:1140: round_trips_of_generated_values: check failed: adf_lball_equal_set(x, y) | "[p=3: 0 + O(3^4)]": the round trip changed the set
FAIL tests/test_text_local.c:1139: round_trips_of_generated_values: check failed: adf_lball_identical(x, y) | "[p=5: 0 + O(5^2)]": the round trip changed the value
FAIL tests/test_text_local.c:1140: round_trips_of_generated_values: check failed: adf_lball_equal_set(x, y) | "[p=5: 0 + O(5^2)]": the round trip changed the set
FAIL tests/test_text_local.c:1139: round_trips_of_generated_values: check failed: adf_lball_identical(x, y) | "[p=7: 0 + O(7^1)]": the round trip changed the value
FAIL tests/test_text_local.c:1140: round_trips_of_generated_values: check failed: adf_lball_equal_set(x, y) | "[p=7: 0 + O(7^1)]": the round trip changed the set
FAIL tests/test_text_local.c:1139: round_trips_of_generated_values: check failed: adf_lball_identical(x, y) | "[p=65537: 0 + O(65537^4)]": the round trip changed the value
FAIL tests/test_text_local.c:1140: round_trips_of_generated_values: check failed: adf_lball_equal_set(x, y) | "[p=65537: 0 + O(65537^4)]": the round trip changed the set
FAIL tests/test_text_local.c:1139: round_trips_of_generated_values: check failed: adf_lball_identical(x, y) | "[p=7: 0 + O(7^3)]": the round trip changed the value
FAIL tests/test_text_local.c:1140: round_trips_of_generated_values: check failed: adf_lball_equal_set(x, y) | "[p=7: 0 + O(7^3)]": the round trip changed the set
FAIL tests/test_text_local.c:1139: round_trips_of_generated_values: check failed: adf_lball_identical(x, y) | "[p=3: 0 + O(3^2)]": the round trip changed the value
FAIL tests/test_text_local.c:1140: round_trips_of_generated_values: check failed: adf_lball_equal_set(x, y) | "[p=3: 0 + O(3^2)]": the round trip changed the set
FAIL tests/test_text_local.c:1139: round_trips_of_generated_values: check failed: adf_lball_identical(x, y) | "[p=18446744073709551557: 0 + O(18446744073709551557^3)]": the round trip changed the value
FAIL tests/test_text_local.c:1140: round_trips_of_generated_values: check failed: adf_lball_equal_set(x, y) | "[p=18446744073709551557: 0 + O(18446744073709551557^3)]": the round trip changed the set
FAIL tests/test_text_local.c:1139: round_trips_of_generated_values: check failed: adf_lball_identical(x, y) | "[p=5: 0 + O(5^3)]": the round trip changed the value
FAIL tests/test_text_local.c:1140: round_trips_of_generated_values: check failed: adf_lball_equal_set(x, y) | "[p=5: 0 + O(5^3)]": the round trip changed the set
FAIL tests/test_text_local.c:1139: round_trips_of_generated_values: check failed: adf_lball_identical(x, y) | "[p=3: 0 + O(3^3)]": the round trip changed the value
FAIL tests/test_text_local.c:1140: round_trips_of_generated_values: check failed: adf_lball_equal_set(x, y) | "[p=3: 0 + O(3^3)]": the round trip changed the set
FAIL tests/test_text_local.c:1139: round_trips_of_generated_values: check failed: adf_lball_identical(x, y) | "[p=7: 0 + O(7^1)]": the round trip changed the value
FAIL tests/test_text_local.c:1140: round_trips_of_generated_values: check failed: adf_lball_equal_set(x, y) | "[p=7: 0 + O(7^1)]": the round trip changed the set
FAIL tests/test_text_local.c:1139: round_trips_of_generated_values: check failed: adf_lball_identical(x, y) | "[p=3: 0 + O(3^4)]": the round trip changed the value
FAIL tests/test_text_local.c:1140: round_trips_of_generated_values: check failed: adf_lball_equal_set(x, y) | "[p=3: 0 + O(3^4)]": the round trip changed the set
FAIL tests/test_text_local.c:1139: round_trips_of_generated_values: check failed: adf_lball_identical(x, y) | "[p=3: 0 + O(3^1)]": the round trip changed the value
FAIL tests/test_text_local.c:1140: round_trips_of_generated_values: check failed: adf_lball_equal_set(x, y) | "[p=3: 0 + O(3^1)]": the round trip changed the set
FAIL tests/test_text_local.c:1139: round_trips_of_generated_values: check failed: adf_lball_identical(x, y) | "[p=65537: 0 + O(65537^1)]": the round trip changed the value
FAIL tests/test_text_local.c:1140: round_trips_of_generated_values: check failed: adf_lball_equal_set(x, y) | "[p=65537: 0 + O(65537^1)]": the round trip changed the set
FAIL tests/test_text_local.c:1139: round_trips_of_generated_values: check failed: adf_lball_identical(x, y) | "[p=2: 0 + O(2^4)]": the round trip changed the value
FAIL tests/test_text_local.c:1140: round_trips_of_generated_values: check failed: adf_lball_equal_set(x, y) | "[p=2: 0 + O(2^4)]": the round trip changed the set
FAIL tests/test_text_local.c:1139: round_trips_of_generated_values: check failed: adf_lball_identical(x, y) | "[p=18446744073709551557: 0 + O(18446744073709551557^1)]": the round trip changed the value
FAIL tests/test_text_local.c:1140: round_trips_of_generated_values: check failed: adf_lball_equal_set(x, y) | "[p=18446744073709551557: 0 + O(18446744073709551557^1)]": the round trip changed the set
FAIL tests/test_text_local.c:1139: round_trips_of_generated_values: check failed: adf_lball_identical(x, y) | "[p=5: 0 + O(5^3)]": the round trip changed the value
FAIL tests/test_text_local.c:1140: round_trips_of_generated_values: check failed: adf_lball_equal_set(x, y) | "[p=5: 0 + O(5^3)]": the round trip changed the set
FAIL tests/test_text_local.c:1139: round_trips_of_generated_values: check failed: adf_lball_identical(x, y) | "[p=2: 0 + O(2^1)]": the round trip changed the value
FAIL tests/test_text_local.c:1140: round_trips_of_generated_values: check failed: adf_lball_equal_set(x, y) | "[p=2: 0 + O(2^1)]": the round trip changed the set
FAIL tests/test_text_local.c:1139: round_trips_of_generated_values: check failed: adf_lball_identical(x, y) | "[p=7: 0 + O(7^4)]": the round trip changed the value
FAIL tests/test_text_local.c:1140: round_trips_of_generated_values: check failed: adf_lball_equal_set(x, y) | "[p=7: 0 + O(7^4)]": the round trip changed the set
FAIL tests/test_text_local.c:1139: round_trips_of_generated_values: check failed: adf_lball_identical(x, y) | "[p=3: 0 + O(3^3)]": the round trip changed the value
FAIL tests/test_text_local.c:1140: round_trips_of_generated_values: check failed: adf_lball_equal_set(x, y) | "[p=3: 0 + O(3^3)]": the round trip changed the set
FAIL tests/test_text_local.c:1139: round_trips_of_generated_values: check failed: adf_lball_identical(x, y) | "[p=2: 0 + O(2^3)]": the round trip changed the value
FAIL tests/test_text_local.c:1140: round_trips_of_generated_values: check failed: adf_lball_equal_set(x, y) | "[p=2: 0 + O(2^3)]": the round trip changed the set
FAIL tests/test_text_local.c:1139: round_trips_of_generated_values: check failed: adf_lball_identical(x, y) | "[p=5: 0 + O(5^4)]": the round trip changed the value
FAIL tests/test_text_local.c:1140: round_trips_of_generated_values: check failed: adf_lball_equal_set(x, y) | "[p=5: 0 + O(5^4)]": the round trip changed the set
FAIL tests/test_text_local.c:1139: round_trips_of_generated_values: check failed: adf_lball_identical(x, y) | "[p=18446744073709551557: 0 + O(18446744073709551557^2)]": the round trip changed the value
FAIL tests/test_text_local.c:1140: round_trips_of_generated_values: check failed: adf_lball_equal_set(x, y) | "[p=18446744073709551557: 0 + O(18446744073709551557^2)]": the round trip changed the set
FAIL tests/test_text_local.c:1139: round_trips_of_generated_values: check failed: adf_lball_identical(x, y) | "[p=7: 0 + O(7^1)]": the round trip changed the value
FAIL tests/test_text_local.c:1140: round_trips_of_generated_values: check failed: adf_lball_equal_set(x, y) | "[p=7: 0 + O(7^1)]": the round trip changed the set
FAIL tests/test_text_local.c:1139: round_trips_of_generated_values: check failed: adf_lball_identical(x, y) | "[p=3: 0 + O(3^3)]": the round trip changed the value
FAIL tests/test_text_local.c:1140: round_trips_of_generated_values: check failed: adf_lball_equal_set(x, y) | "[p=3: 0 + O(3^3)]": the round trip changed the set
FAIL tests/test_text_local.c:1139: round_trips_of_generated_values: check failed: adf_lball_identical(x, y) | "[p=18446744073709551557: 0 + O(18446744073709551557^3)]": the round trip changed the value
FAIL tests/test_text_local.c:1140: round_trips_of_generated_values: check failed: adf_lball_equal_set(x, y) | "[p=18446744073709551557: 0 + O(18446744073709551557^3)]": the round trip changed the set
FAIL tests/test_text_local.c:1139: round_trips_of_generated_values: check failed: adf_lball_identical(x, y) | "[p=2: 0 + O(2^3)]": the round trip changed the value
FAIL tests/test_text_local.c:1140: round_trips_of_generated_values: check failed: adf_lball_equal_set(x, y) | "[p=2: 0 + O(2^3)]": the round trip changed the set
FAIL tests/test_text_local.c:1139: round_trips_of_generated_values: check failed: adf_lball_identical(x, y) | "[p=65537: 0 + O(65537^2)]": the round trip changed the value
FAIL tests/test_text_local.c:1140: round_trips_of_generated_values: check failed: adf_lball_equal_set(x, y) | "[p=65537: 0 + O(65537^2)]": the round trip changed the set
FAIL tests/test_text_local.c:1139: round_trips_of_generated_values: check failed: adf_lball_identical(x, y) | "[p=18446744073709551557: 0 + O(18446744073709551557^2)]": the round trip changed the value
FAIL tests/test_text_local.c:1140: round_trips_of_generated_values: check failed: adf_lball_equal_set(x, y) | "[p=18446744073709551557: 0 + O(18446744073709551557^2)]": the round trip changed the set
FAIL tests/test_text_local.c:1139: round_trips_of_generated_values: check failed: adf_lball_identical(x, y) | "[p=3: 0 + O(3^1)]": the round trip changed the value
FAIL tests/test_text_local.c:1140: round_trips_of_generated_values: check failed: adf_lball_equal_set(x, y) | "[p=3: 0 + O(3^1)]": the round trip changed the set
FAIL tests/test_text_local.c:1139: round_trips_of_generated_values: check failed: adf_lball_identical(x, y) | "[p=3: 0 + O(3^2)]": the round trip changed the value
FAIL tests/test_text_local.c:1140: round_trips_of_generated_values: check failed: adf_lball_equal_set(x, y) | "[p=3: 0 + O(3^2)]": the round trip changed the set
FAIL tests/test_text_local.c:1139: round_trips_of_generated_values: check failed: adf_lball_identical(x, y) | "[p=3: 0 + O(3^3)]": the round trip changed the value
FAIL tests/test_text_local.c:1140: round_trips_of_generated_values: check failed: adf_lball_equal_set(x, y) | "[p=3: 0 + O(3^3)]": the round trip changed the set
FAIL tests/test_text_local.c:1139: round_trips_of_generated_values: check failed: adf_lball_identical(x, y) | "[p=3: 0 + O(3^4)]": the round trip changed the value
FAIL tests/test_text_local.c:1140: round_trips_of_generated_values: check failed: adf_lball_equal_set(x, y) | "[p=3: 0 + O(3^4)]": the round trip changed the set
FAIL tests/test_text_local.c:1139: round_trips_of_generated_values: check failed: adf_lball_identical(x, y) | "[p=2: 0 + O(2^3)]": the round trip changed the value
FAIL tests/test_text_local.c:1140: round_trips_of_generated_values: check failed: adf_lball_equal_set(x, y) | "[p=2: 0 + O(2^3)]": the round trip changed the set
FAIL tests/test_text_local.c:1139: round_trips_of_generated_values: check failed: adf_lball_identical(x, y) | "[p=5: 0 + O(5^1)]": the round trip changed the value
FAIL tests/test_text_local.c:1140: round_trips_of_generated_values: check failed: adf_lball_equal_set(x, y) | "[p=5: 0 + O(5^1)]": the round trip changed the set
FAIL tests/test_text_local.c:1139: round_trips_of_generated_values: check failed: adf_lball_identical(x, y) | "[p=2: 0 + O(2^2)]": the round trip changed the value
FAIL tests/test_text_local.c:1140: round_trips_of_generated_values: check failed: adf_lball_equal_set(x, y) | "[p=2: 0 + O(2^2)]": the round trip changed the set
FAIL tests/test_text_local.c:1139: round_trips_of_generated_values: check failed: adf_lball_identical(x, y) | "[p=65537: 0 + O(65537^4)]": the round trip changed the value
FAIL tests/test_text_local.c:1140: round_trips_of_generated_values: check failed: adf_lball_equal_set(x, y) | "[p=65537: 0 + O(65537^4)]": the round trip changed the set
FAIL tests/test_text_local.c:1139: round_trips_of_generated_values: check failed: adf_lball_identical(x, y) | "[p=7: 0 + O(7^4)]": the round trip changed the value
FAIL tests/test_text_local.c:1140: round_trips_of_generated_values: check failed: adf_lball_equal_set(x, y) | "[p=7: 0 + O(7^4)]": the round trip changed the set
FAIL tests/test_text_local.c:1139: round_trips_of_generated_values: check failed: adf_lball_identical(x, y) | "[p=65537: 0 + O(65537^2)]": the round trip changed the value
FAIL tests/test_text_local.c:1140: round_trips_of_generated_values: check failed: adf_lball_equal_set(x, y) | "[p=65537: 0 + O(65537^2)]": the round trip changed the set
FAIL tests/test_text_local.c:1139: round_trips_of_generated_values: check failed: adf_lball_identical(x, y) | "[p=7: 0 + O(7^4)]": the round trip changed the value
FAIL tests/test_text_local.c:1140: round_trips_of_generated_values: check failed: adf_lball_equal_set(x, y) | "[p=7: 0 + O(7^4)]": the round trip changed the set
FAIL tests/test_text_local.c:1139: round_trips_of_generated_values: check failed: adf_lball_identical(x, y) | "[p=7: 0 + O(7^2)]": the round trip changed the value
FAIL tests/test_text_local.c:1140: round_trips_of_generated_values: check failed: adf_lball_equal_set(x, y) | "[p=7: 0 + O(7^2)]": the round trip changed the set
FAIL tests/test_text_local.c:1139: round_trips_of_generated_values: check failed: adf_lball_identical(x, y) | "[p=7: 0 + O(7^2)]": the round trip changed the value
FAIL tests/test_text_local.c:1140: round_trips_of_generated_values: check failed: adf_lball_equal_set(x, y) | "[p=7: 0 + O(7^2)]": the round trip changed the set
FAIL tests/test_text_local.c:1139: round_trips_of_generated_values: check failed: adf_lball_identical(x, y) | "[p=3: 0 + O(3^4)]": the round trip changed the value
FAIL tests/test_text_local.c:1140: round_trips_of_generated_values: check failed: adf_lball_equal_set(x, y) | "[p=3: 0 + O(3^4)]": the round trip changed the set
FAIL tests/test_text_local.c:1139: round_trips_of_generated_values: check failed: adf_lball_identical(x, y) | "[p=5: 0 + O(5^3)]": the round trip changed the value
FAIL tests/test_text_local.c:1140: round_trips_of_generated_values: check failed: adf_lball_equal_set(x, y) | "[p=5: 0 + O(5^3)]": the round trip changed the set
FAIL tests/test_text_local.c:1139: round_trips_of_generated_values: check failed: adf_lball_identical(x, y) | "[p=18446744073709551557: 0 + O(18446744073709551557^4)]": the round trip changed the value
FAIL tests/test_text_local.c:1140: round_trips_of_generated_values: check failed: adf_lball_equal_set(x, y) | "[p=18446744073709551557: 0 + O(18446744073709551557^4)]": the round trip changed the set
FAIL tests/test_text_local.c:1139: round_trips_of_generated_values: check failed: adf_lball_identical(x, y) | "[p=7: 0 + O(7^3)]": the round trip changed the value
FAIL tests/test_text_local.c:1140: round_trips_of_generated_values: check failed: adf_lball_equal_set(x, y) | "[p=7: 0 + O(7^3)]": the round trip changed the set
FAIL tests/test_text_local.c:1139: round_trips_of_generated_values: check failed: adf_lball_identical(x, y) | "[p=2: 0 + O(2^4)]": the round trip changed the value
FAIL tests/test_text_local.c:1140: round_trips_of_generated_values: check failed: adf_lball_equal_set(x, y) | "[p=2: 0 + O(2^4)]": the round trip changed the set
FAIL tests/test_text_local.c:1139: round_trips_of_generated_values: check failed: adf_lball_identical(x, y) | "[p=7: 0 + O(7^2)]": the round trip changed the value
FAIL tests/test_text_local.c:1140: round_trips_of_generated_values: check failed: adf_lball_equal_set(x, y) | "[p=7: 0 + O(7^2)]": the round trip changed the set
FAIL tests/test_text_local.c:1139: round_trips_of_generated_values: check failed: adf_lball_identical(x, y) | "[p=5: 0 + O(5^2)]": the round trip changed the value
FAIL tests/test_text_local.c:1140: round_trips_of_generated_values: check failed: adf_lball_equal_set(x, y) | "[p=5: 0 + O(5^2)]": the round trip changed the set
FAIL tests/test_text_local.c:1139: round_trips_of_generated_values: check failed: adf_lball_identical(x, y) | "[p=65537: 0 + O(65537^1)]": the round trip changed the value
FAIL tests/test_text_local.c:1140: round_trips_of_generated_values: check failed: adf_lball_equal_set(x, y) | "[p=65537: 0 + O(65537^1)]": the round trip changed the set
FAIL tests/test_text_local.c:1139: round_trips_of_generated_values: check failed: adf_lball_identical(x, y) | "[p=18446744073709551557: 0 + O(18446744073709551557^4)]": the round trip changed the value
FAIL tests/test_text_local.c:1140: round_trips_of_generated_values: check failed: adf_lball_equal_set(x, y) | "[p=18446744073709551557: 0 + O(18446744073709551557^4)]": the round trip changed the set
FAIL tests/test_text_local.c:1139: round_trips_of_generated_values: check failed: adf_lball_identical(x, y) | "[p=7: 0 + O(7^1)]": the round trip changed the value
FAIL tests/test_text_local.c:1140: round_trips_of_generated_values: check failed: adf_lball_equal_set(x, y) | "[p=7: 0 + O(7^1)]": the round trip changed the set
FAIL tests/test_text_local.c:1139: round_trips_of_generated_values: check failed: adf_lball_identical(x, y) | "[p=7: 0 + O(7^2)]": the round trip changed the value
FAIL tests/test_text_local.c:1140: round_trips_of_generated_values: check failed: adf_lball_equal_set(x, y) | "[p=7: 0 + O(7^2)]": the round trip changed the set
FAIL tests/test_text_local.c:1139: round_trips_of_generated_values: check failed: adf_lball_identical(x, y) | "[p=3: 0 + O(3^1)]": the round trip changed the value
FAIL tests/test_text_local.c:1140: round_trips_of_generated_values: check failed: adf_lball_equal_set(x, y) | "[p=3: 0 + O(3^1)]": the round trip changed the set
FAIL tests/test_text_local.c:1139: round_trips_of_generated_values: check failed: adf_lball_identical(x, y) | "[p=65537: 0 + O(65537^4)]": the round trip changed the value
FAIL tests/test_text_local.c:1140: round_trips_of_generated_values: check failed: adf_lball_equal_set(x, y) | "[p=65537: 0 + O(65537^4)]": the round trip changed the set
FAIL tests/test_text_local.c:1139: round_trips_of_generated_values: check failed: adf_lball_identical(x, y) | "[p=3: 0 + O(3^4)]": the round trip changed the value
FAIL tests/test_text_local.c:1140: round_trips_of_generated_values: check failed: adf_lball_equal_set(x, y) | "[p=3: 0 + O(3^4)]": the round trip changed the set
FAIL tests/test_text_local.c:1139: round_trips_of_generated_values: check failed: adf_lball_identical(x, y) | "[p=3: 0 + O(3^2)]": the round trip changed the value
FAIL tests/test_text_local.c:1140: round_trips_of_generated_values: check failed: adf_lball_equal_set(x, y) | "[p=3: 0 + O(3^2)]": the round trip changed the set
FAIL tests/test_text_local.c:1139: round_trips_of_generated_values: check failed: adf_lball_identical(x, y) | "[p=2: 0 + O(2^2)]": the round trip changed the value
FAIL tests/test_text_local.c:1140: round_trips_of_generated_values: check failed: adf_lball_equal_set(x, y) | "[p=2: 0 + O(2^2)]": the round trip changed the set
FAIL tests/test_text_local.c:1139: round_trips_of_generated_values: check failed: adf_lball_identical(x, y) | "[p=18446744073709551557: 0 + O(18446744073709551557^1)]": the round trip changed the value
FAIL tests/test_text_local.c:1140: round_trips_of_generated_values: check failed: adf_lball_equal_set(x, y) | "[p=18446744073709551557: 0 + O(18446744073709551557^1)]": the round trip changed the set
FAIL tests/test_text_local.c:1139: round_trips_of_generated_values: check failed: adf_lball_identical(x, y) | "[p=2: 0 + O(2^3)]": the round trip changed the value
FAIL tests/test_text_local.c:1140: round_trips_of_generated_values: check failed: adf_lball_equal_set(x, y) | "[p=2: 0 + O(2^3)]": the round trip changed the set
FAIL tests/test_text_local.c:1139: round_trips_of_generated_values: check failed: adf_lball_identical(x, y) | "[p=2: 0 + O(2^2)]": the round trip changed the value
FAIL tests/test_text_local.c:1140: round_trips_of_generated_values: check failed: adf_lball_equal_set(x, y) | "[p=2: 0 + O(2^2)]": the round trip changed the set
FAIL tests/test_text_local.c:1139: round_trips_of_generated_values: check failed: adf_lball_identical(x, y) | "[p=2: 0 + O(2^3)]": the round trip changed the value
FAIL tests/test_text_local.c:1140: round_trips_of_generated_values: check failed: adf_lball_equal_set(x, y) | "[p=2: 0 + O(2^3)]": the round trip changed the set
FAIL tests/test_text_local.c:1139: round_trips_of_generated_values: check failed: adf_lball_identical(x, y) | "[p=2: 0 + O(2^3)]": the round trip changed the value
FAIL tests/test_text_local.c:1140: round_trips_of_generated_values: check failed: adf_lball_equal_set(x, y) | "[p=2: 0 + O(2^3)]": the round trip changed the set
FAIL tests/test_text_local.c:1139: round_trips_of_generated_values: check failed: adf_lball_identical(x, y) | "[p=5: 0 + O(5^4)]": the round trip changed the value
FAIL tests/test_text_local.c:1140: round_trips_of_generated_values: check failed: adf_lball_equal_set(x, y) | "[p=5: 0 + O(5^4)]": the round trip changed the set
FAIL tests/test_text_local.c:1139: round_trips_of_generated_values: check failed: adf_lball_identical(x, y) | "[p=2: 0 + O(2^1)]": the round trip changed the value
FAIL tests/test_text_local.c:1140: round_trips_of_generated_values: check failed: adf_lball_equal_set(x, y) | "[p=2: 0 + O(2^1)]": the round trip changed the set
FAIL tests/test_text_local.c:1139: round_trips_of_generated_values: check failed: adf_lball_identical(x, y) | "[p=2: 0 + O(2^1)]": the round trip changed the value
FAIL tests/test_text_local.c:1140: round_trips_of_generated_values: check failed: adf_lball_equal_set(x, y) | "[p=2: 0 + O(2^1)]": the round trip changed the set
FAIL tests/test_text_local.c:1139: round_trips_of_generated_values: check failed: adf_lball_identical(x, y) | "[p=5: 0 + O(5^4)]": the round trip changed the value
FAIL tests/test_text_local.c:1140: round_trips_of_generated_values: check failed: adf_lball_equal_set(x, y) | "[p=5: 0 + O(5^4)]": the round trip changed the set
FAIL tests/test_text_local.c:1139: round_trips_of_generated_values: check failed: adf_lball_identical(x, y) | "[p=18446744073709551557: 0 + O(18446744073709551557^2)]": the round trip changed the value
FAIL tests/test_text_local.c:1140: round_trips_of_generated_values: check failed: adf_lball_equal_set(x, y) | "[p=18446744073709551557: 0 + O(18446744073709551557^2)]": the round trip changed the set
FAIL tests/test_text_local.c:1139: round_trips_of_generated_values: check failed: adf_lball_identical(x, y) | "[p=7: 0 + O(7^4)]": the round trip changed the value
FAIL tests/test_text_local.c:1140: round_trips_of_generated_values: check failed: adf_lball_equal_set(x, y) | "[p=7: 0 + O(7^4)]": the round trip changed the set
FAIL tests/test_text_local.c:1139: round_trips_of_generated_values: check failed: adf_lball_identical(x, y) | "[p=65537: 0 + O(65537^2)]": the round trip changed the value
FAIL tests/test_text_local.c:1140: round_trips_of_generated_values: check failed: adf_lball_equal_set(x, y) | "[p=65537: 0 + O(65537^2)]": the round trip changed the set
FAIL tests/test_text_local.c:1139: round_trips_of_generated_values: check failed: adf_lball_identical(x, y) | "[p=7: 0 + O(7^1)]": the round trip changed the value
FAIL tests/test_text_local.c:1140: round_trips_of_generated_values: check failed: adf_lball_equal_set(x, y) | "[p=7: 0 + O(7^1)]": the round trip changed the set
FAIL tests/test_text_local.c:1139: round_trips_of_generated_values: check failed: adf_lball_identical(x, y) | "[p=3: 0 + O(3^3)]": the round trip changed the value
FAIL tests/test_text_local.c:1140: round_trips_of_generated_values: check failed: adf_lball_equal_set(x, y) | "[p=3: 0 + O(3^3)]": the round trip changed the set
FAIL tests/test_text_local.c:1139: round_trips_of_generated_values: check failed: adf_lball_identical(x, y) | "[p=2: 0 + O(2^4)]": the round trip changed the value
FAIL tests/test_text_local.c:1140: round_trips_of_generated_values: check failed: adf_lball_equal_set(x, y) | "[p=2: 0 + O(2^4)]": the round trip changed the set
FAIL tests/test_text_local.c:1139: round_trips_of_generated_values: check failed: adf_lball_identical(x, y) | "[p=5: 0 + O(5^3)]": the round trip changed the value
FAIL tests/test_text_local.c:1140: round_trips_of_generated_values: check failed: adf_lball_equal_set(x, y) | "[p=5: 0 + O(5^3)]": the round trip changed the set
FAIL tests/test_text_local.c:1139: round_trips_of_generated_values: check failed: adf_lball_identical(x, y) | "[p=18446744073709551557: 0 + O(18446744073709551557^4)]": the round trip changed the value
FAIL tests/test_text_local.c:1140: round_trips_of_generated_values: check failed: adf_lball_equal_set(x, y) | "[p=18446744073709551557: 0 + O(18446744073709551557^4)]": the round trip changed the set
FAIL tests/test_text_local.c:1139: round_trips_of_generated_values: check failed: adf_lball_identical(x, y) | "[p=18446744073709551557: 0 + O(18446744073709551557^1)]": the round trip changed the value
FAIL tests/test_text_local.c:1140: round_trips_of_generated_values: check failed: adf_lball_equal_set(x, y) | "[p=18446744073709551557: 0 + O(18446744073709551557^1)]": the round trip changed the set
FAIL tests/test_text_local.c:1139: round_trips_of_generated_values: check failed: adf_lball_identical(x, y) | "[p=3: 0 + O(3^2)]": the round trip changed the value
FAIL tests/test_text_local.c:1140: round_trips_of_generated_values: check failed: adf_lball_equal_set(x, y) | "[p=3: 0 + O(3^2)]": the round trip changed the set
FAIL tests/test_text_local.c:1139: round_trips_of_generated_values: check failed: adf_lball_identical(x, y) | "[p=65537: 0 + O(65537^4)]": the round trip changed the value
FAIL tests/test_text_local.c:1140: round_trips_of_generated_values: check failed: adf_lball_equal_set(x, y) | "[p=65537: 0 + O(65537^4)]": the round trip changed the set
FAIL tests/test_text_local.c:1139: round_trips_of_generated_values: check failed: adf_lball_identical(x, y) | "[p=7: 0 + O(7^2)]": the round trip changed the value
FAIL tests/test_text_local.c:1140: round_trips_of_generated_values: check failed: adf_lball_equal_set(x, y) | "[p=7: 0 + O(7^2)]": the round trip changed the set
FAIL tests/test_text_local.c:1139: round_trips_of_generated_values: check failed: adf_lball_identical(x, y) | "[p=18446744073709551557: 0 + O(18446744073709551557^4)]": the round trip changed the value
FAIL tests/test_text_local.c:1140: round_trips_of_generated_values: check failed: adf_lball_equal_set(x, y) | "[p=18446744073709551557: 0 + O(18446744073709551557^4)]": the round trip changed the set
FAIL tests/test_text_local.c:1139: round_trips_of_generated_values: check failed: adf_lball_identical(x, y) | "[p=18446744073709551557: 0 + O(18446744073709551557^1)]": the round trip changed the value
FAIL tests/test_text_local.c:1140: round_trips_of_generated_values: check failed: adf_lball_equal_set(x, y) | "[p=18446744073709551557: 0 + O(18446744073709551557^1)]": the round trip changed the set
FAIL tests/test_text_local.c:1139: round_trips_of_generated_values: check failed: adf_lball_identical(x, y) | "[p=65537: 0 + O(65537^4)]": the round trip changed the value
FAIL tests/test_text_local.c:1140: round_trips_of_generated_values: check failed: adf_lball_equal_set(x, y) | "[p=65537: 0 + O(65537^4)]": the round trip changed the set
FAIL tests/test_text_local.c:1139: round_trips_of_generated_values: check failed: adf_lball_identical(x, y) | "[p=3: 0 + O(3^3)]": the round trip changed the value
FAIL tests/test_text_local.c:1140: round_trips_of_generated_values: check failed: adf_lball_equal_set(x, y) | "[p=3: 0 + O(3^3)]": the round trip changed the set
FAIL tests/test_text_local.c:1139: round_trips_of_generated_values: check failed: adf_lball_identical(x, y) | "[p=2: 0 + O(2^2)]": the round trip changed the value
FAIL tests/test_text_local.c:1140: round_trips_of_generated_values: check failed: adf_lball_equal_set(x, y) | "[p=2: 0 + O(2^2)]": the round trip changed the set
FAIL tests/test_text_local.c:1139: round_trips_of_generated_values: check failed: adf_lball_identical(x, y) | "[p=18446744073709551557: 0 + O(18446744073709551557^3)]": the round trip changed the value
FAIL tests/test_text_local.c:1140: round_trips_of_generated_values: check failed: adf_lball_equal_set(x, y) | "[p=18446744073709551557: 0 + O(18446744073709551557^3)]": the round trip changed the set
FAIL tests/test_text_local.c:1139: round_trips_of_generated_values: check failed: adf_lball_identical(x, y) | "[p=7: 0 + O(7^3)]": the round trip changed the value
FAIL tests/test_text_local.c:1140: round_trips_of_generated_values: check failed: adf_lball_equal_set(x, y) | "[p=7: 0 + O(7^3)]": the round trip changed the set
FAIL tests/test_text_local.c:1139: round_trips_of_generated_values: check failed: adf_lball_identical(x, y) | "[p=5: 0 + O(5^3)]": the round trip changed the value
FAIL tests/test_text_local.c:1140: round_trips_of_generated_values: check failed: adf_lball_equal_set(x, y) | "[p=5: 0 + O(5^3)]": the round trip changed the set
FAIL tests/test_text_local.c:1139: round_trips_of_generated_values: check failed: adf_lball_identical(x, y) | "[p=18446744073709551557: 0 + O(18446744073709551557^1)]": the round trip changed the value
FAIL tests/test_text_local.c:1140: round_trips_of_generated_values: check failed: adf_lball_equal_set(x, y) | "[p=18446744073709551557: 0 + O(18446744073709551557^1)]": the round trip changed the set
FAIL tests/test_text_local.c:1139: round_trips_of_generated_values: check failed: adf_lball_identical(x, y) | "[p=18446744073709551557: 0 + O(18446744073709551557^3)]": the round trip changed the value
FAIL tests/test_text_local.c:1140: round_trips_of_generated_values: check failed: adf_lball_equal_set(x, y) | "[p=18446744073709551557: 0 + O(18446744073709551557^3)]": the round trip changed the set
FAIL tests/test_text_local.c:1139: round_trips_of_generated_values: check failed: adf_lball_identical(x, y) | "[p=7: 0 + O(7^1)]": the round trip changed the value
FAIL tests/test_text_local.c:1140: round_trips_of_generated_values: check failed: adf_lball_equal_set(x, y) | "[p=7: 0 + O(7^1)]": the round trip changed the set
FAIL tests/test_text_local.c:1139: round_trips_of_generated_values: check failed: adf_lball_identical(x, y) | "[p=5: 0 + O(5^3)]": the round trip changed the value
FAIL tests/test_text_local.c:1140: round_trips_of_generated_values: check failed: adf_lball_equal_set(x, y) | "[p=5: 0 + O(5^3)]": the round trip changed the set
FAIL tests/test_text_local.c:1139: round_trips_of_generated_values: check failed: adf_lball_identical(x, y) | "[p=3: 0 + O(3^2)]": the round trip changed the value
FAIL tests/test_text_local.c:1140: round_trips_of_generated_values: check failed: adf_lball_equal_set(x, y) | "[p=3: 0 + O(3^2)]": the round trip changed the set
FAIL tests/test_text_local.c:1139: round_trips_of_generated_values: check failed: adf_lball_identical(x, y) | "[p=2: 0 + O(2^4)]": the round trip changed the value
FAIL tests/test_text_local.c:1140: round_trips_of_generated_values: check failed: adf_lball_equal_set(x, y) | "[p=2: 0 + O(2^4)]": the round trip changed the set
FAIL tests/test_text_local.c:1139: round_trips_of_generated_values: check failed: adf_lball_identical(x, y) | "[p=7: 0 + O(7^3)]": the round trip changed the value
FAIL tests/test_text_local.c:1140: round_trips_of_generated_values: check failed: adf_lball_equal_set(x, y) | "[p=7: 0 + O(7^3)]": the round trip changed the set
FAIL tests/test_text_local.c:1139: round_trips_of_generated_values: check failed: adf_lball_identical(x, y) | "[p=7: 0 + O(7^2)]": the round trip changed the value
FAIL tests/test_text_local.c:1140: round_trips_of_generated_values: check failed: adf_lball_equal_set(x, y) | "[p=7: 0 + O(7^2)]": the round trip changed the set
FAIL tests/test_text_local.c:1139: round_trips_of_generated_values: check failed: adf_lball_identical(x, y) | "[p=5: 0 + O(5^4)]": the round trip changed the value
FAIL tests/test_text_local.c:1140: round_trips_of_generated_values: check failed: adf_lball_equal_set(x, y) | "[p=5: 0 + O(5^4)]": the round trip changed the set
FAIL tests/test_text_local.c:1139: round_trips_of_generated_values: check failed: adf_lball_identical(x, y) | "[p=18446744073709551557: 0 + O(18446744073709551557^2)]": the round trip changed the value
FAIL tests/test_text_local.c:1140: round_trips_of_generated_values: check failed: adf_lball_equal_set(x, y) | "[p=18446744073709551557: 0 + O(18446744073709551557^2)]": the round trip changed the set
FAIL tests/test_text_local.c:1139: round_trips_of_generated_values: check failed: adf_lball_identical(x, y) | "[p=5: 0 + O(5^2)]": the round trip changed the value
FAIL tests/test_text_local.c:1140: round_trips_of_generated_values: check failed: adf_lball_equal_set(x, y) | "[p=5: 0 + O(5^2)]": the round trip changed the set
FAIL tests/test_text_local.c:1139: round_trips_of_generated_values: check failed: adf_lball_identical(x, y) | "[p=3: 0 + O(3^3)]": the round trip changed the value
FAIL tests/test_text_local.c:1140: round_trips_of_generated_values: check failed: adf_lball_equal_set(x, y) | "[p=3: 0 + O(3^3)]": the round trip changed the set
FAIL tests/test_text_local.c:1139: round_trips_of_generated_values: check failed: adf_lball_identical(x, y) | "[p=18446744073709551557: 0 + O(18446744073709551557^2)]": the round trip changed the value
FAIL tests/test_text_local.c:1140: round_trips_of_generated_values: check failed: adf_lball_equal_set(x, y) | "[p=18446744073709551557: 0 + O(18446744073709551557^2)]": the round trip changed the set
FAIL tests/test_text_local.c:1139: round_trips_of_generated_values: check failed: adf_lball_identical(x, y) | "[p=3: 0 + O(3^2)]": the round trip changed the value
FAIL tests/test_text_local.c:1140: round_trips_of_generated_values: check failed: adf_lball_equal_set(x, y) | "[p=3: 0 + O(3^2)]": the round trip changed the set
FAIL tests/test_text_local.c:1139: round_trips_of_generated_values: check failed: adf_lball_identical(x, y) | "[p=5: 0 + O(5^1)]": the round trip changed the value
FAIL tests/test_text_local.c:1140: round_trips_of_generated_values: check failed: adf_lball_equal_set(x, y) | "[p=5: 0 + O(5^1)]": the round trip changed the set
FAIL tests/test_text_local.c:1139: round_trips_of_generated_values: check failed: adf_lball_identical(x, y) | "[p=7: 0 + O(7^4)]": the round trip changed the value
FAIL tests/test_text_local.c:1140: round_trips_of_generated_values: check failed: adf_lball_equal_set(x, y) | "[p=7: 0 + O(7^4)]": the round trip changed the set
FAIL tests/test_text_local.c:1139: round_trips_of_generated_values: check failed: adf_lball_identical(x, y) | "[p=3: 0 + O(3^4)]": the round trip changed the value
FAIL tests/test_text_local.c:1140: round_trips_of_generated_values: check failed: adf_lball_equal_set(x, y) | "[p=3: 0 + O(3^4)]": the round trip changed the set
FAIL tests/test_text_local.c:1139: round_trips_of_generated_values: check failed: adf_lball_identical(x, y) | "[p=7: 0 + O(7^4)]": the round trip changed the value
FAIL tests/test_text_local.c:1140: round_trips_of_generated_values: check failed: adf_lball_equal_set(x, y) | "[p=7: 0 + O(7^4)]": the round trip changed the set
FAIL tests/test_text_local.c:1139: round_trips_of_generated_values: check failed: adf_lball_identical(x, y) | "[p=2: 0 + O(2^4)]": the round trip changed the value
FAIL tests/test_text_local.c:1140: round_trips_of_generated_values: check failed: adf_lball_equal_set(x, y) | "[p=2: 0 + O(2^4)]": the round trip changed the set
FAIL tests/test_text_local.c:1139: round_trips_of_generated_values: check failed: adf_lball_identical(x, y) | "[p=18446744073709551557: 0 + O(18446744073709551557^1)]": the round trip changed the value
FAIL tests/test_text_local.c:1140: round_trips_of_generated_values: check failed: adf_lball_equal_set(x, y) | "[p=18446744073709551557: 0 + O(18446744073709551557^1)]": the round trip changed the set
FAIL tests/test_text_local.c:1139: round_trips_of_generated_values: check failed: adf_lball_identical(x, y) | "[p=2: 0 + O(2^2)]": the round trip changed the value
FAIL tests/test_text_local.c:1140: round_trips_of_generated_values: check failed: adf_lball_equal_set(x, y) | "[p=2: 0 + O(2^2)]": the round trip changed the set
FAIL tests/test_text_local.c:1139: round_trips_of_generated_values: check failed: adf_lball_identical(x, y) | "[p=5: 0 + O(5^3)]": the round trip changed the value
FAIL tests/test_text_local.c:1140: round_trips_of_generated_values: check failed: adf_lball_equal_set(x, y) | "[p=5: 0 + O(5^3)]": the round trip changed the set
FAIL tests/test_text_local.c:1139: round_trips_of_generated_values: check failed: adf_lball_identical(x, y) | "[p=2: 0 + O(2^4)]": the round trip changed the value
FAIL tests/test_text_local.c:1140: round_trips_of_generated_values: check failed: adf_lball_equal_set(x, y) | "[p=2: 0 + O(2^4)]": the round trip changed the set
FAIL tests/test_text_local.c:1139: round_trips_of_generated_values: check failed: adf_lball_identical(x, y) | "[p=5: 0 + O(5^2)]": the round trip changed the value
FAIL tests/test_text_local.c:1140: round_trips_of_generated_values: check failed: adf_lball_equal_set(x, y) | "[p=5: 0 + O(5^2)]": the round trip changed the set
FAIL tests/test_text_local.c:1139: round_trips_of_generated_values: check failed: adf_lball_identical(x, y) | "[p=18446744073709551557: 0 + O(18446744073709551557^2)]": the round trip changed the value
FAIL tests/test_text_local.c:1140: round_trips_of_generated_values: check failed: adf_lball_equal_set(x, y) | "[p=18446744073709551557: 0 + O(18446744073709551557^2)]": the round trip changed the set
FAIL tests/test_text_local.c:1139: round_trips_of_generated_values: check failed: adf_lball_identical(x, y) | "[p=3: 0 + O(3^4)]": the round trip changed the value
FAIL tests/test_text_local.c:1140: round_trips_of_generated_values: check failed: adf_lball_equal_set(x, y) | "[p=3: 0 + O(3^4)]": the round trip changed the set
FAIL tests/test_text_local.c:1139: round_trips_of_generated_values: check failed: adf_lball_identical(x, y) | "[p=2: 0 + O(2^3)]": the round trip changed the value
FAIL tests/test_text_local.c:1140: round_trips_of_generated_values: check failed: adf_lball_equal_set(x, y) | "[p=2: 0 + O(2^3)]": the round trip changed the set
FAIL tests/test_text_local.c:1139: round_trips_of_generated_values: check failed: adf_lball_identical(x, y) | "[p=18446744073709551557: 0 + O(18446744073709551557^2)]": the round trip changed the value
FAIL tests/test_text_local.c:1140: round_trips_of_generated_values: check failed: adf_lball_equal_set(x, y) | "[p=18446744073709551557: 0 + O(18446744073709551557^2)]": the round trip changed the set
FAIL tests/test_text_local.c:1139: round_trips_of_generated_values: check failed: adf_lball_identical(x, y) | "[p=2: 0 + O(2^1)]": the round trip changed the value
FAIL tests/test_text_local.c:1140: round_trips_of_generated_values: check failed: adf_lball_equal_set(x, y) | "[p=2: 0 + O(2^1)]": the round trip changed the set
FAIL tests/test_text_local.c:1139: round_trips_of_generated_values: check failed: adf_lball_identical(x, y) | "[p=3: 0 + O(3^2)]": the round trip changed the value
FAIL tests/test_text_local.c:1140: round_trips_of_generated_values: check failed: adf_lball_equal_set(x, y) | "[p=3: 0 + O(3^2)]": the round trip changed the set
FAIL tests/test_text_local.c:1139: round_trips_of_generated_values: check failed: adf_lball_identical(x, y) | "[p=7: 0 + O(7^1)]": the round trip changed the value
FAIL tests/test_text_local.c:1140: round_trips_of_generated_values: check failed: adf_lball_equal_set(x, y) | "[p=7: 0 + O(7^1)]": the round trip changed the set
FAIL tests/test_text_local.c:1139: round_trips_of_generated_values: check failed: adf_lball_identical(x, y) | "[p=5: 0 + O(5^3)]": the round trip changed the value
FAIL tests/test_text_local.c:1140: round_trips_of_generated_values: check failed: adf_lball_equal_set(x, y) | "[p=5: 0 + O(5^3)]": the round trip changed the set
FAIL tests/test_text_local.c:1139: round_trips_of_generated_values: check failed: adf_lball_identical(x, y) | "[p=7: 0 + O(7^3)]": the round trip changed the value
FAIL tests/test_text_local.c:1140: round_trips_of_generated_values: check failed: adf_lball_equal_set(x, y) | "[p=7: 0 + O(7^3)]": the round trip changed the set
FAIL tests/test_text_local.c:1139: round_trips_of_generated_values: check failed: adf_lball_identical(x, y) | "[p=65537: 0 + O(65537^3)]": the round trip changed the value
FAIL tests/test_text_local.c:1140: round_trips_of_generated_values: check failed: adf_lball_equal_set(x, y) | "[p=65537: 0 + O(65537^3)]": the round trip changed the set
FAIL tests/test_text_local.c:1139: round_trips_of_generated_values: check failed: adf_lball_identical(x, y) | "[p=5: 0 + O(5^4)]": the round trip changed the value
FAIL tests/test_text_local.c:1140: round_trips_of_generated_values: check failed: adf_lball_equal_set(x, y) | "[p=5: 0 + O(5^4)]": the round trip changed the set
FAIL tests/test_text_local.c:1139: round_trips_of_generated_values: check failed: adf_lball_identical(x, y) | "[p=5: 0 + O(5^4)]": the round trip changed the value
FAIL tests/test_text_local.c:1140: round_trips_of_generated_values: check failed: adf_lball_equal_set(x, y) | "[p=5: 0 + O(5^4)]": the round trip changed the set
FAIL tests/test_text_local.c:1139: round_trips_of_generated_values: check failed: adf_lball_identical(x, y) | "[p=65537: 0 + O(65537^1)]": the round trip changed the value
FAIL tests/test_text_local.c:1140: round_trips_of_generated_values: check failed: adf_lball_equal_set(x, y) | "[p=65537: 0 + O(65537^1)]": the round trip changed the set
FAIL tests/test_text_local.c:1139: round_trips_of_generated_values: check failed: adf_lball_identical(x, y) | "[p=3: 0 + O(3^3)]": the round trip changed the value
FAIL tests/test_text_local.c:1140: round_trips_of_generated_values: check failed: adf_lball_equal_set(x, y) | "[p=3: 0 + O(3^3)]": the round trip changed the set
FAIL tests/test_text_local.c:1139: round_trips_of_generated_values: check failed: adf_lball_identical(x, y) | "[p=3: 0 + O(3^4)]": the round trip changed the value
FAIL tests/test_text_local.c:1140: round_trips_of_generated_values: check failed: adf_lball_equal_set(x, y) | "[p=3: 0 + O(3^4)]": the round trip changed the set
FAIL tests/test_text_local.c:1139: round_trips_of_generated_values: check failed: adf_lball_identical(x, y) | "[p=2: 0 + O(2^2)]": the round trip changed the value
FAIL tests/test_text_local.c:1140: round_trips_of_generated_values: check failed: adf_lball_equal_set(x, y) | "[p=2: 0 + O(2^2)]": the round trip changed the set
FAIL tests/test_text_local.c:1139: round_trips_of_generated_values: check failed: adf_lball_identical(x, y) | "[p=3: 0 + O(3^2)]": the round trip changed the value
FAIL tests/test_text_local.c:1140: round_trips_of_generated_values: check failed: adf_lball_equal_set(x, y) | "[p=3: 0 + O(3^2)]": the round trip changed the set
FAIL tests/test_text_local.c:1139: round_trips_of_generated_values: check failed: adf_lball_identical(x, y) | "[p=2: 0 + O(2^1)]": the round trip changed the value
FAIL tests/test_text_local.c:1140: round_trips_of_generated_values: check failed: adf_lball_equal_set(x, y) | "[p=2: 0 + O(2^1)]": the round trip changed the set
FAIL tests/test_text_local.c:1139: round_trips_of_generated_values: check failed: adf_lball_identical(x, y) | "[p=2: 0 + O(2^3)]": the round trip changed the value
FAIL tests/test_text_local.c:1140: round_trips_of_generated_values: check failed: adf_lball_equal_set(x, y) | "[p=2: 0 + O(2^3)]": the round trip changed the set
FAIL tests/test_text_local.c:1139: round_trips_of_generated_values: check failed: adf_lball_identical(x, y) | "[p=65537: 0 + O(65537^3)]": the round trip changed the value
FAIL tests/test_text_local.c:1140: round_trips_of_generated_values: check failed: adf_lball_equal_set(x, y) | "[p=65537: 0 + O(65537^3)]": the round trip changed the set
FAIL tests/test_text_local.c:1139: round_trips_of_generated_values: check failed: adf_lball_identical(x, y) | "[p=18446744073709551557: 0 + O(18446744073709551557^3)]": the round trip changed the value
FAIL tests/test_text_local.c:1140: round_trips_of_generated_values: check failed: adf_lball_equal_set(x, y) | "[p=18446744073709551557: 0 + O(18446744073709551557^3)]": the round trip changed the set
FAIL tests/test_text_local.c:1225: round_trips_of_generated_values: check failed: adf_lball_identical(&x->loc[k], &y->loc[k]) | "{inf: 35.25; p=2: 0 + O(2^3); p=3: 0 + O(3^0); p=5: 22 + O(5^3)}": the component 0
FAIL tests/test_text_local.c:1232: round_trips_of_generated_values: check failed: adf_sball_equal_set(x, y) | "{inf: 35.25; p=2: 0 + O(2^3); p=3: 0 + O(3^0); p=5: 22 + O(5^3)}": the round trip changed the set
FAIL tests/test_text_local.c:1225: round_trips_of_generated_values: check failed: adf_lball_identical(&x->loc[k], &y->loc[k]) | "{p=2: 5 + O(2^3); p=3: 0 + O(3^2); p=65537: 0 + O(65537^0); p=18446744073709551557: 11068046444225730914 + O(18446744073709551557^1)}": the component 1
FAIL tests/test_text_local.c:1232: round_trips_of_generated_values: check failed: adf_sball_equal_set(x, y) | "{p=2: 5 + O(2^3); p=3: 0 + O(3^2); p=65537: 0 + O(65537^0); p=18446744073709551557: 11068046444225730914 + O(18446744073709551557^1)}": the round trip changed the set
FAIL tests/test_text_local.c:1225: round_trips_of_generated_values: check failed: adf_lball_identical(&x->loc[k], &y->loc[k]) | "{inf: -98; p=2: 0 + O(2^1); p=3: 52 + O(3^4); p=5: 0 + O(5^0); p=7: 0 + O(7^3); p=65537: 65485 + O(65537^1)}": the component 0
FAIL tests/test_text_local.c:1225: round_trips_of_generated_values: check failed: adf_lball_identical(&x->loc[k], &y->loc[k]) | "{inf: -98; p=2: 0 + O(2^1); p=3: 52 + O(3^4); p=5: 0 + O(5^0); p=7: 0 + O(7^3); p=65537: 65485 + O(65537^1)}": the component 3
FAIL tests/test_text_local.c:1232: round_trips_of_generated_values: check failed: adf_sball_equal_set(x, y) | "{inf: -98; p=2: 0 + O(2^1); p=3: 52 + O(3^4); p=5: 0 + O(5^0); p=7: 0 + O(7^3); p=65537: 65485 + O(65537^1)}": the round trip changed the set
FAIL tests/test_text_local.c:1225: round_trips_of_generated_values: check failed: adf_lball_identical(&x->loc[k], &y->loc[k]) | "{inf: 24; p=2: 0 + O(2^0); p=3: 0 + O(3^3); p=5: 0 + O(5^3); p=7: 0 + O(7^2)}": the component 1
FAIL tests/test_text_local.c:1225: round_trips_of_generated_values: check failed: adf_lball_identical(&x->loc[k], &y->loc[k]) | "{inf: 24; p=2: 0 + O(2^0); p=3: 0 + O(3^3); p=5: 0 + O(5^3); p=7: 0 + O(7^2)}": the component 2
FAIL tests/test_text_local.c:1225: round_trips_of_generated_values: check failed: adf_lball_identical(&x->loc[k], &y->loc[k]) | "{inf: 24; p=2: 0 + O(2^0); p=3: 0 + O(3^3); p=5: 0 + O(5^3); p=7: 0 + O(7^2)}": the component 3
FAIL tests/test_text_local.c:1232: round_trips_of_generated_values: check failed: adf_sball_equal_set(x, y) | "{inf: 24; p=2: 0 + O(2^0); p=3: 0 + O(3^3); p=5: 0 + O(5^3); p=7: 0 + O(7^2)}": the round trip changed the set
FAIL tests/test_text_local.c:1225: round_trips_of_generated_values: check failed: adf_lball_identical(&x->loc[k], &y->loc[k]) | "{p=2: 0 + O(2^1); p=3: 0 + O(3^3); p=5: 0 + O(5^0); p=18446744073709551557: 0 + O(18446744073709551557^3)}": the component 0
FAIL tests/test_text_local.c:1225: round_trips_of_generated_values: check failed: adf_lball_identical(&x->loc[k], &y->loc[k]) | "{p=2: 0 + O(2^1); p=3: 0 + O(3^3); p=5: 0 + O(5^0); p=18446744073709551557: 0 + O(18446744073709551557^3)}": the component 1
FAIL tests/test_text_local.c:1225: round_trips_of_generated_values: check failed: adf_lball_identical(&x->loc[k], &y->loc[k]) | "{p=2: 0 + O(2^1); p=3: 0 + O(3^3); p=5: 0 + O(5^0); p=18446744073709551557: 0 + O(18446744073709551557^3)}": the component 3
FAIL tests/test_text_local.c:1232: round_trips_of_generated_values: check failed: adf_sball_equal_set(x, y) | "{p=2: 0 + O(2^1); p=3: 0 + O(3^3); p=5: 0 + O(5^0); p=18446744073709551557: 0 + O(18446744073709551557^3)}": the round trip changed the set
FAIL tests/test_text_local.c:1225: round_trips_of_generated_values: check failed: adf_lball_identical(&x->loc[k], &y->loc[k]) | "{inf: 832; p=2: 17/2 + O(2^4); p=3: 8/3 + O(3^1); p=5: 0 + O(5^3); p=7: 0 + O(7^3); p=18446744073709551557: 0 + O(18446744073709551557^0)}": the component 3
FAIL tests/test_text_local.c:1232: round_trips_of_generated_values: check failed: adf_sball_equal_set(x, y) | "{inf: 832; p=2: 17/2 + O(2^4); p=3: 8/3 + O(3^1); p=5: 0 + O(5^3); p=7: 0 + O(7^3); p=18446744073709551557: 0 + O(18446744073709551557^0)}": the round trip changed the set
FAIL tests/test_text_local.c:1225: round_trips_of_generated_values: check failed: adf_lball_identical(&x->loc[k], &y->loc[k]) | "{p=2: 11 + O(2^4); p=3: 23 + O(3^5); p=7: 6 + O(7^1); p=65537: 0 + O(65537^1); p=18446744073709551557: 9223372036854775806 + O(18446744073709551557^1)}": the component 3
FAIL tests/test_text_local.c:1232: round_trips_of_generated_values: check failed: adf_sball_equal_set(x, y) | "{p=2: 11 + O(2^4); p=3: 23 + O(3^5); p=7: 6 + O(7^1); p=65537: 0 + O(65537^1); p=18446744073709551557: 9223372036854775806 + O(18446744073709551557^1)}": the round trip changed the set
FAIL tests/test_text_local.c:1225: round_trips_of_generated_values: check failed: adf_lball_identical(&x->loc[k], &y->loc[k]) | "{p=2: 0 + O(2^3); p=65537: 0 + O(65537^0)}": the component 0
FAIL tests/test_text_local.c:1232: round_trips_of_generated_values: check failed: adf_sball_equal_set(x, y) | "{p=2: 0 + O(2^3); p=65537: 0 + O(65537^0)}": the round trip changed the set
FAIL tests/test_text_local.c:1225: round_trips_of_generated_values: check failed: adf_lball_identical(&x->loc[k], &y->loc[k]) | "{p=7: 0 + O(7^2)}": the component 0
FAIL tests/test_text_local.c:1232: round_trips_of_generated_values: check failed: adf_sball_equal_set(x, y) | "{p=7: 0 + O(7^2)}": the round trip changed the set
FAIL tests/test_text_local.c:1225: round_trips_of_generated_values: check failed: adf_lball_identical(&x->loc[k], &y->loc[k]) | "{inf: 0.17578125; p=2: 0 + O(2^3); p=5: 0 + O(5^3); p=7: 0 + O(7^2)}": the component 0
FAIL tests/test_text_local.c:1225: round_trips_of_generated_values: check failed: adf_lball_identical(&x->loc[k], &y->loc[k]) | "{inf: 0.17578125; p=2: 0 + O(2^3); p=5: 0 + O(5^3); p=7: 0 + O(7^2)}": the component 1
FAIL tests/test_text_local.c:1225: round_trips_of_generated_values: check failed: adf_lball_identical(&x->loc[k], &y->loc[k]) | "{inf: 0.17578125; p=2: 0 + O(2^3); p=5: 0 + O(5^3); p=7: 0 + O(7^2)}": the component 2
FAIL tests/test_text_local.c:1232: round_trips_of_generated_values: check failed: adf_sball_equal_set(x, y) | "{inf: 0.17578125; p=2: 0 + O(2^3); p=5: 0 + O(5^3); p=7: 0 + O(7^2)}": the round trip changed the set
FAIL tests/test_text_local.c:1225: round_trips_of_generated_values: check failed: adf_lball_identical(&x->loc[k], &y->loc[k]) | "{p=2: 59/2 + O(2^5); p=5: 0 + O(5^2); p=65537: 32649 + O(65537^1); p=18446744073709551557: 340282366920938461286658806734041124103 + O(18446744073709551557^2)}": the component 1
FAIL tests/test_text_local.c:1232: round_trips_of_generated_values: check failed: adf_sball_equal_set(x, y) | "{p=2: 59/2 + O(2^5); p=5: 0 + O(5^2); p=65537: 32649 + O(65537^1); p=18446744073709551557: 340282366920938461286658806734041124103 + O(18446744073709551557^2)}": the round trip changed the set
FAIL tests/test_text_local.c:1225: round_trips_of_generated_values: check failed: adf_lball_identical(&x->loc[k], &y->loc[k]) | "{p=2: 0 + O(2^0); p=3: 77/3 + O(3^3); p=5: 0 + O(5^1); p=7: 0 + O(7^3); p=65537: 0 + O(65537^3)}": the component 2
FAIL tests/test_text_local.c:1225: round_trips_of_generated_values: check failed: adf_lball_identical(&x->loc[k], &y->loc[k]) | "{p=2: 0 + O(2^0); p=3: 77/3 + O(3^3); p=5: 0 + O(5^1); p=7: 0 + O(7^3); p=65537: 0 + O(65537^3)}": the component 3
FAIL tests/test_text_local.c:1225: round_trips_of_generated_values: check failed: adf_lball_identical(&x->loc[k], &y->loc[k]) | "{p=2: 0 + O(2^0); p=3: 77/3 + O(3^3); p=5: 0 + O(5^1); p=7: 0 + O(7^3); p=65537: 0 + O(65537^3)}": the component 4
FAIL tests/test_text_local.c:1232: round_trips_of_generated_values: check failed: adf_sball_equal_set(x, y) | "{p=2: 0 + O(2^0); p=3: 77/3 + O(3^3); p=5: 0 + O(5^1); p=7: 0 + O(7^3); p=65537: 0 + O(65537^3)}": the round trip changed the set
FAIL tests/test_text_local.c:1225: round_trips_of_generated_values: check failed: adf_lball_identical(&x->loc[k], &y->loc[k]) | "{inf: 20224; p=2: 28 + O(2^5); p=5: 0 + O(5^2); p=65537: 187658574539394 + O(65537^3)}": the component 1
FAIL tests/test_text_local.c:1232: round_trips_of_generated_values: check failed: adf_sball_equal_set(x, y) | "{inf: 20224; p=2: 28 + O(2^5); p=5: 0 + O(5^2); p=65537: 187658574539394 + O(65537^3)}": the round trip changed the set
FAIL tests/test_text_local.c:1225: round_trips_of_generated_values: check failed: adf_lball_identical(&x->loc[k], &y->loc[k]) | "{inf: -7808; p=2: 3/2 + O(2^2); p=5: 0 + O(5^3)}": the component 1
FAIL tests/test_text_local.c:1232: round_trips_of_generated_values: check failed: adf_sball_equal_set(x, y) | "{inf: -7808; p=2: 3/2 + O(2^2); p=5: 0 + O(5^3)}": the round trip changed the set
FAIL tests/test_text_local.c:1225: round_trips_of_generated_values: check failed: adf_lball_identical(&x->loc[k], &y->loc[k]) | "{inf: -5536; p=2: 6 + O(2^3); p=3: 0 + O(3^3); p=5: 0 + O(5^1); p=7: 16709 + O(7^5); p=18446744073709551557: 56 + O(18446744073709551557^4)}": the component 1
FAIL tests/test_text_local.c:1225: round_trips_of_generated_values: check failed: adf_lball_identical(&x->loc[k], &y->loc[k]) | "{inf: -5536; p=2: 6 + O(2^3); p=3: 0 + O(3^3); p=5: 0 + O(5^1); p=7: 16709 + O(7^5); p=18446744073709551557: 56 + O(18446744073709551557^4)}": the component 2
FAIL tests/test_text_local.c:1232: round_trips_of_generated_values: check failed: adf_sball_equal_set(x, y) | "{inf: -5536; p=2: 6 + O(2^3); p=3: 0 + O(3^3); p=5: 0 + O(5^1); p=7: 16709 + O(7^5); p=18446744073709551557: 56 + O(18446744073709551557^4)}": the round trip changed the set
FAIL tests/test_text_local.c:1225: round_trips_of_generated_values: check failed: adf_lball_identical(&x->loc[k], &y->loc[k]) | "{p=18446744073709551557: 0 + O(18446744073709551557^1)}": the component 0
FAIL tests/test_text_local.c:1232: round_trips_of_generated_values: check failed: adf_sball_equal_set(x, y) | "{p=18446744073709551557: 0 + O(18446744073709551557^1)}": the round trip changed the set
FAIL tests/test_text_local.c:1225: round_trips_of_generated_values: check failed: adf_lball_identical(&x->loc[k], &y->loc[k]) | "{inf: -0.55078125; p=2: 0 + O(2^3); p=3: 0 + O(3^0); p=5: 0 + O(5^0); p=65537: 0 + O(65537^2); p=18446744073709551557: 226854911280625640857772537822694082786 + O(18446744073709551557^2)}": the component 0
FAIL tests/test_text_local.c:1225: round_trips_of_generated_values: check failed: adf_lball_identical(&x->loc[k], &y->loc[k]) | "{inf: -0.55078125; p=2: 0 + O(2^3); p=3: 0 + O(3^0); p=5: 0 + O(5^0); p=65537: 0 + O(65537^2); p=18446744073709551557: 226854911280625640857772537822694082786 + O(18446744073709551557^2)}": the component 3
FAIL tests/test_text_local.c:1232: round_trips_of_generated_values: check failed: adf_sball_equal_set(x, y) | "{inf: -0.55078125; p=2: 0 + O(2^3); p=3: 0 + O(3^0); p=5: 0 + O(5^0); p=65537: 0 + O(65537^2); p=18446744073709551557: 226854911280625640857772537822694082786 + O(18446744073709551557^2)}": the round trip changed the set
FAIL tests/test_text_local.c:1225: round_trips_of_generated_values: check failed: adf_lball_identical(&x->loc[k], &y->loc[k]) | "{inf: 4832; p=3: 0 + O(3^1); p=5: 579/5 + O(5^3); p=65537: 43761 + O(65537^1); p=18446744073709551557: 0 + O(18446744073709551557^0)}": the component 0
FAIL tests/test_text_local.c:1232: round_trips_of_generated_values: check failed: adf_sball_equal_set(x, y) | "{inf: 4832; p=3: 0 + O(3^1); p=5: 579/5 + O(5^3); p=65537: 43761 + O(65537^1); p=18446744073709551557: 0 + O(18446744073709551557^0)}": the round trip changed the set
FAIL tests/test_text_local.c:1225: round_trips_of_generated_values: check failed: adf_lball_identical(&x->loc[k], &y->loc[k]) | "{inf: -12288; p=3: 72 + O(3^4); p=7: 0 + O(7^2)}": the component 1
FAIL tests/test_text_local.c:1232: round_trips_of_generated_values: check failed: adf_sball_equal_set(x, y) | "{inf: -12288; p=3: 72 + O(3^4); p=7: 0 + O(7^2)}": the round trip changed the set
FAIL tests/test_text_local.c:1225: round_trips_of_generated_values: check failed: adf_lball_identical(&x->loc[k], &y->loc[k]) | "{inf: -512; p=2: 13/2 + O(2^4); p=3: 0 + O(3^3); p=5: 2/5 + O(5^0); p=7: 317 + O(7^3); p=65537: 0 + O(65537^3)}": the component 1
FAIL tests/test_text_local.c:1225: round_trips_of_generated_values: check failed: adf_lball_identical(&x->loc[k], &y->loc[k]) | "{inf: -512; p=2: 13/2 + O(2^4); p=3: 0 + O(3^3); p=5: 2/5 + O(5^0); p=7: 317 + O(7^3); p=65537: 0 + O(65537^3)}": the component 4
FAIL tests/test_text_local.c:1232: round_trips_of_generated_values: check failed: adf_sball_equal_set(x, y) | "{inf: -512; p=2: 13/2 + O(2^4); p=3: 0 + O(3^3); p=5: 2/5 + O(5^0); p=7: 317 + O(7^3); p=65537: 0 + O(65537^3)}": the round trip changed the set
FAIL tests/test_text_local.c:1225: round_trips_of_generated_values: check failed: adf_lball_identical(&x->loc[k], &y->loc[k]) | "{inf: 384; p=2: 0 + O(2^2); p=5: 59 + O(5^3); p=18446744073709551557: 28948022309329048485543743864357813673790299074838005645262086369183963953459 + O(18446744073709551557^4)}": the component 0
FAIL tests/test_text_local.c:1232: round_trips_of_generated_values: check failed: adf_sball_equal_set(x, y) | "{inf: 384; p=2: 0 + O(2^2); p=5: 59 + O(5^3); p=18446744073709551557: 28948022309329048485543743864357813673790299074838005645262086369183963953459 + O(18446744073709551557^4)}": the round trip changed the set
FAIL tests/test_text_local.c:1225: round_trips_of_generated_values: check failed: adf_lball_identical(&x->loc[k], &y->loc[k]) | "{p=18446744073709551557: 0 + O(18446744073709551557^1)}": the component 0
FAIL tests/test_text_local.c:1232: round_trips_of_generated_values: check failed: adf_sball_equal_set(x, y) | "{p=18446744073709551557: 0 + O(18446744073709551557^1)}": the round trip changed the set
FAIL tests/test_text_local.c:1225: round_trips_of_generated_values: check failed: adf_lball_identical(&x->loc[k], &y->loc[k]) | "{inf: -4992; p=2: 1/4 + O(2^1)}": the component 0
FAIL tests/test_text_local.c:1232: round_trips_of_generated_values: check failed: adf_sball_equal_set(x, y) | "{inf: -4992; p=2: 1/4 + O(2^1)}": the round trip changed the set
FAIL tests/test_text_local.c:1225: round_trips_of_generated_values: check failed: adf_lball_identical(&x->loc[k], &y->loc[k]) | "{p=2: 0 + O(2^2); p=5: 0 + O(5^0); p=7: 0 + O(7^2); p=65537: 0 + O(65537^2); p=18446744073709551557: 0 + O(18446744073709551557^0)}": the component 0
FAIL tests/test_text_local.c:1225: round_trips_of_generated_values: check failed: adf_lball_identical(&x->loc[k], &y->loc[k]) | "{p=2: 0 + O(2^2); p=5: 0 + O(5^0); p=7: 0 + O(7^2); p=65537: 0 + O(65537^2); p=18446744073709551557: 0 + O(18446744073709551557^0)}": the component 2
FAIL tests/test_text_local.c:1225: round_trips_of_generated_values: check failed: adf_lball_identical(&x->loc[k], &y->loc[k]) | "{p=2: 0 + O(2^2); p=5: 0 + O(5^0); p=7: 0 + O(7^2); p=65537: 0 + O(65537^2); p=18446744073709551557: 0 + O(18446744073709551557^0)}": the component 3
FAIL tests/test_text_local.c:1232: round_trips_of_generated_values: check failed: adf_sball_equal_set(x, y) | "{p=2: 0 + O(2^2); p=5: 0 + O(5^0); p=7: 0 + O(7^2); p=65537: 0 + O(65537^2); p=18446744073709551557: 0 + O(18446744073709551557^0)}": the round trip changed the set
FAIL tests/test_text_local.c:1225: round_trips_of_generated_values: check failed: adf_lball_identical(&x->loc[k], &y->loc[k]) | "{p=3: 0 + O(3^2); p=5: 9 + O(5^2); p=7: 0 + O(7^3); p=18446744073709551557: 3766261041232008422163486286920935145434638974473945043410 + O(18446744073709551557^3)}": the component 0
FAIL tests/test_text_local.c:1225: round_trips_of_generated_values: check failed: adf_lball_identical(&x->loc[k], &y->loc[k]) | "{p=3: 0 + O(3^2); p=5: 9 + O(5^2); p=7: 0 + O(7^3); p=18446744073709551557: 3766261041232008422163486286920935145434638974473945043410 + O(18446744073709551557^3)}": the component 2
FAIL tests/test_text_local.c:1232: round_trips_of_generated_values: check failed: adf_sball_equal_set(x, y) | "{p=3: 0 + O(3^2); p=5: 9 + O(5^2); p=7: 0 + O(7^3); p=18446744073709551557: 3766261041232008422163486286920935145434638974473945043410 + O(18446744073709551557^3)}": the round trip changed the set
FAIL tests/test_text_local.c:1225: round_trips_of_generated_values: check failed: adf_lball_identical(&x->loc[k], &y->loc[k]) | "{inf: 0.4765625; p=5: 0 + O(5^3); p=65537: 0 + O(65537^0); p=18446744073709551557: 0 + O(18446744073709551557^0)}": the component 0
FAIL tests/test_text_local.c:1232: round_trips_of_generated_values: check failed: adf_sball_equal_set(x, y) | "{inf: 0.4765625; p=5: 0 + O(5^3); p=65537: 0 + O(65537^0); p=18446744073709551557: 0 + O(18446744073709551557^0)}": the round trip changed the set
FAIL tests/test_text_local.c:1225: round_trips_of_generated_values: check failed: adf_lball_identical(&x->loc[k], &y->loc[k]) | "{inf: -206; p=2: 0 + O(2^1); p=3: 0 + O(3^2); p=5: 0 + O(5^3); p=65537: 0 + O(65537^1); p=18446744073709551557: 72 + O(18446744073709551557^5)}": the component 2
FAIL tests/test_text_local.c:1225: round_trips_of_generated_values: check failed: adf_lball_identical(&x->loc[k], &y->loc[k]) | "{inf: -206; p=2: 0 + O(2^1); p=3: 0 + O(3^2); p=5: 0 + O(5^3); p=65537: 0 + O(65537^1); p=18446744073709551557: 72 + O(18446744073709551557^5)}": the component 3
FAIL tests/test_text_local.c:1232: round_trips_of_generated_values: check failed: adf_sball_equal_set(x, y) | "{inf: -206; p=2: 0 + O(2^1); p=3: 0 + O(3^2); p=5: 0 + O(5^3); p=65537: 0 + O(65537^1); p=18446744073709551557: 72 + O(18446744073709551557^5)}": the round trip changed the set
FAIL tests/test_text_local.c:1225: round_trips_of_generated_values: check failed: adf_lball_identical(&x->loc[k], &y->loc[k]) | "{inf: 0.7265625; p=3: 1/3 + O(3^0); p=18446744073709551557: 0 + O(18446744073709551557^3)}": the component 1
FAIL tests/test_text_local.c:1232: round_trips_of_generated_values: check failed: adf_sball_equal_set(x, y) | "{inf: 0.7265625; p=3: 1/3 + O(3^0); p=18446744073709551557: 0 + O(18446744073709551557^3)}": the round trip changed the set
FAIL tests/test_text_local.c:1225: round_trips_of_generated_values: check failed: adf_lball_identical(&x->loc[k], &y->loc[k]) | "{inf: -2.4375; p=2: 13 + O(2^5); p=3: 0 + O(3^3); p=7: 28 + O(7^2); p=65537: 19 + O(65537^2)}": the component 1
FAIL tests/test_text_local.c:1232: round_trips_of_generated_values: check failed: adf_sball_equal_set(x, y) | "{inf: -2.4375; p=2: 13 + O(2^5); p=3: 0 + O(3^3); p=7: 28 + O(7^2); p=65537: 19 + O(65537^2)}": the round trip changed the set
FAIL tests/test_text_local.c:1225: round_trips_of_generated_values: check failed: adf_lball_identical(&x->loc[k], &y->loc[k]) | "{inf: -0.1328125; p=5: 0 + O(5^1); p=65537: 85 + O(65537^5); p=18446744073709551557: 340282366920938461286658806734041124087 + O(18446744073709551557^2)}": the component 0
FAIL tests/test_text_local.c:1232: round_trips_of_generated_values: check failed: adf_sball_equal_set(x, y) | "{inf: -0.1328125; p=5: 0 + O(5^1); p=65537: 85 + O(65537^5); p=18446744073709551557: 340282366920938461286658806734041124087 + O(18446744073709551557^2)}": the round trip changed the set
FAIL tests/test_text_local.c:1225: round_trips_of_generated_values: check failed: adf_lball_identical(&x->loc[k], &y->loc[k]) | "{inf: 358; p=2: 0 + O(2^1); p=5: 228 + O(5^4); p=7: 6673 + O(7^5); p=65537: 12 + O(65537^5); p=18446744073709551557: 115792089237316193942174975457431254695161196299352022581048345476735855813943 + O(18446744073709551557^4)}": the component 0
FAIL tests/test_text_local.c:1232: round_trips_of_generated_values: check failed: adf_sball_equal_set(x, y) | "{inf: 358; p=2: 0 + O(2^1); p=5: 228 + O(5^4); p=7: 6673 + O(7^5); p=65537: 12 + O(65537^5); p=18446744073709551557: 115792089237316193942174975457431254695161196299352022581048345476735855813943 + O(18446744073709551557^4)}": the round trip changed the set
FAIL tests/test_text_local.c:1225: round_trips_of_generated_values: check failed: adf_lball_identical(&x->loc[k], &y->loc[k]) | "{p=5: 0 + O(5^1); p=18446744073709551557: 204169420152563076771995284040424674525 + O(18446744073709551557^2)}": the component 0
FAIL tests/test_text_local.c:1232: round_trips_of_generated_values: check failed: adf_sball_equal_set(x, y) | "{p=5: 0 + O(5^1); p=18446744073709551557: 204169420152563076771995284040424674525 + O(18446744073709551557^2)}": the round trip changed the set
FAIL tests/test_text_local.c:1225: round_trips_of_generated_values: check failed: adf_lball_identical(&x->loc[k], &y->loc[k]) | "{inf: 3840; p=2: 3/2 + O(2^2); p=3: 17/3 + O(3^2); p=5: 0 + O(5^0); p=7: 0 + O(7^2); p=18446744073709551557: 0 + O(18446744073709551557^3)}": the component 3
FAIL tests/test_text_local.c:1225: round_trips_of_generated_values: check failed: adf_lball_identical(&x->loc[k], &y->loc[k]) | "{inf: 3840; p=2: 3/2 + O(2^2); p=3: 17/3 + O(3^2); p=5: 0 + O(5^0); p=7: 0 + O(7^2); p=18446744073709551557: 0 + O(18446744073709551557^3)}": the component 4
FAIL tests/test_text_local.c:1232: round_trips_of_generated_values: check failed: adf_sball_equal_set(x, y) | "{inf: 3840; p=2: 3/2 + O(2^2); p=3: 17/3 + O(3^2); p=5: 0 + O(5^0); p=7: 0 + O(7^2); p=18446744073709551557: 0 + O(18446744073709551557^3)}": the round trip changed the set
FAIL tests/test_text_local.c:1225: round_trips_of_generated_values: check failed: adf_lball_identical(&x->loc[k], &y->loc[k]) | "{inf: -2.875; p=2: 0 + O(2^2); p=5: 0 + O(5^2); p=7: 5529 + O(7^5)}": the component 0
FAIL tests/test_text_local.c:1225: round_trips_of_generated_values: check failed: adf_lball_identical(&x->loc[k], &y->loc[k]) | "{inf: -2.875; p=2: 0 + O(2^2); p=5: 0 + O(5^2); p=7: 5529 + O(7^5)}": the component 1
FAIL tests/test_text_local.c:1232: round_trips_of_generated_values: check failed: adf_sball_equal_set(x, y) | "{inf: -2.875; p=2: 0 + O(2^2); p=5: 0 + O(5^2); p=7: 5529 + O(7^5)}": the round trip changed the set
FAIL tests/test_text_local.c:1225: round_trips_of_generated_values: check failed: adf_lball_identical(&x->loc[k], &y->loc[k]) | "{inf: -4960; p=2: 3 + O(2^2); p=3: 0 + O(3^2); p=5: 0 + O(5^1); p=7: 12 + O(7^2); p=65537: 112595144723661 + O(65537^3)}": the component 1
FAIL tests/test_text_local.c:1225: round_trips_of_generated_values: check failed: adf_lball_identical(&x->loc[k], &y->loc[k]) | "{inf: -4960; p=2: 3 + O(2^2); p=3: 0 + O(3^2); p=5: 0 + O(5^1); p=7: 12 + O(7^2); p=65537: 112595144723661 + O(65537^3)}": the component 2
FAIL tests/test_text_local.c:1232: round_trips_of_generated_values: check failed: adf_sball_equal_set(x, y) | "{inf: -4960; p=2: 3 + O(2^2); p=3: 0 + O(3^2); p=5: 0 + O(5^1); p=7: 12 + O(7^2); p=65537: 112595144723661 + O(65537^3)}": the round trip changed the set
FAIL tests/test_text_local.c:1225: round_trips_of_generated_values: check failed: adf_lball_identical(&x->loc[k], &y->loc[k]) | "{inf: 4.25; p=2: 5 + O(2^3); p=3: 0 + O(3^3); p=5: 0 + O(5^3); p=7: 0 + O(7^3); p=65537: 0 + O(65537^3)}": the component 1
FAIL tests/test_text_local.c:1225: round_trips_of_generated_values: check failed: adf_lball_identical(&x->loc[k], &y->loc[k]) | "{inf: 4.25; p=2: 5 + O(2^3); p=3: 0 + O(3^3); p=5: 0 + O(5^3); p=7: 0 + O(7^3); p=65537: 0 + O(65537^3)}": the component 2
FAIL tests/test_text_local.c:1225: round_trips_of_generated_values: check failed: adf_lball_identical(&x->loc[k], &y->loc[k]) | "{inf: 4.25; p=2: 5 + O(2^3); p=3: 0 + O(3^3); p=5: 0 + O(5^3); p=7: 0 + O(7^3); p=65537: 0 + O(65537^3)}": the component 3
FAIL tests/test_text_local.c:1225: round_trips_of_generated_values: check failed: adf_lball_identical(&x->loc[k], &y->loc[k]) | "{inf: 4.25; p=2: 5 + O(2^3); p=3: 0 + O(3^3); p=5: 0 + O(5^3); p=7: 0 + O(7^3); p=65537: 0 + O(65537^3)}": the component 4
FAIL tests/test_text_local.c:1232: round_trips_of_generated_values: check failed: adf_sball_equal_set(x, y) | "{inf: 4.25; p=2: 5 + O(2^3); p=3: 0 + O(3^3); p=5: 0 + O(5^3); p=7: 0 + O(7^3); p=65537: 0 + O(65537^3)}": the round trip changed the set
FAIL tests/test_text_local.c:1225: round_trips_of_generated_values: check failed: adf_lball_identical(&x->loc[k], &y->loc[k]) | "{inf: -0.4609375; p=2: 1 + O(2^1); p=5: 3016/5 + O(5^4); p=65537: 0 + O(65537^2); p=18446744073709551557: 0 + O(18446744073709551557^3)}": the component 2
FAIL tests/test_text_local.c:1225: round_trips_of_generated_values: check failed: adf_lball_identical(&x->loc[k], &y->loc[k]) | "{inf: -0.4609375; p=2: 1 + O(2^1); p=5: 3016/5 + O(5^4); p=65537: 0 + O(65537^2); p=18446744073709551557: 0 + O(18446744073709551557^3)}": the component 3
FAIL tests/test_text_local.c:1232: round_trips_of_generated_values: check failed: adf_sball_equal_set(x, y) | "{inf: -0.4609375; p=2: 1 + O(2^1); p=5: 3016/5 + O(5^4); p=65537: 0 + O(65537^2); p=18446744073709551557: 0 + O(18446744073709551557^3)}": the round trip changed the set
FAIL tests/test_text_local.c:1225: round_trips_of_generated_values: check failed: adf_lball_identical(&x->loc[k], &y->loc[k]) | "{inf: -2944; p=2: 0 + O(2^1); p=5: 2293 + O(5^5); p=7: 2343 + O(7^4); p=65537: 281487861809099 + O(65537^3); p=18446744073709551557: 0 + O(18446744073709551557^0)}": the component 0
FAIL tests/test_text_local.c:1232: round_trips_of_generated_values: check failed: adf_sball_equal_set(x, y) | "{inf: -2944; p=2: 0 + O(2^1); p=5: 2293 + O(5^5); p=7: 2343 + O(7^4); p=65537: 281487861809099 + O(65537^3); p=18446744073709551557: 0 + O(18446744073709551557^0)}": the round trip changed the set
FAIL tests/test_text_local.c:1225: round_trips_of_generated_values: check failed: adf_lball_identical(&x->loc[k], &y->loc[k]) | "{inf: 588; p=2: 14 + O(2^4); p=3: 49 + O(3^5); p=7: 98 + O(7^5); p=65537: 0 + O(65537^3); p=18446744073709551557: 0 + O(18446744073709551557^2)}": the component 3
FAIL tests/test_text_local.c:1225: round_trips_of_generated_values: check failed: adf_lball_identical(&x->loc[k], &y->loc[k]) | "{inf: 588; p=2: 14 + O(2^4); p=3: 49 + O(3^5); p=7: 98 + O(7^5); p=65537: 0 + O(65537^3); p=18446744073709551557: 0 + O(18446744073709551557^2)}": the component 4
FAIL tests/test_text_local.c:1232: round_trips_of_generated_values: check failed: adf_sball_equal_set(x, y) | "{inf: 588; p=2: 14 + O(2^4); p=3: 49 + O(3^5); p=7: 98 + O(7^5); p=65537: 0 + O(65537^3); p=18446744073709551557: 0 + O(18446744073709551557^2)}": the round trip changed the set
FAIL tests/test_text_local.c:1225: round_trips_of_generated_values: check failed: adf_lball_identical(&x->loc[k], &y->loc[k]) | "{p=2: 0 + O(2^2); p=5: 0 + O(5^1)}": the component 0
FAIL tests/test_text_local.c:1225: round_trips_of_generated_values: check failed: adf_lball_identical(&x->loc[k], &y->loc[k]) | "{p=2: 0 + O(2^2); p=5: 0 + O(5^1)}": the component 1
FAIL tests/test_text_local.c:1232: round_trips_of_generated_values: check failed: adf_sball_equal_set(x, y) | "{p=2: 0 + O(2^2); p=5: 0 + O(5^1)}": the round trip changed the set
FAIL tests/test_text_local.c:1225: round_trips_of_generated_values: check failed: adf_lball_identical(&x->loc[k], &y->loc[k]) | "{p=2: 0 + O(2^1); p=3: 0 + O(3^3)}": the component 0
FAIL tests/test_text_local.c:1225: round_trips_of_generated_values: check failed: adf_lball_identical(&x->loc[k], &y->loc[k]) | "{p=2: 0 + O(2^1); p=3: 0 + O(3^3)}": the component 1
FAIL tests/test_text_local.c:1232: round_trips_of_generated_values: check failed: adf_sball_equal_set(x, y) | "{p=2: 0 + O(2^1); p=3: 0 + O(3^3)}": the round trip changed the set
FAIL tests/test_text_local.c:1225: round_trips_of_generated_values: check failed: adf_lball_identical(&x->loc[k], &y->loc[k]) | "{inf: 48.5; p=2: 9 + O(2^4); p=5: 0 + O(5^2); p=7: 5 + O(7^2); p=65537: 4295098234 + O(65537^2); p=18446744073709551557: 28948022309329048485543743864357813673790299074838005645262086369183963953449 + O(18446744073709551557^4)}": the component 1
FAIL tests/test_text_local.c:1232: round_trips_of_generated_values: check failed: adf_sball_equal_set(x, y) | "{inf: 48.5; p=2: 9 + O(2^4); p=5: 0 + O(5^2); p=7: 5 + O(7^2); p=65537: 4295098234 + O(65537^2); p=18446744073709551557: 28948022309329048485543743864357813673790299074838005645262086369183963953449 + O(18446744073709551557^4)}": the round trip changed the set
FAIL tests/test_text_local.c:1225: round_trips_of_generated_values: check failed: adf_lball_identical(&x->loc[k], &y->loc[k]) | "{inf: 53; p=2: 0 + O(2^3); p=7: 2025 + O(7^4)}": the component 0
FAIL tests/test_text_local.c:1232: round_trips_of_generated_values: check failed: adf_sball_equal_set(x, y) | "{inf: 53; p=2: 0 + O(2^3); p=7: 2025 + O(7^4)}": the round trip changed the set
FAIL tests/test_text_local.c:1225: round_trips_of_generated_values: check failed: adf_lball_identical(&x->loc[k], &y->loc[k]) | "{p=5: 494 + O(5^4); p=7: 0 + O(7^2); p=65537: 0 + O(65537^0)}": the component 1
FAIL tests/test_text_local.c:1232: round_trips_of_generated_values: check failed: adf_sball_equal_set(x, y) | "{p=5: 494 + O(5^4); p=7: 0 + O(7^2); p=65537: 0 + O(65537^0)}": the round trip changed the set
FAIL tests/test_text_local.c:1225: round_trips_of_generated_values: check failed: adf_lball_identical(&x->loc[k], &y->loc[k]) | "{inf: -7.375; p=3: 0 + O(3^3); p=5: 564 + O(5^4)}": the component 0
FAIL tests/test_text_local.c:1232: round_trips_of_generated_values: check failed: adf_sball_equal_set(x, y) | "{inf: -7.375; p=3: 0 + O(3^3); p=5: 564 + O(5^4)}": the round trip changed the set
FAIL tests/test_text_local.c:1225: round_trips_of_generated_values: check failed: adf_lball_identical(&x->loc[k], &y->loc[k]) | "{inf: 0.9921875; p=5: 325 + O(5^4); p=65537: 0 + O(65537^3); p=18446744073709551557: 0 + O(18446744073709551557^2)}": the component 1
FAIL tests/test_text_local.c:1225: round_trips_of_generated_values: check failed: adf_lball_identical(&x->loc[k], &y->loc[k]) | "{inf: 0.9921875; p=5: 325 + O(5^4); p=65537: 0 + O(65537^3); p=18446744073709551557: 0 + O(18446744073709551557^2)}": the component 2
FAIL tests/test_text_local.c:1232: round_trips_of_generated_values: check failed: adf_sball_equal_set(x, y) | "{inf: 0.9921875; p=5: 325 + O(5^4); p=65537: 0 + O(65537^3); p=18446744073709551557: 0 + O(18446744073709551557^2)}": the round trip changed the set
FAIL tests/test_text_local.c:1225: round_trips_of_generated_values: check failed: adf_lball_identical(&x->loc[k], &y->loc[k]) | "{p=5: 0 + O(5^2); p=7: 0 + O(7^1)}": the component 0
FAIL tests/test_text_local.c:1225: round_trips_of_generated_values: check failed: adf_lball_identical(&x->loc[k], &y->loc[k]) | "{p=5: 0 + O(5^2); p=7: 0 + O(7^1)}": the component 1
FAIL tests/test_text_local.c:1232: round_trips_of_generated_values: check failed: adf_sball_equal_set(x, y) | "{p=5: 0 + O(5^2); p=7: 0 + O(7^1)}": the round trip changed the set
FAIL tests/test_text_local.c:1225: round_trips_of_generated_values: check failed: adf_lball_identical(&x->loc[k], &y->loc[k]) | "{inf: -178; p=2: 0 + O(2^0); p=3: 0 + O(3^3); p=5: 0 + O(5^0); p=65537: 0 + O(65537^3); p=18446744073709551557: 0 + O(18446744073709551557^2)}": the component 1
FAIL tests/test_text_local.c:1225: round_trips_of_generated_values: check failed: adf_lball_identical(&x->loc[k], &y->loc[k]) | "{inf: -178; p=2: 0 + O(2^0); p=3: 0 + O(3^3); p=5: 0 + O(5^0); p=65537: 0 + O(65537^3); p=18446744073709551557: 0 + O(18446744073709551557^2)}": the component 3
FAIL tests/test_text_local.c:1225: round_trips_of_generated_values: check failed: adf_lball_identical(&x->loc[k], &y->loc[k]) | "{inf: -178; p=2: 0 + O(2^0); p=3: 0 + O(3^3); p=5: 0 + O(5^0); p=65537: 0 + O(65537^3); p=18446744073709551557: 0 + O(18446744073709551557^2)}": the component 4
FAIL tests/test_text_local.c:1232: round_trips_of_generated_values: check failed: adf_sball_equal_set(x, y) | "{inf: -178; p=2: 0 + O(2^0); p=3: 0 + O(3^3); p=5: 0 + O(5^0); p=65537: 0 + O(65537^3); p=18446744073709551557: 0 + O(18446744073709551557^2)}": the round trip changed the set
FAIL tests/test_text_local.c:1225: round_trips_of_generated_values: check failed: adf_lball_identical(&x->loc[k], &y->loc[k]) | "{inf: -1.25; p=2: 0 + O(2^1); p=3: 0 + O(3^1); p=5: 28 + O(5^3); p=7: 0 + O(7^3)}": the component 1
FAIL tests/test_text_local.c:1225: round_trips_of_generated_values: check failed: adf_lball_identical(&x->loc[k], &y->loc[k]) | "{inf: -1.25; p=2: 0 + O(2^1); p=3: 0 + O(3^1); p=5: 28 + O(5^3); p=7: 0 + O(7^3)}": the component 3
FAIL tests/test_text_local.c:1232: round_trips_of_generated_values: check failed: adf_sball_equal_set(x, y) | "{inf: -1.25; p=2: 0 + O(2^1); p=3: 0 + O(3^1); p=5: 28 + O(5^3); p=7: 0 + O(7^3)}": the round trip changed the set
FAIL tests/test_text_local.c:1225: round_trips_of_generated_values: check failed: adf_lball_identical(&x->loc[k], &y->loc[k]) | "{inf: 16; p=2: 0 + O(2^3); p=7: 0 + O(7^1); p=18446744073709551557: 18446744073709551540 + O(18446744073709551557^1)}": the component 0
FAIL tests/test_text_local.c:1225: round_trips_of_generated_values: check failed: adf_lball_identical(&x->loc[k], &y->loc[k]) | "{inf: 16; p=2: 0 + O(2^3); p=7: 0 + O(7^1); p=18446744073709551557: 18446744073709551540 + O(18446744073709551557^1)}": the component 1
FAIL tests/test_text_local.c:1232: round_trips_of_generated_values: check failed: adf_sball_equal_set(x, y) | "{inf: 16; p=2: 0 + O(2^3); p=7: 0 + O(7^1); p=18446744073709551557: 18446744073709551540 + O(18446744073709551557^1)}": the round trip changed the set
FAIL tests/test_text_local.c:1225: round_trips_of_generated_values: check failed: adf_lball_identical(&x->loc[k], &y->loc[k]) | "{inf: 102; p=2: 0 + O(2^1); p=3: 0 + O(3^0); p=7: 0 + O(7^3); p=65537: 0 + O(65537^1); p=18446744073709551557: 0 + O(18446744073709551557^0)}": the component 0
FAIL tests/test_text_local.c:1225: round_trips_of_generated_values: check failed: adf_lball_identical(&x->loc[k], &y->loc[k]) | "{inf: 102; p=2: 0 + O(2^1); p=3: 0 + O(3^0); p=7: 0 + O(7^3); p=65537: 0 + O(65537^1); p=18446744073709551557: 0 + O(18446744073709551557^0)}": the component 2
FAIL tests/test_text_local.c:1225: round_trips_of_generated_values: check failed: adf_lball_identical(&x->loc[k], &y->loc[k]) | "{inf: 102; p=2: 0 + O(2^1); p=3: 0 + O(3^0); p=7: 0 + O(7^3); p=65537: 0 + O(65537^1); p=18446744073709551557: 0 + O(18446744073709551557^0)}": the component 3
FAIL tests/test_text_local.c:1232: round_trips_of_generated_values: check failed: adf_sball_equal_set(x, y) | "{inf: 102; p=2: 0 + O(2^1); p=3: 0 + O(3^0); p=7: 0 + O(7^3); p=65537: 0 + O(65537^1); p=18446744073709551557: 0 + O(18446744073709551557^0)}": the round trip changed the set
FAIL tests/test_text_local.c:1225: round_trips_of_generated_values: check failed: adf_lball_identical(&x->loc[k], &y->loc[k]) | "{inf: 12032; p=5: 0 + O(5^3); p=7: 23 + O(7^2)}": the component 0
FAIL tests/test_text_local.c:1232: round_trips_of_generated_values: check failed: adf_sball_equal_set(x, y) | "{inf: 12032; p=5: 0 + O(5^3); p=7: 23 + O(7^2)}": the round trip changed the set
FAIL tests/test_text_local.c:1225: round_trips_of_generated_values: check failed: adf_lball_identical(&x->loc[k], &y->loc[k]) | "{p=65537: 0 + O(65537^2)}": the component 0
FAIL tests/test_text_local.c:1232: round_trips_of_generated_values: check failed: adf_sball_equal_set(x, y) | "{p=65537: 0 + O(65537^2)}": the round trip changed the set
FAIL tests/test_text_local.c:1225: round_trips_of_generated_values: check failed: adf_lball_identical(&x->loc[k], &y->loc[k]) | "{inf: 1088; p=3: 7 + O(3^4); p=5: 59 + O(5^3); p=7: 1762 + O(7^4); p=65537: 0 + O(65537^3); p=18446744073709551557: 0 + O(18446744073709551557^0)}": the component 3
FAIL tests/test_text_local.c:1232: round_trips_of_generated_values: check failed: adf_sball_equal_set(x, y) | "{inf: 1088; p=3: 7 + O(3^4); p=5: 59 + O(5^3); p=7: 1762 + O(7^4); p=65537: 0 + O(65537^3); p=18446744073709551557: 0 + O(18446744073709551557^0)}": the round trip changed the set
FAIL tests/test_text_local.c:1225: round_trips_of_generated_values: check failed: adf_lball_identical(&x->loc[k], &y->loc[k]) | "{inf: 6208; p=3: 43 + O(3^5); p=65537: 0 + O(65537^1); p=18446744073709551557: 0 + O(18446744073709551557^0)}": the component 1
FAIL tests/test_text_local.c:1232: round_trips_of_generated_values: check failed: adf_sball_equal_set(x, y) | "{inf: 6208; p=3: 43 + O(3^5); p=65537: 0 + O(65537^1); p=18446744073709551557: 0 + O(18446744073709551557^0)}": the round trip changed the set
FAIL tests/test_text_local.c:1225: round_trips_of_generated_values: check failed: adf_lball_identical(&x->loc[k], &y->loc[k]) | "{inf: -368; p=2: 1 + O(2^1); p=3: 0 + O(3^3); p=7: 0 + O(7^0); p=18446744073709551557: 2135987035920910048236355381161274683155175353604076643487703594762915519848797370936624911949363 + O(18446744073709551557^5)}": the component 1
FAIL tests/test_text_local.c:1232: round_trips_of_generated_values: check failed: adf_sball_equal_set(x, y) | "{inf: -368; p=2: 1 + O(2^1); p=3: 0 + O(3^3); p=7: 0 + O(7^0); p=18446744073709551557: 2135987035920910048236355381161274683155175353604076643487703594762915519848797370936624911949363 + O(18446744073709551557^5)}": the round trip changed the set
FAIL tests/test_text_local.c:1225: round_trips_of_generated_values: check failed: adf_lball_identical(&x->loc[k], &y->loc[k]) | "{p=65537: 3689573999877292075 + O(65537^4); p=18446744073709551557: 0 + O(18446744073709551557^1)}": the component 1
FAIL tests/test_text_local.c:1232: round_trips_of_generated_values: check failed: adf_sball_equal_set(x, y) | "{p=65537: 3689573999877292075 + O(65537^4); p=18446744073709551557: 0 + O(18446744073709551557^1)}": the round trip changed the set
FAIL tests/test_text_local.c:1225: round_trips_of_generated_values: check failed: adf_lball_identical(&x->loc[k], &y->loc[k]) | "{p=2: 0 + O(2^1); p=3: 0 + O(3^0); p=5: 271 + O(5^4); p=7: 42 + O(7^2); p=18446744073709551557: 9223372036854775886 + O(18446744073709551557^1)}": the component 0
FAIL tests/test_text_local.c:1232: round_trips_of_generated_values: check failed: adf_sball_equal_set(x, y) | "{p=2: 0 + O(2^1); p=3: 0 + O(3^0); p=5: 271 + O(5^4); p=7: 42 + O(7^2); p=18446744073709551557: 9223372036854775886 + O(18446744073709551557^1)}": the round trip changed the set
FAIL tests/test_text_local.c:1225: round_trips_of_generated_values: check failed: adf_lball_identical(&x->loc[k], &y->loc[k]) | "{inf: 7.25; p=18446744073709551557: 0 + O(18446744073709551557^3)}": the component 0
FAIL tests/test_text_local.c:1232: round_trips_of_generated_values: check failed: adf_sball_equal_set(x, y) | "{inf: 7.25; p=18446744073709551557: 0 + O(18446744073709551557^3)}": the round trip changed the set
FAIL tests/test_text_local.c:1225: round_trips_of_generated_values: check failed: adf_lball_identical(&x->loc[k], &y->loc[k]) | "{inf: 1280; p=3: 0 + O(3^2); p=7: 0 + O(7^0)}": the component 0
FAIL tests/test_text_local.c:1232: round_trips_of_generated_values: check failed: adf_sball_equal_set(x, y) | "{inf: 1280; p=3: 0 + O(3^2); p=7: 0 + O(7^0)}": the round trip changed the set
FAIL tests/test_text_local.c:1225: round_trips_of_generated_values: check failed: adf_lball_identical(&x->loc[k], &y->loc[k]) | "{inf: -94; p=2: 0 + O(2^1); p=65537: 65504 + O(65537^1)}": the component 0
FAIL tests/test_text_local.c:1232: round_trips_of_generated_values: check failed: adf_sball_equal_set(x, y) | "{inf: -94; p=2: 0 + O(2^1); p=65537: 65504 + O(65537^1)}": the round trip changed the set
FAIL tests/test_text_local.c:1225: round_trips_of_generated_values: check failed: adf_lball_identical(&x->loc[k], &y->loc[k]) | "{inf: -11264; p=3: 158/3 + O(3^4); p=5: 0 + O(5^1); p=7: 0 + O(7^0)}": the component 1
FAIL tests/test_text_local.c:1232: round_trips_of_generated_values: check failed: adf_sball_equal_set(x, y) | "{inf: -11264; p=3: 158/3 + O(3^4); p=5: 0 + O(5^1); p=7: 0 + O(7^0)}": the round trip changed the set
FAIL tests/test_text_local.c:1225: round_trips_of_generated_values: check failed: adf_lball_identical(&x->loc[k], &y->loc[k]) | "{inf: 29; p=2: 0 + O(2^0); p=3: 0 + O(3^0); p=5: 0 + O(5^3); p=65537: 56297572361824 + O(65537^3); p=18446744073709551557: 0 + O(18446744073709551557^0)}": the component 2
FAIL tests/test_text_local.c:1232: round_trips_of_generated_values: check failed: adf_sball_equal_set(x, y) | "{inf: 29; p=2: 0 + O(2^0); p=3: 0 + O(3^0); p=5: 0 + O(5^3); p=65537: 56297572361824 + O(65537^3); p=18446744073709551557: 0 + O(18446744073709551557^0)}": the round trip changed the set
FAIL tests/test_text_local.c:1225: round_trips_of_generated_values: check failed: adf_lball_identical(&x->loc[k], &y->loc[k]) | "{inf: 524; p=65537: 0 + O(65537^3); p=18446744073709551557: 0 + O(18446744073709551557^1)}": the component 0
FAIL tests/test_text_local.c:1225: round_trips_of_generated_values: check failed: adf_lball_identical(&x->loc[k], &y->loc[k]) | "{inf: 524; p=65537: 0 + O(65537^3); p=18446744073709551557: 0 + O(18446744073709551557^1)}": the component 1
FAIL tests/test_text_local.c:1232: round_trips_of_generated_values: check failed: adf_sball_equal_set(x, y) | "{inf: 524; p=65537: 0 + O(65537^3); p=18446744073709551557: 0 + O(18446744073709551557^1)}": the round trip changed the set
FAIL tests/test_text_local.c:1225: round_trips_of_generated_values: check failed: adf_lball_identical(&x->loc[k], &y->loc[k]) | "{inf: 0.53125; p=3: 2 + O(3^1); p=5: 1 + O(5^1); p=7: 206 + O(7^5); p=65537: 0 + O(65537^1)}": the component 3
FAIL tests/test_text_local.c:1232: round_trips_of_generated_values: check failed: adf_sball_equal_set(x, y) | "{inf: 0.53125; p=3: 2 + O(3^1); p=5: 1 + O(5^1); p=7: 206 + O(7^5); p=65537: 0 + O(65537^1)}": the round trip changed the set
FAIL tests/test_text_local.c:1225: round_trips_of_generated_values: check failed: adf_lball_identical(&x->loc[k], &y->loc[k]) | "{inf: 1856; p=3: 33 + O(3^5); p=5: 0 + O(5^1); p=7: 0 + O(7^3); p=65537: 93829287269736 + O(65537^3); p=18446744073709551557: 0 + O(18446744073709551557^2)}": the component 2
FAIL tests/test_text_local.c:1225: round_trips_of_generated_values: check failed: adf_lball_identical(&x->loc[k], &y->loc[k]) | "{inf: 1856; p=3: 33 + O(3^5); p=5: 0 + O(5^1); p=7: 0 + O(7^3); p=65537: 93829287269736 + O(65537^3); p=18446744073709551557: 0 + O(18446744073709551557^2)}": the component 4
FAIL tests/test_text_local.c:1232: round_trips_of_generated_values: check failed: adf_sball_equal_set(x, y) | "{inf: 1856; p=3: 33 + O(3^5); p=5: 0 + O(5^1); p=7: 0 + O(7^3); p=65537: 93829287269736 + O(65537^3); p=18446744073709551557: 0 + O(18446744073709551557^2)}": the round trip changed the set
FAIL tests/test_text_local.c:1225: round_trips_of_generated_values: check failed: adf_lball_identical(&x->loc[k], &y->loc[k]) | "{inf: 1.765625; p=3: 0 + O(3^1); p=5: 0 + O(5^1); p=7: 22 + O(7^2); p=18446744073709551557: 0 + O(18446744073709551557^1)}": the component 0
FAIL tests/test_text_local.c:1225: round_trips_of_generated_values: check failed: adf_lball_identical(&x->loc[k], &y->loc[k]) | "{inf: 1.765625; p=3: 0 + O(3^1); p=5: 0 + O(5^1); p=7: 22 + O(7^2); p=18446744073709551557: 0 + O(18446744073709551557^1)}": the component 1
FAIL tests/test_text_local.c:1225: round_trips_of_generated_values: check failed: adf_lball_identical(&x->loc[k], &y->loc[k]) | "{inf: 1.765625; p=3: 0 + O(3^1); p=5: 0 + O(5^1); p=7: 22 + O(7^2); p=18446744073709551557: 0 + O(18446744073709551557^1)}": the component 3
FAIL tests/test_text_local.c:1232: round_trips_of_generated_values: check failed: adf_sball_equal_set(x, y) | "{inf: 1.765625; p=3: 0 + O(3^1); p=5: 0 + O(5^1); p=7: 22 + O(7^2); p=18446744073709551557: 0 + O(18446744073709551557^1)}": the round trip changed the set
FAIL tests/test_text_local.c:1225: round_trips_of_generated_values: check failed: adf_lball_identical(&x->loc[k], &y->loc[k]) | "{p=65537: 117 + O(65537^4); p=18446744073709551557: 0 + O(18446744073709551557^3)}": the component 1
FAIL tests/test_text_local.c:1232: round_trips_of_generated_values: check failed: adf_sball_equal_set(x, y) | "{p=65537: 117 + O(65537^4); p=18446744073709551557: 0 + O(18446744073709551557^3)}": the round trip changed the set
FAIL tests/test_text_local.c:1225: round_trips_of_generated_values: check failed: adf_lball_identical(&x->loc[k], &y->loc[k]) | "{inf: 7488; p=3: 0 + O(3^3); p=5: 3 + O(5^1); p=7: 6 + O(7^2); p=65537: 0 + O(65537^1); p=18446744073709551557: 9223372036854775796 + O(18446744073709551557^1)}": the component 3
FAIL tests/test_text_local.c:1232: round_trips_of_generated_values: check failed: adf_sball_equal_set(x, y) | "{inf: 7488; p=3: 0 + O(3^3); p=5: 3 + O(5^1); p=7: 6 + O(7^2); p=65537: 0 + O(65537^1); p=18446744073709551557: 9223372036854775796 + O(18446744073709551557^1)}": the round trip changed the set
FAIL tests/test_text_local.c:1225: round_trips_of_generated_values: check failed: adf_lball_identical(&x->loc[k], &y->loc[k]) | "{inf: 21.5; p=3: 5 + O(3^2); p=5: 116 + O(5^3); p=65537: 281487861808874 + O(65537^3); p=18446744073709551557: 0 + O(18446744073709551557^3)}": the component 3
FAIL tests/test_text_local.c:1232: round_trips_of_generated_values: check failed: adf_sball_equal_set(x, y) | "{inf: 21.5; p=3: 5 + O(3^2); p=5: 116 + O(5^3); p=65537: 281487861808874 + O(65537^3); p=18446744073709551557: 0 + O(18446744073709551557^3)}": the round trip changed the set
FAIL tests/test_text_local.c:1225: round_trips_of_generated_values: check failed: adf_lball_identical(&x->loc[k], &y->loc[k]) | "{inf: 0.8359375; p=2: 0 + O(2^3); p=5: 0 + O(5^2); p=7: 12 + O(7^2)}": the component 0
FAIL tests/test_text_local.c:1225: round_trips_of_generated_values: check failed: adf_lball_identical(&x->loc[k], &y->loc[k]) | "{inf: 0.8359375; p=2: 0 + O(2^3); p=5: 0 + O(5^2); p=7: 12 + O(7^2)}": the component 1
FAIL tests/test_text_local.c:1232: round_trips_of_generated_values: check failed: adf_sball_equal_set(x, y) | "{inf: 0.8359375; p=2: 0 + O(2^3); p=5: 0 + O(5^2); p=7: 12 + O(7^2)}": the round trip changed the set
FAIL tests/test_text_local.c:1225: round_trips_of_generated_values: check failed: adf_lball_identical(&x->loc[k], &y->loc[k]) | "{inf: -24064; p=3: 0 + O(3^0); p=5: 0 + O(5^1); p=7: 0 + O(7^0)}": the component 1
FAIL tests/test_text_local.c:1232: round_trips_of_generated_values: check failed: adf_sball_equal_set(x, y) | "{inf: -24064; p=3: 0 + O(3^0); p=5: 0 + O(5^1); p=7: 0 + O(7^0)}": the round trip changed the set
FAIL tests/test_text_local.c:1225: round_trips_of_generated_values: check failed: adf_lball_identical(&x->loc[k], &y->loc[k]) | "{inf: 1.75; p=2: 0 + O(2^2); p=65537: 0 + O(65537^0); p=18446744073709551557: 109 + O(18446744073709551557^3)}": the component 0
FAIL tests/test_text_local.c:1232: round_trips_of_generated_values: check failed: adf_sball_equal_set(x, y) | "{inf: 1.75; p=2: 0 + O(2^2); p=65537: 0 + O(65537^0); p=18446744073709551557: 109 + O(18446744073709551557^3)}": the round trip changed the set
FAIL tests/test_text_local.c:1225: round_trips_of_generated_values: check failed: adf_lball_identical(&x->loc[k], &y->loc[k]) | "{p=2: 0 + O(2^2); p=3: 4 + O(3^2); p=7: 1 + O(7^1); p=18446744073709551557: 0 + O(18446744073709551557^0)}": the component 0
FAIL tests/test_text_local.c:1232: round_trips_of_generated_values: check failed: adf_sball_equal_set(x, y) | "{p=2: 0 + O(2^2); p=3: 4 + O(3^2); p=7: 1 + O(7^1); p=18446744073709551557: 0 + O(18446744073709551557^0)}": the round trip changed the set
FAIL tests/test_text_local.c:1225: round_trips_of_generated_values: check failed: adf_lball_identical(&x->loc[k], &y->loc[k]) | "{inf: -10.5; p=3: 1 + O(3^1); p=5: 66 + O(5^3); p=65537: 0 + O(65537^2); p=18446744073709551557: 57896044618658096971087487728715627347580598149676011290524172738367927906950 + O(18446744073709551557^4)}": the component 2
FAIL tests/test_text_local.c:1232: round_trips_of_generated_values: check failed: adf_sball_equal_set(x, y) | "{inf: -10.5; p=3: 1 + O(3^1); p=5: 66 + O(5^3); p=65537: 0 + O(65537^2); p=18446744073709551557: 57896044618658096971087487728715627347580598149676011290524172738367927906950 + O(18446744073709551557^4)}": the round trip changed the set
FAIL tests/test_text_local.c:1225: round_trips_of_generated_values: check failed: adf_lball_identical(&x->loc[k], &y->loc[k]) | "{inf: 0.34375; p=2: 0 + O(2^0); p=3: 11 + O(3^3); p=65537: 0 + O(65537^3)}": the component 2
FAIL tests/test_text_local.c:1232: round_trips_of_generated_values: check failed: adf_sball_equal_set(x, y) | "{inf: 0.34375; p=2: 0 + O(2^0); p=3: 11 + O(3^3); p=65537: 0 + O(65537^3)}": the round trip changed the set
FAIL tests/test_text_local.c:1225: round_trips_of_generated_values: check failed: adf_lball_identical(&x->loc[k], &y->loc[k]) | "{inf: -304; p=65537: 0 + O(65537^2)}": the component 0
FAIL tests/test_text_local.c:1232: round_trips_of_generated_values: check failed: adf_sball_equal_set(x, y) | "{inf: -304; p=65537: 0 + O(65537^2)}": the round trip changed the set
FAIL tests/test_text_local.c:1225: round_trips_of_generated_values: check failed: adf_lball_identical(&x->loc[k], &y->loc[k]) | "{inf: 246; p=2: 0 + O(2^2); p=7: 644 + O(7^4); p=65537: 0 + O(65537^0)}": the component 0
FAIL tests/test_text_local.c:1232: round_trips_of_generated_values: check failed: adf_sball_equal_set(x, y) | "{inf: 246; p=2: 0 + O(2^2); p=7: 644 + O(7^4); p=65537: 0 + O(65537^0)}": the round trip changed the set
FAIL tests/test_text_local.c:1225: round_trips_of_generated_values: check failed: adf_lball_identical(&x->loc[k], &y->loc[k]) | "{inf: 378; p=3: 1/3 + O(3^0); p=5: 35 + O(5^3); p=7: 295 + O(7^3); p=65537: 13163 + O(65537^1); p=18446744073709551557: 0 + O(18446744073709551557^3)}": the component 4
FAIL tests/test_text_local.c:1232: round_trips_of_generated_values: check failed: adf_sball_equal_set(x, y) | "{inf: 378; p=3: 1/3 + O(3^0); p=5: 35 + O(5^3); p=7: 295 + O(7^3); p=65537: 13163 + O(65537^1); p=18446744073709551557: 0 + O(18446744073709551557^3)}": the round trip changed the set
FAIL tests/test_text_local.c:1225: round_trips_of_generated_values: check failed: adf_lball_identical(&x->loc[k], &y->loc[k]) | "{inf: 1744; p=3: 0 + O(3^3); p=5: 518 + O(5^4); p=65537: 1718039401 + O(65537^2)}": the component 0
FAIL tests/test_text_local.c:1232: round_trips_of_generated_values: check failed: adf_sball_equal_set(x, y) | "{inf: 1744; p=3: 0 + O(3^3); p=5: 518 + O(5^4); p=65537: 1718039401 + O(65537^2)}": the round trip changed the set
FAIL tests/test_text_local.c:1225: round_trips_of_generated_values: check failed: adf_lball_identical(&x->loc[k], &y->loc[k]) | "{inf: 0.53125; p=3: 0 + O(3^1); p=5: 0 + O(5^2); p=65537: 49092 + O(65537^1); p=18446744073709551557: 9223372036854775780 + O(18446744073709551557^1)}": the component 0
FAIL tests/test_text_local.c:1225: round_trips_of_generated_values: check failed: adf_lball_identical(&x->loc[k], &y->loc[k]) | "{inf: 0.53125; p=3: 0 + O(3^1); p=5: 0 + O(5^2); p=65537: 49092 + O(65537^1); p=18446744073709551557: 9223372036854775780 + O(18446744073709551557^1)}": the component 1
FAIL tests/test_text_local.c:1232: round_trips_of_generated_values: check failed: adf_sball_equal_set(x, y) | "{inf: 0.53125; p=3: 0 + O(3^1); p=5: 0 + O(5^2); p=65537: 49092 + O(65537^1); p=18446744073709551557: 9223372036854775780 + O(18446744073709551557^1)}": the round trip changed the set
FAIL tests/test_text_local.c:1225: round_trips_of_generated_values: check failed: adf_lball_identical(&x->loc[k], &y->loc[k]) | "{inf: 121; p=2: 0 + O(2^2); p=3: 0 + O(3^3); p=7: 0 + O(7^0); p=65537: 4295098091 + O(65537^2); p=18446744073709551557: 1423991357280606698824236920774183122103450235736051095658469063175277013232531580624416607966438 + O(18446744073709551557^5)}": the component 0
FAIL tests/test_text_local.c:1225: round_trips_of_generated_values: check failed: adf_lball_identical(&x->loc[k], &y->loc[k]) | "{inf: 121; p=2: 0 + O(2^2); p=3: 0 + O(3^3); p=7: 0 + O(7^0); p=65537: 4295098091 + O(65537^2); p=18446744073709551557: 1423991357280606698824236920774183122103450235736051095658469063175277013232531580624416607966438 + O(18446744073709551557^5)}": the component 1
FAIL tests/test_text_local.c:1232: round_trips_of_generated_values: check failed: adf_sball_equal_set(x, y) | "{inf: 121; p=2: 0 + O(2^2); p=3: 0 + O(3^3); p=7: 0 + O(7^0); p=65537: 4295098091 + O(65537^2); p=18446744073709551557: 1423991357280606698824236920774183122103450235736051095658469063175277013232531580624416607966438 + O(18446744073709551557^5)}": the round trip changed the set
FAIL tests/test_text_local.c:1225: round_trips_of_generated_values: check failed: adf_lball_identical(&x->loc[k], &y->loc[k]) | "{inf: 96; p=2: 0 + O(2^2); p=65537: 0 + O(65537^2)}": the component 0
FAIL tests/test_text_local.c:1225: round_trips_of_generated_values: check failed: adf_lball_identical(&x->loc[k], &y->loc[k]) | "{inf: 96; p=2: 0 + O(2^2); p=65537: 0 + O(65537^2)}": the component 1
FAIL tests/test_text_local.c:1232: round_trips_of_generated_values: check failed: adf_sball_equal_set(x, y) | "{inf: 96; p=2: 0 + O(2^2); p=65537: 0 + O(65537^2)}": the round trip changed the set
FAIL tests/test_text_local.c:1225: round_trips_of_generated_values: check failed: adf_lball_identical(&x->loc[k], &y->loc[k]) | "{inf: 216; p=2: 0 + O(2^3); p=3: 5 + O(3^2); p=5: 2583 + O(5^5)}": the component 0
FAIL tests/test_text_local.c:1232: round_trips_of_generated_values: check failed: adf_sball_equal_set(x, y) | "{inf: 216; p=2: 0 + O(2^3); p=3: 5 + O(3^2); p=5: 2583 + O(5^5)}": the round trip changed the set
FAIL tests/test_text_local.c:1225: round_trips_of_generated_values: check failed: adf_lball_identical(&x->loc[k], &y->loc[k]) | "{p=2: 3/2 + O(2^1); p=3: 0 + O(3^0); p=65537: 0 + O(65537^2); p=18446744073709551557: 255211775190703845964994105050530843219 + O(18446744073709551557^2)}": the component 2
FAIL tests/test_text_local.c:1232: round_trips_of_generated_values: check failed: adf_sball_equal_set(x, y) | "{p=2: 3/2 + O(2^1); p=3: 0 + O(3^0); p=65537: 0 + O(65537^2); p=18446744073709551557: 255211775190703845964994105050530843219 + O(18446744073709551557^2)}": the round trip changed the set
FAIL tests/test_text_local.c:1225: round_trips_of_generated_values: check failed: adf_lball_identical(&x->loc[k], &y->loc[k]) | "{inf: 0.09375; p=5: 2 + O(5^1); p=7: 0 + O(7^3)}": the component 1
FAIL tests/test_text_local.c:1232: round_trips_of_generated_values: check failed: adf_sball_equal_set(x, y) | "{inf: 0.09375; p=5: 2 + O(5^1); p=7: 0 + O(7^3)}": the round trip changed the set
FAIL tests/test_text_local.c:1225: round_trips_of_generated_values: check failed: adf_lball_identical(&x->loc[k], &y->loc[k]) | "{p=2: 0 + O(2^1); p=18446744073709551557: 107 + O(18446744073709551557^2)}": the component 0
FAIL tests/test_text_local.c:1232: round_trips_of_generated_values: check failed: adf_sball_equal_set(x, y) | "{p=2: 0 + O(2^1); p=18446744073709551557: 107 + O(18446744073709551557^2)}": the round trip changed the set
FAIL tests/test_text_local.c:1225: round_trips_of_generated_values: check failed: adf_lball_identical(&x->loc[k], &y->loc[k]) | "{inf: -332; p=2: 81/4 + O(2^5); p=3: 1 + O(3^1); p=7: 0 + O(7^1)}": the component 2
FAIL tests/test_text_local.c:1232: round_trips_of_generated_values: check failed: adf_sball_equal_set(x, y) | "{inf: -332; p=2: 81/4 + O(2^5); p=3: 1 + O(3^1); p=7: 0 + O(7^1)}": the round trip changed the set
FAIL tests/test_text_local.c:1225: round_trips_of_generated_values: check failed: adf_lball_identical(&x->loc[k], &y->loc[k]) | "{inf: 636; p=3: 5 + O(3^2); p=5: 86/5 + O(5^2); p=7: 0 + O(7^3); p=65537: 0 + O(65537^3)}": the component 2
FAIL tests/test_text_local.c:1225: round_trips_of_generated_values: check failed: adf_lball_identical(&x->loc[k], &y->loc[k]) | "{inf: 636; p=3: 5 + O(3^2); p=5: 86/5 + O(5^2); p=7: 0 + O(7^3); p=65537: 0 + O(65537^3)}": the component 3
FAIL tests/test_text_local.c:1232: round_trips_of_generated_values: check failed: adf_sball_equal_set(x, y) | "{inf: 636; p=3: 5 + O(3^2); p=5: 86/5 + O(5^2); p=7: 0 + O(7^3); p=65537: 0 + O(65537^3)}": the round trip changed the set
FAIL tests/test_text_local.c:1225: round_trips_of_generated_values: check failed: adf_lball_identical(&x->loc[k], &y->loc[k]) | "{inf: 0.609375; p=2: 0 + O(2^1); p=3: 2/3 + O(3^1); p=5: 0 + O(5^3); p=7: 404 + O(7^4)}": the component 0
FAIL tests/test_text_local.c:1225: round_trips_of_generated_values: check failed: adf_lball_identical(&x->loc[k], &y->loc[k]) | "{inf: 0.609375; p=2: 0 + O(2^1); p=3: 2/3 + O(3^1); p=5: 0 + O(5^3); p=7: 404 + O(7^4)}": the component 2
FAIL tests/test_text_local.c:1232: round_trips_of_generated_values: check failed: adf_sball_equal_set(x, y) | "{inf: 0.609375; p=2: 0 + O(2^1); p=3: 2/3 + O(3^1); p=5: 0 + O(5^3); p=7: 404 + O(7^4)}": the round trip changed the set
FAIL tests/test_text_local.c:1225: round_trips_of_generated_values: check failed: adf_lball_identical(&x->loc[k], &y->loc[k]) | "{p=7: 34 + O(7^2); p=65537: 0 + O(65537^2)}": the component 1
FAIL tests/test_text_local.c:1232: round_trips_of_generated_values: check failed: adf_sball_equal_set(x, y) | "{p=7: 34 + O(7^2); p=65537: 0 + O(65537^2)}": the round trip changed the set
FAIL tests/test_text_local.c:1225: round_trips_of_generated_values: check failed: adf_lball_identical(&x->loc[k], &y->loc[k]) | "{p=3: 0 + O(3^1); p=5: 0 + O(5^2); p=7: 16798 + O(7^5); p=65537: 3221323748 + O(65537^2); p=18446744073709551557: 0 + O(18446744073709551557^0)}": the component 1
FAIL tests/test_text_local.c:1232: round_trips_of_generated_values: check failed: adf_sball_equal_set(x, y) | "{p=3: 0 + O(3^1); p=5: 0 + O(5^2); p=7: 16798 + O(7^5); p=65537: 3221323748 + O(65537^2); p=18446744073709551557: 0 + O(18446744073709551557^0)}": the round trip changed the set
FAIL tests/test_text_local.c:1225: round_trips_of_generated_values: check failed: adf_lball_identical(&x->loc[k], &y->loc[k]) | "{inf: -352; p=5: 27 + O(5^5); p=7: 16760 + O(7^5); p=65537: 0 + O(65537^2)}": the component 2
FAIL tests/test_text_local.c:1232: round_trips_of_generated_values: check failed: adf_sball_equal_set(x, y) | "{inf: -352; p=5: 27 + O(5^5); p=7: 16760 + O(7^5); p=65537: 0 + O(65537^2)}": the round trip changed the set
FAIL tests/test_text_local.c:1225: round_trips_of_generated_values: check failed: adf_lball_identical(&x->loc[k], &y->loc[k]) | "{inf: 28.25; p=2: 25/2 + O(2^4); p=5: 0 + O(5^1); p=7: 6742 + O(7^5)}": the component 1
FAIL tests/test_text_local.c:1232: round_trips_of_generated_values: check failed: adf_sball_equal_set(x, y) | "{inf: 28.25; p=2: 25/2 + O(2^4); p=5: 0 + O(5^1); p=7: 6742 + O(7^5)}": the round trip changed the set
FAIL tests/test_text_local.c:1225: round_trips_of_generated_values: check failed: adf_lball_identical(&x->loc[k], &y->loc[k]) | "{inf: 0.77734375; p=3: 14/3 + O(3^3); p=5: 1 + O(5^1); p=7: 0 + O(7^2); p=65537: 93829287269679 + O(65537^3)}": the component 2
FAIL tests/test_text_local.c:1232: round_trips_of_generated_values: check failed: adf_sball_equal_set(x, y) | "{inf: 0.77734375; p=3: 14/3 + O(3^3); p=5: 1 + O(5^1); p=7: 0 + O(7^2); p=65537: 93829287269679 + O(65537^3)}": the round trip changed the set
FAIL tests/test_text_local.c:1225: round_trips_of_generated_values: check failed: adf_lball_identical(&x->loc[k], &y->loc[k]) | "{inf: -0.15625; p=5: 847 + O(5^5); p=7: 0 + O(7^2); p=65537: 137 + O(65537^4); p=18446744073709551557: 18446744073709551519 + O(18446744073709551557^1)}": the component 1
FAIL tests/test_text_local.c:1232: round_trips_of_generated_values: check failed: adf_sball_equal_set(x, y) | "{inf: -0.15625; p=5: 847 + O(5^5); p=7: 0 + O(7^2); p=65537: 137 + O(65537^4); p=18446744073709551557: 18446744073709551519 + O(18446744073709551557^1)}": the round trip changed the set
FAIL tests/test_text_local.c:1225: round_trips_of_generated_values: check failed: adf_lball_identical(&x->loc[k], &y->loc[k]) | "{inf: -193; p=18446744073709551557: 0 + O(18446744073709551557^3)}": the component 0
FAIL tests/test_text_local.c:1232: round_trips_of_generated_values: check failed: adf_sball_equal_set(x, y) | "{inf: -193; p=18446744073709551557: 0 + O(18446744073709551557^3)}": the round trip changed the set
FAIL tests/test_text_local.c:1225: round_trips_of_generated_values: check failed: adf_lball_identical(&x->loc[k], &y->loc[k]) | "{p=2: 6 + O(2^3); p=5: 71 + O(5^3); p=7: 0 + O(7^2)}": the component 2
FAIL tests/test_text_local.c:1232: round_trips_of_generated_values: check failed: adf_sball_equal_set(x, y) | "{p=2: 6 + O(2^3); p=5: 71 + O(5^3); p=7: 0 + O(7^2)}": the round trip changed the set
FAIL tests/test_text_local.c:1225: round_trips_of_generated_values: check failed: adf_lball_identical(&x->loc[k], &y->loc[k]) | "{inf: 5696; p=5: 0 + O(5^0); p=7: 0 + O(7^3); p=65537: 0 + O(65537^3); p=18446744073709551557: 0 + O(18446744073709551557^1)}": the component 1
FAIL tests/test_text_local.c:1225: round_trips_of_generated_values: check failed: adf_lball_identical(&x->loc[k], &y->loc[k]) | "{inf: 5696; p=5: 0 + O(5^0); p=7: 0 + O(7^3); p=65537: 0 + O(65537^3); p=18446744073709551557: 0 + O(18446744073709551557^1)}": the component 2
FAIL tests/test_text_local.c:1225: round_trips_of_generated_values: check failed: adf_lball_identical(&x->loc[k], &y->loc[k]) | "{inf: 5696; p=5: 0 + O(5^0); p=7: 0 + O(7^3); p=65537: 0 + O(65537^3); p=18446744073709551557: 0 + O(18446744073709551557^1)}": the component 3
FAIL tests/test_text_local.c:1232: round_trips_of_generated_values: check failed: adf_sball_equal_set(x, y) | "{inf: 5696; p=5: 0 + O(5^0); p=7: 0 + O(7^3); p=65537: 0 + O(65537^3); p=18446744073709551557: 0 + O(18446744073709551557^1)}": the round trip changed the set
FAIL tests/test_text_local.c:1225: round_trips_of_generated_values: check failed: adf_lball_identical(&x->loc[k], &y->loc[k]) | "{inf: 1.015625; p=2: 0 + O(2^1); p=3: 2 + O(3^1); p=65537: 0 + O(65537^0); p=18446744073709551557: 0 + O(18446744073709551557^0)}": the component 0
FAIL tests/test_text_local.c:1232: round_trips_of_generated_values: check failed: adf_sball_equal_set(x, y) | "{inf: 1.015625; p=2: 0 + O(2^1); p=3: 2 + O(3^1); p=65537: 0 + O(65537^0); p=18446744073709551557: 0 + O(18446744073709551557^0)}": the round trip changed the set
FAIL tests/test_text_local.c:1225: round_trips_of_generated_values: check failed: adf_lball_identical(&x->loc[k], &y->loc[k]) | "{inf: 0.3203125; p=3: 0 + O(3^3); p=7: 0 + O(7^1); p=65537: 1431699374 + O(65537^2)}": the component 0
FAIL tests/test_text_local.c:1225: round_trips_of_generated_values: check failed: adf_lball_identical(&x->loc[k], &y->loc[k]) | "{inf: 0.3203125; p=3: 0 + O(3^3); p=7: 0 + O(7^1); p=65537: 1431699374 + O(65537^2)}": the component 1
FAIL tests/test_text_local.c:1232: round_trips_of_generated_values: check failed: adf_sball_equal_set(x, y) | "{inf: 0.3203125; p=3: 0 + O(3^3); p=7: 0 + O(7^1); p=65537: 1431699374 + O(65537^2)}": the round trip changed the set
FAIL tests/test_text_local.c:1225: round_trips_of_generated_values: check failed: adf_lball_identical(&x->loc[k], &y->loc[k]) | "{p=2: 0 + O(2^2); p=18446744073709551557: 2092367245128893567868603492733852858574799430263302801956 + O(18446744073709551557^3)}": the component 0
FAIL tests/test_text_local.c:1232: round_trips_of_generated_values: check failed: adf_sball_equal_set(x, y) | "{p=2: 0 + O(2^2); p=18446744073709551557: 2092367245128893567868603492733852858574799430263302801956 + O(18446744073709551557^3)}": the round trip changed the set
FAIL tests/test_text_local.c:1225: round_trips_of_generated_values: check failed: adf_lball_identical(&x->loc[k], &y->loc[k]) | "{p=3: 0 + O(3^2); p=7: 0 + O(7^0)}": the component 0
FAIL tests/test_text_local.c:1232: round_trips_of_generated_values: check failed: adf_sball_equal_set(x, y) | "{p=3: 0 + O(3^2); p=7: 0 + O(7^0)}": the round trip changed the set
FAIL tests/test_text_local.c:1225: round_trips_of_generated_values: check failed: adf_lball_identical(&x->loc[k], &y->loc[k]) | "{p=2: 0 + O(2^1); p=5: 0 + O(5^1); p=7: 5 + O(7^1); p=65537: 0 + O(65537^3)}": the component 0
FAIL tests/test_text_local.c:1225: round_trips_of_generated_values: check failed: adf_lball_identical(&x->loc[k], &y->loc[k]) | "{p=2: 0 + O(2^1); p=5: 0 + O(5^1); p=7: 5 + O(7^1); p=65537: 0 + O(65537^3)}": the component 1
FAIL tests/test_text_local.c:1225: round_trips_of_generated_values: check failed: adf_lball_identical(&x->loc[k], &y->loc[k]) | "{p=2: 0 + O(2^1); p=5: 0 + O(5^1); p=7: 5 + O(7^1); p=65537: 0 + O(65537^3)}": the component 3
FAIL tests/test_text_local.c:1232: round_trips_of_generated_values: check failed: adf_sball_equal_set(x, y) | "{p=2: 0 + O(2^1); p=5: 0 + O(5^1); p=7: 5 + O(7^1); p=65537: 0 + O(65537^3)}": the round trip changed the set
FAIL tests/test_text_local.c:1225: round_trips_of_generated_values: check failed: adf_lball_identical(&x->loc[k], &y->loc[k]) | "{p=3: 14 + O(3^3); p=65537: 0 + O(65537^2)}": the component 1
FAIL tests/test_text_local.c:1232: round_trips_of_generated_values: check failed: adf_sball_equal_set(x, y) | "{p=3: 14 + O(3^3); p=65537: 0 + O(65537^2)}": the round trip changed the set
FAIL tests/test_text_local.c:1225: round_trips_of_generated_values: check failed: adf_lball_identical(&x->loc[k], &y->loc[k]) | "{p=3: 30 + O(3^4); p=7: 0 + O(7^1); p=18446744073709551557: 0 + O(18446744073709551557^0)}": the component 1
FAIL tests/test_text_local.c:1232: round_trips_of_generated_values: check failed: adf_sball_equal_set(x, y) | "{p=3: 30 + O(3^4); p=7: 0 + O(7^1); p=18446744073709551557: 0 + O(18446744073709551557^0)}": the round trip changed the set
FAIL tests/test_text_local.c:1225: round_trips_of_generated_values: check failed: adf_lball_identical(&x->loc[k], &y->loc[k]) | "{p=2: 1/2 + O(2^0); p=3: 0 + O(3^1); p=7: 2 + O(7^1); p=65537: 0 + O(65537^2)}": the component 1
FAIL tests/test_text_local.c:1225: round_trips_of_generated_values: check failed: adf_lball_identical(&x->loc[k], &y->loc[k]) | "{p=2: 1/2 + O(2^0); p=3: 0 + O(3^1); p=7: 2 + O(7^1); p=65537: 0 + O(65537^2)}": the component 3
FAIL tests/test_text_local.c:1232: round_trips_of_generated_values: check failed: adf_sball_equal_set(x, y) | "{p=2: 1/2 + O(2^0); p=3: 0 + O(3^1); p=7: 2 + O(7^1); p=65537: 0 + O(65537^2)}": the round trip changed the set
FAIL tests/test_text_local.c:1225: round_trips_of_generated_values: check failed: adf_lball_identical(&x->loc[k], &y->loc[k]) | "{inf: -0.84375; p=5: 16 + O(5^2); p=65537: 302254514037447609892927 + O(65537^5); p=18446744073709551557: 0 + O(18446744073709551557^2)}": the component 2
FAIL tests/test_text_local.c:1232: round_trips_of_generated_values: check failed: adf_sball_equal_set(x, y) | "{inf: -0.84375; p=5: 16 + O(5^2); p=65537: 302254514037447609892927 + O(65537^5); p=18446744073709551557: 0 + O(18446744073709551557^2)}": the round trip changed the set
FAIL tests/test_text_local.c:1225: round_trips_of_generated_values: check failed: adf_lball_identical(&x->loc[k], &y->loc[k]) | "{inf: -684; p=2: 1 + O(2^1); p=5: 30 + O(5^3); p=7: 21 + O(7^2); p=65537: 18447869999386460089 + O(65537^4); p=18446744073709551557: 0 + O(18446744073709551557^3)}": the component 4
FAIL tests/test_text_local.c:1232: round_trips_of_generated_values: check failed: adf_sball_equal_set(x, y) | "{inf: -684; p=2: 1 + O(2^1); p=5: 30 + O(5^3); p=7: 21 + O(7^2); p=65537: 18447869999386460089 + O(65537^4); p=18446744073709551557: 0 + O(18446744073709551557^3)}": the round trip changed the set
FAIL tests/test_text_local.c:1225: round_trips_of_generated_values: check failed: adf_lball_identical(&x->loc[k], &y->loc[k]) | "{inf: -0.48046875; p=2: 1/4 + O(2^1); p=3: 0 + O(3^3); p=5: 307 + O(5^4); p=7: 259 + O(7^3); p=65537: 65454 + O(65537^1)}": the component 0
FAIL tests/test_text_local.c:1225: round_trips_of_generated_values: check failed: adf_lball_identical(&x->loc[k], &y->loc[k]) | "{inf: -0.48046875; p=2: 1/4 + O(2^1); p=3: 0 + O(3^3); p=5: 307 + O(5^4); p=7: 259 + O(7^3); p=65537: 65454 + O(65537^1)}": the component 1
FAIL tests/test_text_local.c:1232: round_trips_of_generated_values: check failed: adf_sball_equal_set(x, y) | "{inf: -0.48046875; p=2: 1/4 + O(2^1); p=3: 0 + O(3^3); p=5: 307 + O(5^4); p=7: 259 + O(7^3); p=65537: 65454 + O(65537^1)}": the round trip changed the set
FAIL tests/test_text_local.c:1225: round_trips_of_generated_values: check failed: adf_lball_identical(&x->loc[k], &y->loc[k]) | "{inf: -3488; p=7: 0 + O(7^3); p=18446744073709551557: 2 + O(18446744073709551557^5)}": the component 0
FAIL tests/test_text_local.c:1232: round_trips_of_generated_values: check failed: adf_sball_equal_set(x, y) | "{inf: -3488; p=7: 0 + O(7^3); p=18446744073709551557: 2 + O(18446744073709551557^5)}": the round trip changed the set
FAIL tests/test_text_local.c:1225: round_trips_of_generated_values: check failed: adf_lball_identical(&x->loc[k], &y->loc[k]) | "{inf: 1824; p=2: 1/2 + O(2^1); p=3: 0 + O(3^1); p=7: 0 + O(7^0); p=18446744073709551557: 0 + O(18446744073709551557^1)}": the component 1
FAIL tests/test_text_local.c:1225: round_trips_of_generated_values: check failed: adf_lball_identical(&x->loc[k], &y->loc[k]) | "{inf: 1824; p=2: 1/2 + O(2^1); p=3: 0 + O(3^1); p=7: 0 + O(7^0); p=18446744073709551557: 0 + O(18446744073709551557^1)}": the component 3
FAIL tests/test_text_local.c:1232: round_trips_of_generated_values: check failed: adf_sball_equal_set(x, y) | "{inf: 1824; p=2: 1/2 + O(2^1); p=3: 0 + O(3^1); p=7: 0 + O(7^0); p=18446744073709551557: 0 + O(18446744073709551557^1)}": the round trip changed the set
FAIL tests/test_text_local.c:1225: round_trips_of_generated_values: check failed: adf_lball_identical(&x->loc[k], &y->loc[k]) | "{p=2: 0 + O(2^2); p=7: 323 + O(7^3); p=65537: 101 + O(65537^1); p=18446744073709551557: 0 + O(18446744073709551557^1)}": the component 0
FAIL tests/test_text_local.c:1225: round_trips_of_generated_values: check failed: adf_lball_identical(&x->loc[k], &y->loc[k]) | "{p=2: 0 + O(2^2); p=7: 323 + O(7^3); p=65537: 101 + O(65537^1); p=18446744073709551557: 0 + O(18446744073709551557^1)}": the component 3
FAIL tests/test_text_local.c:1232: round_trips_of_generated_values: check failed: adf_sball_equal_set(x, y) | "{p=2: 0 + O(2^2); p=7: 323 + O(7^3); p=65537: 101 + O(65537^1); p=18446744073709551557: 0 + O(18446744073709551557^1)}": the round trip changed the set
FAIL tests/test_text_local.c:1225: round_trips_of_generated_values: check failed: adf_lball_identical(&x->loc[k], &y->loc[k]) | "{inf: 0.109375; p=2: 0 + O(2^3); p=5: 1 + O(5^2)}": the component 0
FAIL tests/test_text_local.c:1232: round_trips_of_generated_values: check failed: adf_sball_equal_set(x, y) | "{inf: 0.109375; p=2: 0 + O(2^3); p=5: 1 + O(5^2)}": the round trip changed the set
FAIL tests/test_text_local.c:1225: round_trips_of_generated_values: check failed: adf_lball_identical(&x->loc[k], &y->loc[k]) | "{inf: -25.5; p=3: 1 + O(3^1); p=5: 20 + O(5^2); p=65537: 18447869999386460036 + O(65537^4); p=18446744073709551557: 0 + O(18446744073709551557^2)}": the component 3
FAIL tests/test_text_local.c:1232: round_trips_of_generated_values: check failed: adf_sball_equal_set(x, y) | "{inf: -25.5; p=3: 1 + O(3^1); p=5: 20 + O(5^2); p=65537: 18447869999386460036 + O(65537^4); p=18446744073709551557: 0 + O(18446744073709551557^2)}": the round trip changed the set
FAIL tests/test_text_local.c:1225: round_trips_of_generated_values: check failed: adf_lball_identical(&x->loc[k], &y->loc[k]) | "{inf: -384; p=65537: 0 + O(65537^2)}": the component 0
FAIL tests/test_text_local.c:1232: round_trips_of_generated_values: check failed: adf_sball_equal_set(x, y) | "{inf: -384; p=65537: 0 + O(65537^2)}": the round trip changed the set
FAIL tests/test_text_local.c:1225: round_trips_of_generated_values: check failed: adf_lball_identical(&x->loc[k], &y->loc[k]) | "{inf: 0.16015625; p=2: 3/2 + O(2^4); p=5: 0 + O(5^2)}": the component 1
FAIL tests/test_text_local.c:1232: round_trips_of_generated_values: check failed: adf_sball_equal_set(x, y) | "{inf: 0.16015625; p=2: 3/2 + O(2^4); p=5: 0 + O(5^2)}": the round trip changed the set
FAIL tests/test_text_local.c:1225: round_trips_of_generated_values: check failed: adf_lball_identical(&x->loc[k], &y->loc[k]) | "{inf: 5.375; p=2: 0 + O(2^1); p=5: 1521 + O(5^5); p=7: 0 + O(7^3); p=65537: 0 + O(65537^0); p=18446744073709551557: 2092367245128893567868603492733852858574799430263302801906 + O(18446744073709551557^3)}": the component 2
FAIL tests/test_text_local.c:1232: round_trips_of_generated_values: check failed: adf_sball_equal_set(x, y) | "{inf: 5.375; p=2: 0 + O(2^1); p=5: 1521 + O(5^5); p=7: 0 + O(7^3); p=65537: 0 + O(65537^0); p=18446744073709551557: 2092367245128893567868603492733852858574799430263302801906 + O(18446744073709551557^3)}": the round trip changed the set
FAIL tests/test_text_local.c:1225: round_trips_of_generated_values: check failed: adf_lball_identical(&x->loc[k], &y->loc[k]) | "{inf: 128; p=2: 0 + O(2^2); p=3: 0 + O(3^3); p=7: 0 + O(7^0); p=18446744073709551557: 87 + O(18446744073709551557^2)}": the component 0
FAIL tests/test_text_local.c:1225: round_trips_of_generated_values: check failed: adf_lball_identical(&x->loc[k], &y->loc[k]) | "{inf: 128; p=2: 0 + O(2^2); p=3: 0 + O(3^3); p=7: 0 + O(7^0); p=18446744073709551557: 87 + O(18446744073709551557^2)}": the component 1
FAIL tests/test_text_local.c:1232: round_trips_of_generated_values: check failed: adf_sball_equal_set(x, y) | "{inf: 128; p=2: 0 + O(2^2); p=3: 0 + O(3^3); p=7: 0 + O(7^0); p=18446744073709551557: 87 + O(18446744073709551557^2)}": the round trip changed the set
FAIL tests/test_text_local.c:1225: round_trips_of_generated_values: check failed: adf_lball_identical(&x->loc[k], &y->loc[k]) | "{inf: -3424; p=5: 0 + O(5^3)}": the component 0
FAIL tests/test_text_local.c:1232: round_trips_of_generated_values: check failed: adf_sball_equal_set(x, y) | "{inf: -3424; p=5: 0 + O(5^3)}": the round trip changed the set
FAIL tests/test_text_local.c:1225: round_trips_of_generated_values: check failed: adf_lball_identical(&x->loc[k], &y->loc[k]) | "{p=2: 11 + O(2^5); p=3: 19/3 + O(3^2); p=7: 4217 + O(7^5); p=65537: 0 + O(65537^2); p=18446744073709551557: 2135987035920910048236355381161274683155175353604076643487703594762915519848797370936624911949515 + O(18446744073709551557^5)}": the component 3
FAIL tests/test_text_local.c:1232: round_trips_of_generated_values: check failed: adf_sball_equal_set(x, y) | "{p=2: 11 + O(2^5); p=3: 19/3 + O(3^2); p=7: 4217 + O(7^5); p=65537: 0 + O(65537^2); p=18446744073709551557: 2135987035920910048236355381161274683155175353604076643487703594762915519848797370936624911949515 + O(18446744073709551557^5)}": the round trip changed the set
FAIL tests/test_text_local.c:1225: round_trips_of_generated_values: check failed: adf_lball_identical(&x->loc[k], &y->loc[k]) | "{inf: -760; p=18446744073709551557: 0 + O(18446744073709551557^2)}": the component 0
FAIL tests/test_text_local.c:1232: round_trips_of_generated_values: check failed: adf_sball_equal_set(x, y) | "{inf: -760; p=18446744073709551557: 0 + O(18446744073709551557^2)}": the round trip changed the set
FAIL tests/test_text_local.c:1225: round_trips_of_generated_values: check failed: adf_lball_identical(&x->loc[k], &y->loc[k]) | "{inf: 0.1328125; p=2: 0 + O(2^0); p=3: 2/3 + O(3^0); p=65537: 0 + O(65537^3)}": the component 2
FAIL tests/test_text_local.c:1232: round_trips_of_generated_values: check failed: adf_sball_equal_set(x, y) | "{inf: 0.1328125; p=2: 0 + O(2^0); p=3: 2/3 + O(3^0); p=65537: 0 + O(65537^3)}": the round trip changed the set
FAIL tests/test_text_local.c:1225: round_trips_of_generated_values: check failed: adf_lball_identical(&x->loc[k], &y->loc[k]) | "{inf: -73.5; p=3: 0 + O(3^0); p=5: 17 + O(5^2); p=7: 278 + O(7^4); p=65537: 3 + O(65537^3); p=18446744073709551557: 0 + O(18446744073709551557^1)}": the component 4
FAIL tests/test_text_local.c:1232: round_trips_of_generated_values: check failed: adf_sball_equal_set(x, y) | "{inf: -73.5; p=3: 0 + O(3^0); p=5: 17 + O(5^2); p=7: 278 + O(7^4); p=65537: 3 + O(65537^3); p=18446744073709551557: 0 + O(18446744073709551557^1)}": the round trip changed the set
FAIL tests/test_text_local.c:1225: round_trips_of_generated_values: check failed: adf_lball_identical(&x->loc[k], &y->loc[k]) | "{p=2: 3 + O(2^4); p=3: 0 + O(3^2); p=65537: 12298579999590973423 + O(65537^4); p=18446744073709551557: 0 + O(18446744073709551557^0)}": the component 1
FAIL tests/test_text_local.c:1232: round_trips_of_generated_values: check failed: adf_sball_equal_set(x, y) | "{p=2: 3 + O(2^4); p=3: 0 + O(3^2); p=65537: 12298579999590973423 + O(65537^4); p=18446744073709551557: 0 + O(18446744073709551557^0)}": the round trip changed the set
FAIL tests/test_text_local.c:1225: round_trips_of_generated_values: check failed: adf_lball_identical(&x->loc[k], &y->loc[k]) | "{inf: -2384; p=2: 0 + O(2^1); p=5: 1 + O(5^1); p=7: 0 + O(7^1)}": the component 0
FAIL tests/test_text_local.c:1225: round_trips_of_generated_values: check failed: adf_lball_identical(&x->loc[k], &y->loc[k]) | "{inf: -2384; p=2: 0 + O(2^1); p=5: 1 + O(5^1); p=7: 0 + O(7^1)}": the component 2
FAIL tests/test_text_local.c:1232: round_trips_of_generated_values: check failed: adf_sball_equal_set(x, y) | "{inf: -2384; p=2: 0 + O(2^1); p=5: 1 + O(5^1); p=7: 0 + O(7^1)}": the round trip changed the set
FAIL tests/test_text_local.c:1225: round_trips_of_generated_values: check failed: adf_lball_identical(&x->loc[k], &y->loc[k]) | "{inf: -0.00390625; p=3: 70/3 + O(3^4); p=5: 0 + O(5^2); p=7: 0 + O(7^1); p=65537: 403006018716596813190522 + O(65537^5)}": the component 1
FAIL tests/test_text_local.c:1225: round_trips_of_generated_values: check failed: adf_lball_identical(&x->loc[k], &y->loc[k]) | "{inf: -0.00390625; p=3: 70/3 + O(3^4); p=5: 0 + O(5^2); p=7: 0 + O(7^1); p=65537: 403006018716596813190522 + O(65537^5)}": the component 2
FAIL tests/test_text_local.c:1232: round_trips_of_generated_values: check failed: adf_sball_equal_set(x, y) | "{inf: -0.00390625; p=3: 70/3 + O(3^4); p=5: 0 + O(5^2); p=7: 0 + O(7^1); p=65537: 403006018716596813190522 + O(65537^5)}": the round trip changed the set
FAIL tests/test_text_local.c:1225: round_trips_of_generated_values: check failed: adf_lball_identical(&x->loc[k], &y->loc[k]) | "{inf: -160; p=2: 0 + O(2^1); p=3: 1 + O(3^3)}": the component 0
FAIL tests/test_text_local.c:1232: round_trips_of_generated_values: check failed: adf_sball_equal_set(x, y) | "{inf: -160; p=2: 0 + O(2^1); p=3: 1 + O(3^3)}": the round trip changed the set
FAIL tests/test_text_local.c:1225: round_trips_of_generated_values: check failed: adf_lball_identical(&x->loc[k], &y->loc[k]) | "{inf: 14; p=2: 0 + O(2^2); p=5: 5 + O(5^3); p=7: 4 + O(7^1); p=65537: 187658574539439 + O(65537^3); p=18446744073709551557: 0 + O(18446744073709551557^1)}": the component 0
FAIL tests/test_text_local.c:1225: round_trips_of_generated_values: check failed: adf_lball_identical(&x->loc[k], &y->loc[k]) | "{inf: 14; p=2: 0 + O(2^2); p=5: 5 + O(5^3); p=7: 4 + O(7^1); p=65537: 187658574539439 + O(65537^3); p=18446744073709551557: 0 + O(18446744073709551557^1)}": the component 4
FAIL tests/test_text_local.c:1232: round_trips_of_generated_values: check failed: adf_sball_equal_set(x, y) | "{inf: 14; p=2: 0 + O(2^2); p=5: 5 + O(5^3); p=7: 4 + O(7^1); p=65537: 187658574539439 + O(65537^3); p=18446744073709551557: 0 + O(18446744073709551557^1)}": the round trip changed the set
FAIL tests/test_text_local.c:1225: round_trips_of_generated_values: check failed: adf_lball_identical(&x->loc[k], &y->loc[k]) | "{inf: 2448; p=2: 0 + O(2^1); p=3: 0 + O(3^2); p=5: 118 + O(5^3); p=65537: 0 + O(65537^2); p=18446744073709551557: 38597363079105397980724991819143751565053732099784007527016115158911951937951 + O(18446744073709551557^4)}": the component 0
FAIL tests/test_text_local.c:1225: round_trips_of_generated_values: check failed: adf_lball_identical(&x->loc[k], &y->loc[k]) | "{inf: 2448; p=2: 0 + O(2^1); p=3: 0 + O(3^2); p=5: 118 + O(5^3); p=65537: 0 + O(65537^2); p=18446744073709551557: 38597363079105397980724991819143751565053732099784007527016115158911951937951 + O(18446744073709551557^4)}": the component 1
FAIL tests/test_text_local.c:1225: round_trips_of_generated_values: check failed: adf_lball_identical(&x->loc[k], &y->loc[k]) | "{inf: 2448; p=2: 0 + O(2^1); p=3: 0 + O(3^2); p=5: 118 + O(5^3); p=65537: 0 + O(65537^2); p=18446744073709551557: 38597363079105397980724991819143751565053732099784007527016115158911951937951 + O(18446744073709551557^4)}": the component 3
FAIL tests/test_text_local.c:1232: round_trips_of_generated_values: check failed: adf_sball_equal_set(x, y) | "{inf: 2448; p=2: 0 + O(2^1); p=3: 0 + O(3^2); p=5: 118 + O(5^3); p=65537: 0 + O(65537^2); p=18446744073709551557: 38597363079105397980724991819143751565053732099784007527016115158911951937951 + O(18446744073709551557^4)}": the round trip changed the set
FAIL tests/test_text_local.c:1225: round_trips_of_generated_values: check failed: adf_lball_identical(&x->loc[k], &y->loc[k]) | "{p=3: 0 + O(3^3); p=18446744073709551557: 97 + O(18446744073709551557^4)}": the component 0
FAIL tests/test_text_local.c:1232: round_trips_of_generated_values: check failed: adf_sball_equal_set(x, y) | "{p=3: 0 + O(3^3); p=18446744073709551557: 97 + O(18446744073709551557^4)}": the round trip changed the set
FAIL tests/test_text_local.c:1225: round_trips_of_generated_values: check failed: adf_lball_identical(&x->loc[k], &y->loc[k]) | "{p=2: 0 + O(2^1); p=3: 1/3 + O(3^0); p=7: 0 + O(7^2); p=65537: 0 + O(65537^1); p=18446744073709551557: 0 + O(18446744073709551557^0)}": the component 2
FAIL tests/test_text_local.c:1225: round_trips_of_generated_values: check failed: adf_lball_identical(&x->loc[k], &y->loc[k]) | "{p=2: 0 + O(2^1); p=3: 1/3 + O(3^0); p=7: 0 + O(7^2); p=65537: 0 + O(65537^1); p=18446744073709551557: 0 + O(18446744073709551557^0)}": the component 3
FAIL tests/test_text_local.c:1232: round_trips_of_generated_values: check failed: adf_sball_equal_set(x, y) | "{p=2: 0 + O(2^1); p=3: 1/3 + O(3^0); p=7: 0 + O(7^2); p=65537: 0 + O(65537^1); p=18446744073709551557: 0 + O(18446744073709551557^0)}": the round trip changed the set
FAIL tests/test_text_local.c:1225: round_trips_of_generated_values: check failed: adf_lball_identical(&x->loc[k], &y->loc[k]) | "{p=5: 0 + O(5^3)}": the component 0
FAIL tests/test_text_local.c:1232: round_trips_of_generated_values: check failed: adf_sball_equal_set(x, y) | "{p=5: 0 + O(5^3)}": the round trip changed the set
FAIL tests/test_text_local.c:1225: round_trips_of_generated_values: check failed: adf_lball_identical(&x->loc[k], &y->loc[k]) | "{inf: 224; p=2: 0 + O(2^3); p=3: 0 + O(3^3)}": the component 1
FAIL tests/test_text_local.c:1232: round_trips_of_generated_values: check failed: adf_sball_equal_set(x, y) | "{inf: 224; p=2: 0 + O(2^3); p=3: 0 + O(3^3)}": the round trip changed the set
FAIL tests/test_text_local.c:1225: round_trips_of_generated_values: check failed: adf_lball_identical(&x->loc[k], &y->loc[k]) | "{inf: -57; p=2: 5 + O(2^3); p=3: 113 + O(3^5); p=7: 8380 + O(7^5); p=18446744073709551557: 0 + O(18446744073709551557^3)}": the component 3
FAIL tests/test_text_local.c:1232: round_trips_of_generated_values: check failed: adf_sball_equal_set(x, y) | "{inf: -57; p=2: 5 + O(2^3); p=3: 113 + O(3^5); p=7: 8380 + O(7^5); p=18446744073709551557: 0 + O(18446744073709551557^3)}": the round trip changed the set
FAIL tests/test_text_local.c:1225: round_trips_of_generated_values: check failed: adf_lball_identical(&x->loc[k], &y->loc[k]) | "{inf: -3.0625; p=2: 1 + O(2^2); p=5: 26 + O(5^5); p=7: 8380 + O(7^5); p=65537: 0 + O(65537^0); p=18446744073709551557: 0 + O(18446744073709551557^1)}": the component 4
FAIL tests/test_text_local.c:1232: round_trips_of_generated_values: check failed: adf_sball_equal_set(x, y) | "{inf: -3.0625; p=2: 1 + O(2^2); p=5: 26 + O(5^5); p=7: 8380 + O(7^5); p=65537: 0 + O(65537^0); p=18446744073709551557: 0 + O(18446744073709551557^1)}": the round trip changed the set
FAIL tests/test_text_local.c:1225: round_trips_of_generated_values: check failed: adf_lball_identical(&x->loc[k], &y->loc[k]) | "{inf: -22272; p=2: 0 + O(2^0); p=3: 0 + O(3^1)}": the component 1
FAIL tests/test_text_local.c:1232: round_trips_of_generated_values: check failed: adf_sball_equal_set(x, y) | "{inf: -22272; p=2: 0 + O(2^0); p=3: 0 + O(3^1)}": the round trip changed the set
FAIL tests/test_text_local.c:1225: round_trips_of_generated_values: check failed: adf_lball_identical(&x->loc[k], &y->loc[k]) | "{p=2: 0 + O(2^3); p=3: 0 + O(3^3); p=5: 0 + O(5^0); p=7: 724 + O(7^4)}": the component 0
FAIL tests/test_text_local.c:1225: round_trips_of_generated_values: check failed: adf_lball_identical(&x->loc[k], &y->loc[k]) | "{p=2: 0 + O(2^3); p=3: 0 + O(3^3); p=5: 0 + O(5^0); p=7: 724 + O(7^4)}": the component 1
FAIL tests/test_text_local.c:1232: round_trips_of_generated_values: check failed: adf_sball_equal_set(x, y) | "{p=2: 0 + O(2^3); p=3: 0 + O(3^3); p=5: 0 + O(5^0); p=7: 724 + O(7^4)}": the round trip changed the set
FAIL tests/test_text_local.c:1225: round_trips_of_generated_values: check failed: adf_lball_identical(&x->loc[k], &y->loc[k]) | "{inf: -0.01171875; p=2: 0 + O(2^3); p=3: 7/3 + O(3^2); p=65537: 0 + O(65537^2); p=18446744073709551557: 0 + O(18446744073709551557^3)}": the component 2
FAIL tests/test_text_local.c:1225: round_trips_of_generated_values: check failed: adf_lball_identical(&x->loc[k], &y->loc[k]) | "{inf: -0.01171875; p=2: 0 + O(2^3); p=3: 7/3 + O(3^2); p=65537: 0 + O(65537^2); p=18446744073709551557: 0 + O(18446744073709551557^3)}": the component 3
FAIL tests/test_text_local.c:1232: round_trips_of_generated_values: check failed: adf_sball_equal_set(x, y) | "{inf: -0.01171875; p=2: 0 + O(2^3); p=3: 7/3 + O(3^2); p=65537: 0 + O(65537^2); p=18446744073709551557: 0 + O(18446744073709551557^3)}": the round trip changed the set
FAIL tests/test_text_local.c:1225: round_trips_of_generated_values: check failed: adf_lball_identical(&x->loc[k], &y->loc[k]) | "{p=3: 13/3 + O(3^2); p=5: 0 + O(5^3); p=7: 4 + O(7^1); p=65537: 906763542112342829678646 + O(65537^5); p=18446744073709551557: 3138550867693340351802905239100779287862199145394954202921 + O(18446744073709551557^3)}": the component 1
FAIL tests/test_text_local.c:1232: round_trips_of_generated_values: check failed: adf_sball_equal_set(x, y) | "{p=3: 13/3 + O(3^2); p=5: 0 + O(5^3); p=7: 4 + O(7^1); p=65537: 906763542112342829678646 + O(65537^5); p=18446744073709551557: 3138550867693340351802905239100779287862199145394954202921 + O(18446744073709551557^3)}": the round trip changed the set
FAIL tests/test_text_local.c:1225: round_trips_of_generated_values: check failed: adf_lball_identical(&x->loc[k], &y->loc[k]) | "{inf: -102; p=2: 0 + O(2^3); p=7: 241 + O(7^3); p=65537: 1209018056149790439571425 + O(65537^5)}": the component 0
FAIL tests/test_text_local.c:1232: round_trips_of_generated_values: check failed: adf_sball_equal_set(x, y) | "{inf: -102; p=2: 0 + O(2^3); p=7: 241 + O(7^3); p=65537: 1209018056149790439571425 + O(65537^5)}": the round trip changed the set
FAIL tests/test_text_local.c:1225: round_trips_of_generated_values: check failed: adf_lball_identical(&x->loc[k], &y->loc[k]) | "{inf: -1.359375; p=2: 0 + O(2^3); p=5: 23/5 + O(5^1); p=7: 0 + O(7^0); p=65537: 0 + O(65537^1)}": the component 0
FAIL tests/test_text_local.c:1225: round_trips_of_generated_values: check failed: adf_lball_identical(&x->loc[k], &y->loc[k]) | "{inf: -1.359375; p=2: 0 + O(2^3); p=5: 23/5 + O(5^1); p=7: 0 + O(7^0); p=65537: 0 + O(65537^1)}": the component 3
FAIL tests/test_text_local.c:1232: round_trips_of_generated_values: check failed: adf_sball_equal_set(x, y) | "{inf: -1.359375; p=2: 0 + O(2^3); p=5: 23/5 + O(5^1); p=7: 0 + O(7^0); p=65537: 0 + O(65537^1)}": the round trip changed the set
FAIL tests/test_text_local.c:1225: round_trips_of_generated_values: check failed: adf_lball_identical(&x->loc[k], &y->loc[k]) | "{inf: 0.125; p=2: 7 + O(2^3); p=3: 5/3 + O(3^1); p=5: 0 + O(5^3)}": the component 2
FAIL tests/test_text_local.c:1232: round_trips_of_generated_values: check failed: adf_sball_equal_set(x, y) | "{inf: 0.125; p=2: 7 + O(2^3); p=3: 5/3 + O(3^1); p=5: 0 + O(5^3)}": the round trip changed the set
FAIL tests/test_text_local.c:1225: round_trips_of_generated_values: check failed: adf_lball_identical(&x->loc[k], &y->loc[k]) | "{p=2: 0 + O(2^0); p=5: 0 + O(5^2); p=18446744073709551557: 340282366920938461286658806734041124122 + O(18446744073709551557^2)}": the component 1
FAIL tests/test_text_local.c:1232: round_trips_of_generated_values: check failed: adf_sball_equal_set(x, y) | "{p=2: 0 + O(2^0); p=5: 0 + O(5^2); p=18446744073709551557: 340282366920938461286658806734041124122 + O(18446744073709551557^2)}": the round trip changed the set
FAIL tests/test_text_local.c:1225: round_trips_of_generated_values: check failed: adf_lball_identical(&x->loc[k], &y->loc[k]) | "{p=2: 1/2 + O(2^1); p=3: 0 + O(3^0); p=5: 233/5 + O(5^4); p=65537: 0 + O(65537^3); p=18446744073709551557: 0 + O(18446744073709551557^3)}": the component 3
FAIL tests/test_text_local.c:1225: round_trips_of_generated_values: check failed: adf_lball_identical(&x->loc[k], &y->loc[k]) | "{p=2: 1/2 + O(2^1); p=3: 0 + O(3^0); p=5: 233/5 + O(5^4); p=65537: 0 + O(65537^3); p=18446744073709551557: 0 + O(18446744073709551557^3)}": the component 4
FAIL tests/test_text_local.c:1232: round_trips_of_generated_values: check failed: adf_sball_equal_set(x, y) | "{p=2: 1/2 + O(2^1); p=3: 0 + O(3^0); p=5: 233/5 + O(5^4); p=65537: 0 + O(65537^3); p=18446744073709551557: 0 + O(18446744073709551557^3)}": the round trip changed the set
FAIL tests/test_text_local.c:1225: round_trips_of_generated_values: check failed: adf_lball_identical(&x->loc[k], &y->loc[k]) | "{p=2: 9 + O(2^4); p=7: 0 + O(7^2); p=65537: 0 + O(65537^3)}": the component 1
FAIL tests/test_text_local.c:1225: round_trips_of_generated_values: check failed: adf_lball_identical(&x->loc[k], &y->loc[k]) | "{p=2: 9 + O(2^4); p=7: 0 + O(7^2); p=65537: 0 + O(65537^3)}": the component 2
FAIL tests/test_text_local.c:1232: round_trips_of_generated_values: check failed: adf_sball_equal_set(x, y) | "{p=2: 9 + O(2^4); p=7: 0 + O(7^2); p=65537: 0 + O(65537^3)}": the round trip changed the set
FAIL tests/test_text_local.c:1225: round_trips_of_generated_values: check failed: adf_lball_identical(&x->loc[k], &y->loc[k]) | "{p=65537: 0 + O(65537^3)}": the component 0
FAIL tests/test_text_local.c:1232: round_trips_of_generated_values: check failed: adf_sball_equal_set(x, y) | "{p=65537: 0 + O(65537^3)}": the round trip changed the set
FAIL tests/test_text_local.c:1225: round_trips_of_generated_values: check failed: adf_lball_identical(&x->loc[k], &y->loc[k]) | "{inf: -144; p=2: 0 + O(2^3); p=3: 0 + O(3^3); p=7: 0 + O(7^2); p=65537: 1209018056149790439571455 + O(65537^5); p=18446744073709551557: 0 + O(18446744073709551557^0)}": the component 0
FAIL tests/test_text_local.c:1225: round_trips_of_generated_values: check failed: adf_lball_identical(&x->loc[k], &y->loc[k]) | "{inf: -144; p=2: 0 + O(2^3); p=3: 0 + O(3^3); p=7: 0 + O(7^2); p=65537: 1209018056149790439571455 + O(65537^5); p=18446744073709551557: 0 + O(18446744073709551557^0)}": the component 1
FAIL tests/test_text_local.c:1225: round_trips_of_generated_values: check failed: adf_lball_identical(&x->loc[k], &y->loc[k]) | "{inf: -144; p=2: 0 + O(2^3); p=3: 0 + O(3^3); p=7: 0 + O(7^2); p=65537: 1209018056149790439571455 + O(65537^5); p=18446744073709551557: 0 + O(18446744073709551557^0)}": the component 2
FAIL tests/test_text_local.c:1232: round_trips_of_generated_values: check failed: adf_sball_equal_set(x, y) | "{inf: -144; p=2: 0 + O(2^3); p=3: 0 + O(3^3); p=7: 0 + O(7^2); p=65537: 1209018056149790439571455 + O(65537^5); p=18446744073709551557: 0 + O(18446744073709551557^0)}": the round trip changed the set
FAIL tests/test_text_local.c:1225: round_trips_of_generated_values: check failed: adf_lball_identical(&x->loc[k], &y->loc[k]) | "{inf: 172; p=2: 5/2 + O(2^3); p=3: 0 + O(3^1); p=7: 0 + O(7^1); p=65537: 32828 + O(65537^1)}": the component 1
FAIL tests/test_text_local.c:1232: round_trips_of_generated_values: check failed: adf_sball_equal_set(x, y) | "{inf: 172; p=2: 5/2 + O(2^3); p=3: 0 + O(3^1); p=7: 0 + O(7^1); p=65537: 32828 + O(65537^1)}": the round trip changed the set
FAIL tests/test_text_local.c:1225: round_trips_of_generated_values: check failed: adf_lball_identical(&x->loc[k], &y->loc[k]) | "{p=2: 0 + O(2^3); p=3: 55 + O(3^4); p=7: 0 + O(7^3); p=65537: 65276 + O(65537^1); p=18446744073709551557: 23158417847463238788434995091486250939032239259870404516209669095347171162820 + O(18446744073709551557^4)}": the component 2
FAIL tests/test_text_local.c:1232: round_trips_of_generated_values: check failed: adf_sball_equal_set(x, y) | "{p=2: 0 + O(2^3); p=3: 55 + O(3^4); p=7: 0 + O(7^3); p=65537: 65276 + O(65537^1); p=18446744073709551557: 23158417847463238788434995091486250939032239259870404516209669095347171162820 + O(18446744073709551557^4)}": the round trip changed the set
FAIL tests/test_text_local.c:1225: round_trips_of_generated_values: check failed: adf_lball_identical(&x->loc[k], &y->loc[k]) | "{inf: -4832; p=5: 0 + O(5^1); p=7: 4 + O(7^1); p=18446744073709551557: 0 + O(18446744073709551557^2)}": the component 0
FAIL tests/test_text_local.c:1225: round_trips_of_generated_values: check failed: adf_lball_identical(&x->loc[k], &y->loc[k]) | "{inf: -4832; p=5: 0 + O(5^1); p=7: 4 + O(7^1); p=18446744073709551557: 0 + O(18446744073709551557^2)}": the component 2
FAIL tests/test_text_local.c:1232: round_trips_of_generated_values: check failed: adf_sball_equal_set(x, y) | "{inf: -4832; p=5: 0 + O(5^1); p=7: 4 + O(7^1); p=18446744073709551557: 0 + O(18446744073709551557^2)}": the round trip changed the set
FAIL tests/test_text_local.c:1225: round_trips_of_generated_values: check failed: adf_lball_identical(&x->loc[k], &y->loc[k]) | "{inf: 0.4453125; p=2: 0 + O(2^2); p=18446744073709551557: 39 + O(18446744073709551557^2)}": the component 0
FAIL tests/test_text_local.c:1232: round_trips_of_generated_values: check failed: adf_sball_equal_set(x, y) | "{inf: 0.4453125; p=2: 0 + O(2^2); p=18446744073709551557: 39 + O(18446744073709551557^2)}": the round trip changed the set
FAIL tests/test_text_local.c:1225: round_trips_of_generated_values: check failed: adf_lball_identical(&x->loc[k], &y->loc[k]) | "{inf: -1312; p=2: 7 + O(2^5); p=65537: 0 + O(65537^2); p=18446744073709551557: 0 + O(18446744073709551557^1)}": the component 1
FAIL tests/test_text_local.c:1225: round_trips_of_generated_values: check failed: adf_lball_identical(&x->loc[k], &y->loc[k]) | "{inf: -1312; p=2: 7 + O(2^5); p=65537: 0 + O(65537^2); p=18446744073709551557: 0 + O(18446744073709551557^1)}": the component 2
FAIL tests/test_text_local.c:1232: round_trips_of_generated_values: check failed: adf_sball_equal_set(x, y) | "{inf: -1312; p=2: 7 + O(2^5); p=65537: 0 + O(65537^2); p=18446744073709551557: 0 + O(18446744073709551557^1)}": the round trip changed the set
FAIL tests/test_text_local.c:1225: round_trips_of_generated_values: check failed: adf_lball_identical(&x->loc[k], &y->loc[k]) | "{p=2: 1/2 + O(2^0); p=65537: 0 + O(65537^1); p=18446744073709551557: 3138550867693340351802905239100779287862199145394954202861 + O(18446744073709551557^3)}": the component 1
FAIL tests/test_text_local.c:1232: round_trips_of_generated_values: check failed: adf_sball_equal_set(x, y) | "{p=2: 1/2 + O(2^0); p=65537: 0 + O(65537^1); p=18446744073709551557: 3138550867693340351802905239100779287862199145394954202861 + O(18446744073709551557^3)}": the round trip changed the set
FAIL tests/test_text_local.c:1225: round_trips_of_generated_values: check failed: adf_lball_identical(&x->loc[k], &y->loc[k]) | "{inf: -0.3203125; p=2: 0 + O(2^2); p=3: 0 + O(3^1); p=7: 37 + O(7^2); p=18446744073709551557: 0 + O(18446744073709551557^2)}": the component 0
FAIL tests/test_text_local.c:1225: round_trips_of_generated_values: check failed: adf_lball_identical(&x->loc[k], &y->loc[k]) | "{inf: -0.3203125; p=2: 0 + O(2^2); p=3: 0 + O(3^1); p=7: 37 + O(7^2); p=18446744073709551557: 0 + O(18446744073709551557^2)}": the component 3
FAIL tests/test_text_local.c:1232: round_trips_of_generated_values: check failed: adf_sball_equal_set(x, y) | "{inf: -0.3203125; p=2: 0 + O(2^2); p=3: 0 + O(3^1); p=7: 37 + O(7^2); p=18446744073709551557: 0 + O(18446744073709551557^2)}": the round trip changed the set
FAIL tests/test_text_local.c:1225: round_trips_of_generated_values: check failed: adf_lball_identical(&x->loc[k], &y->loc[k]) | "{inf: 182; p=7: 0 + O(7^3)}": the component 0
FAIL tests/test_text_local.c:1232: round_trips_of_generated_values: check failed: adf_sball_equal_set(x, y) | "{inf: 182; p=7: 0 + O(7^3)}": the round trip changed the set
FAIL tests/test_text_local.c:1225: round_trips_of_generated_values: check failed: adf_lball_identical(&x->loc[k], &y->loc[k]) | "{inf: -67; p=2: 0 + O(2^1); p=5: 0 + O(5^2); p=7: 31 + O(7^2); p=65537: 21825 + O(65537^1); p=18446744073709551557: 6277101735386680703605810478201558575724398290789908405423 + O(18446744073709551557^3)}": the component 0
FAIL tests/test_text_local.c:1225: round_trips_of_generated_values: check failed: adf_lball_identical(&x->loc[k], &y->loc[k]) | "{inf: -67; p=2: 0 + O(2^1); p=5: 0 + O(5^2); p=7: 31 + O(7^2); p=65537: 21825 + O(65537^1); p=18446744073709551557: 6277101735386680703605810478201558575724398290789908405423 + O(18446744073709551557^3)}": the component 1
FAIL tests/test_text_local.c:1232: round_trips_of_generated_values: check failed: adf_sball_equal_set(x, y) | "{inf: -67; p=2: 0 + O(2^1); p=5: 0 + O(5^2); p=7: 31 + O(7^2); p=65537: 21825 + O(65537^1); p=18446744073709551557: 6277101735386680703605810478201558575724398290789908405423 + O(18446744073709551557^3)}": the round trip changed the set
FAIL tests/test_text_local.c:1225: round_trips_of_generated_values: check failed: adf_lball_identical(&x->loc[k], &y->loc[k]) | "{inf: 0.375; p=3: 0 + O(3^1); p=5: 0 + O(5^1); p=7: 16738 + O(7^5); p=65537: 140743930904510 + O(65537^3); p=18446744073709551557: 0 + O(18446744073709551557^2)}": the component 1
FAIL tests/test_text_local.c:1225: round_trips_of_generated_values: check failed: adf_lball_identical(&x->loc[k], &y->loc[k]) | "{inf: 0.375; p=3: 0 + O(3^1); p=5: 0 + O(5^1); p=7: 16738 + O(7^5); p=65537: 140743930904510 + O(65537^3); p=18446744073709551557: 0 + O(18446744073709551557^2)}": the component 4
FAIL tests/test_text_local.c:1232: round_trips_of_generated_values: check failed: adf_sball_equal_set(x, y) | "{inf: 0.375; p=3: 0 + O(3^1); p=5: 0 + O(5^1); p=7: 16738 + O(7^5); p=65537: 140743930904510 + O(65537^3); p=18446744073709551557: 0 + O(18446744073709551557^2)}": the round trip changed the set
FAIL tests/test_text_local.c:1225: round_trips_of_generated_values: check failed: adf_lball_identical(&x->loc[k], &y->loc[k]) | "{p=2: 11 + O(2^4); p=5: 359 + O(5^4); p=7: 0 + O(7^1); p=65537: 32 + O(65537^4); p=18446744073709551557: 137 + O(18446744073709551557^1)}": the component 2
FAIL tests/test_text_local.c:1232: round_trips_of_generated_values: check failed: adf_sball_equal_set(x, y) | "{p=2: 11 + O(2^4); p=5: 359 + O(5^4); p=7: 0 + O(7^1); p=65537: 32 + O(65537^4); p=18446744073709551557: 137 + O(18446744073709551557^1)}": the round trip changed the set
FAIL tests/test_text_local.c:1225: round_trips_of_generated_values: check failed: adf_lball_identical(&x->loc[k], &y->loc[k]) | "{p=65537: 0 + O(65537^3)}": the component 0
FAIL tests/test_text_local.c:1232: round_trips_of_generated_values: check failed: adf_sball_equal_set(x, y) | "{p=65537: 0 + O(65537^3)}": the round trip changed the set
FAIL tests/test_text_local.c:1225: round_trips_of_generated_values: check failed: adf_lball_identical(&x->loc[k], &y->loc[k]) | "{p=2: 0 + O(2^2); p=5: 0 + O(5^1); p=7: 0 + O(7^2)}": the component 0
FAIL tests/test_text_local.c:1225: round_trips_of_generated_values: check failed: adf_lball_identical(&x->loc[k], &y->loc[k]) | "{p=2: 0 + O(2^2); p=5: 0 + O(5^1); p=7: 0 + O(7^2)}": the component 1
FAIL tests/test_text_local.c:1225: round_trips_of_generated_values: check failed: adf_lball_identical(&x->loc[k], &y->loc[k]) | "{p=2: 0 + O(2^2); p=5: 0 + O(5^1); p=7: 0 + O(7^2)}": the component 2
FAIL tests/test_text_local.c:1232: round_trips_of_generated_values: check failed: adf_sball_equal_set(x, y) | "{p=2: 0 + O(2^2); p=5: 0 + O(5^1); p=7: 0 + O(7^2)}": the round trip changed the set
FAIL tests/test_text_local.c:1225: round_trips_of_generated_values: check failed: adf_lball_identical(&x->loc[k], &y->loc[k]) | "{inf: -26; p=2: 0 + O(2^2); p=7: 2 + O(7^1); p=65537: 93829287269749 + O(65537^3); p=18446744073709551557: 6277101735386680703605810478201558575724398290789908405563 + O(18446744073709551557^3)}": the component 0
FAIL tests/test_text_local.c:1232: round_trips_of_generated_values: check failed: adf_sball_equal_set(x, y) | "{inf: -26; p=2: 0 + O(2^2); p=7: 2 + O(7^1); p=65537: 93829287269749 + O(65537^3); p=18446744073709551557: 6277101735386680703605810478201558575724398290789908405563 + O(18446744073709551557^3)}": the round trip changed the set
FAIL tests/test_text_local.c:1225: round_trips_of_generated_values: check failed: adf_lball_identical(&x->loc[k], &y->loc[k]) | "{inf: 256; p=2: 1 + O(2^1); p=5: 0 + O(5^2); p=65537: 0 + O(65537^1); p=18446744073709551557: 0 + O(18446744073709551557^1)}": the component 1
FAIL tests/test_text_local.c:1225: round_trips_of_generated_values: check failed: adf_lball_identical(&x->loc[k], &y->loc[k]) | "{inf: 256; p=2: 1 + O(2^1); p=5: 0 + O(5^2); p=65537: 0 + O(65537^1); p=18446744073709551557: 0 + O(18446744073709551557^1)}": the component 2
FAIL tests/test_text_local.c:1225: round_trips_of_generated_values: check failed: adf_lball_identical(&x->loc[k], &y->loc[k]) | "{inf: 256; p=2: 1 + O(2^1); p=5: 0 + O(5^2); p=65537: 0 + O(65537^1); p=18446744073709551557: 0 + O(18446744073709551557^1)}": the component 3
FAIL tests/test_text_local.c:1232: round_trips_of_generated_values: check failed: adf_sball_equal_set(x, y) | "{inf: 256; p=2: 1 + O(2^1); p=5: 0 + O(5^2); p=65537: 0 + O(65537^1); p=18446744073709551557: 0 + O(18446744073709551557^1)}": the round trip changed the set
FAIL tests/test_text_local.c:1225: round_trips_of_generated_values: check failed: adf_lball_identical(&x->loc[k], &y->loc[k]) | "{inf: -0.05859375; p=3: 1/3 + O(3^0); p=5: 0 + O(5^2); p=18446744073709551557: 3138550867693340351802905239100779287862199145394954202847 + O(18446744073709551557^3)}": the component 1
FAIL tests/test_text_local.c:1232: round_trips_of_generated_values: check failed: adf_sball_equal_set(x, y) | "{inf: -0.05859375; p=3: 1/3 + O(3^0); p=5: 0 + O(5^2); p=18446744073709551557: 3138550867693340351802905239100779287862199145394954202847 + O(18446744073709551557^3)}": the round trip changed the set
FAIL tests/test_text_local.c:1225: round_trips_of_generated_values: check failed: adf_lball_identical(&x->loc[k], &y->loc[k]) | "{inf: 3840; p=2: 0 + O(2^1); p=3: 0 + O(3^1); p=5: 0 + O(5^3); p=65537: 0 + O(65537^1); p=18446744073709551557: 0 + O(18446744073709551557^2)}": the component 2
FAIL tests/test_text_local.c:1225: round_trips_of_generated_values: check failed: adf_lball_identical(&x->loc[k], &y->loc[k]) | "{inf: 3840; p=2: 0 + O(2^1); p=3: 0 + O(3^1); p=5: 0 + O(5^3); p=65537: 0 + O(65537^1); p=18446744073709551557: 0 + O(18446744073709551557^2)}": the component 3
FAIL tests/test_text_local.c:1225: round_trips_of_generated_values: check failed: adf_lball_identical(&x->loc[k], &y->loc[k]) | "{inf: 3840; p=2: 0 + O(2^1); p=3: 0 + O(3^1); p=5: 0 + O(5^3); p=65537: 0 + O(65537^1); p=18446744073709551557: 0 + O(18446744073709551557^2)}": the component 4
FAIL tests/test_text_local.c:1232: round_trips_of_generated_values: check failed: adf_sball_equal_set(x, y) | "{inf: 3840; p=2: 0 + O(2^1); p=3: 0 + O(3^1); p=5: 0 + O(5^3); p=65537: 0 + O(65537^1); p=18446744073709551557: 0 + O(18446744073709551557^2)}": the round trip changed the set
FAIL tests/test_text_local.c:1225: round_trips_of_generated_values: check failed: adf_lball_identical(&x->loc[k], &y->loc[k]) | "{p=5: 0 + O(5^3)}": the component 0
FAIL tests/test_text_local.c:1232: round_trips_of_generated_values: check failed: adf_sball_equal_set(x, y) | "{p=5: 0 + O(5^3)}": the round trip changed the set
FAIL tests/test_text_local.c:1225: round_trips_of_generated_values: check failed: adf_lball_identical(&x->loc[k], &y->loc[k]) | "{inf: 1280; p=2: 0 + O(2^2); p=3: 0 + O(3^3); p=5: 56 + O(5^3); p=7: 0 + O(7^1); p=65537: 12298579999590973363 + O(65537^4)}": the component 0
FAIL tests/test_text_local.c:1225: round_trips_of_generated_values: check failed: adf_lball_identical(&x->loc[k], &y->loc[k]) | "{inf: 1280; p=2: 0 + O(2^2); p=3: 0 + O(3^3); p=5: 56 + O(5^3); p=7: 0 + O(7^1); p=65537: 12298579999590973363 + O(65537^4)}": the component 1
FAIL tests/test_text_local.c:1225: round_trips_of_generated_values: check failed: adf_lball_identical(&x->loc[k], &y->loc[k]) | "{inf: 1280; p=2: 0 + O(2^2); p=3: 0 + O(3^3); p=5: 56 + O(5^3); p=7: 0 + O(7^1); p=65537: 12298579999590973363 + O(65537^4)}": the component 3
FAIL tests/test_text_local.c:1232: round_trips_of_generated_values: check failed: adf_sball_equal_set(x, y) | "{inf: 1280; p=2: 0 + O(2^2); p=3: 0 + O(3^3); p=5: 56 + O(5^3); p=7: 0 + O(7^1); p=65537: 12298579999590973363 + O(65537^4)}": the round trip changed the set
FAIL tests/test_text_local.c:1225: round_trips_of_generated_values: check failed: adf_lball_identical(&x->loc[k], &y->loc[k]) | "{inf: -624; p=2: 0 + O(2^3); p=18446744073709551557: 0 + O(18446744073709551557^3)}": the component 0
FAIL tests/test_text_local.c:1225: round_trips_of_generated_values: check failed: adf_lball_identical(&x->loc[k], &y->loc[k]) | "{inf: -624; p=2: 0 + O(2^3); p=18446744073709551557: 0 + O(18446744073709551557^3)}": the component 1
FAIL tests/test_text_local.c:1232: round_trips_of_generated_values: check failed: adf_sball_equal_set(x, y) | "{inf: -624; p=2: 0 + O(2^3); p=18446744073709551557: 0 + O(18446744073709551557^3)}": the round trip changed the set
FAIL tests/test_text_local.c:1225: round_trips_of_generated_values: check failed: adf_lball_identical(&x->loc[k], &y->loc[k]) | "{inf: -1808; p=2: 0 + O(2^0); p=5: 0 + O(5^0); p=7: 0 + O(7^1); p=65537: 70371965452248 + O(65537^3)}": the component 2
FAIL tests/test_text_local.c:1232: round_trips_of_generated_values: check failed: adf_sball_equal_set(x, y) | "{inf: -1808; p=2: 0 + O(2^0); p=5: 0 + O(5^0); p=7: 0 + O(7^1); p=65537: 70371965452248 + O(65537^3)}": the round trip changed the set
FAIL tests/test_text_local.c:1225: round_trips_of_generated_values: check failed: adf_lball_identical(&x->loc[k], &y->loc[k]) | "{inf: -3776; p=2: 10 + O(2^5); p=3: 15 + O(3^3); p=5: 77 + O(5^3); p=18446744073709551557: 0 + O(18446744073709551557^1)}": the component 3
FAIL tests/test_text_local.c:1232: round_trips_of_generated_values: check failed: adf_sball_equal_set(x, y) | "{inf: -3776; p=2: 10 + O(2^5); p=3: 15 + O(3^3); p=5: 77 + O(5^3); p=18446744073709551557: 0 + O(18446744073709551557^1)}": the round trip changed the set
FAIL tests/test_text_local.c:1225: round_trips_of_generated_values: check failed: adf_lball_identical(&x->loc[k], &y->loc[k]) | "{inf: -22.875; p=2: 0 + O(2^1); p=5: 0 + O(5^1)}": the component 0
FAIL tests/test_text_local.c:1225: round_trips_of_generated_values: check failed: adf_lball_identical(&x->loc[k], &y->loc[k]) | "{inf: -22.875; p=2: 0 + O(2^1); p=5: 0 + O(5^1)}": the component 1
FAIL tests/test_text_local.c:1232: round_trips_of_generated_values: check failed: adf_sball_equal_set(x, y) | "{inf: -22.875; p=2: 0 + O(2^1); p=5: 0 + O(5^1)}": the round trip changed the set
FAIL tests/test_text_local.c:1225: round_trips_of_generated_values: check failed: adf_lball_identical(&x->loc[k], &y->loc[k]) | "{p=3: 0 + O(3^1); p=7: 6707 + O(7^5); p=65537: 0 + O(65537^3)}": the component 0
FAIL tests/test_text_local.c:1225: round_trips_of_generated_values: check failed: adf_lball_identical(&x->loc[k], &y->loc[k]) | "{p=3: 0 + O(3^1); p=7: 6707 + O(7^5); p=65537: 0 + O(65537^3)}": the component 2
FAIL tests/test_text_local.c:1232: round_trips_of_generated_values: check failed: adf_sball_equal_set(x, y) | "{p=3: 0 + O(3^1); p=7: 6707 + O(7^5); p=65537: 0 + O(65537^3)}": the round trip changed the set
FAIL tests/test_text_local.c:1225: round_trips_of_generated_values: check failed: adf_lball_identical(&x->loc[k], &y->loc[k]) | "{inf: -177; p=2: 0 + O(2^0); p=3: 194 + O(3^5); p=7: 0 + O(7^3); p=65537: 0 + O(65537^1)}": the component 2
FAIL tests/test_text_local.c:1225: round_trips_of_generated_values: check failed: adf_lball_identical(&x->loc[k], &y->loc[k]) | "{inf: -177; p=2: 0 + O(2^0); p=3: 194 + O(3^5); p=7: 0 + O(7^3); p=65537: 0 + O(65537^1)}": the component 3
FAIL tests/test_text_local.c:1232: round_trips_of_generated_values: check failed: adf_sball_equal_set(x, y) | "{inf: -177; p=2: 0 + O(2^0); p=3: 194 + O(3^5); p=7: 0 + O(7^3); p=65537: 0 + O(65537^1)}": the round trip changed the set
FAIL tests/test_text_local.c:1225: round_trips_of_generated_values: check failed: adf_lball_identical(&x->loc[k], &y->loc[k]) | "{inf: 3; p=2: 0 + O(2^1); p=3: 230 + O(3^5); p=5: 0 + O(5^2); p=7: 0 + O(7^1); p=65537: 39 + O(65537^2)}": the component 0
FAIL tests/test_text_local.c:1225: round_trips_of_generated_values: check failed: adf_lball_identical(&x->loc[k], &y->loc[k]) | "{inf: 3; p=2: 0 + O(2^1); p=3: 230 + O(3^5); p=5: 0 + O(5^2); p=7: 0 + O(7^1); p=65537: 39 + O(65537^2)}": the component 2
FAIL tests/test_text_local.c:1232: round_trips_of_generated_values: check failed: adf_sball_equal_set(x, y) | "{inf: 3; p=2: 0 + O(2^1); p=3: 230 + O(3^5); p=5: 0 + O(5^2); p=7: 0 + O(7^1); p=65537: 39 + O(65537^2)}": the round trip changed the set
FAIL tests/test_text_local.c:1225: round_trips_of_generated_values: check failed: adf_lball_identical(&x->loc[k], &y->loc[k]) | "{p=3: 0 + O(3^1)}": the component 0
FAIL tests/test_text_local.c:1232: round_trips_of_generated_values: check failed: adf_sball_equal_set(x, y) | "{p=3: 0 + O(3^1)}": the round trip changed the set
FAIL tests/test_text_local.c:1225: round_trips_of_generated_values: check failed: adf_lball_identical(&x->loc[k], &y->loc[k]) | "{inf: -11200; p=18446744073709551557: 0 + O(18446744073709551557^1)}": the component 0
FAIL tests/test_text_local.c:1232: round_trips_of_generated_values: check failed: adf_sball_equal_set(x, y) | "{inf: -11200; p=18446744073709551557: 0 + O(18446744073709551557^1)}": the round trip changed the set
FAIL tests/test_text_local.c:1225: round_trips_of_generated_values: check failed: adf_lball_identical(&x->loc[k], &y->loc[k]) | "{p=2: 0 + O(2^2)}": the component 0
FAIL tests/test_text_local.c:1232: round_trips_of_generated_values: check failed: adf_sball_equal_set(x, y) | "{p=2: 0 + O(2^2)}": the round trip changed the set
FAIL tests/test_text_local.c:1225: round_trips_of_generated_values: check failed: adf_lball_identical(&x->loc[k], &y->loc[k]) | "{inf: -11.625; p=3: 0 + O(3^2)}": the component 0
FAIL tests/test_text_local.c:1232: round_trips_of_generated_values: check failed: adf_sball_equal_set(x, y) | "{inf: -11.625; p=3: 0 + O(3^2)}": the round trip changed the set
FAIL tests/test_text_local.c:1225: round_trips_of_generated_values: check failed: adf_lball_identical(&x->loc[k], &y->loc[k]) | "{inf: 4.5; p=2: 0 + O(2^3); p=3: 0 + O(3^1); p=18446744073709551557: 170141183460469230643329403367020562245 + O(18446744073709551557^2)}": the component 0
FAIL tests/test_text_local.c:1225: round_trips_of_generated_values: check failed: adf_lball_identical(&x->loc[k], &y->loc[k]) | "{inf: 4.5; p=2: 0 + O(2^3); p=3: 0 + O(3^1); p=18446744073709551557: 170141183460469230643329403367020562245 + O(18446744073709551557^2)}": the component 1
FAIL tests/test_text_local.c:1232: round_trips_of_generated_values: check failed: adf_sball_equal_set(x, y) | "{inf: 4.5; p=2: 0 + O(2^3); p=3: 0 + O(3^1); p=18446744073709551557: 170141183460469230643329403367020562245 + O(18446744073709551557^2)}": the round trip changed the set
FAIL tests/test_text_local.c:1225: round_trips_of_generated_values: check failed: adf_lball_identical(&x->loc[k], &y->loc[k]) | "{inf: -394; p=2: 0 + O(2^1); p=5: 0 + O(5^3); p=7: 2 + O(7^1); p=65537: 95 + O(65537^4)}": the component 0
FAIL tests/test_text_local.c:1225: round_trips_of_generated_values: check failed: adf_lball_identical(&x->loc[k], &y->loc[k]) | "{inf: -394; p=2: 0 + O(2^1); p=5: 0 + O(5^3); p=7: 2 + O(7^1); p=65537: 95 + O(65537^4)}": the component 1
FAIL tests/test_text_local.c:1232: round_trips_of_generated_values: check failed: adf_sball_equal_set(x, y) | "{inf: -394; p=2: 0 + O(2^1); p=5: 0 + O(5^3); p=7: 2 + O(7^1); p=65537: 95 + O(65537^4)}": the round trip changed the set
FAIL tests/test_text_local.c:1225: round_trips_of_generated_values: check failed: adf_lball_identical(&x->loc[k], &y->loc[k]) | "{p=3: 7 + O(3^2); p=5: 487 + O(5^4); p=7: 88 + O(7^5); p=65537: 4295098356 + O(65537^2); p=18446744073709551557: 0 + O(18446744073709551557^2)}": the component 4
FAIL tests/test_text_local.c:1232: round_trips_of_generated_values: check failed: adf_sball_equal_set(x, y) | "{p=3: 7 + O(3^2); p=5: 487 + O(5^4); p=7: 88 + O(7^5); p=65537: 4295098356 + O(65537^2); p=18446744073709551557: 0 + O(18446744073709551557^2)}": the round trip changed the set
FAIL tests/test_text_local.c:1225: round_trips_of_generated_values: check failed: adf_lball_identical(&x->loc[k], &y->loc[k]) | "{inf: 24; p=3: 2 + O(3^1); p=18446744073709551557: 0 + O(18446744073709551557^3)}": the component 1
FAIL tests/test_text_local.c:1232: round_trips_of_generated_values: check failed: adf_sball_equal_set(x, y) | "{inf: 24; p=3: 2 + O(3^1); p=18446744073709551557: 0 + O(18446744073709551557^3)}": the round trip changed the set
FAIL tests/test_text_local.c:1225: round_trips_of_generated_values: check failed: adf_lball_identical(&x->loc[k], &y->loc[k]) | "{inf: 45312; p=2: 2 + O(2^2); p=3: 0 + O(3^1); p=5: 0 + O(5^3); p=7: 0 + O(7^1); p=65537: 0 + O(65537^3)}": the component 1
FAIL tests/test_text_local.c:1225: round_trips_of_generated_values: check failed: adf_lball_identical(&x->loc[k], &y->loc[k]) | "{inf: 45312; p=2: 2 + O(2^2); p=3: 0 + O(3^1); p=5: 0 + O(5^3); p=7: 0 + O(7^1); p=65537: 0 + O(65537^3)}": the component 2
FAIL tests/test_text_local.c:1225: round_trips_of_generated_values: check failed: adf_lball_identical(&x->loc[k], &y->loc[k]) | "{inf: 45312; p=2: 2 + O(2^2); p=3: 0 + O(3^1); p=5: 0 + O(5^3); p=7: 0 + O(7^1); p=65537: 0 + O(65537^3)}": the component 3
FAIL tests/test_text_local.c:1225: round_trips_of_generated_values: check failed: adf_lball_identical(&x->loc[k], &y->loc[k]) | "{inf: 45312; p=2: 2 + O(2^2); p=3: 0 + O(3^1); p=5: 0 + O(5^3); p=7: 0 + O(7^1); p=65537: 0 + O(65537^3)}": the component 4
FAIL tests/test_text_local.c:1232: round_trips_of_generated_values: check failed: adf_sball_equal_set(x, y) | "{inf: 45312; p=2: 2 + O(2^2); p=3: 0 + O(3^1); p=5: 0 + O(5^3); p=7: 0 + O(7^1); p=65537: 0 + O(65537^3)}": the round trip changed the set
FAIL tests/test_text_local.c:1225: round_trips_of_generated_values: check failed: adf_lball_identical(&x->loc[k], &y->loc[k]) | "{p=7: 0 + O(7^1)}": the component 0
FAIL tests/test_text_local.c:1232: round_trips_of_generated_values: check failed: adf_sball_equal_set(x, y) | "{p=7: 0 + O(7^1)}": the round trip changed the set
FAIL tests/test_text_local.c:1225: round_trips_of_generated_values: check failed: adf_lball_identical(&x->loc[k], &y->loc[k]) | "{inf: -0.234375; p=2: 1/2 + O(2^0); p=7: 0 + O(7^2); p=18446744073709551557: 340282366920938461286658806734041124217 + O(18446744073709551557^2)}": the component 1
FAIL tests/test_text_local.c:1232: round_trips_of_generated_values: check failed: adf_sball_equal_set(x, y) | "{inf: -0.234375; p=2: 1/2 + O(2^0); p=7: 0 + O(7^2); p=18446744073709551557: 340282366920938461286658806734041124217 + O(18446744073709551557^2)}": the round trip changed the set
FAIL tests/test_text_local.c:1225: round_trips_of_generated_values: check failed: adf_lball_identical(&x->loc[k], &y->loc[k]) | "{p=2: 2 + O(2^4); p=7: 2806 + O(7^5); p=18446744073709551557: 0 + O(18446744073709551557^1)}": the component 2
FAIL tests/test_text_local.c:1232: round_trips_of_generated_values: check failed: adf_sball_equal_set(x, y) | "{p=2: 2 + O(2^4); p=7: 2806 + O(7^5); p=18446744073709551557: 0 + O(18446744073709551557^1)}": the round trip changed the set
FAIL tests/test_text_local.c:1225: round_trips_of_generated_values: check failed: adf_lball_identical(&x->loc[k], &y->loc[k]) | "{inf: -484; p=2: 0 + O(2^3); p=3: 145/3 + O(3^5); p=7: 0 + O(7^2)}": the component 0
FAIL tests/test_text_local.c:1225: round_trips_of_generated_values: check failed: adf_lball_identical(&x->loc[k], &y->loc[k]) | "{inf: -484; p=2: 0 + O(2^3); p=3: 145/3 + O(3^5); p=7: 0 + O(7^2)}": the component 2
FAIL tests/test_text_local.c:1232: round_trips_of_generated_values: check failed: adf_sball_equal_set(x, y) | "{inf: -484; p=2: 0 + O(2^3); p=3: 145/3 + O(3^5); p=7: 0 + O(7^2)}": the round trip changed the set
FAIL tests/test_text_local.c:1225: round_trips_of_generated_values: check failed: adf_lball_identical(&x->loc[k], &y->loc[k]) | "{inf: -0.65625; p=3: 0 + O(3^3); p=65537: 3689573999877292020 + O(65537^4); p=18446744073709551557: 5 + O(18446744073709551557^3)}": the component 0
FAIL tests/test_text_local.c:1232: round_trips_of_generated_values: check failed: adf_sball_equal_set(x, y) | "{inf: -0.65625; p=3: 0 + O(3^3); p=65537: 3689573999877292020 + O(65537^4); p=18446744073709551557: 5 + O(18446744073709551557^3)}": the round trip changed the set
FAIL tests/test_text_local.c:1225: round_trips_of_generated_values: check failed: adf_lball_identical(&x->loc[k], &y->loc[k]) | "{inf: -25; p=2: 0 + O(2^2); p=3: 1 + O(3^1); p=65537: 26206 + O(65537^1); p=18446744073709551557: 3138550867693340351802905239100779287862199145394954202796 + O(18446744073709551557^3)}": the component 0
FAIL tests/test_text_local.c:1232: round_trips_of_generated_values: check failed: adf_sball_equal_set(x, y) | "{inf: -25; p=2: 0 + O(2^2); p=3: 1 + O(3^1); p=65537: 26206 + O(65537^1); p=18446744073709551557: 3138550867693340351802905239100779287862199145394954202796 + O(18446744073709551557^3)}": the round trip changed the set
FAIL tests/test_text_local.c:1225: round_trips_of_generated_values: check failed: adf_lball_identical(&x->loc[k], &y->loc[k]) | "{inf: -360; p=2: 3 + O(2^2); p=5: 0 + O(5^3); p=65537: 0 + O(65537^3)}": the component 1
FAIL tests/test_text_local.c:1225: round_trips_of_generated_values: check failed: adf_lball_identical(&x->loc[k], &y->loc[k]) | "{inf: -360; p=2: 3 + O(2^2); p=5: 0 + O(5^3); p=65537: 0 + O(65537^3)}": the component 2
FAIL tests/test_text_local.c:1232: round_trips_of_generated_values: check failed: adf_sball_equal_set(x, y) | "{inf: -360; p=2: 3 + O(2^2); p=5: 0 + O(5^3); p=65537: 0 + O(65537^3)}": the round trip changed the set
FAIL tests/test_text_local.c:1225: round_trips_of_generated_values: check failed: adf_lball_identical(&x->loc[k], &y->loc[k]) | "{inf: -1.875; p=3: 65 + O(3^4); p=5: 0 + O(5^3); p=65537: 0 + O(65537^0); p=18446744073709551557: 0 + O(18446744073709551557^0)}": the component 1
FAIL tests/test_text_local.c:1232: round_trips_of_generated_values: check failed: adf_sball_equal_set(x, y) | "{inf: -1.875; p=3: 65 + O(3^4); p=5: 0 + O(5^3); p=65537: 0 + O(65537^0); p=18446744073709551557: 0 + O(18446744073709551557^0)}": the round trip changed the set
FAIL tests/test_text_local.c:1225: round_trips_of_generated_values: check failed: adf_lball_identical(&x->loc[k], &y->loc[k]) | "{inf: -168; p=7: 0 + O(7^3)}": the component 0
FAIL tests/test_text_local.c:1232: round_trips_of_generated_values: check failed: adf_sball_equal_set(x, y) | "{inf: -168; p=7: 0 + O(7^3)}": the round trip changed the set
FAIL tests/test_text_local.c:1225: round_trips_of_generated_values: check failed: adf_lball_identical(&x->loc[k], &y->loc[k]) | "{p=2: 0 + O(2^0); p=3: 0 + O(3^3); p=5: 0 + O(5^3)}": the component 1
FAIL tests/test_text_local.c:1225: round_trips_of_generated_values: check failed: adf_lball_identical(&x->loc[k], &y->loc[k]) | "{p=2: 0 + O(2^0); p=3: 0 + O(3^3); p=5: 0 + O(5^3)}": the component 2
FAIL tests/test_text_local.c:1232: round_trips_of_generated_values: check failed: adf_sball_equal_set(x, y) | "{p=2: 0 + O(2^0); p=3: 0 + O(3^3); p=5: 0 + O(5^3)}": the round trip changed the set
FAIL tests/test_text_local.c:1225: round_trips_of_generated_values: check failed: adf_lball_identical(&x->loc[k], &y->loc[k]) | "{inf: 196; p=5: 2 + O(5^1); p=65537: 0 + O(65537^2); p=18446744073709551557: 3138550867693340351802905239100779287862199145394954202768 + O(18446744073709551557^3)}": the component 1
FAIL tests/test_text_local.c:1232: round_trips_of_generated_values: check failed: adf_sball_equal_set(x, y) | "{inf: 196; p=5: 2 + O(5^1); p=65537: 0 + O(65537^2); p=18446744073709551557: 3138550867693340351802905239100779287862199145394954202768 + O(18446744073709551557^3)}": the round trip changed the set
FAIL tests/test_text_local.c:1225: round_trips_of_generated_values: check failed: adf_lball_identical(&x->loc[k], &y->loc[k]) | "{inf: -1.4375; p=65537: 0 + O(65537^3)}": the component 0
FAIL tests/test_text_local.c:1232: round_trips_of_generated_values: check failed: adf_sball_equal_set(x, y) | "{inf: -1.4375; p=65537: 0 + O(65537^3)}": the round trip changed the set
FAIL tests/test_text_local.c:1225: round_trips_of_generated_values: check failed: adf_lball_identical(&x->loc[k], &y->loc[k]) | "{p=2: 0 + O(2^2); p=5: 0 + O(5^1); p=7: 87 + O(7^3); p=65537: 6149289999795486791 + O(65537^4)}": the component 0
FAIL tests/test_text_local.c:1225: round_trips_of_generated_values: check failed: adf_lball_identical(&x->loc[k], &y->loc[k]) | "{p=2: 0 + O(2^2); p=5: 0 + O(5^1); p=7: 87 + O(7^3); p=65537: 6149289999795486791 + O(65537^4)}": the component 1
FAIL tests/test_text_local.c:1232: round_trips_of_generated_values: check failed: adf_sball_equal_set(x, y) | "{p=2: 0 + O(2^2); p=5: 0 + O(5^1); p=7: 87 + O(7^3); p=65537: 6149289999795486791 + O(65537^4)}": the round trip changed the set
FAIL tests/test_text_local.c:1225: round_trips_of_generated_values: check failed: adf_lball_identical(&x->loc[k], &y->loc[k]) | "{inf: -26.5; p=2: 0 + O(2^1); p=5: 0 + O(5^2)}": the component 1
FAIL tests/test_text_local.c:1232: round_trips_of_generated_values: check failed: adf_sball_equal_set(x, y) | "{inf: -26.5; p=2: 0 + O(2^1); p=5: 0 + O(5^2)}": the round trip changed the set
FAIL tests/test_text_local.c:1225: round_trips_of_generated_values: check failed: adf_lball_identical(&x->loc[k], &y->loc[k]) | "{p=2: 1 + O(2^1); p=5: 0 + O(5^1); p=7: 7 + O(7^2)}": the component 1
FAIL tests/test_text_local.c:1232: round_trips_of_generated_values: check failed: adf_sball_equal_set(x, y) | "{p=2: 1 + O(2^1); p=5: 0 + O(5^1); p=7: 7 + O(7^2)}": the round trip changed the set
FAIL tests/test_text_local.c:1225: round_trips_of_generated_values: check failed: adf_lball_identical(&x->loc[k], &y->loc[k]) | "{p=2: 1 + O(2^1); p=5: 433 + O(5^4); p=7: 156 + O(7^3); p=18446744073709551557: 0 + O(18446744073709551557^3)}": the component 3
FAIL tests/test_text_local.c:1232: round_trips_of_generated_values: check failed: adf_sball_equal_set(x, y) | "{p=2: 1 + O(2^1); p=5: 433 + O(5^4); p=7: 156 + O(7^3); p=18446744073709551557: 0 + O(18446744073709551557^3)}": the round trip changed the set
FAIL tests/test_text_local.c:1225: round_trips_of_generated_values: check failed: adf_lball_identical(&x->loc[k], &y->loc[k]) | "{p=2: 0 + O(2^3); p=18446744073709551557: 6148914691236517258 + O(18446744073709551557^1)}": the component 0
FAIL tests/test_text_local.c:1232: round_trips_of_generated_values: check failed: adf_sball_equal_set(x, y) | "{p=2: 0 + O(2^3); p=18446744073709551557: 6148914691236517258 + O(18446744073709551557^1)}": the round trip changed the set
FAIL tests/test_text_local.c:1225: round_trips_of_generated_values: check failed: adf_lball_identical(&x->loc[k], &y->loc[k]) | "{inf: 1.59375; p=3: 8/3 + O(3^1); p=7: 0 + O(7^3)}": the component 1
FAIL tests/test_text_local.c:1232: round_trips_of_generated_values: check failed: adf_sball_equal_set(x, y) | "{inf: 1.59375; p=3: 8/3 + O(3^1); p=7: 0 + O(7^3)}": the round trip changed the set
FAIL tests/test_text_local.c:1225: round_trips_of_generated_values: check failed: adf_lball_identical(&x->loc[k], &y->loc[k]) | "{inf: 130; p=2: 0 + O(2^1); p=3: 218 + O(3^5); p=65537: 46 + O(65537^5)}": the component 0
FAIL tests/test_text_local.c:1232: round_trips_of_generated_values: check failed: adf_sball_equal_set(x, y) | "{inf: 130; p=2: 0 + O(2^1); p=3: 218 + O(3^5); p=65537: 46 + O(65537^5)}": the round trip changed the set
FAIL tests/test_text_local.c:1225: round_trips_of_generated_values: check failed: adf_lball_identical(&x->loc[k], &y->loc[k]) | "{p=2: 0 + O(2^3); p=3: 0 + O(3^2); p=5: 82 + O(5^3)}": the component 0
FAIL tests/test_text_local.c:1225: round_trips_of_generated_values: check failed: adf_lball_identical(&x->loc[k], &y->loc[k]) | "{p=2: 0 + O(2^3); p=3: 0 + O(3^2); p=5: 82 + O(5^3)}": the component 1
FAIL tests/test_text_local.c:1232: round_trips_of_generated_values: check failed: adf_sball_equal_set(x, y) | "{p=2: 0 + O(2^3); p=3: 0 + O(3^2); p=5: 82 + O(5^3)}": the round trip changed the set
FAIL tests/test_text_local.c:1225: round_trips_of_generated_values: check failed: adf_lball_identical(&x->loc[k], &y->loc[k]) | "{inf: -5.28125; p=2: 0 + O(2^1); p=3: 170/3 + O(3^4); p=5: 0 + O(5^2); p=65537: 43791 + O(65537^1); p=18446744073709551557: 170141183460469230643329403367020562185 + O(18446744073709551557^2)}": the component 0
FAIL tests/test_text_local.c:1225: round_trips_of_generated_values: check failed: adf_lball_identical(&x->loc[k], &y->loc[k]) | "{inf: -5.28125; p=2: 0 + O(2^1); p=3: 170/3 + O(3^4); p=5: 0 + O(5^2); p=65537: 43791 + O(65537^1); p=18446744073709551557: 170141183460469230643329403367020562185 + O(18446744073709551557^2)}": the component 2
FAIL tests/test_text_local.c:1232: round_trips_of_generated_values: check failed: adf_sball_equal_set(x, y) | "{inf: -5.28125; p=2: 0 + O(2^1); p=3: 170/3 + O(3^4); p=5: 0 + O(5^2); p=65537: 43791 + O(65537^1); p=18446744073709551557: 170141183460469230643329403367020562185 + O(18446744073709551557^2)}": the round trip changed the set
FAIL tests/test_text_local.c:1225: round_trips_of_generated_values: check failed: adf_lball_identical(&x->loc[k], &y->loc[k]) | "{p=2: 0 + O(2^2); p=7: 0 + O(7^3)}": the component 0
FAIL tests/test_text_local.c:1225: round_trips_of_generated_values: check failed: adf_lball_identical(&x->loc[k], &y->loc[k]) | "{p=2: 0 + O(2^2); p=7: 0 + O(7^3)}": the component 1
FAIL tests/test_text_local.c:1232: round_trips_of_generated_values: check failed: adf_sball_equal_set(x, y) | "{p=2: 0 + O(2^2); p=7: 0 + O(7^3)}": the round trip changed the set
FAIL tests/test_text_local.c:1225: round_trips_of_generated_values: check failed: adf_lball_identical(&x->loc[k], &y->loc[k]) | "{p=3: 0 + O(3^0); p=7: 0 + O(7^2); p=65537: 3436078699 + O(65537^2); p=18446744073709551557: 340282366920938461286658806734041123983 + O(18446744073709551557^2)}": the component 1
FAIL tests/test_text_local.c:1232: round_trips_of_generated_values: check failed: adf_sball_equal_set(x, y) | "{p=3: 0 + O(3^0); p=7: 0 + O(7^2); p=65537: 3436078699 + O(65537^2); p=18446744073709551557: 340282366920938461286658806734041123983 + O(18446744073709551557^2)}": the round trip changed the set
FAIL tests/test_text_local.c:1225: round_trips_of_generated_values: check failed: adf_lball_identical(&x->loc[k], &y->loc[k]) | "{p=2: 0 + O(2^0); p=3: 11/3 + O(3^2); p=5: 14 + O(5^2); p=65537: 1431699510 + O(65537^2); p=18446744073709551557: 0 + O(18446744073709551557^2)}": the component 4
FAIL tests/test_text_local.c:1232: round_trips_of_generated_values: check failed: adf_sball_equal_set(x, y) | "{p=2: 0 + O(2^0); p=3: 11/3 + O(3^2); p=5: 14 + O(5^2); p=65537: 1431699510 + O(65537^2); p=18446744073709551557: 0 + O(18446744073709551557^2)}": the round trip changed the set
FAIL tests/test_text_local.c:1225: round_trips_of_generated_values: check failed: adf_lball_identical(&x->loc[k], &y->loc[k]) | "{inf: -3088; p=3: 2 + O(3^1); p=65537: 0 + O(65537^1); p=18446744073709551557: 1569275433846670175901452619550389643931099572697477101485 + O(18446744073709551557^3)}": the component 1
FAIL tests/test_text_local.c:1232: round_trips_of_generated_values: check failed: adf_sball_equal_set(x, y) | "{inf: -3088; p=3: 2 + O(3^1); p=65537: 0 + O(65537^1); p=18446744073709551557: 1569275433846670175901452619550389643931099572697477101485 + O(18446744073709551557^3)}": the round trip changed the set
FAIL tests/test_text_local.c:1225: round_trips_of_generated_values: check failed: adf_lball_identical(&x->loc[k], &y->loc[k]) | "{inf: 3136; p=2: 1/2 + O(2^0); p=3: 0 + O(3^1); p=7: 12575 + O(7^5)}": the component 1
FAIL tests/test_text_local.c:1232: round_trips_of_generated_values: check failed: adf_sball_equal_set(x, y) | "{inf: 3136; p=2: 1/2 + O(2^0); p=3: 0 + O(3^1); p=7: 12575 + O(7^5)}": the round trip changed the set
FAIL tests/test_text_local.c:1225: round_trips_of_generated_values: check failed: adf_lball_identical(&x->loc[k], &y->loc[k]) | "{inf: -15616; p=5: 200 + O(5^5); p=7: 0 + O(7^0); p=65537: 0 + O(65537^2)}": the component 2
FAIL tests/test_text_local.c:1232: round_trips_of_generated_values: check failed: adf_sball_equal_set(x, y) | "{inf: -15616; p=5: 200 + O(5^5); p=7: 0 + O(7^0); p=65537: 0 + O(65537^2)}": the round trip changed the set
FAIL tests/test_text_local.c:1225: round_trips_of_generated_values: check failed: adf_lball_identical(&x->loc[k], &y->loc[k]) | "{inf: -24960; p=2: 1/2 + O(2^0); p=3: 0 + O(3^1); p=5: 102 + O(5^3); p=7: 43 + O(7^2)}": the component 1
FAIL tests/test_text_local.c:1232: round_trips_of_generated_values: check failed: adf_sball_equal_set(x, y) | "{inf: -24960; p=2: 1/2 + O(2^0); p=3: 0 + O(3^1); p=5: 102 + O(5^3); p=7: 43 + O(7^2)}": the round trip changed the set
FAIL tests/test_text_local.c:1225: round_trips_of_generated_values: check failed: adf_lball_identical(&x->loc[k], &y->loc[k]) | "{p=2: 5 + O(2^4); p=5: 0 + O(5^3); p=18446744073709551557: 113427455640312820428886268911347041395 + O(18446744073709551557^2)}": the component 1
FAIL tests/test_text_local.c:1232: round_trips_of_generated_values: check failed: adf_sball_equal_set(x, y) | "{p=2: 5 + O(2^4); p=5: 0 + O(5^3); p=18446744073709551557: 113427455640312820428886268911347041395 + O(18446744073709551557^2)}": the round trip changed the set
FAIL tests/test_text_local.c:1225: round_trips_of_generated_values: check failed: adf_lball_identical(&x->loc[k], &y->loc[k]) | "{inf: -8.25; p=2: 3/4 + O(2^0); p=3: 6 + O(3^2); p=7: 0 + O(7^0); p=65537: 0 + O(65537^2); p=18446744073709551557: 0 + O(18446744073709551557^3)}": the component 3
FAIL tests/test_text_local.c:1225: round_trips_of_generated_values: check failed: adf_lball_identical(&x->loc[k], &y->loc[k]) | "{inf: -8.25; p=2: 3/4 + O(2^0); p=3: 6 + O(3^2); p=7: 0 + O(7^0); p=65537: 0 + O(65537^2); p=18446744073709551557: 0 + O(18446744073709551557^3)}": the component 4
FAIL tests/test_text_local.c:1232: round_trips_of_generated_values: check failed: adf_sball_equal_set(x, y) | "{inf: -8.25; p=2: 3/4 + O(2^0); p=3: 6 + O(3^2); p=7: 0 + O(7^0); p=65537: 0 + O(65537^2); p=18446744073709551557: 0 + O(18446744073709551557^3)}": the round trip changed the set
FAIL tests/test_text_local.c:1225: round_trips_of_generated_values: check failed: adf_lball_identical(&x->loc[k], &y->loc[k]) | "{inf: 9472; p=2: 0 + O(2^2); p=7: 0 + O(7^2); p=18446744073709551557: 6148914691236517226 + O(18446744073709551557^1)}": the component 0
FAIL tests/test_text_local.c:1225: round_trips_of_generated_values: check failed: adf_lball_identical(&x->loc[k], &y->loc[k]) | "{inf: 9472; p=2: 0 + O(2^2); p=7: 0 + O(7^2); p=18446744073709551557: 6148914691236517226 + O(18446744073709551557^1)}": the component 1
FAIL tests/test_text_local.c:1232: round_trips_of_generated_values: check failed: adf_sball_equal_set(x, y) | "{inf: 9472; p=2: 0 + O(2^2); p=7: 0 + O(7^2); p=18446744073709551557: 6148914691236517226 + O(18446744073709551557^1)}": the round trip changed the set
FAIL tests/test_text_local.c:1225: round_trips_of_generated_values: check failed: adf_lball_identical(&x->loc[k], &y->loc[k]) | "{p=2: 53/4 + O(2^5); p=3: 0 + O(3^1); p=7: 33 + O(7^5); p=18446744073709551557: 6148914691236517221 + O(18446744073709551557^1)}": the component 1
FAIL tests/test_text_local.c:1232: round_trips_of_generated_values: check failed: adf_sball_equal_set(x, y) | "{p=2: 53/4 + O(2^5); p=3: 0 + O(3^1); p=7: 33 + O(7^5); p=18446744073709551557: 6148914691236517221 + O(18446744073709551557^1)}": the round trip changed the set
FAIL tests/test_text_local.c:1225: round_trips_of_generated_values: check failed: adf_lball_identical(&x->loc[k], &y->loc[k]) | "{inf: -116; p=2: 0 + O(2^1); p=3: 0 + O(3^1); p=7: 40 + O(7^3); p=65537: 65402 + O(65537^1); p=18446744073709551557: 0 + O(18446744073709551557^2)}": the component 1
FAIL tests/test_text_local.c:1225: round_trips_of_generated_values: check failed: adf_lball_identical(&x->loc[k], &y->loc[k]) | "{inf: -116; p=2: 0 + O(2^1); p=3: 0 + O(3^1); p=7: 40 + O(7^3); p=65537: 65402 + O(65537^1); p=18446744073709551557: 0 + O(18446744073709551557^2)}": the component 4
FAIL tests/test_text_local.c:1232: round_trips_of_generated_values: check failed: adf_sball_equal_set(x, y) | "{inf: -116; p=2: 0 + O(2^1); p=3: 0 + O(3^1); p=7: 40 + O(7^3); p=65537: 65402 + O(65537^1); p=18446744073709551557: 0 + O(18446744073709551557^2)}": the round trip changed the set
FAIL tests/test_text_local.c:1225: round_trips_of_generated_values: check failed: adf_lball_identical(&x->loc[k], &y->loc[k]) | "{inf: 1.875; p=3: 0 + O(3^3)}": the component 0
FAIL tests/test_text_local.c:1232: round_trips_of_generated_values: check failed: adf_sball_equal_set(x, y) | "{inf: 1.875; p=3: 0 + O(3^3)}": the round trip changed the set
FAIL tests/test_text_local.c:1225: round_trips_of_generated_values: check failed: adf_lball_identical(&x->loc[k], &y->loc[k]) | "{inf: 0.0703125; p=2: 0 + O(2^2); p=7: 1 + O(7^1); p=65537: 0 + O(65537^1); p=18446744073709551557: 0 + O(18446744073709551557^2)}": the component 0
FAIL tests/test_text_local.c:1225: round_trips_of_generated_values: check failed: adf_lball_identical(&x->loc[k], &y->loc[k]) | "{inf: 0.0703125; p=2: 0 + O(2^2); p=7: 1 + O(7^1); p=65537: 0 + O(65537^1); p=18446744073709551557: 0 + O(18446744073709551557^2)}": the component 2
FAIL tests/test_text_local.c:1225: round_trips_of_generated_values: check failed: adf_lball_identical(&x->loc[k], &y->loc[k]) | "{inf: 0.0703125; p=2: 0 + O(2^2); p=7: 1 + O(7^1); p=65537: 0 + O(65537^1); p=18446744073709551557: 0 + O(18446744073709551557^2)}": the component 3
FAIL tests/test_text_local.c:1232: round_trips_of_generated_values: check failed: adf_sball_equal_set(x, y) | "{inf: 0.0703125; p=2: 0 + O(2^2); p=7: 1 + O(7^1); p=65537: 0 + O(65537^1); p=18446744073709551557: 0 + O(18446744073709551557^2)}": the round trip changed the set
FAIL tests/test_text_local.c:1225: round_trips_of_generated_values: check failed: adf_lball_identical(&x->loc[k], &y->loc[k]) | "{inf: 39.75; p=2: 1/4 + O(2^0); p=3: 43 + O(3^4); p=7: 58 + O(7^5); p=65537: 0 + O(65537^1)}": the component 3
FAIL tests/test_text_local.c:1232: round_trips_of_generated_values: check failed: adf_sball_equal_set(x, y) | "{inf: 39.75; p=2: 1/4 + O(2^0); p=3: 43 + O(3^4); p=7: 58 + O(7^5); p=65537: 0 + O(65537^1)}": the round trip changed the set
FAIL tests/test_text_local.c:1225: round_trips_of_generated_values: check failed: adf_lball_identical(&x->loc[k], &y->loc[k]) | "{inf: -0.27734375; p=2: 1 + O(2^2); p=3: 3 + O(3^2); p=5: 0 + O(5^1); p=7: 0 + O(7^3); p=18446744073709551557: 12297829382473034416 + O(18446744073709551557^1)}": the component 2
FAIL tests/test_text_local.c:1225: round_trips_of_generated_values: check failed: adf_lball_identical(&x->loc[k], &y->loc[k]) | "{inf: -0.27734375; p=2: 1 + O(2^2); p=3: 3 + O(3^2); p=5: 0 + O(5^1); p=7: 0 + O(7^3); p=18446744073709551557: 12297829382473034416 + O(18446744073709551557^1)}": the component 3
FAIL tests/test_text_local.c:1232: round_trips_of_generated_values: check failed: adf_sball_equal_set(x, y) | "{inf: -0.27734375; p=2: 1 + O(2^2); p=3: 3 + O(3^2); p=5: 0 + O(5^1); p=7: 0 + O(7^3); p=18446744073709551557: 12297829382473034416 + O(18446744073709551557^1)}": the round trip changed the set
FAIL tests/test_text_local.c:1225: round_trips_of_generated_values: check failed: adf_lball_identical(&x->loc[k], &y->loc[k]) | "{inf: 172; p=2: 0 + O(2^2); p=3: 1/3 + O(3^0); p=5: 0 + O(5^2); p=65537: 0 + O(65537^1)}": the component 0
FAIL tests/test_text_local.c:1225: round_trips_of_generated_values: check failed: adf_lball_identical(&x->loc[k], &y->loc[k]) | "{inf: 172; p=2: 0 + O(2^2); p=3: 1/3 + O(3^0); p=5: 0 + O(5^2); p=65537: 0 + O(65537^1)}": the component 2
FAIL tests/test_text_local.c:1225: round_trips_of_generated_values: check failed: adf_lball_identical(&x->loc[k], &y->loc[k]) | "{inf: 172; p=2: 0 + O(2^2); p=3: 1/3 + O(3^0); p=5: 0 + O(5^2); p=65537: 0 + O(65537^1)}": the component 3
FAIL tests/test_text_local.c:1232: round_trips_of_generated_values: check failed: adf_sball_equal_set(x, y) | "{inf: 172; p=2: 0 + O(2^2); p=3: 1/3 + O(3^0); p=5: 0 + O(5^2); p=65537: 0 + O(65537^1)}": the round trip changed the set
FAIL tests/test_text_local.c:1225: round_trips_of_generated_values: check failed: adf_lball_identical(&x->loc[k], &y->loc[k]) | "{inf: -0.15625; p=2: 1/4 + O(2^0); p=3: 0 + O(3^3); p=7: 5691 + O(7^5); p=65537: 0 + O(65537^2); p=18446744073709551557: 0 + O(18446744073709551557^2)}": the component 1
FAIL tests/test_text_local.c:1225: round_trips_of_generated_values: check failed: adf_lball_identical(&x->loc[k], &y->loc[k]) | "{inf: -0.15625; p=2: 1/4 + O(2^0); p=3: 0 + O(3^3); p=7: 5691 + O(7^5); p=65537: 0 + O(65537^2); p=18446744073709551557: 0 + O(18446744073709551557^2)}": the component 3
FAIL tests/test_text_local.c:1225: round_trips_of_generated_values: check failed: adf_lball_identical(&x->loc[k], &y->loc[k]) | "{inf: -0.15625; p=2: 1/4 + O(2^0); p=3: 0 + O(3^3); p=7: 5691 + O(7^5); p=65537: 0 + O(65537^2); p=18446744073709551557: 0 + O(18446744073709551557^2)}": the component 4
FAIL tests/test_text_local.c:1232: round_trips_of_generated_values: check failed: adf_sball_equal_set(x, y) | "{inf: -0.15625; p=2: 1/4 + O(2^0); p=3: 0 + O(3^3); p=7: 5691 + O(7^5); p=65537: 0 + O(65537^2); p=18446744073709551557: 0 + O(18446744073709551557^2)}": the round trip changed the set
FAIL tests/test_text_local.c:1225: round_trips_of_generated_values: check failed: adf_lball_identical(&x->loc[k], &y->loc[k]) | "{inf: -15104; p=2: 0 + O(2^3); p=5: 623 + O(5^4); p=7: 22 + O(7^3); p=65537: 2863398927 + O(65537^2); p=18446744073709551557: 0 + O(18446744073709551557^2)}": the component 0
FAIL tests/test_text_local.c:1225: round_trips_of_generated_values: check failed: adf_lball_identical(&x->loc[k], &y->loc[k]) | "{inf: -15104; p=2: 0 + O(2^3); p=5: 623 + O(5^4); p=7: 22 + O(7^3); p=65537: 2863398927 + O(65537^2); p=18446744073709551557: 0 + O(18446744073709551557^2)}": the component 4
FAIL tests/test_text_local.c:1232: round_trips_of_generated_values: check failed: adf_sball_equal_set(x, y) | "{inf: -15104; p=2: 0 + O(2^3); p=5: 623 + O(5^4); p=7: 22 + O(7^3); p=65537: 2863398927 + O(65537^2); p=18446744073709551557: 0 + O(18446744073709551557^2)}": the round trip changed the set
FAIL tests/test_text_local.c:1225: round_trips_of_generated_values: check failed: adf_lball_identical(&x->loc[k], &y->loc[k]) | "{p=3: 14 + O(3^4); p=5: 8 + O(5^3); p=7: 0 + O(7^3); p=18446744073709551557: 0 + O(18446744073709551557^0)}": the component 2
FAIL tests/test_text_local.c:1232: round_trips_of_generated_values: check failed: adf_sball_equal_set(x, y) | "{p=3: 14 + O(3^4); p=5: 8 + O(5^3); p=7: 0 + O(7^3); p=18446744073709551557: 0 + O(18446744073709551557^0)}": the round trip changed the set
FAIL tests/test_text_local.c:1225: round_trips_of_generated_values: check failed: adf_lball_identical(&x->loc[k], &y->loc[k]) | "{inf: -936; p=2: 0 + O(2^0); p=3: 0 + O(3^2); p=7: 0 + O(7^0); p=65537: 0 + O(65537^2)}": the component 1
FAIL tests/test_text_local.c:1225: round_trips_of_generated_values: check failed: adf_lball_identical(&x->loc[k], &y->loc[k]) | "{inf: -936; p=2: 0 + O(2^0); p=3: 0 + O(3^2); p=7: 0 + O(7^0); p=65537: 0 + O(65537^2)}": the component 3
FAIL tests/test_text_local.c:1232: round_trips_of_generated_values: check failed: adf_sball_equal_set(x, y) | "{inf: -936; p=2: 0 + O(2^0); p=3: 0 + O(3^2); p=7: 0 + O(7^0); p=65537: 0 + O(65537^2)}": the round trip changed the set
FAIL tests/test_text_local.c:1225: round_trips_of_generated_values: check failed: adf_lball_identical(&x->loc[k], &y->loc[k]) | "{p=2: 0 + O(2^1); p=7: 0 + O(7^1); p=18446744073709551557: 0 + O(18446744073709551557^1)}": the component 0
FAIL tests/test_text_local.c:1225: round_trips_of_generated_values: check failed: adf_lball_identical(&x->loc[k], &y->loc[k]) | "{p=2: 0 + O(2^1); p=7: 0 + O(7^1); p=18446744073709551557: 0 + O(18446744073709551557^1)}": the component 1
FAIL tests/test_text_local.c:1225: round_trips_of_generated_values: check failed: adf_lball_identical(&x->loc[k], &y->loc[k]) | "{p=2: 0 + O(2^1); p=7: 0 + O(7^1); p=18446744073709551557: 0 + O(18446744073709551557^1)}": the component 2
FAIL tests/test_text_local.c:1232: round_trips_of_generated_values: check failed: adf_sball_equal_set(x, y) | "{p=2: 0 + O(2^1); p=7: 0 + O(7^1); p=18446744073709551557: 0 + O(18446744073709551557^1)}": the round trip changed the set
FAIL tests/test_text_local.c:1225: round_trips_of_generated_values: check failed: adf_lball_identical(&x->loc[k], &y->loc[k]) | "{inf: -2; p=5: 0 + O(5^2); p=7: 18 + O(7^2); p=65537: 0 + O(65537^3)}": the component 0
FAIL tests/test_text_local.c:1225: round_trips_of_generated_values: check failed: adf_lball_identical(&x->loc[k], &y->loc[k]) | "{inf: -2; p=5: 0 + O(5^2); p=7: 18 + O(7^2); p=65537: 0 + O(65537^3)}": the component 2
FAIL tests/test_text_local.c:1232: round_trips_of_generated_values: check failed: adf_sball_equal_set(x, y) | "{inf: -2; p=5: 0 + O(5^2); p=7: 18 + O(7^2); p=65537: 0 + O(65537^3)}": the round trip changed the set
FAIL tests/test_text_local.c:1225: round_trips_of_generated_values: check failed: adf_lball_identical(&x->loc[k], &y->loc[k]) | "{inf: 14.875; p=2: 1 + O(2^2); p=3: 0 + O(3^3); p=65537: 0 + O(65537^3); p=18446744073709551557: 340282366920938461286658806734041124200 + O(18446744073709551557^2)}": the component 1
FAIL tests/test_text_local.c:1225: round_trips_of_generated_values: check failed: adf_lball_identical(&x->loc[k], &y->loc[k]) | "{inf: 14.875; p=2: 1 + O(2^2); p=3: 0 + O(3^3); p=65537: 0 + O(65537^3); p=18446744073709551557: 340282366920938461286658806734041124200 + O(18446744073709551557^2)}": the component 2
FAIL tests/test_text_local.c:1232: round_trips_of_generated_values: check failed: adf_sball_equal_set(x, y) | "{inf: 14.875; p=2: 1 + O(2^2); p=3: 0 + O(3^3); p=65537: 0 + O(65537^3); p=18446744073709551557: 340282366920938461286658806734041124200 + O(18446744073709551557^2)}": the round trip changed the set
FAIL tests/test_text_local.c:1225: round_trips_of_generated_values: check failed: adf_lball_identical(&x->loc[k], &y->loc[k]) | "{inf: 4480; p=5: 0 + O(5^2); p=18446744073709551557: 11068046444225730966 + O(18446744073709551557^1)}": the component 0
FAIL tests/test_text_local.c:1232: round_trips_of_generated_values: check failed: adf_sball_equal_set(x, y) | "{inf: 4480; p=5: 0 + O(5^2); p=18446744073709551557: 11068046444225730966 + O(18446744073709551557^1)}": the round trip changed the set
FAIL tests/test_text_local.c:1225: round_trips_of_generated_values: check failed: adf_lball_identical(&x->loc[k], &y->loc[k]) | "{p=2: 0 + O(2^1); p=5: 0 + O(5^0)}": the component 0
FAIL tests/test_text_local.c:1232: round_trips_of_generated_values: check failed: adf_sball_equal_set(x, y) | "{p=2: 0 + O(2^1); p=5: 0 + O(5^0)}": the round trip changed the set
FAIL tests/test_text_local.c:1225: round_trips_of_generated_values: check failed: adf_lball_identical(&x->loc[k], &y->loc[k]) | "{inf: -1504; p=7: 0 + O(7^3)}": the component 0
FAIL tests/test_text_local.c:1232: round_trips_of_generated_values: check failed: adf_sball_equal_set(x, y) | "{inf: -1504; p=7: 0 + O(7^3)}": the round trip changed the set
FAIL tests/test_text_local.c:1225: round_trips_of_generated_values: check failed: adf_lball_identical(&x->loc[k], &y->loc[k]) | "{inf: -13824; p=7: 236 + O(7^3); p=65537: 0 + O(65537^2); p=18446744073709551557: 57896044618658096971087487728715627347580598149676011290524172738367927907051 + O(18446744073709551557^4)}": the component 1
FAIL tests/test_text_local.c:1232: round_trips_of_generated_values: check failed: adf_sball_equal_set(x, y) | "{inf: -13824; p=7: 236 + O(7^3); p=65537: 0 + O(65537^2); p=18446744073709551557: 57896044618658096971087487728715627347580598149676011290524172738367927907051 + O(18446744073709551557^4)}": the round trip changed the set
FAIL tests/test_text_local.c:1225: round_trips_of_generated_values: check failed: adf_lball_identical(&x->loc[k], &y->loc[k]) | "{inf: -2.8125; p=2: 0 + O(2^1); p=5: 31 + O(5^5); p=65537: 0 + O(65537^3); p=18446744073709551557: 854394814368364019294542152464509873262070141441630657395081437905166207939518948374649964779809 + O(18446744073709551557^5)}": the component 0
FAIL tests/test_text_local.c:1225: round_trips_of_generated_values: check failed: adf_lball_identical(&x->loc[k], &y->loc[k]) | "{inf: -2.8125; p=2: 0 + O(2^1); p=5: 31 + O(5^5); p=65537: 0 + O(65537^3); p=18446744073709551557: 854394814368364019294542152464509873262070141441630657395081437905166207939518948374649964779809 + O(18446744073709551557^5)}": the component 2
FAIL tests/test_text_local.c:1232: round_trips_of_generated_values: check failed: adf_sball_equal_set(x, y) | "{inf: -2.8125; p=2: 0 + O(2^1); p=5: 31 + O(5^5); p=65537: 0 + O(65537^3); p=18446744073709551557: 854394814368364019294542152464509873262070141441630657395081437905166207939518948374649964779809 + O(18446744073709551557^5)}": the round trip changed the set
FAIL tests/test_text_local.c:1225: round_trips_of_generated_values: check failed: adf_lball_identical(&x->loc[k], &y->loc[k]) | "{p=7: 0 + O(7^3); p=65537: 0 + O(65537^1)}": the component 0
FAIL tests/test_text_local.c:1225: round_trips_of_generated_values: check failed: adf_lball_identical(&x->loc[k], &y->loc[k]) | "{p=7: 0 + O(7^3); p=65537: 0 + O(65537^1)}": the component 1
FAIL tests/test_text_local.c:1232: round_trips_of_generated_values: check failed: adf_sball_equal_set(x, y) | "{p=7: 0 + O(7^3); p=65537: 0 + O(65537^1)}": the round trip changed the set
FAIL tests/test_text_local.c:1225: round_trips_of_generated_values: check failed: adf_lball_identical(&x->loc[k], &y->loc[k]) | "{inf: 3040; p=2: 7 + O(2^4); p=5: 170 + O(5^4); p=7: 0 + O(7^3); p=65537: 65509 + O(65537^1); p=18446744073709551557: 3138550867693340351802905239100779287862199145394954202982 + O(18446744073709551557^3)}": the component 2
FAIL tests/test_text_local.c:1232: round_trips_of_generated_values: check failed: adf_sball_equal_set(x, y) | "{inf: 3040; p=2: 7 + O(2^4); p=5: 170 + O(5^4); p=7: 0 + O(7^3); p=65537: 65509 + O(65537^1); p=18446744073709551557: 3138550867693340351802905239100779287862199145394954202982 + O(18446744073709551557^3)}": the round trip changed the set
FAIL tests/test_text_local.c:1225: round_trips_of_generated_values: check failed: adf_lball_identical(&x->loc[k], &y->loc[k]) | "{inf: 0.66796875; p=2: 11/2 + O(2^3); p=3: 0 + O(3^3); p=7: 1138 + O(7^4); p=65537: 0 + O(65537^3); p=18446744073709551557: 0 + O(18446744073709551557^0)}": the component 1
FAIL tests/test_text_local.c:1225: round_trips_of_generated_values: check failed: adf_lball_identical(&x->loc[k], &y->loc[k]) | "{inf: 0.66796875; p=2: 11/2 + O(2^3); p=3: 0 + O(3^3); p=7: 1138 + O(7^4); p=65537: 0 + O(65537^3); p=18446744073709551557: 0 + O(18446744073709551557^0)}": the component 3
FAIL tests/test_text_local.c:1232: round_trips_of_generated_values: check failed: adf_sball_equal_set(x, y) | "{inf: 0.66796875; p=2: 11/2 + O(2^3); p=3: 0 + O(3^3); p=7: 1138 + O(7^4); p=65537: 0 + O(65537^3); p=18446744073709551557: 0 + O(18446744073709551557^0)}": the round trip changed the set
FAIL tests/test_text_local.c:1225: round_trips_of_generated_values: check failed: adf_lball_identical(&x->loc[k], &y->loc[k]) | "{inf: -1936; p=2: 0 + O(2^2); p=3: 5 + O(3^4); p=7: 22 + O(7^4); p=18446744073709551557: 4184734490257787135737206985467705717149598860526605603772 + O(18446744073709551557^3)}": the component 0
FAIL tests/test_text_local.c:1232: round_trips_of_generated_values: check failed: adf_sball_equal_set(x, y) | "{inf: -1936; p=2: 0 + O(2^2); p=3: 5 + O(3^4); p=7: 22 + O(7^4); p=18446744073709551557: 4184734490257787135737206985467705717149598860526605603772 + O(18446744073709551557^3)}": the round trip changed the set
FAIL tests/test_text_local.c:1225: round_trips_of_generated_values: check failed: adf_lball_identical(&x->loc[k], &y->loc[k]) | "{p=2: 0 + O(2^0); p=7: 0 + O(7^3); p=65537: 0 + O(65537^3)}": the component 1
FAIL tests/test_text_local.c:1225: round_trips_of_generated_values: check failed: adf_lball_identical(&x->loc[k], &y->loc[k]) | "{p=2: 0 + O(2^0); p=7: 0 + O(7^3); p=65537: 0 + O(65537^3)}": the component 2
FAIL tests/test_text_local.c:1232: round_trips_of_generated_values: check failed: adf_sball_equal_set(x, y) | "{p=2: 0 + O(2^0); p=7: 0 + O(7^3); p=65537: 0 + O(65537^3)}": the round trip changed the set
FAIL tests/test_text_local.c:1225: round_trips_of_generated_values: check failed: adf_lball_identical(&x->loc[k], &y->loc[k]) | "{inf: 5.875; p=2: 27/4 + O(2^3); p=65537: 0 + O(65537^1); p=18446744073709551557: 6148914691236517227 + O(18446744073709551557^1)}": the component 1
FAIL tests/test_text_local.c:1232: round_trips_of_generated_values: check failed: adf_sball_equal_set(x, y) | "{inf: 5.875; p=2: 27/4 + O(2^3); p=65537: 0 + O(65537^1); p=18446744073709551557: 6148914691236517227 + O(18446744073709551557^1)}": the round trip changed the set
FAIL tests/test_text_local.c:1225: round_trips_of_generated_values: check failed: adf_lball_identical(&x->loc[k], &y->loc[k]) | "{p=3: 3 + O(3^2); p=5: 0 + O(5^0); p=65537: 0 + O(65537^1); p=18446744073709551557: 283568639100782051072215672278367603574 + O(18446744073709551557^2)}": the component 2
FAIL tests/test_text_local.c:1232: round_trips_of_generated_values: check failed: adf_sball_equal_set(x, y) | "{p=3: 3 + O(3^2); p=5: 0 + O(5^0); p=65537: 0 + O(65537^1); p=18446744073709551557: 283568639100782051072215672278367603574 + O(18446744073709551557^2)}": the round trip changed the set
FAIL tests/test_text_local.c:1225: round_trips_of_generated_values: check failed: adf_lball_identical(&x->loc[k], &y->loc[k]) | "{p=2: 0 + O(2^2); p=7: 0 + O(7^3); p=18446744073709551557: 0 + O(18446744073709551557^0)}": the component 1
FAIL tests/test_text_local.c:1232: round_trips_of_generated_values: check failed: adf_sball_equal_set(x, y) | "{p=2: 0 + O(2^2); p=7: 0 + O(7^3); p=18446744073709551557: 0 + O(18446744073709551557^0)}": the round trip changed the set
FAIL tests/test_text_local.c:1225: round_trips_of_generated_values: check failed: adf_lball_identical(&x->loc[k], &y->loc[k]) | "{p=65537: 0 + O(65537^3)}": the component 0
FAIL tests/test_text_local.c:1232: round_trips_of_generated_values: check failed: adf_sball_equal_set(x, y) | "{p=65537: 0 + O(65537^3)}": the round trip changed the set
FAIL tests/test_text_local.c:1225: round_trips_of_generated_values: check failed: adf_lball_identical(&x->loc[k], &y->loc[k]) | "{inf: -156; p=2: 0 + O(2^3); p=65537: 18447869999386460158 + O(65537^4)}": the component 0
FAIL tests/test_text_local.c:1232: round_trips_of_generated_values: check failed: adf_sball_equal_set(x, y) | "{inf: -156; p=2: 0 + O(2^3); p=65537: 18447869999386460158 + O(65537^4)}": the round trip changed the set
FAIL tests/test_text_local.c:1225: round_trips_of_generated_values: check failed: adf_lball_identical(&x->loc[k], &y->loc[k]) | "{p=2: 1 + O(2^2); p=3: 0 + O(3^2); p=5: 0 + O(5^2); p=7: 0 + O(7^3); p=65537: 0 + O(65537^3)}": the component 1
FAIL tests/test_text_local.c:1225: round_trips_of_generated_values: check failed: adf_lball_identical(&x->loc[k], &y->loc[k]) | "{p=2: 1 + O(2^2); p=3: 0 + O(3^2); p=5: 0 + O(5^2); p=7: 0 + O(7^3); p=65537: 0 + O(65537^3)}": the component 2
FAIL tests/test_text_local.c:1225: round_trips_of_generated_values: check failed: adf_lball_identical(&x->loc[k], &y->loc[k]) | "{p=2: 1 + O(2^2); p=3: 0 + O(3^2); p=5: 0 + O(5^2); p=7: 0 + O(7^3); p=65537: 0 + O(65537^3)}": the component 3
FAIL tests/test_text_local.c:1225: round_trips_of_generated_values: check failed: adf_lball_identical(&x->loc[k], &y->loc[k]) | "{p=2: 1 + O(2^2); p=3: 0 + O(3^2); p=5: 0 + O(5^2); p=7: 0 + O(7^3); p=65537: 0 + O(65537^3)}": the component 4
FAIL tests/test_text_local.c:1232: round_trips_of_generated_values: check failed: adf_sball_equal_set(x, y) | "{p=2: 1 + O(2^2); p=3: 0 + O(3^2); p=5: 0 + O(5^2); p=7: 0 + O(7^3); p=65537: 0 + O(65537^3)}": the round trip changed the set
FAIL tests/test_text_local.c:1225: round_trips_of_generated_values: check failed: adf_lball_identical(&x->loc[k], &y->loc[k]) | "{inf: -0.7265625; p=7: 100 + O(7^3); p=18446744073709551557: 0 + O(18446744073709551557^1)}": the component 1
FAIL tests/test_text_local.c:1232: round_trips_of_generated_values: check failed: adf_sball_equal_set(x, y) | "{inf: -0.7265625; p=7: 100 + O(7^3); p=18446744073709551557: 0 + O(18446744073709551557^1)}": the round trip changed the set
FAIL tests/test_text_local.c:1225: round_trips_of_generated_values: check failed: adf_lball_identical(&x->loc[k], &y->loc[k]) | "{inf: 1136; p=2: 4 + O(2^3); p=5: 0 + O(5^2); p=65537: 187658574539475 + O(65537^3)}": the component 1
FAIL tests/test_text_local.c:1232: round_trips_of_generated_values: check failed: adf_sball_equal_set(x, y) | "{inf: 1136; p=2: 4 + O(2^3); p=5: 0 + O(5^2); p=65537: 187658574539475 + O(65537^3)}": the round trip changed the set
FAIL tests/test_text_local.c:1225: round_trips_of_generated_values: check failed: adf_lball_identical(&x->loc[k], &y->loc[k]) | "{inf: -648; p=2: 6 + O(2^5); p=5: 87 + O(5^3); p=65537: 0 + O(65537^1)}": the component 2
FAIL tests/test_text_local.c:1232: round_trips_of_generated_values: check failed: adf_sball_equal_set(x, y) | "{inf: -648; p=2: 6 + O(2^5); p=5: 87 + O(5^3); p=65537: 0 + O(65537^1)}": the round trip changed the set
FAIL tests/test_text_local.c:1225: round_trips_of_generated_values: check failed: adf_lball_identical(&x->loc[k], &y->loc[k]) | "{inf: -380; p=5: 0 + O(5^0); p=7: 0 + O(7^2); p=65537: 281487861808964 + O(65537^3); p=18446744073709551557: 0 + O(18446744073709551557^0)}": the component 1
FAIL tests/test_text_local.c:1232: round_trips_of_generated_values: check failed: adf_sball_equal_set(x, y) | "{inf: -380; p=5: 0 + O(5^0); p=7: 0 + O(7^2); p=65537: 281487861808964 + O(65537^3); p=18446744073709551557: 0 + O(18446744073709551557^0)}": the round trip changed the set
FAIL tests/test_text_local.c:1225: round_trips_of_generated_values: check failed: adf_lball_identical(&x->loc[k], &y->loc[k]) | "{inf: -1592; p=3: 13 + O(3^3); p=18446744073709551557: 0 + O(18446744073709551557^1)}": the component 1
FAIL tests/test_text_local.c:1232: round_trips_of_generated_values: check failed: adf_sball_equal_set(x, y) | "{inf: -1592; p=3: 13 + O(3^3); p=18446744073709551557: 0 + O(18446744073709551557^1)}": the round trip changed the set
FAIL tests/test_text_local.c:1225: round_trips_of_generated_values: check failed: adf_lball_identical(&x->loc[k], &y->loc[k]) | "{p=2: 0 + O(2^3); p=65537: 0 + O(65537^1); p=18446744073709551557: 0 + O(18446744073709551557^3)}": the component 0
FAIL tests/test_text_local.c:1225: round_trips_of_generated_values: check failed: adf_lball_identical(&x->loc[k], &y->loc[k]) | "{p=2: 0 + O(2^3); p=65537: 0 + O(65537^1); p=18446744073709551557: 0 + O(18446744073709551557^3)}": the component 1
FAIL tests/test_text_local.c:1225: round_trips_of_generated_values: check failed: adf_lball_identical(&x->loc[k], &y->loc[k]) | "{p=2: 0 + O(2^3); p=65537: 0 + O(65537^1); p=18446744073709551557: 0 + O(18446744073709551557^3)}": the component 2
FAIL tests/test_text_local.c:1232: round_trips_of_generated_values: check failed: adf_sball_equal_set(x, y) | "{p=2: 0 + O(2^3); p=65537: 0 + O(65537^1); p=18446744073709551557: 0 + O(18446744073709551557^3)}": the round trip changed the set
FAIL tests/test_text_local.c:1225: round_trips_of_generated_values: check failed: adf_lball_identical(&x->loc[k], &y->loc[k]) | "{p=2: 0 + O(2^3); p=65537: 188 + O(65537^2); p=18446744073709551557: 57896044618658096971087487728715627347580598149676011290524172738367927907022 + O(18446744073709551557^4)}": the component 0
FAIL tests/test_text_local.c:1232: round_trips_of_generated_values: check failed: adf_sball_equal_set(x, y) | "{p=2: 0 + O(2^3); p=65537: 188 + O(65537^2); p=18446744073709551557: 57896044618658096971087487728715627347580598149676011290524172738367927907022 + O(18446744073709551557^4)}": the round trip changed the set
FAIL tests/test_text_local.c:1225: round_trips_of_generated_values: check failed: adf_lball_identical(&x->loc[k], &y->loc[k]) | "{inf: 102; p=5: 0 + O(5^2)}": the component 0
FAIL tests/test_text_local.c:1232: round_trips_of_generated_values: check failed: adf_sball_equal_set(x, y) | "{inf: 102; p=5: 0 + O(5^2)}": the round trip changed the set
FAIL tests/test_text_local.c:1225: round_trips_of_generated_values: check failed: adf_lball_identical(&x->loc[k], &y->loc[k]) | "{inf: -2464; p=3: 0 + O(3^2); p=5: 0 + O(5^3); p=7: 0 + O(7^2)}": the component 0
FAIL tests/test_text_local.c:1225: round_trips_of_generated_values: check failed: adf_lball_identical(&x->loc[k], &y->loc[k]) | "{inf: -2464; p=3: 0 + O(3^2); p=5: 0 + O(5^3); p=7: 0 + O(7^2)}": the component 1
FAIL tests/test_text_local.c:1225: round_trips_of_generated_values: check failed: adf_lball_identical(&x->loc[k], &y->loc[k]) | "{inf: -2464; p=3: 0 + O(3^2); p=5: 0 + O(5^3); p=7: 0 + O(7^2)}": the component 2
FAIL tests/test_text_local.c:1232: round_trips_of_generated_values: check failed: adf_sball_equal_set(x, y) | "{inf: -2464; p=3: 0 + O(3^2); p=5: 0 + O(5^3); p=7: 0 + O(7^2)}": the round trip changed the set
FAIL tests/test_text_local.c:1225: round_trips_of_generated_values: check failed: adf_lball_identical(&x->loc[k], &y->loc[k]) | "{inf: -294; p=2: 0 + O(2^1); p=3: 0 + O(3^0); p=5: 0 + O(5^2); p=65537: 1209018056149790439571313 + O(65537^5); p=18446744073709551557: 9223372036854775684 + O(18446744073709551557^1)}": the component 0
FAIL tests/test_text_local.c:1232: round_trips_of_generated_values: check failed: adf_sball_equal_set(x, y) | "{inf: -294; p=2: 0 + O(2^1); p=3: 0 + O(3^0); p=5: 0 + O(5^2); p=65537: 1209018056149790439571313 + O(65537^5); p=18446744073709551557: 9223372036854775684 + O(18446744073709551557^1)}": the round trip changed the set
FAIL tests/test_text_local.c:1225: round_trips_of_generated_values: check failed: adf_lball_identical(&x->loc[k], &y->loc[k]) | "{p=5: 181 + O(5^4); p=18446744073709551557: 0 + O(18446744073709551557^1)}": the component 1
FAIL tests/test_text_local.c:1232: round_trips_of_generated_values: check failed: adf_sball_equal_set(x, y) | "{p=5: 181 + O(5^4); p=18446744073709551557: 0 + O(18446744073709551557^1)}": the round trip changed the set
FAIL tests/test_text_local.c:1225: round_trips_of_generated_values: check failed: adf_lball_identical(&x->loc[k], &y->loc[k]) | "{p=18446744073709551557: 0 + O(18446744073709551557^2)}": the component 0
FAIL tests/test_text_local.c:1232: round_trips_of_generated_values: check failed: adf_sball_equal_set(x, y) | "{p=18446744073709551557: 0 + O(18446744073709551557^2)}": the round trip changed the set
FAIL tests/test_text_local.c:1225: round_trips_of_generated_values: check failed: adf_lball_identical(&x->loc[k], &y->loc[k]) | "{p=65537: 0 + O(65537^3); p=18446744073709551557: 57896044618658096971087487728715627347580598149676011290524172738367927906965 + O(18446744073709551557^4)}": the component 0
FAIL tests/test_text_local.c:1232: round_trips_of_generated_values: check failed: adf_sball_equal_set(x, y) | "{p=65537: 0 + O(65537^3); p=18446744073709551557: 57896044618658096971087487728715627347580598149676011290524172738367927906965 + O(18446744073709551557^4)}": the round trip changed the set
FAIL tests/test_text_local.c:1225: round_trips_of_generated_values: check failed: adf_lball_identical(&x->loc[k], &y->loc[k]) | "{inf: 40.25; p=2: 0 + O(2^0); p=3: 89 + O(3^5); p=65537: 0 + O(65537^2); p=18446744073709551557: 0 + O(18446744073709551557^2)}": the component 2
FAIL tests/test_text_local.c:1225: round_trips_of_generated_values: check failed: adf_lball_identical(&x->loc[k], &y->loc[k]) | "{inf: 40.25; p=2: 0 + O(2^0); p=3: 89 + O(3^5); p=65537: 0 + O(65537^2); p=18446744073709551557: 0 + O(18446744073709551557^2)}": the component 3
FAIL tests/test_text_local.c:1232: round_trips_of_generated_values: check failed: adf_sball_equal_set(x, y) | "{inf: 40.25; p=2: 0 + O(2^0); p=3: 89 + O(3^5); p=65537: 0 + O(65537^2); p=18446744073709551557: 0 + O(18446744073709551557^2)}": the round trip changed the set
FAIL tests/test_text_local.c:1225: round_trips_of_generated_values: check failed: adf_lball_identical(&x->loc[k], &y->loc[k]) | "{p=7: 17 + O(7^2); p=65537: 93829287269623 + O(65537^3); p=18446744073709551557: 0 + O(18446744073709551557^3)}": the component 2
FAIL tests/test_text_local.c:1232: round_trips_of_generated_values: check failed: adf_sball_equal_set(x, y) | "{p=7: 17 + O(7^2); p=65537: 93829287269623 + O(65537^3); p=18446744073709551557: 0 + O(18446744073709551557^3)}": the round trip changed the set
FAIL tests/test_text_local.c:1225: round_trips_of_generated_values: check failed: adf_lball_identical(&x->loc[k], &y->loc[k]) | "{inf: -6464; p=2: 1/4 + O(2^1); p=5: 0 + O(5^3); p=7: 0 + O(7^1); p=65537: 483607222459916175828627 + O(65537^5); p=18446744073709551557: 0 + O(18446744073709551557^1)}": the component 1
FAIL tests/test_text_local.c:1225: round_trips_of_generated_values: check failed: adf_lball_identical(&x->loc[k], &y->loc[k]) | "{inf: -6464; p=2: 1/4 + O(2^1); p=5: 0 + O(5^3); p=7: 0 + O(7^1); p=65537: 483607222459916175828627 + O(65537^5); p=18446744073709551557: 0 + O(18446744073709551557^1)}": the component 2
FAIL tests/test_text_local.c:1225: round_trips_of_generated_values: check failed: adf_lball_identical(&x->loc[k], &y->loc[k]) | "{inf: -6464; p=2: 1/4 + O(2^1); p=5: 0 + O(5^3); p=7: 0 + O(7^1); p=65537: 483607222459916175828627 + O(65537^5); p=18446744073709551557: 0 + O(18446744073709551557^1)}": the component 4
FAIL tests/test_text_local.c:1232: round_trips_of_generated_values: check failed: adf_sball_equal_set(x, y) | "{inf: -6464; p=2: 1/4 + O(2^1); p=5: 0 + O(5^3); p=7: 0 + O(7^1); p=65537: 483607222459916175828627 + O(65537^5); p=18446744073709551557: 0 + O(18446744073709551557^1)}": the round trip changed the set
FAIL tests/test_text_local.c:1225: round_trips_of_generated_values: check failed: adf_lball_identical(&x->loc[k], &y->loc[k]) | "{p=2: 2 + O(2^3); p=5: 0 + O(5^2); p=65537: 0 + O(65537^1); p=18446744073709551557: 6277101735386680703605810478201558575724398290789908405652 + O(18446744073709551557^3)}": the component 1
FAIL tests/test_text_local.c:1225: round_trips_of_generated_values: check failed: adf_lball_identical(&x->loc[k], &y->loc[k]) | "{p=2: 2 + O(2^3); p=5: 0 + O(5^2); p=65537: 0 + O(65537^1); p=18446744073709551557: 6277101735386680703605810478201558575724398290789908405652 + O(18446744073709551557^3)}": the component 2
FAIL tests/test_text_local.c:1232: round_trips_of_generated_values: check failed: adf_sball_equal_set(x, y) | "{p=2: 2 + O(2^3); p=5: 0 + O(5^2); p=65537: 0 + O(65537^1); p=18446744073709551557: 6277101735386680703605810478201558575724398290789908405652 + O(18446744073709551557^3)}": the round trip changed the set
FAIL tests/test_text_local.c:1225: round_trips_of_generated_values: check failed: adf_lball_identical(&x->loc[k], &y->loc[k]) | "{p=2: 5 + O(2^3); p=5: 0 + O(5^0); p=7: 0 + O(7^1); p=65537: 0 + O(65537^3); p=18446744073709551557: 0 + O(18446744073709551557^0)}": the component 2
FAIL tests/test_text_local.c:1225: round_trips_of_generated_values: check failed: adf_lball_identical(&x->loc[k], &y->loc[k]) | "{p=2: 5 + O(2^3); p=5: 0 + O(5^0); p=7: 0 + O(7^1); p=65537: 0 + O(65537^3); p=18446744073709551557: 0 + O(18446744073709551557^0)}": the component 3
FAIL tests/test_text_local.c:1232: round_trips_of_generated_values: check failed: adf_sball_equal_set(x, y) | "{p=2: 5 + O(2^3); p=5: 0 + O(5^0); p=7: 0 + O(7^1); p=65537: 0 + O(65537^3); p=18446744073709551557: 0 + O(18446744073709551557^0)}": the round trip changed the set
FAIL tests/test_text_local.c:1225: round_trips_of_generated_values: check failed: adf_lball_identical(&x->loc[k], &y->loc[k]) | "{p=18446744073709551557: 0 + O(18446744073709551557^2)}": the component 0
FAIL tests/test_text_local.c:1232: round_trips_of_generated_values: check failed: adf_sball_equal_set(x, y) | "{p=18446744073709551557: 0 + O(18446744073709551557^2)}": the round trip changed the set
FAIL tests/test_text_local.c:1225: round_trips_of_generated_values: check failed: adf_lball_identical(&x->loc[k], &y->loc[k]) | "{inf: 184; p=2: 3/4 + O(2^0); p=3: 53 + O(3^4); p=5: 3011 + O(5^5); p=7: 0 + O(7^3); p=65537: 0 + O(65537^1)}": the component 3
FAIL tests/test_text_local.c:1225: round_trips_of_generated_values: check failed: adf_lball_identical(&x->loc[k], &y->loc[k]) | "{inf: 184; p=2: 3/4 + O(2^0); p=3: 53 + O(3^4); p=5: 3011 + O(5^5); p=7: 0 + O(7^3); p=65537: 0 + O(65537^1)}": the component 4
FAIL tests/test_text_local.c:1232: round_trips_of_generated_values: check failed: adf_sball_equal_set(x, y) | "{inf: 184; p=2: 3/4 + O(2^0); p=3: 53 + O(3^4); p=5: 3011 + O(5^5); p=7: 0 + O(7^3); p=65537: 0 + O(65537^1)}": the round trip changed the set
FAIL tests/test_text_local.c:1225: round_trips_of_generated_values: check failed: adf_lball_identical(&x->loc[k], &y->loc[k]) | "{p=2: 4 + O(2^3); p=3: 22 + O(3^3); p=5: 47 + O(5^4); p=65537: 0 + O(65537^3); p=18446744073709551557: 136112946768375384514663522693616449756 + O(18446744073709551557^2)}": the component 3
FAIL tests/test_text_local.c:1232: round_trips_of_generated_values: check failed: adf_sball_equal_set(x, y) | "{p=2: 4 + O(2^3); p=3: 22 + O(3^3); p=5: 47 + O(5^4); p=65537: 0 + O(65537^3); p=18446744073709551557: 136112946768375384514663522693616449756 + O(18446744073709551557^2)}": the round trip changed the set
FAIL tests/test_text_local.c:1225: round_trips_of_generated_values: check failed: adf_lball_identical(&x->loc[k], &y->loc[k]) | "{inf: -82; p=3: 0 + O(3^2); p=5: 3/5 + O(5^0); p=7: 0 + O(7^0); p=65537: 0 + O(65537^0); p=18446744073709551557: 77194726158210795961449983638287503130107464199568015054032230317823903876079 + O(18446744073709551557^4)}": the component 0
FAIL tests/test_text_local.c:1232: round_trips_of_generated_values: check failed: adf_sball_equal_set(x, y) | "{inf: -82; p=3: 0 + O(3^2); p=5: 3/5 + O(5^0); p=7: 0 + O(7^0); p=65537: 0 + O(65537^0); p=18446744073709551557: 77194726158210795961449983638287503130107464199568015054032230317823903876079 + O(18446744073709551557^4)}": the round trip changed the set
FAIL tests/test_text_local.c:1225: round_trips_of_generated_values: check failed: adf_lball_identical(&x->loc[k], &y->loc[k]) | "{inf: -744; p=5: 106 + O(5^3); p=65537: 0 + O(65537^3)}": the component 1
FAIL tests/test_text_local.c:1232: round_trips_of_generated_values: check failed: adf_sball_equal_set(x, y) | "{inf: -744; p=5: 106 + O(5^3); p=65537: 0 + O(65537^3)}": the round trip changed the set
FAIL tests/test_text_local.c:1225: round_trips_of_generated_values: check failed: adf_lball_identical(&x->loc[k], &y->loc[k]) | "{inf: 1648; p=2: 4 + O(2^5); p=7: 0 + O(7^3); p=65537: 0 + O(65537^3); p=18446744073709551557: 9223372036854775756 + O(18446744073709551557^1)}": the component 1
FAIL tests/test_text_local.c:1225: round_trips_of_generated_values: check failed: adf_lball_identical(&x->loc[k], &y->loc[k]) | "{inf: 1648; p=2: 4 + O(2^5); p=7: 0 + O(7^3); p=65537: 0 + O(65537^3); p=18446744073709551557: 9223372036854775756 + O(18446744073709551557^1)}": the component 2
FAIL tests/test_text_local.c:1232: round_trips_of_generated_values: check failed: adf_sball_equal_set(x, y) | "{inf: 1648; p=2: 4 + O(2^5); p=7: 0 + O(7^3); p=65537: 0 + O(65537^3); p=18446744073709551557: 9223372036854775756 + O(18446744073709551557^1)}": the round trip changed the set
FAIL tests/test_text_local.c:1225: round_trips_of_generated_values: check failed: adf_lball_identical(&x->loc[k], &y->loc[k]) | "{inf: -0.59765625; p=3: 0 + O(3^2); p=5: 513 + O(5^4); p=7: 847 + O(7^4); p=65537: 3436078666 + O(65537^2)}": the component 0
FAIL tests/test_text_local.c:1232: round_trips_of_generated_values: check failed: adf_sball_equal_set(x, y) | "{inf: -0.59765625; p=3: 0 + O(3^2); p=5: 513 + O(5^4); p=7: 847 + O(7^4); p=65537: 3436078666 + O(65537^2)}": the round trip changed the set
FAIL tests/test_text_local.c:1225: round_trips_of_generated_values: check failed: adf_lball_identical(&x->loc[k], &y->loc[k]) | "{p=2: 3 + O(2^2); p=5: 1/5 + O(5^1); p=65537: 0 + O(65537^3); p=18446744073709551557: 128 + O(18446744073709551557^1)}": the component 2
FAIL tests/test_text_local.c:1232: round_trips_of_generated_values: check failed: adf_sball_equal_set(x, y) | "{p=2: 3 + O(2^2); p=5: 1/5 + O(5^1); p=65537: 0 + O(65537^3); p=18446744073709551557: 128 + O(18446744073709551557^1)}": the round trip changed the set
FAIL tests/test_text_local.c:1225: round_trips_of_generated_values: check failed: adf_lball_identical(&x->loc[k], &y->loc[k]) | "{inf: 3.625; p=7: 0 + O(7^2); p=65537: 483607222459916175828558 + O(65537^5)}": the component 0
FAIL tests/test_text_local.c:1232: round_trips_of_generated_values: check failed: adf_sball_equal_set(x, y) | "{inf: 3.625; p=7: 0 + O(7^2); p=65537: 483607222459916175828558 + O(65537^5)}": the round trip changed the set
FAIL tests/test_text_local.c:1225: round_trips_of_generated_values: check failed: adf_lball_identical(&x->loc[k], &y->loc[k]) | "{inf: -144; p=3: 20 + O(3^3); p=5: 24 + O(5^2); p=7: 0 + O(7^0); p=65537: 0 + O(65537^1); p=18446744073709551557: 6277101735386680703605810478201558575724398290789908405655 + O(18446744073709551557^3)}": the component 3
FAIL tests/test_text_local.c:1232: round_trips_of_generated_values: check failed: adf_sball_equal_set(x, y) | "{inf: -144; p=3: 20 + O(3^3); p=5: 24 + O(5^2); p=7: 0 + O(7^0); p=65537: 0 + O(65537^1); p=18446744073709551557: 6277101735386680703605810478201558575724398290789908405655 + O(18446744073709551557^3)}": the round trip changed the set
FAIL tests/test_text_local.c:1225: round_trips_of_generated_values: check failed: adf_lball_identical(&x->loc[k], &y->loc[k]) | "{p=2: 0 + O(2^3); p=3: 0 + O(3^0); p=5: 2/5 + O(5^0); p=7: 77 + O(7^3)}": the component 0
FAIL tests/test_text_local.c:1232: round_trips_of_generated_values: check failed: adf_sball_equal_set(x, y) | "{p=2: 0 + O(2^3); p=3: 0 + O(3^0); p=5: 2/5 + O(5^0); p=7: 77 + O(7^3)}": the round trip changed the set
FAIL tests/test_text_local.c:1225: round_trips_of_generated_values: check failed: adf_lball_identical(&x->loc[k], &y->loc[k]) | "{inf: -20.5; p=3: 0 + O(3^3)}": the component 0
FAIL tests/test_text_local.c:1232: round_trips_of_generated_values: check failed: adf_sball_equal_set(x, y) | "{inf: -20.5; p=3: 0 + O(3^3)}": the round trip changed the set
FAIL tests/test_text_local.c:1225: round_trips_of_generated_values: check failed: adf_lball_identical(&x->loc[k], &y->loc[k]) | "{inf: 15.25; p=2: 0 + O(2^2); p=7: 0 + O(7^0); p=65537: 69 + O(65537^5)}": the component 0
FAIL tests/test_text_local.c:1232: round_trips_of_generated_values: check failed: adf_sball_equal_set(x, y) | "{inf: 15.25; p=2: 0 + O(2^2); p=7: 0 + O(7^0); p=65537: 69 + O(65537^5)}": the round trip changed the set
FAIL tests/test_text_local.c:1225: round_trips_of_generated_values: check failed: adf_lball_identical(&x->loc[k], &y->loc[k]) | "{inf: 272; p=2: 27/2 + O(2^4); p=3: 0 + O(3^0); p=5: 1 + O(5^1); p=18446744073709551557: 0 + O(18446744073709551557^1)}": the component 3
FAIL tests/test_text_local.c:1232: round_trips_of_generated_values: check failed: adf_sball_equal_set(x, y) | "{inf: 272; p=2: 27/2 + O(2^4); p=3: 0 + O(3^0); p=5: 1 + O(5^1); p=18446744073709551557: 0 + O(18446744073709551557^1)}": the round trip changed the set
FAIL tests/test_text_local.c:1225: round_trips_of_generated_values: check failed: adf_lball_identical(&x->loc[k], &y->loc[k]) | "{inf: -1152; p=2: 0 + O(2^5); p=3: 0 + O(3^0); p=7: 0 + O(7^2); p=65537: 4295098357 + O(65537^2); p=18446744073709551557: 6277101735386680703605810478201558575724398290789908405627 + O(18446744073709551557^3)}": the component 2
FAIL tests/test_text_local.c:1232: round_trips_of_generated_values: check failed: adf_sball_equal_set(x, y) | "{inf: -1152; p=2: 0 + O(2^5); p=3: 0 + O(3^0); p=7: 0 + O(7^2); p=65537: 4295098357 + O(65537^2); p=18446744073709551557: 6277101735386680703605810478201558575724398290789908405627 + O(18446744073709551557^3)}": the round trip changed the set
FAIL tests/test_text_local.c:1225: round_trips_of_generated_values: check failed: adf_lball_identical(&x->loc[k], &y->loc[k]) | "{p=3: 0 + O(3^1)}": the component 0
FAIL tests/test_text_local.c:1232: round_trips_of_generated_values: check failed: adf_sball_equal_set(x, y) | "{p=3: 0 + O(3^1)}": the round trip changed the set
FAIL tests/test_text_local.c:1225: round_trips_of_generated_values: check failed: adf_lball_identical(&x->loc[k], &y->loc[k]) | "{inf: 64; p=2: 0 + O(2^2); p=7: 93 + O(7^3); p=65537: 1007515046791492032976231 + O(65537^5)}": the component 0
FAIL tests/test_text_local.c:1232: round_trips_of_generated_values: check failed: adf_sball_equal_set(x, y) | "{inf: 64; p=2: 0 + O(2^2); p=7: 93 + O(7^3); p=65537: 1007515046791492032976231 + O(65537^5)}": the round trip changed the set
FAIL tests/test_text_local.c:1225: round_trips_of_generated_values: check failed: adf_lball_identical(&x->loc[k], &y->loc[k]) | "{inf: 45.75; p=2: 5/2 + O(2^2); p=3: 4 + O(3^2); p=7: 0 + O(7^2); p=65537: 0 + O(65537^0); p=18446744073709551557: 0 + O(18446744073709551557^2)}": the component 2
FAIL tests/test_text_local.c:1225: round_trips_of_generated_values: check failed: adf_lball_identical(&x->loc[k], &y->loc[k]) | "{inf: 45.75; p=2: 5/2 + O(2^2); p=3: 4 + O(3^2); p=7: 0 + O(7^2); p=65537: 0 + O(65537^0); p=18446744073709551557: 0 + O(18446744073709551557^2)}": the component 4
FAIL tests/test_text_local.c:1232: round_trips_of_generated_values: check failed: adf_sball_equal_set(x, y) | "{inf: 45.75; p=2: 5/2 + O(2^2); p=3: 4 + O(3^2); p=7: 0 + O(7^2); p=65537: 0 + O(65537^0); p=18446744073709551557: 0 + O(18446744073709551557^2)}": the round trip changed the set
FAIL tests/test_text_local.c:1225: round_trips_of_generated_values: check failed: adf_lball_identical(&x->loc[k], &y->loc[k]) | "{inf: -11136; p=7: 0 + O(7^3); p=65537: 0 + O(65537^1); p=18446744073709551557: 9223372036854775733 + O(18446744073709551557^1)}": the component 0
FAIL tests/test_text_local.c:1225: round_trips_of_generated_values: check failed: adf_lball_identical(&x->loc[k], &y->loc[k]) | "{inf: -11136; p=7: 0 + O(7^3); p=65537: 0 + O(65537^1); p=18446744073709551557: 9223372036854775733 + O(18446744073709551557^1)}": the component 1
FAIL tests/test_text_local.c:1232: round_trips_of_generated_values: check failed: adf_sball_equal_set(x, y) | "{inf: -11136; p=7: 0 + O(7^3); p=65537: 0 + O(65537^1); p=18446744073709551557: 9223372036854775733 + O(18446744073709551557^1)}": the round trip changed the set
FAIL tests/test_text_local.c:1225: round_trips_of_generated_values: check failed: adf_lball_identical(&x->loc[k], &y->loc[k]) | "{p=2: 3/2 + O(2^4); p=3: 0 + O(3^2); p=5: 274 + O(5^4); p=65537: 859019621 + O(65537^2)}": the component 1
FAIL tests/test_text_local.c:1232: round_trips_of_generated_values: check failed: adf_sball_equal_set(x, y) | "{p=2: 3/2 + O(2^4); p=3: 0 + O(3^2); p=5: 274 + O(5^4); p=65537: 859019621 + O(65537^2)}": the round trip changed the set
FAIL tests/test_text_local.c:1225: round_trips_of_generated_values: check failed: adf_lball_identical(&x->loc[k], &y->loc[k]) | "{inf: -1.390625; p=3: 0 + O(3^2)}": the component 0
FAIL tests/test_text_local.c:1232: round_trips_of_generated_values: check failed: adf_sball_equal_set(x, y) | "{inf: -1.390625; p=3: 0 + O(3^2)}": the round trip changed the set
FAIL tests/test_text_local.c:1225: round_trips_of_generated_values: check failed: adf_lball_identical(&x->loc[k], &y->loc[k]) | "{p=2: 7 + O(2^3); p=3: 0 + O(3^3); p=7: 0 + O(7^0); p=65537: 4295098291 + O(65537^2); p=18446744073709551557: 12297829382473034341 + O(18446744073709551557^1)}": the component 1
FAIL tests/test_text_local.c:1232: round_trips_of_generated_values: check failed: adf_sball_equal_set(x, y) | "{p=2: 7 + O(2^3); p=3: 0 + O(3^3); p=7: 0 + O(7^0); p=65537: 4295098291 + O(65537^2); p=18446744073709551557: 12297829382473034341 + O(18446744073709551557^1)}": the round trip changed the set
FAIL tests/test_text_local.c:1225: round_trips_of_generated_values: check failed: adf_lball_identical(&x->loc[k], &y->loc[k]) | "{inf: -40; p=2: 0 + O(2^1); p=3: 0 + O(3^3); p=5: 1564 + O(5^5)}": the component 0
FAIL tests/test_text_local.c:1225: round_trips_of_generated_values: check failed: adf_lball_identical(&x->loc[k], &y->loc[k]) | "{inf: -40; p=2: 0 + O(2^1); p=3: 0 + O(3^3); p=5: 1564 + O(5^5)}": the component 1
FAIL tests/test_text_local.c:1232: round_trips_of_generated_values: check failed: adf_sball_equal_set(x, y) | "{inf: -40; p=2: 0 + O(2^1); p=3: 0 + O(3^3); p=5: 1564 + O(5^5)}": the round trip changed the set
FAIL tests/test_text_local.c:1225: round_trips_of_generated_values: check failed: adf_lball_identical(&x->loc[k], &y->loc[k]) | "{p=2: 1/2 + O(2^0); p=3: 0 + O(3^2)}": the component 1
FAIL tests/test_text_local.c:1232: round_trips_of_generated_values: check failed: adf_sball_equal_set(x, y) | "{p=2: 1/2 + O(2^0); p=3: 0 + O(3^2)}": the round trip changed the set
FAIL tests/test_text_local.c:1225: round_trips_of_generated_values: check failed: adf_lball_identical(&x->loc[k], &y->loc[k]) | "{inf: -31; p=2: 0 + O(2^1); p=5: 11 + O(5^2); p=7: 13460 + O(7^5)}": the component 0
FAIL tests/test_text_local.c:1232: round_trips_of_generated_values: check failed: adf_sball_equal_set(x, y) | "{inf: -31; p=2: 0 + O(2^1); p=5: 11 + O(5^2); p=7: 13460 + O(7^5)}": the round trip changed the set
FAIL tests/test_text_local.c:1225: round_trips_of_generated_values: check failed: adf_lball_identical(&x->loc[k], &y->loc[k]) | "{inf: -5.90625; p=2: 0 + O(2^1); p=3: 7/3 + O(3^1); p=7: 1 + O(7^1); p=65537: 0 + O(65537^0); p=18446744073709551557: 0 + O(18446744073709551557^3)}": the component 0
FAIL tests/test_text_local.c:1225: round_trips_of_generated_values: check failed: adf_lball_identical(&x->loc[k], &y->loc[k]) | "{inf: -5.90625; p=2: 0 + O(2^1); p=3: 7/3 + O(3^1); p=7: 1 + O(7^1); p=65537: 0 + O(65537^0); p=18446744073709551557: 0 + O(18446744073709551557^3)}": the component 4
FAIL tests/test_text_local.c:1232: round_trips_of_generated_values: check failed: adf_sball_equal_set(x, y) | "{inf: -5.90625; p=2: 0 + O(2^1); p=3: 7/3 + O(3^1); p=7: 1 + O(7^1); p=65537: 0 + O(65537^0); p=18446744073709551557: 0 + O(18446744073709551557^3)}": the round trip changed the set
FAIL tests/test_text_local.c:1225: round_trips_of_generated_values: check failed: adf_lball_identical(&x->loc[k], &y->loc[k]) | "{inf: 1.546875; p=5: 0 + O(5^2)}": the component 0
FAIL tests/test_text_local.c:1232: round_trips_of_generated_values: check failed: adf_sball_equal_set(x, y) | "{inf: 1.546875; p=5: 0 + O(5^2)}": the round trip changed the set
FAIL tests/test_text_local.c:1225: round_trips_of_generated_values: check failed: adf_lball_identical(&x->loc[k], &y->loc[k]) | "{inf: 6016; p=2: 0 + O(2^1); p=7: 10094 + O(7^5); p=65537: 65396 + O(65537^1)}": the component 0
FAIL tests/test_text_local.c:1232: round_trips_of_generated_values: check failed: adf_sball_equal_set(x, y) | "{inf: 6016; p=2: 0 + O(2^1); p=7: 10094 + O(7^5); p=65537: 65396 + O(65537^1)}": the round trip changed the set
FAIL tests/test_text_local.c:1225: round_trips_of_generated_values: check failed: adf_lball_identical(&x->loc[k], &y->loc[k]) | "{p=2: 0 + O(2^2); p=65537: 0 + O(65537^1)}": the component 0
FAIL tests/test_text_local.c:1225: round_trips_of_generated_values: check failed: adf_lball_identical(&x->loc[k], &y->loc[k]) | "{p=2: 0 + O(2^2); p=65537: 0 + O(65537^1)}": the component 1
FAIL tests/test_text_local.c:1232: round_trips_of_generated_values: check failed: adf_sball_equal_set(x, y) | "{p=2: 0 + O(2^2); p=65537: 0 + O(65537^1)}": the round trip changed the set
FAIL tests/test_text_local.c:1225: round_trips_of_generated_values: check failed: adf_lball_identical(&x->loc[k], &y->loc[k]) | "{inf: 36096; p=3: 8 + O(3^2); p=5: 0 + O(5^1)}": the component 1
FAIL tests/test_text_local.c:1232: round_trips_of_generated_values: check failed: adf_sball_equal_set(x, y) | "{inf: 36096; p=3: 8 + O(3^2); p=5: 0 + O(5^1)}": the round trip changed the set
FAIL tests/test_text_local.c:1225: round_trips_of_generated_values: check failed: adf_lball_identical(&x->loc[k], &y->loc[k]) | "{inf: 189; p=2: 9 + O(2^4); p=3: 59 + O(3^4); p=65537: 0 + O(65537^3); p=18446744073709551557: 115792089237316193942174975457431254695161196299352022581048345476735855813986 + O(18446744073709551557^4)}": the component 2
FAIL tests/test_text_local.c:1232: round_trips_of_generated_values: check failed: adf_sball_equal_set(x, y) | "{inf: 189; p=2: 9 + O(2^4); p=3: 59 + O(3^4); p=65537: 0 + O(65537^3); p=18446744073709551557: 115792089237316193942174975457431254695161196299352022581048345476735855813986 + O(18446744073709551557^4)}": the round trip changed the set
FAIL tests/test_text_local.c:1225: round_trips_of_generated_values: check failed: adf_lball_identical(&x->loc[k], &y->loc[k]) | "{inf: -20.625; p=2: 0 + O(2^2)}": the component 0
FAIL tests/test_text_local.c:1232: round_trips_of_generated_values: check failed: adf_sball_equal_set(x, y) | "{inf: -20.625; p=2: 0 + O(2^2)}": the round trip changed the set
FAIL tests/test_text_local.c:1225: round_trips_of_generated_values: check failed: adf_lball_identical(&x->loc[k], &y->loc[k]) | "{p=3: 3 + O(3^3); p=5: 0 + O(5^0); p=7: 0 + O(7^0); p=65537: 0 + O(65537^1); p=18446744073709551557: 1601990276940682536177266535870956012366381515203057482615777696072186639886598028202468683962165 + O(18446744073709551557^5)}": the component 3
FAIL tests/test_text_local.c:1232: round_trips_of_generated_values: check failed: adf_sball_equal_set(x, y) | "{p=3: 3 + O(3^3); p=5: 0 + O(5^0); p=7: 0 + O(7^0); p=65537: 0 + O(65537^1); p=18446744073709551557: 1601990276940682536177266535870956012366381515203057482615777696072186639886598028202468683962165 + O(18446744073709551557^5)}": the round trip changed the set
FAIL tests/test_text_local.c:1225: round_trips_of_generated_values: check failed: adf_lball_identical(&x->loc[k], &y->loc[k]) | "{p=2: 2 + O(2^3); p=3: 0 + O(3^3); p=7: 0 + O(7^0); p=65537: 906763542112342829678519 + O(65537^5); p=18446744073709551557: 15372286728091292947 + O(18446744073709551557^1)}": the component 1
FAIL tests/test_text_local.c:1232: round_trips_of_generated_values: check failed: adf_sball_equal_set(x, y) | "{p=2: 2 + O(2^3); p=3: 0 + O(3^3); p=7: 0 + O(7^0); p=65537: 906763542112342829678519 + O(65537^5); p=18446744073709551557: 15372286728091292947 + O(18446744073709551557^1)}": the round trip changed the set
FAIL tests/test_text_local.c:1225: round_trips_of_generated_values: check failed: adf_lball_identical(&x->loc[k], &y->loc[k]) | "{p=2: 1 + O(2^3); p=3: 0 + O(3^2); p=5: 21 + O(5^2); p=7: 0 + O(7^2); p=18446744073709551557: 0 + O(18446744073709551557^3)}": the component 1
FAIL tests/test_text_local.c:1225: round_trips_of_generated_values: check failed: adf_lball_identical(&x->loc[k], &y->loc[k]) | "{p=2: 1 + O(2^3); p=3: 0 + O(3^2); p=5: 21 + O(5^2); p=7: 0 + O(7^2); p=18446744073709551557: 0 + O(18446744073709551557^3)}": the component 3
FAIL tests/test_text_local.c:1225: round_trips_of_generated_values: check failed: adf_lball_identical(&x->loc[k], &y->loc[k]) | "{p=2: 1 + O(2^3); p=3: 0 + O(3^2); p=5: 21 + O(5^2); p=7: 0 + O(7^2); p=18446744073709551557: 0 + O(18446744073709551557^3)}": the component 4
FAIL tests/test_text_local.c:1232: round_trips_of_generated_values: check failed: adf_sball_equal_set(x, y) | "{p=2: 1 + O(2^3); p=3: 0 + O(3^2); p=5: 21 + O(5^2); p=7: 0 + O(7^2); p=18446744073709551557: 0 + O(18446744073709551557^3)}": the round trip changed the set
FAIL tests/test_text_local.c:1225: round_trips_of_generated_values: check failed: adf_lball_identical(&x->loc[k], &y->loc[k]) | "{inf: -628; p=3: 0 + O(3^3); p=5: 0 + O(5^2); p=7: 244 + O(7^3); p=18446744073709551557: 2135987035920910048236355381161274683155175353604076643487703594762915519848797370936624911949527 + O(18446744073709551557^5)}": the component 0
FAIL tests/test_text_local.c:1225: round_trips_of_generated_values: check failed: adf_lball_identical(&x->loc[k], &y->loc[k]) | "{inf: -628; p=3: 0 + O(3^3); p=5: 0 + O(5^2); p=7: 244 + O(7^3); p=18446744073709551557: 2135987035920910048236355381161274683155175353604076643487703594762915519848797370936624911949527 + O(18446744073709551557^5)}": the component 1
FAIL tests/test_text_local.c:1232: round_trips_of_generated_values: check failed: adf_sball_equal_set(x, y) | "{inf: -628; p=3: 0 + O(3^3); p=5: 0 + O(5^2); p=7: 244 + O(7^3); p=18446744073709551557: 2135987035920910048236355381161274683155175353604076643487703594762915519848797370936624911949527 + O(18446744073709551557^5)}": the round trip changed the set
FAIL tests/test_text_local.c:1225: round_trips_of_generated_values: check failed: adf_lball_identical(&x->loc[k], &y->loc[k]) | "{p=3: 0 + O(3^2); p=5: 1/5 + O(5^0); p=65537: 0 + O(65537^3); p=18446744073709551557: 4611686018427387824 + O(18446744073709551557^1)}": the component 0
FAIL tests/test_text_local.c:1225: round_trips_of_generated_values: check failed: adf_lball_identical(&x->loc[k], &y->loc[k]) | "{p=3: 0 + O(3^2); p=5: 1/5 + O(5^0); p=65537: 0 + O(65537^3); p=18446744073709551557: 4611686018427387824 + O(18446744073709551557^1)}": the component 2
FAIL tests/test_text_local.c:1232: round_trips_of_generated_values: check failed: adf_sball_equal_set(x, y) | "{p=3: 0 + O(3^2); p=5: 1/5 + O(5^0); p=65537: 0 + O(65537^3); p=18446744073709551557: 4611686018427387824 + O(18446744073709551557^1)}": the round trip changed the set
FAIL tests/test_text_local.c:1225: round_trips_of_generated_values: check failed: adf_lball_identical(&x->loc[k], &y->loc[k]) | "{inf: -100; p=5: 0 + O(5^1); p=65537: 12298579999590973344 + O(65537^4); p=18446744073709551557: 0 + O(18446744073709551557^1)}": the component 0
FAIL tests/test_text_local.c:1225: round_trips_of_generated_values: check failed: adf_lball_identical(&x->loc[k], &y->loc[k]) | "{inf: -100; p=5: 0 + O(5^1); p=65537: 12298579999590973344 + O(65537^4); p=18446744073709551557: 0 + O(18446744073709551557^1)}": the component 2
FAIL tests/test_text_local.c:1232: round_trips_of_generated_values: check failed: adf_sball_equal_set(x, y) | "{inf: -100; p=5: 0 + O(5^1); p=65537: 12298579999590973344 + O(65537^4); p=18446744073709551557: 0 + O(18446744073709551557^1)}": the round trip changed the set
FAIL tests/test_text_local.c:1225: round_trips_of_generated_values: check failed: adf_lball_identical(&x->loc[k], &y->loc[k]) | "{p=3: 0 + O(3^2); p=5: 57 + O(5^4); p=7: 0 + O(7^0); p=65537: 0 + O(65537^2); p=18446744073709551557: 3766261041232008422163486286920935145434638974473945043400 + O(18446744073709551557^3)}": the component 0
FAIL tests/test_text_local.c:1225: round_trips_of_generated_values: check failed: adf_lball_identical(&x->loc[k], &y->loc[k]) | "{p=3: 0 + O(3^2); p=5: 57 + O(5^4); p=7: 0 + O(7^0); p=65537: 0 + O(65537^2); p=18446744073709551557: 3766261041232008422163486286920935145434638974473945043400 + O(18446744073709551557^3)}": the component 3
FAIL tests/test_text_local.c:1232: round_trips_of_generated_values: check failed: adf_sball_equal_set(x, y) | "{p=3: 0 + O(3^2); p=5: 57 + O(5^4); p=7: 0 + O(7^0); p=65537: 0 + O(65537^2); p=18446744073709551557: 3766261041232008422163486286920935145434638974473945043400 + O(18446744073709551557^3)}": the round trip changed the set
FAIL tests/test_text_local.c:1225: round_trips_of_generated_values: check failed: adf_lball_identical(&x->loc[k], &y->loc[k]) | "{inf: -2.0625; p=2: 0 + O(2^2); p=3: 0 + O(3^3)}": the component 0
FAIL tests/test_text_local.c:1225: round_trips_of_generated_values: check failed: adf_lball_identical(&x->loc[k], &y->loc[k]) | "{inf: -2.0625; p=2: 0 + O(2^2); p=3: 0 + O(3^3)}": the component 1
FAIL tests/test_text_local.c:1232: round_trips_of_generated_values: check failed: adf_sball_equal_set(x, y) | "{inf: -2.0625; p=2: 0 + O(2^2); p=3: 0 + O(3^3)}": the round trip changed the set
FAIL tests/test_text_local.c:1225: round_trips_of_generated_values: check failed: adf_lball_identical(&x->loc[k], &y->loc[k]) | "{inf: 2960; p=2: 0 + O(2^3); p=3: 8 + O(3^3); p=5: 0 + O(5^2); p=65537: 0 + O(65537^0)}": the component 0
FAIL tests/test_text_local.c:1225: round_trips_of_generated_values: check failed: adf_lball_identical(&x->loc[k], &y->loc[k]) | "{inf: 2960; p=2: 0 + O(2^3); p=3: 8 + O(3^3); p=5: 0 + O(5^2); p=65537: 0 + O(65537^0)}": the component 2
FAIL tests/test_text_local.c:1232: round_trips_of_generated_values: check failed: adf_sball_equal_set(x, y) | "{inf: 2960; p=2: 0 + O(2^3); p=3: 8 + O(3^3); p=5: 0 + O(5^2); p=65537: 0 + O(65537^0)}": the round trip changed the set
FAIL tests/test_text_local.c:1225: round_trips_of_generated_values: check failed: adf_lball_identical(&x->loc[k], &y->loc[k]) | "{p=2: 2 + O(2^2); p=3: 1/3 + O(3^0); p=5: 0 + O(5^1); p=7: 8421 + O(7^5); p=18446744073709551557: 9223372036854775676 + O(18446744073709551557^1)}": the component 2
FAIL tests/test_text_local.c:1232: round_trips_of_generated_values: check failed: adf_sball_equal_set(x, y) | "{p=2: 2 + O(2^2); p=3: 1/3 + O(3^0); p=5: 0 + O(5^1); p=7: 8421 + O(7^5); p=18446744073709551557: 9223372036854775676 + O(18446744073709551557^1)}": the round trip changed the set
FAIL tests/test_text_local.c:1225: round_trips_of_generated_values: check failed: adf_lball_identical(&x->loc[k], &y->loc[k]) | "{inf: -21.625; p=2: 5 + O(2^4); p=3: 0 + O(3^2); p=7: 2 + O(7^1); p=65537: 0 + O(65537^1)}": the component 1
FAIL tests/test_text_local.c:1225: round_trips_of_generated_values: check failed: adf_lball_identical(&x->loc[k], &y->loc[k]) | "{inf: -21.625; p=2: 5 + O(2^4); p=3: 0 + O(3^2); p=7: 2 + O(7^1); p=65537: 0 + O(65537^1)}": the component 3
FAIL tests/test_text_local.c:1232: round_trips_of_generated_values: check failed: adf_sball_equal_set(x, y) | "{inf: -21.625; p=2: 5 + O(2^4); p=3: 0 + O(3^2); p=7: 2 + O(7^1); p=65537: 0 + O(65537^1)}": the round trip changed the set
FAIL tests/test_text_local.c:1225: round_trips_of_generated_values: check failed: adf_lball_identical(&x->loc[k], &y->loc[k]) | "{p=3: 0 + O(3^1); p=5: 0 + O(5^2); p=7: 1 + O(7^1); p=18446744073709551557: 115792089237316193942174975457431254695161196299352022581048345476735855813951 + O(18446744073709551557^4)}": the component 1
FAIL tests/test_text_local.c:1232: round_trips_of_generated_values: check failed: adf_sball_equal_set(x, y) | "{p=3: 0 + O(3^1); p=5: 0 + O(5^2); p=7: 1 + O(7^1); p=18446744073709551557: 115792089237316193942174975457431254695161196299352022581048345476735855813951 + O(18446744073709551557^4)}": the round trip changed the set
FAIL tests/test_text_local.c:1225: round_trips_of_generated_values: check failed: adf_lball_identical(&x->loc[k], &y->loc[k]) | "{inf: -748; p=2: 18 + O(2^5); p=3: 0 + O(3^3); p=5: 3100 + O(5^5); p=7: 6 + O(7^1); p=65537: 18447869999386460131 + O(65537^4)}": the component 1
FAIL tests/test_text_local.c:1232: round_trips_of_generated_values: check failed: adf_sball_equal_set(x, y) | "{inf: -748; p=2: 18 + O(2^5); p=3: 0 + O(3^3); p=5: 3100 + O(5^5); p=7: 6 + O(7^1); p=65537: 18447869999386460131 + O(65537^4)}": the round trip changed the set
FAIL tests/test_text_local.c:1225: round_trips_of_generated_values: check failed: adf_lball_identical(&x->loc[k], &y->loc[k]) | "{p=3: 0 + O(3^0); p=7: 742 + O(7^4); p=18446744073709551557: 0 + O(18446744073709551557^3)}": the component 2
FAIL tests/test_text_local.c:1232: round_trips_of_generated_values: check failed: adf_sball_equal_set(x, y) | "{p=3: 0 + O(3^0); p=7: 742 + O(7^4); p=18446744073709551557: 0 + O(18446744073709551557^3)}": the round trip changed the set
FAIL tests/test_text_local.c:1225: round_trips_of_generated_values: check failed: adf_lball_identical(&x->loc[k], &y->loc[k]) | "{inf: 58; p=2: 3/4 + O(2^1); p=5: 0 + O(5^2); p=65537: 0 + O(65537^3)}": the component 1
FAIL tests/test_text_local.c:1225: round_trips_of_generated_values: check failed: adf_lball_identical(&x->loc[k], &y->loc[k]) | "{inf: 58; p=2: 3/4 + O(2^1); p=5: 0 + O(5^2); p=65537: 0 + O(65537^3)}": the component 2
FAIL tests/test_text_local.c:1232: round_trips_of_generated_values: check failed: adf_sball_equal_set(x, y) | "{inf: 58; p=2: 3/4 + O(2^1); p=5: 0 + O(5^2); p=65537: 0 + O(65537^3)}": the round trip changed the set
FAIL tests/test_text_local.c:1225: round_trips_of_generated_values: check failed: adf_lball_identical(&x->loc[k], &y->loc[k]) | "{inf: -3.6875; p=3: 0 + O(3^1); p=5: 2 + O(5^1); p=7: 0 + O(7^1); p=18446744073709551557: 0 + O(18446744073709551557^3)}": the component 0
FAIL tests/test_text_local.c:1225: round_trips_of_generated_values: check failed: adf_lball_identical(&x->loc[k], &y->loc[k]) | "{inf: -3.6875; p=3: 0 + O(3^1); p=5: 2 + O(5^1); p=7: 0 + O(7^1); p=18446744073709551557: 0 + O(18446744073709551557^3)}": the component 2
FAIL tests/test_text_local.c:1225: round_trips_of_generated_values: check failed: adf_lball_identical(&x->loc[k], &y->loc[k]) | "{inf: -3.6875; p=3: 0 + O(3^1); p=5: 2 + O(5^1); p=7: 0 + O(7^1); p=18446744073709551557: 0 + O(18446744073709551557^3)}": the component 3
FAIL tests/test_text_local.c:1232: round_trips_of_generated_values: check failed: adf_sball_equal_set(x, y) | "{inf: -3.6875; p=3: 0 + O(3^1); p=5: 2 + O(5^1); p=7: 0 + O(7^1); p=18446744073709551557: 0 + O(18446744073709551557^3)}": the round trip changed the set
FAIL tests/test_text_local.c:1225: round_trips_of_generated_values: check failed: adf_lball_identical(&x->loc[k], &y->loc[k]) | "{p=2: 23 + O(2^5); p=3: 199 + O(3^5); p=5: 0 + O(5^2); p=18446744073709551557: 340282366920938461286658806734041124155 + O(18446744073709551557^2)}": the component 2
FAIL tests/test_text_local.c:1232: round_trips_of_generated_values: check failed: adf_sball_equal_set(x, y) | "{p=2: 23 + O(2^5); p=3: 199 + O(3^5); p=5: 0 + O(5^2); p=18446744073709551557: 340282366920938461286658806734041124155 + O(18446744073709551557^2)}": the round trip changed the set
FAIL tests/test_text_local.c:1225: round_trips_of_generated_values: check failed: adf_lball_identical(&x->loc[k], &y->loc[k]) | "{p=3: 0 + O(3^2); p=5: 2/5 + O(5^0); p=7: 0 + O(7^1); p=65537: 0 + O(65537^2)}": the component 0
FAIL tests/test_text_local.c:1225: round_trips_of_generated_values: check failed: adf_lball_identical(&x->loc[k], &y->loc[k]) | "{p=3: 0 + O(3^2); p=5: 2/5 + O(5^0); p=7: 0 + O(7^1); p=65537: 0 + O(65537^2)}": the component 2
FAIL tests/test_text_local.c:1225: round_trips_of_generated_values: check failed: adf_lball_identical(&x->loc[k], &y->loc[k]) | "{p=3: 0 + O(3^2); p=5: 2/5 + O(5^0); p=7: 0 + O(7^1); p=65537: 0 + O(65537^2)}": the component 3
FAIL tests/test_text_local.c:1232: round_trips_of_generated_values: check failed: adf_sball_equal_set(x, y) | "{p=3: 0 + O(3^2); p=5: 2/5 + O(5^0); p=7: 0 + O(7^1); p=65537: 0 + O(65537^2)}": the round trip changed the set
FAIL tests/test_text_local.c:1225: round_trips_of_generated_values: check failed: adf_lball_identical(&x->loc[k], &y->loc[k]) | "{inf: 106; p=2: 0 + O(2^0); p=3: 0 + O(3^3); p=5: 3 + O(5^1); p=65537: 715849713 + O(65537^2)}": the component 1
FAIL tests/test_text_local.c:1232: round_trips_of_generated_values: check failed: adf_sball_equal_set(x, y) | "{inf: 106; p=2: 0 + O(2^0); p=3: 0 + O(3^3); p=5: 3 + O(5^1); p=65537: 715849713 + O(65537^2)}": the round trip changed the set
FAIL tests/test_text_local.c:1225: round_trips_of_generated_values: check failed: adf_lball_identical(&x->loc[k], &y->loc[k]) | "{inf: 0.40625; p=2: 0 + O(2^3); p=3: 26/3 + O(3^4)}": the component 0
FAIL tests/test_text_local.c:1232: round_trips_of_generated_values: check failed: adf_sball_equal_set(x, y) | "{inf: 0.40625; p=2: 0 + O(2^3); p=3: 26/3 + O(3^4)}": the round trip changed the set
FAIL tests/test_text_local.c:1225: round_trips_of_generated_values: check failed: adf_lball_identical(&x->loc[k], &y->loc[k]) | "{p=3: 53 + O(3^5); p=5: 0 + O(5^1); p=65537: 0 + O(65537^2)}": the component 2
FAIL tests/test_text_local.c:1232: round_trips_of_generated_values: check failed: adf_sball_equal_set(x, y) | "{p=3: 53 + O(3^5); p=5: 0 + O(5^1); p=65537: 0 + O(65537^2)}": the round trip changed the set
FAIL tests/test_text_local.c:1225: round_trips_of_generated_values: check failed: adf_lball_identical(&x->loc[k], &y->loc[k]) | "{inf: -2.71875; p=3: 21 + O(3^3); p=5: 0 + O(5^3); p=7: 44 + O(7^2); p=65537: 0 + O(65537^0)}": the component 1
FAIL tests/test_text_local.c:1232: round_trips_of_generated_values: check failed: adf_sball_equal_set(x, y) | "{inf: -2.71875; p=3: 21 + O(3^3); p=5: 0 + O(5^3); p=7: 44 + O(7^2); p=65537: 0 + O(65537^0)}": the round trip changed the set
FAIL tests/test_text_local.c:1225: round_trips_of_generated_values: check failed: adf_lball_identical(&x->loc[k], &y->loc[k]) | "{p=2: 0 + O(2^3); p=3: 32 + O(3^4); p=18446744073709551557: 115792089237316193942174975457431254695161196299352022581048345476735855813967 + O(18446744073709551557^4)}": the component 0
FAIL tests/test_text_local.c:1232: round_trips_of_generated_values: check failed: adf_sball_equal_set(x, y) | "{p=2: 0 + O(2^3); p=3: 32 + O(3^4); p=18446744073709551557: 115792089237316193942174975457431254695161196299352022581048345476735855813967 + O(18446744073709551557^4)}": the round trip changed the set
FAIL tests/test_text_local.c:1225: round_trips_of_generated_values: check failed: adf_lball_identical(&x->loc[k], &y->loc[k]) | "{inf: 1856; p=3: 0 + O(3^2); p=18446744073709551557: 340282366920938461286658806734041124244 + O(18446744073709551557^2)}": the component 0
FAIL tests/test_text_local.c:1232: round_trips_of_generated_values: check failed: adf_sball_equal_set(x, y) | "{inf: 1856; p=3: 0 + O(3^2); p=18446744073709551557: 340282366920938461286658806734041124244 + O(18446744073709551557^2)}": the round trip changed the set
FAIL tests/test_text_local.c:1225: round_trips_of_generated_values: check failed: adf_lball_identical(&x->loc[k], &y->loc[k]) | "{p=2: 0 + O(2^2); p=5: 0 + O(5^1); p=7: 150 + O(7^3); p=65537: 9223934999693229983 + O(65537^4); p=18446744073709551557: 0 + O(18446744073709551557^0)}": the component 0
FAIL tests/test_text_local.c:1225: round_trips_of_generated_values: check failed: adf_lball_identical(&x->loc[k], &y->loc[k]) | "{p=2: 0 + O(2^2); p=5: 0 + O(5^1); p=7: 150 + O(7^3); p=65537: 9223934999693229983 + O(65537^4); p=18446744073709551557: 0 + O(18446744073709551557^0)}": the component 1
FAIL tests/test_text_local.c:1232: round_trips_of_generated_values: check failed: adf_sball_equal_set(x, y) | "{p=2: 0 + O(2^2); p=5: 0 + O(5^1); p=7: 150 + O(7^3); p=65537: 9223934999693229983 + O(65537^4); p=18446744073709551557: 0 + O(18446744073709551557^0)}": the round trip changed the set
FAIL tests/test_text_local.c:1225: round_trips_of_generated_values: check failed: adf_lball_identical(&x->loc[k], &y->loc[k]) | "{inf: -10496; p=2: 3 + O(2^2); p=7: 0 + O(7^1); p=65537: 32763 + O(65537^1); p=18446744073709551557: 0 + O(18446744073709551557^2)}": the component 1
FAIL tests/test_text_local.c:1225: round_trips_of_generated_values: check failed: adf_lball_identical(&x->loc[k], &y->loc[k]) | "{inf: -10496; p=2: 3 + O(2^2); p=7: 0 + O(7^1); p=65537: 32763 + O(65537^1); p=18446744073709551557: 0 + O(18446744073709551557^2)}": the component 3
FAIL tests/test_text_local.c:1232: round_trips_of_generated_values: check failed: adf_sball_equal_set(x, y) | "{inf: -10496; p=2: 3 + O(2^2); p=7: 0 + O(7^1); p=65537: 32763 + O(65537^1); p=18446744073709551557: 0 + O(18446744073709551557^2)}": the round trip changed the set
FAIL tests/test_text_local.c:1225: round_trips_of_generated_values: check failed: adf_lball_identical(&x->loc[k], &y->loc[k]) | "{p=65537: 0 + O(65537^1)}": the component 0
FAIL tests/test_text_local.c:1232: round_trips_of_generated_values: check failed: adf_sball_equal_set(x, y) | "{p=65537: 0 + O(65537^1)}": the round trip changed the set
FAIL tests/test_text_local.c:1225: round_trips_of_generated_values: check failed: adf_lball_identical(&x->loc[k], &y->loc[k]) | "{p=2: 0 + O(2^5); p=3: 0 + O(3^2); p=5: 0 + O(5^0); p=7: 73 + O(7^4); p=65537: 48 + O(65537^1)}": the component 1
FAIL tests/test_text_local.c:1232: round_trips_of_generated_values: check failed: adf_sball_equal_set(x, y) | "{p=2: 0 + O(2^5); p=3: 0 + O(3^2); p=5: 0 + O(5^0); p=7: 73 + O(7^4); p=65537: 48 + O(65537^1)}": the round trip changed the set
FAIL tests/test_text_local.c:1225: round_trips_of_generated_values: check failed: adf_lball_identical(&x->loc[k], &y->loc[k]) | "{p=3: 0 + O(3^3); p=5: 0 + O(5^1); p=18446744073709551557: 711995678640303349412118460387091561051725117868025547829234531587638506616265790312208303983168 + O(18446744073709551557^5)}": the component 0
FAIL tests/test_text_local.c:1225: round_trips_of_generated_values: check failed: adf_lball_identical(&x->loc[k], &y->loc[k]) | "{p=3: 0 + O(3^3); p=5: 0 + O(5^1); p=18446744073709551557: 711995678640303349412118460387091561051725117868025547829234531587638506616265790312208303983168 + O(18446744073709551557^5)}": the component 1
FAIL tests/test_text_local.c:1232: round_trips_of_generated_values: check failed: adf_sball_equal_set(x, y) | "{p=3: 0 + O(3^3); p=5: 0 + O(5^1); p=18446744073709551557: 711995678640303349412118460387091561051725117868025547829234531587638506616265790312208303983168 + O(18446744073709551557^5)}": the round trip changed the set
FAIL tests/test_text_local.c:1225: round_trips_of_generated_values: check failed: adf_lball_identical(&x->loc[k], &y->loc[k]) | "{p=2: 0 + O(2^3); p=18446744073709551557: 6277101735386680703605810478201558575724398290789908405641 + O(18446744073709551557^3)}": the component 0
FAIL tests/test_text_local.c:1232: round_trips_of_generated_values: check failed: adf_sball_equal_set(x, y) | "{p=2: 0 + O(2^3); p=18446744073709551557: 6277101735386680703605810478201558575724398290789908405641 + O(18446744073709551557^3)}": the round trip changed the set
FAIL tests/test_text_local.c:1225: round_trips_of_generated_values: check failed: adf_lball_identical(&x->loc[k], &y->loc[k]) | "{inf: 2272; p=2: 1/2 + O(2^0); p=3: 1 + O(3^2); p=5: 112 + O(5^4); p=65537: 0 + O(65537^1); p=18446744073709551557: 340282366920938461286658806734041124097 + O(18446744073709551557^2)}": the component 3
FAIL tests/test_text_local.c:1232: round_trips_of_generated_values: check failed: adf_sball_equal_set(x, y) | "{inf: 2272; p=2: 1/2 + O(2^0); p=3: 1 + O(3^2); p=5: 112 + O(5^4); p=65537: 0 + O(65537^1); p=18446744073709551557: 340282366920938461286658806734041124097 + O(18446744073709551557^2)}": the round trip changed the set
FAIL tests/test_text_local.c:1225: round_trips_of_generated_values: check failed: adf_lball_identical(&x->loc[k], &y->loc[k]) | "{inf: -2.84375; p=5: 0 + O(5^1); p=7: 223 + O(7^3); p=65537: 11068721999631876143 + O(65537^4)}": the component 0
FAIL tests/test_text_local.c:1232: round_trips_of_generated_values: check failed: adf_sball_equal_set(x, y) | "{inf: -2.84375; p=5: 0 + O(5^1); p=7: 223 + O(7^3); p=65537: 11068721999631876143 + O(65537^4)}": the round trip changed the set
FAIL tests/test_text_local.c:1225: round_trips_of_generated_values: check failed: adf_lball_identical(&x->loc[k], &y->loc[k]) | "{inf: 0.2421875; p=3: 2/3 + O(3^0); p=5: 0 + O(5^2); p=7: 0 + O(7^1); p=65537: 0 + O(65537^0)}": the component 2
FAIL tests/test_text_local.c:1232: round_trips_of_generated_values: check failed: adf_sball_equal_set(x, y) | "{inf: 0.2421875; p=3: 2/3 + O(3^0); p=5: 0 + O(5^2); p=7: 0 + O(7^1); p=65537: 0 + O(65537^0)}": the round trip changed the set
FAIL tests/test_text_local.c:1225: round_trips_of_generated_values: check failed: adf_lball_identical(&x->loc[k], &y->loc[k]) | "{inf: -2.234375; p=3: 93 + O(3^5); p=65537: 0 + O(65537^3)}": the component 1
FAIL tests/test_text_local.c:1232: round_trips_of_generated_values: check failed: adf_sball_equal_set(x, y) | "{inf: -2.234375; p=3: 93 + O(3^5); p=65537: 0 + O(65537^3)}": the round trip changed the set
FAIL tests/test_text_local.c:1225: round_trips_of_generated_values: check failed: adf_lball_identical(&x->loc[k], &y->loc[k]) | "{inf: 35584; p=2: 17/2 + O(2^4); p=3: 0 + O(3^3); p=5: 0 + O(5^2); p=7: 0 + O(7^0); p=18446744073709551557: 0 + O(18446744073709551557^1)}": the component 1
FAIL tests/test_text_local.c:1225: round_trips_of_generated_values: check failed: adf_lball_identical(&x->loc[k], &y->loc[k]) | "{inf: 35584; p=2: 17/2 + O(2^4); p=3: 0 + O(3^3); p=5: 0 + O(5^2); p=7: 0 + O(7^0); p=18446744073709551557: 0 + O(18446744073709551557^1)}": the component 2
FAIL tests/test_text_local.c:1225: round_trips_of_generated_values: check failed: adf_lball_identical(&x->loc[k], &y->loc[k]) | "{inf: 35584; p=2: 17/2 + O(2^4); p=3: 0 + O(3^3); p=5: 0 + O(5^2); p=7: 0 + O(7^0); p=18446744073709551557: 0 + O(18446744073709551557^1)}": the component 4
FAIL tests/test_text_local.c:1232: round_trips_of_generated_values: check failed: adf_sball_equal_set(x, y) | "{inf: 35584; p=2: 17/2 + O(2^4); p=3: 0 + O(3^3); p=5: 0 + O(5^2); p=7: 0 + O(7^0); p=18446744073709551557: 0 + O(18446744073709551557^1)}": the round trip changed the set
FAIL tests/test_text_local.c:1225: round_trips_of_generated_values: check failed: adf_lball_identical(&x->loc[k], &y->loc[k]) | "{p=5: 0 + O(5^2)}": the component 0
FAIL tests/test_text_local.c:1232: round_trips_of_generated_values: check failed: adf_sball_equal_set(x, y) | "{p=5: 0 + O(5^2)}": the round trip changed the set
FAIL tests/test_text_local.c:1225: round_trips_of_generated_values: check failed: adf_lball_identical(&x->loc[k], &y->loc[k]) | "{inf: -4.125; p=3: 25 + O(3^3); p=5: 0 + O(5^0); p=7: 0 + O(7^2); p=65537: 15 + O(65537^4); p=18446744073709551557: 9223372036854775849 + O(18446744073709551557^1)}": the component 2
FAIL tests/test_text_local.c:1232: round_trips_of_generated_values: check failed: adf_sball_equal_set(x, y) | "{inf: -4.125; p=3: 25 + O(3^3); p=5: 0 + O(5^0); p=7: 0 + O(7^2); p=65537: 15 + O(65537^4); p=18446744073709551557: 9223372036854775849 + O(18446744073709551557^1)}": the round trip changed the set
FAIL tests/test_text_local.c:1225: round_trips_of_generated_values: check failed: adf_lball_identical(&x->loc[k], &y->loc[k]) | "{p=2: 0 + O(2^1); p=5: 0 + O(5^2); p=7: 44 + O(7^2); p=18446744073709551557: 115792089237316193942174975457431254695161196299352022581048345476735855813954 + O(18446744073709551557^4)}": the component 1
FAIL tests/test_text_local.c:1232: round_trips_of_generated_values: check failed: adf_sball_equal_set(x, y) | "{p=2: 0 + O(2^1); p=5: 0 + O(5^2); p=7: 44 + O(7^2); p=18446744073709551557: 115792089237316193942174975457431254695161196299352022581048345476735855813954 + O(18446744073709551557^4)}": the round trip changed the set
FAIL tests/test_text_local.c:1225: round_trips_of_generated_values: check failed: adf_lball_identical(&x->loc[k], &y->loc[k]) | "{inf: -684; p=2: 1/4 + O(2^1); p=3: 26 + O(3^3); p=5: 92 + O(5^4); p=7: 0 + O(7^0)}": the component 0
FAIL tests/test_text_local.c:1232: round_trips_of_generated_values: check failed: adf_sball_equal_set(x, y) | "{inf: -684; p=2: 1/4 + O(2^1); p=3: 26 + O(3^3); p=5: 92 + O(5^4); p=7: 0 + O(7^0)}": the round trip changed the set
FAIL tests/test_text_local.c:1225: round_trips_of_generated_values: check failed: adf_lball_identical(&x->loc[k], &y->loc[k]) | "{inf: -20864; p=2: 30 + O(2^5); p=7: 205 + O(7^3); p=65537: 0 + O(65537^2); p=18446744073709551557: 0 + O(18446744073709551557^3)}": the component 2
FAIL tests/test_text_local.c:1225: round_trips_of_generated_values: check failed: adf_lball_identical(&x->loc[k], &y->loc[k]) | "{inf: -20864; p=2: 30 + O(2^5); p=7: 205 + O(7^3); p=65537: 0 + O(65537^2); p=18446744073709551557: 0 + O(18446744073709551557^3)}": the component 3
FAIL tests/test_text_local.c:1232: round_trips_of_generated_values: check failed: adf_sball_equal_set(x, y) | "{inf: -20864; p=2: 30 + O(2^5); p=7: 205 + O(7^3); p=65537: 0 + O(65537^2); p=18446744073709551557: 0 + O(18446744073709551557^3)}": the round trip changed the set
FAIL tests/test_text_local.c:1225: round_trips_of_generated_values: check failed: adf_lball_identical(&x->loc[k], &y->loc[k]) | "{p=2: 0 + O(2^1); p=7: 2020 + O(7^4); p=18446744073709551557: 2135987035920910048236355381161274683155175353604076643487703594762915519848797370936624911949477 + O(18446744073709551557^5)}": the component 0
FAIL tests/test_text_local.c:1232: round_trips_of_generated_values: check failed: adf_sball_equal_set(x, y) | "{p=2: 0 + O(2^1); p=7: 2020 + O(7^4); p=18446744073709551557: 2135987035920910048236355381161274683155175353604076643487703594762915519848797370936624911949477 + O(18446744073709551557^5)}": the round trip changed the set
FAIL tests/test_text_local.c:1225: round_trips_of_generated_values: check failed: adf_lball_identical(&x->loc[k], &y->loc[k]) | "{inf: 1024; p=5: 24 + O(5^2); p=65537: 0 + O(65537^2)}": the component 1
FAIL tests/test_text_local.c:1232: round_trips_of_generated_values: check failed: adf_sball_equal_set(x, y) | "{inf: 1024; p=5: 24 + O(5^2); p=65537: 0 + O(65537^2)}": the round trip changed the set
FAIL tests/test_text_local.c:1225: round_trips_of_generated_values: check failed: adf_lball_identical(&x->loc[k], &y->loc[k]) | "{p=7: 0 + O(7^1); p=65537: 0 + O(65537^3); p=18446744073709551557: 0 + O(18446744073709551557^2)}": the component 0
FAIL tests/test_text_local.c:1225: round_trips_of_generated_values: check failed: adf_lball_identical(&x->loc[k], &y->loc[k]) | "{p=7: 0 + O(7^1); p=65537: 0 + O(65537^3); p=18446744073709551557: 0 + O(18446744073709551557^2)}": the component 1
FAIL tests/test_text_local.c:1225: round_trips_of_generated_values: check failed: adf_lball_identical(&x->loc[k], &y->loc[k]) | "{p=7: 0 + O(7^1); p=65537: 0 + O(65537^3); p=18446744073709551557: 0 + O(18446744073709551557^2)}": the component 2
FAIL tests/test_text_local.c:1232: round_trips_of_generated_values: check failed: adf_sball_equal_set(x, y) | "{p=7: 0 + O(7^1); p=65537: 0 + O(65537^3); p=18446744073709551557: 0 + O(18446744073709551557^2)}": the round trip changed the set
FAIL tests/test_text_local.c:1225: round_trips_of_generated_values: check failed: adf_lball_identical(&x->loc[k], &y->loc[k]) | "{inf: 0.0859375; p=65537: 0 + O(65537^3)}": the component 0
FAIL tests/test_text_local.c:1232: round_trips_of_generated_values: check failed: adf_sball_equal_set(x, y) | "{inf: 0.0859375; p=65537: 0 + O(65537^3)}": the round trip changed the set
FAIL tests/test_text_local.c:1225: round_trips_of_generated_values: check failed: adf_lball_identical(&x->loc[k], &y->loc[k]) | "{p=2: 4 + O(2^3); p=7: 0 + O(7^2); p=65537: 65499 + O(65537^1)}": the component 1
FAIL tests/test_text_local.c:1232: round_trips_of_generated_values: check failed: adf_sball_equal_set(x, y) | "{p=2: 4 + O(2^3); p=7: 0 + O(7^2); p=65537: 65499 + O(65537^1)}": the round trip changed the set
FAIL tests/test_text_local.c:1225: round_trips_of_generated_values: check failed: adf_lball_identical(&x->loc[k], &y->loc[k]) | "{p=2: 0 + O(2^0); p=3: 195 + O(3^5); p=5: 0 + O(5^0); p=7: 0 + O(7^1)}": the component 3
FAIL tests/test_text_local.c:1232: round_trips_of_generated_values: check failed: adf_sball_equal_set(x, y) | "{p=2: 0 + O(2^0); p=3: 195 + O(3^5); p=5: 0 + O(5^0); p=7: 0 + O(7^1)}": the round trip changed the set
FAIL tests/test_text_local.c:1225: round_trips_of_generated_values: check failed: adf_lball_identical(&x->loc[k], &y->loc[k]) | "{p=2: 0 + O(2^0); p=3: 0 + O(3^1)}": the component 1
FAIL tests/test_text_local.c:1232: round_trips_of_generated_values: check failed: adf_sball_equal_set(x, y) | "{p=2: 0 + O(2^0); p=3: 0 + O(3^1)}": the round trip changed the set
FAIL tests/test_text_local.c:1225: round_trips_of_generated_values: check failed: adf_lball_identical(&x->loc[k], &y->loc[k]) | "{inf: 96; p=3: 1 + O(3^1); p=5: 0 + O(5^3); p=65537: 0 + O(65537^0); p=18446744073709551557: 0 + O(18446744073709551557^3)}": the component 1
FAIL tests/test_text_local.c:1225: round_trips_of_generated_values: check failed: adf_lball_identical(&x->loc[k], &y->loc[k]) | "{inf: 96; p=3: 1 + O(3^1); p=5: 0 + O(5^3); p=65537: 0 + O(65537^0); p=18446744073709551557: 0 + O(18446744073709551557^3)}": the component 3
FAIL tests/test_text_local.c:1232: round_trips_of_generated_values: check failed: adf_sball_equal_set(x, y) | "{inf: 96; p=3: 1 + O(3^1); p=5: 0 + O(5^3); p=65537: 0 + O(65537^0); p=18446744073709551557: 0 + O(18446744073709551557^3)}": the round trip changed the set
FAIL tests/test_text_local.c:1225: round_trips_of_generated_values: check failed: adf_lball_identical(&x->loc[k], &y->loc[k]) | "{inf: -516; p=2: 1/2 + O(2^0); p=3: 0 + O(3^1); p=5: 0 + O(5^1); p=65537: 0 + O(65537^3); p=18446744073709551557: 0 + O(18446744073709551557^0)}": the component 1
FAIL tests/test_text_local.c:1225: round_trips_of_generated_values: check failed: adf_lball_identical(&x->loc[k], &y->loc[k]) | "{inf: -516; p=2: 1/2 + O(2^0); p=3: 0 + O(3^1); p=5: 0 + O(5^1); p=65537: 0 + O(65537^3); p=18446744073709551557: 0 + O(18446744073709551557^0)}": the component 2
FAIL tests/test_text_local.c:1225: round_trips_of_generated_values: check failed: adf_lball_identical(&x->loc[k], &y->loc[k]) | "{inf: -516; p=2: 1/2 + O(2^0); p=3: 0 + O(3^1); p=5: 0 + O(5^1); p=65537: 0 + O(65537^3); p=18446744073709551557: 0 + O(18446744073709551557^0)}": the component 3
FAIL tests/test_text_local.c:1232: round_trips_of_generated_values: check failed: adf_sball_equal_set(x, y) | "{inf: -516; p=2: 1/2 + O(2^0); p=3: 0 + O(3^1); p=5: 0 + O(5^1); p=65537: 0 + O(65537^3); p=18446744073709551557: 0 + O(18446744073709551557^0)}": the round trip changed the set
FAIL tests/test_text_local.c:1225: round_trips_of_generated_values: check failed: adf_lball_identical(&x->loc[k], &y->loc[k]) | "{inf: -12416; p=2: 19/2 + O(2^4); p=5: 0 + O(5^1); p=7: 0 + O(7^2); p=65537: 187658574539387 + O(65537^3); p=18446744073709551557: 162 + O(18446744073709551557^2)}": the component 1
FAIL tests/test_text_local.c:1225: round_trips_of_generated_values: check failed: adf_lball_identical(&x->loc[k], &y->loc[k]) | "{inf: -12416; p=2: 19/2 + O(2^4); p=5: 0 + O(5^1); p=7: 0 + O(7^2); p=65537: 187658574539387 + O(65537^3); p=18446744073709551557: 162 + O(18446744073709551557^2)}": the component 2
FAIL tests/test_text_local.c:1232: round_trips_of_generated_values: check failed: adf_sball_equal_set(x, y) | "{inf: -12416; p=2: 19/2 + O(2^4); p=5: 0 + O(5^1); p=7: 0 + O(7^2); p=65537: 187658574539387 + O(65537^3); p=18446744073709551557: 162 + O(18446744073709551557^2)}": the round trip changed the set
FAIL tests/test_text_local.c:1225: round_trips_of_generated_values: check failed: adf_lball_identical(&x->loc[k], &y->loc[k]) | "{p=2: 25/2 + O(2^4); p=5: 115 + O(5^3); p=7: 3 + O(7^1); p=65537: 0 + O(65537^2); p=18446744073709551557: 0 + O(18446744073709551557^1)}": the component 3
FAIL tests/test_text_local.c:1225: round_trips_of_generated_values: check failed: adf_lball_identical(&x->loc[k], &y->loc[k]) | "{p=2: 25/2 + O(2^4); p=5: 115 + O(5^3); p=7: 3 + O(7^1); p=65537: 0 + O(65537^2); p=18446744073709551557: 0 + O(18446744073709551557^1)}": the component 4
FAIL tests/test_text_local.c:1232: round_trips_of_generated_values: check failed: adf_sball_equal_set(x, y) | "{p=2: 25/2 + O(2^4); p=5: 115 + O(5^3); p=7: 3 + O(7^1); p=65537: 0 + O(65537^2); p=18446744073709551557: 0 + O(18446744073709551557^1)}": the round trip changed the set
FAIL tests/test_text_local.c:1225: round_trips_of_generated_values: check failed: adf_lball_identical(&x->loc[k], &y->loc[k]) | "{p=2: 0 + O(2^3)}": the component 0
FAIL tests/test_text_local.c:1232: round_trips_of_generated_values: check failed: adf_sball_equal_set(x, y) | "{p=2: 0 + O(2^3)}": the round trip changed the set
FAIL tests/test_text_local.c:1225: round_trips_of_generated_values: check failed: adf_lball_identical(&x->loc[k], &y->loc[k]) | "{p=2: 1 + O(2^1); p=5: 2951 + O(5^5); p=7: 0 + O(7^3); p=18446744073709551557: 11068046444225730883 + O(18446744073709551557^1)}": the component 2
FAIL tests/test_text_local.c:1232: round_trips_of_generated_values: check failed: adf_sball_equal_set(x, y) | "{p=2: 1 + O(2^1); p=5: 2951 + O(5^5); p=7: 0 + O(7^3); p=18446744073709551557: 11068046444225730883 + O(18446744073709551557^1)}": the round trip changed the set
FAIL tests/test_text_local.c:1225: round_trips_of_generated_values: check failed: adf_lball_identical(&x->loc[k], &y->loc[k]) | "{inf: -0.5078125; p=2: 0 + O(2^2); p=3: 5 + O(3^3); p=5: 0 + O(5^3); p=18446744073709551557: 0 + O(18446744073709551557^0)}": the component 0
FAIL tests/test_text_local.c:1225: round_trips_of_generated_values: check failed: adf_lball_identical(&x->loc[k], &y->loc[k]) | "{inf: -0.5078125; p=2: 0 + O(2^2); p=3: 5 + O(3^3); p=5: 0 + O(5^3); p=18446744073709551557: 0 + O(18446744073709551557^0)}": the component 2
FAIL tests/test_text_local.c:1232: round_trips_of_generated_values: check failed: adf_sball_equal_set(x, y) | "{inf: -0.5078125; p=2: 0 + O(2^2); p=3: 5 + O(3^3); p=5: 0 + O(5^3); p=18446744073709551557: 0 + O(18446744073709551557^0)}": the round trip changed the set
FAIL tests/test_text_local.c:1225: round_trips_of_generated_values: check failed: adf_lball_identical(&x->loc[k], &y->loc[k]) | "{inf: -0.109375; p=2: 27 + O(2^5); p=3: 1 + O(3^2); p=65537: 0 + O(65537^2); p=18446744073709551557: 272225893536750769029327045387232899396 + O(18446744073709551557^2)}": the component 2
FAIL tests/test_text_local.c:1232: round_trips_of_generated_values: check failed: adf_sball_equal_set(x, y) | "{inf: -0.109375; p=2: 27 + O(2^5); p=3: 1 + O(3^2); p=65537: 0 + O(65537^2); p=18446744073709551557: 272225893536750769029327045387232899396 + O(18446744073709551557^2)}": the round trip changed the set
FAIL tests/test_text_local.c:1225: round_trips_of_generated_values: check failed: adf_lball_identical(&x->loc[k], &y->loc[k]) | "{inf: -4.3125; p=2: 0 + O(2^3); p=3: 7 + O(3^2); p=7: 0 + O(7^1); p=65537: 65415 + O(65537^1); p=18446744073709551557: 0 + O(18446744073709551557^3)}": the component 0
FAIL tests/test_text_local.c:1225: round_trips_of_generated_values: check failed: adf_lball_identical(&x->loc[k], &y->loc[k]) | "{inf: -4.3125; p=2: 0 + O(2^3); p=3: 7 + O(3^2); p=7: 0 + O(7^1); p=65537: 65415 + O(65537^1); p=18446744073709551557: 0 + O(18446744073709551557^3)}": the component 2
FAIL tests/test_text_local.c:1225: round_trips_of_generated_values: check failed: adf_lball_identical(&x->loc[k], &y->loc[k]) | "{inf: -4.3125; p=2: 0 + O(2^3); p=3: 7 + O(3^2); p=7: 0 + O(7^1); p=65537: 65415 + O(65537^1); p=18446744073709551557: 0 + O(18446744073709551557^3)}": the component 4
FAIL tests/test_text_local.c:1232: round_trips_of_generated_values: check failed: adf_sball_equal_set(x, y) | "{inf: -4.3125; p=2: 0 + O(2^3); p=3: 7 + O(3^2); p=7: 0 + O(7^1); p=65537: 65415 + O(65537^1); p=18446744073709551557: 0 + O(18446744073709551557^3)}": the round trip changed the set
FAIL tests/test_text_local.c:1225: round_trips_of_generated_values: check failed: adf_lball_identical(&x->loc[k], &y->loc[k]) | "{inf: -34.75; p=2: 0 + O(2^1); p=7: 2 + O(7^1)}": the component 0
FAIL tests/test_text_local.c:1232: round_trips_of_generated_values: check failed: adf_sball_equal_set(x, y) | "{inf: -34.75; p=2: 0 + O(2^1); p=7: 2 + O(7^1)}": the round trip changed the set
FAIL tests/test_text_local.c:1225: round_trips_of_generated_values: check failed: adf_lball_identical(&x->loc[k], &y->loc[k]) | "{inf: 6720; p=2: 0 + O(2^3); p=3: 25 + O(3^3); p=5: 329 + O(5^4); p=7: 16796 + O(7^5); p=65537: 0 + O(65537^0)}": the component 0
FAIL tests/test_text_local.c:1232: round_trips_of_generated_values: check failed: adf_sball_equal_set(x, y) | "{inf: 6720; p=2: 0 + O(2^3); p=3: 25 + O(3^3); p=5: 329 + O(5^4); p=7: 16796 + O(7^5); p=65537: 0 + O(65537^0)}": the round trip changed the set
FAIL tests/test_text_local.c:1225: round_trips_of_generated_values: check failed: adf_lball_identical(&x->loc[k], &y->loc[k]) | "{p=3: 134/3 + O(3^5); p=5: 0 + O(5^1); p=7: 1 + O(7^2); p=65537: 2147549134 + O(65537^2); p=18446744073709551557: 6277101735386680703605810478201558575724398290789908405662 + O(18446744073709551557^3)}": the component 1
FAIL tests/test_text_local.c:1232: round_trips_of_generated_values: check failed: adf_sball_equal_set(x, y) | "{p=3: 134/3 + O(3^5); p=5: 0 + O(5^1); p=7: 1 + O(7^2); p=65537: 2147549134 + O(65537^2); p=18446744073709551557: 6277101735386680703605810478201558575724398290789908405662 + O(18446744073709551557^3)}": the round trip changed the set
FAIL tests/test_text_local.c:1225: round_trips_of_generated_values: check failed: adf_lball_identical(&x->loc[k], &y->loc[k]) | "{inf: 18; p=2: 1/2 + O(2^1); p=3: 0 + O(3^0); p=5: 216 + O(5^4); p=7: 0 + O(7^2); p=65537: 0 + O(65537^3)}": the component 3
FAIL tests/test_text_local.c:1225: round_trips_of_generated_values: check failed: adf_lball_identical(&x->loc[k], &y->loc[k]) | "{inf: 18; p=2: 1/2 + O(2^1); p=3: 0 + O(3^0); p=5: 216 + O(5^4); p=7: 0 + O(7^2); p=65537: 0 + O(65537^3)}": the component 4
FAIL tests/test_text_local.c:1232: round_trips_of_generated_values: check failed: adf_sball_equal_set(x, y) | "{inf: 18; p=2: 1/2 + O(2^1); p=3: 0 + O(3^0); p=5: 216 + O(5^4); p=7: 0 + O(7^2); p=65537: 0 + O(65537^3)}": the round trip changed the set
FAIL tests/test_text_local.c:1225: round_trips_of_generated_values: check failed: adf_lball_identical(&x->loc[k], &y->loc[k]) | "{inf: 1.59375; p=7: 0 + O(7^1); p=18446744073709551557: 29 + O(18446744073709551557^2)}": the component 0
FAIL tests/test_text_local.c:1232: round_trips_of_generated_values: check failed: adf_sball_equal_set(x, y) | "{inf: 1.59375; p=7: 0 + O(7^1); p=18446744073709551557: 29 + O(18446744073709551557^2)}": the round trip changed the set
FAIL tests/test_text_local.c:1225: round_trips_of_generated_values: check failed: adf_lball_identical(&x->loc[k], &y->loc[k]) | "{p=3: 0 + O(3^2); p=5: 96/5 + O(5^5); p=7: 0 + O(7^3); p=65537: 14758295999509168130 + O(65537^4); p=18446744073709551557: 57896044618658096971087487728715627347580598149676011290524172738367927907101 + O(18446744073709551557^4)}": the component 0
FAIL tests/test_text_local.c:1225: round_trips_of_generated_values: check failed: adf_lball_identical(&x->loc[k], &y->loc[k]) | "{p=3: 0 + O(3^2); p=5: 96/5 + O(5^5); p=7: 0 + O(7^3); p=65537: 14758295999509168130 + O(65537^4); p=18446744073709551557: 57896044618658096971087487728715627347580598149676011290524172738367927907101 + O(18446744073709551557^4)}": the component 2
FAIL tests/test_text_local.c:1232: round_trips_of_generated_values: check failed: adf_sball_equal_set(x, y) | "{p=3: 0 + O(3^2); p=5: 96/5 + O(5^5); p=7: 0 + O(7^3); p=65537: 14758295999509168130 + O(65537^4); p=18446744073709551557: 57896044618658096971087487728715627347580598149676011290524172738367927907101 + O(18446744073709551557^4)}": the round trip changed the set
FAIL tests/test_text_local.c:1225: round_trips_of_generated_values: check failed: adf_lball_identical(&x->loc[k], &y->loc[k]) | "{inf: -3136; p=2: 0 + O(2^3); p=7: 0 + O(7^2)}": the component 1
FAIL tests/test_text_local.c:1232: round_trips_of_generated_values: check failed: adf_sball_equal_set(x, y) | "{inf: -3136; p=2: 0 + O(2^3); p=7: 0 + O(7^2)}": the round trip changed the set
FAIL tests/test_text_local.c:1225: round_trips_of_generated_values: check failed: adf_lball_identical(&x->loc[k], &y->loc[k]) | "{inf: 3936; p=5: 0 + O(5^2); p=7: 19 + O(7^2); p=65537: 13131 + O(65537^1); p=18446744073709551557: 0 + O(18446744073709551557^0)}": the component 0
FAIL tests/test_text_local.c:1232: round_trips_of_generated_values: check failed: adf_sball_equal_set(x, y) | "{inf: 3936; p=5: 0 + O(5^2); p=7: 19 + O(7^2); p=65537: 13131 + O(65537^1); p=18446744073709551557: 0 + O(18446744073709551557^0)}": the round trip changed the set
FAIL tests/test_text_local.c:1225: round_trips_of_generated_values: check failed: adf_lball_identical(&x->loc[k], &y->loc[k]) | "{inf: -5.03125; p=2: 15 + O(2^5); p=65537: 0 + O(65537^3)}": the component 1
FAIL tests/test_text_local.c:1232: round_trips_of_generated_values: check failed: adf_sball_equal_set(x, y) | "{inf: -5.03125; p=2: 15 + O(2^5); p=65537: 0 + O(65537^3)}": the round trip changed the set
FAIL tests/test_text_local.c:1225: round_trips_of_generated_values: check failed: adf_lball_identical(&x->loc[k], &y->loc[k]) | "{inf: -10.75; p=2: 0 + O(2^3); p=3: 35 + O(3^5); p=5: 0 + O(5^2); p=7: 0 + O(7^1); p=18446744073709551557: 0 + O(18446744073709551557^3)}": the component 2
FAIL tests/test_text_local.c:1225: round_trips_of_generated_values: check failed: adf_lball_identical(&x->loc[k], &y->loc[k]) | "{inf: -10.75; p=2: 0 + O(2^3); p=3: 35 + O(3^5); p=5: 0 + O(5^2); p=7: 0 + O(7^1); p=18446744073709551557: 0 + O(18446744073709551557^3)}": the component 3
FAIL tests/test_text_local.c:1225: round_trips_of_generated_values: check failed: adf_lball_identical(&x->loc[k], &y->loc[k]) | "{inf: -10.75; p=2: 0 + O(2^3); p=3: 35 + O(3^5); p=5: 0 + O(5^2); p=7: 0 + O(7^1); p=18446744073709551557: 0 + O(18446744073709551557^3)}": the component 4
FAIL tests/test_text_local.c:1232: round_trips_of_generated_values: check failed: adf_sball_equal_set(x, y) | "{inf: -10.75; p=2: 0 + O(2^3); p=3: 35 + O(3^5); p=5: 0 + O(5^2); p=7: 0 + O(7^1); p=18446744073709551557: 0 + O(18446744073709551557^3)}": the round trip changed the set
FAIL tests/test_text_local.c:1225: round_trips_of_generated_values: check failed: adf_lball_identical(&x->loc[k], &y->loc[k]) | "{inf: 144; p=2: 0 + O(2^3)}": the component 0
FAIL tests/test_text_local.c:1232: round_trips_of_generated_values: check failed: adf_sball_equal_set(x, y) | "{inf: 144; p=2: 0 + O(2^3)}": the round trip changed the set
FAIL tests/test_text_local.c:1225: round_trips_of_generated_values: check failed: adf_lball_identical(&x->loc[k], &y->loc[k]) | "{inf: -6; p=2: 12 + O(2^4); p=5: 0 + O(5^1); p=7: 3 + O(7^1); p=18446744073709551557: 0 + O(18446744073709551557^3)}": the component 1
FAIL tests/test_text_local.c:1225: round_trips_of_generated_values: check failed: adf_lball_identical(&x->loc[k], &y->loc[k]) | "{inf: -6; p=2: 12 + O(2^4); p=5: 0 + O(5^1); p=7: 3 + O(7^1); p=18446744073709551557: 0 + O(18446744073709551557^3)}": the component 3
FAIL tests/test_text_local.c:1232: round_trips_of_generated_values: check failed: adf_sball_equal_set(x, y) | "{inf: -6; p=2: 12 + O(2^4); p=5: 0 + O(5^1); p=7: 3 + O(7^1); p=18446744073709551557: 0 + O(18446744073709551557^3)}": the round trip changed the set
FAIL tests/test_text_local.c:1225: round_trips_of_generated_values: check failed: adf_lball_identical(&x->loc[k], &y->loc[k]) | "{inf: 238; p=2: 7 + O(2^4); p=3: 0 + O(3^1); p=65537: 0 + O(65537^3)}": the component 2
FAIL tests/test_text_local.c:1232: round_trips_of_generated_values: check failed: adf_sball_equal_set(x, y) | "{inf: 238; p=2: 7 + O(2^4); p=3: 0 + O(3^1); p=65537: 0 + O(65537^3)}": the round trip changed the set
FAIL tests/test_text_local.c:1225: round_trips_of_generated_values: check failed: adf_lball_identical(&x->loc[k], &y->loc[k]) | "{inf: 4736; p=2: 0 + O(2^3); p=5: 0 + O(5^2); p=7: 0 + O(7^3)}": the component 0
FAIL tests/test_text_local.c:1225: round_trips_of_generated_values: check failed: adf_lball_identical(&x->loc[k], &y->loc[k]) | "{inf: 4736; p=2: 0 + O(2^3); p=5: 0 + O(5^2); p=7: 0 + O(7^3)}": the component 1
FAIL tests/test_text_local.c:1225: round_trips_of_generated_values: check failed: adf_lball_identical(&x->loc[k], &y->loc[k]) | "{inf: 4736; p=2: 0 + O(2^3); p=5: 0 + O(5^2); p=7: 0 + O(7^3)}": the component 2
FAIL tests/test_text_local.c:1232: round_trips_of_generated_values: check failed: adf_sball_equal_set(x, y) | "{inf: 4736; p=2: 0 + O(2^3); p=5: 0 + O(5^2); p=7: 0 + O(7^3)}": the round trip changed the set
FAIL tests/test_text_local.c:1225: round_trips_of_generated_values: check failed: adf_lball_identical(&x->loc[k], &y->loc[k]) | "{inf: 1.78125; p=2: 1/2 + O(2^4); p=3: 0 + O(3^0); p=5: 132 + O(5^4); p=65537: 112595144723679 + O(65537^3); p=18446744073709551557: 0 + O(18446744073709551557^1)}": the component 4
FAIL tests/test_text_local.c:1232: round_trips_of_generated_values: check failed: adf_sball_equal_set(x, y) | "{inf: 1.78125; p=2: 1/2 + O(2^4); p=3: 0 + O(3^0); p=5: 132 + O(5^4); p=65537: 112595144723679 + O(65537^3); p=18446744073709551557: 0 + O(18446744073709551557^1)}": the round trip changed the set
FAIL tests/test_text_local.c:1225: round_trips_of_generated_values: check failed: adf_lball_identical(&x->loc[k], &y->loc[k]) | "{p=3: 0 + O(3^1); p=7: 0 + O(7^0); p=65537: 725410833689874263742865 + O(65537^5); p=18446744073709551557: 77194726158210795961449983638287503130107464199568015054032230317823903875957 + O(18446744073709551557^4)}": the component 0
FAIL tests/test_text_local.c:1232: round_trips_of_generated_values: check failed: adf_sball_equal_set(x, y) | "{p=3: 0 + O(3^1); p=7: 0 + O(7^0); p=65537: 725410833689874263742865 + O(65537^5); p=18446744073709551557: 77194726158210795961449983638287503130107464199568015054032230317823903875957 + O(18446744073709551557^4)}": the round trip changed the set
FAIL tests/test_text_local.c:1225: round_trips_of_generated_values: check failed: adf_lball_identical(&x->loc[k], &y->loc[k]) | "{inf: 256; p=3: 0 + O(3^3); p=7: 38 + O(7^4); p=65537: 140743930904465 + O(65537^3)}": the component 0
FAIL tests/test_text_local.c:1232: round_trips_of_generated_values: check failed: adf_sball_equal_set(x, y) | "{inf: 256; p=3: 0 + O(3^3); p=7: 38 + O(7^4); p=65537: 140743930904465 + O(65537^3)}": the round trip changed the set
FAIL tests/test_text_local.c:1225: round_trips_of_generated_values: check failed: adf_lball_identical(&x->loc[k], &y->loc[k]) | "{inf: -37; p=2: 5 + O(2^4); p=5: 0 + O(5^2); p=7: 0 + O(7^2); p=18446744073709551557: 113427455640312820428886268911347041502 + O(18446744073709551557^2)}": the component 1
FAIL tests/test_text_local.c:1225: round_trips_of_generated_values: check failed: adf_lball_identical(&x->loc[k], &y->loc[k]) | "{inf: -37; p=2: 5 + O(2^4); p=5: 0 + O(5^2); p=7: 0 + O(7^2); p=18446744073709551557: 113427455640312820428886268911347041502 + O(18446744073709551557^2)}": the component 2
FAIL tests/test_text_local.c:1232: round_trips_of_generated_values: check failed: adf_sball_equal_set(x, y) | "{inf: -37; p=2: 5 + O(2^4); p=5: 0 + O(5^2); p=7: 0 + O(7^2); p=18446744073709551557: 113427455640312820428886268911347041502 + O(18446744073709551557^2)}": the round trip changed the set
FAIL tests/test_text_local.c:1225: round_trips_of_generated_values: check failed: adf_lball_identical(&x->loc[k], &y->loc[k]) | "{inf: 7168; p=2: 17 + O(2^5); p=65537: 0 + O(65537^2)}": the component 1
FAIL tests/test_text_local.c:1232: round_trips_of_generated_values: check failed: adf_sball_equal_set(x, y) | "{inf: 7168; p=2: 17 + O(2^5); p=65537: 0 + O(65537^2)}": the round trip changed the set
FAIL tests/test_text_local.c:1225: round_trips_of_generated_values: check failed: adf_lball_identical(&x->loc[k], &y->loc[k]) | "{inf: -1592; p=2: 1 + O(2^1); p=7: 0 + O(7^1); p=65537: 32742 + O(65537^1)}": the component 1
FAIL tests/test_text_local.c:1232: round_trips_of_generated_values: check failed: adf_sball_equal_set(x, y) | "{inf: -1592; p=2: 1 + O(2^1); p=7: 0 + O(7^1); p=65537: 32742 + O(65537^1)}": the round trip changed the set
FAIL tests/test_text_local.c:1225: round_trips_of_generated_values: check failed: adf_lball_identical(&x->loc[k], &y->loc[k]) | "{inf: -35840; p=2: 4 + O(2^3); p=3: 229/3 + O(3^4); p=65537: 0 + O(65537^3); p=18446744073709551557: 0 + O(18446744073709551557^3)}": the component 2
FAIL tests/test_text_local.c:1225: round_trips_of_generated_values: check failed: adf_lball_identical(&x->loc[k], &y->loc[k]) | "{inf: -35840; p=2: 4 + O(2^3); p=3: 229/3 + O(3^4); p=65537: 0 + O(65537^3); p=18446744073709551557: 0 + O(18446744073709551557^3)}": the component 3
FAIL tests/test_text_local.c:1232: round_trips_of_generated_values: check failed: adf_sball_equal_set(x, y) | "{inf: -35840; p=2: 4 + O(2^3); p=3: 229/3 + O(3^4); p=65537: 0 + O(65537^3); p=18446744073709551557: 0 + O(18446744073709551557^3)}": the round trip changed the set
FAIL tests/test_text_local.c:1225: round_trips_of_generated_values: check failed: adf_lball_identical(&x->loc[k], &y->loc[k]) | "{inf: 2048; p=5: 247 + O(5^5); p=7: 0 + O(7^3); p=65537: 65287 + O(65537^1)}": the component 1
FAIL tests/test_text_local.c:1232: round_trips_of_generated_values: check failed: adf_sball_equal_set(x, y) | "{inf: 2048; p=5: 247 + O(5^5); p=7: 0 + O(7^3); p=65537: 65287 + O(65537^1)}": the round trip changed the set
FAIL tests/test_text_local.c:1225: round_trips_of_generated_values: check failed: adf_lball_identical(&x->loc[k], &y->loc[k]) | "{inf: -8.6875; p=7: 0 + O(7^1); p=18446744073709551557: 0 + O(18446744073709551557^3)}": the component 0
FAIL tests/test_text_local.c:1225: round_trips_of_generated_values: check failed: adf_lball_identical(&x->loc[k], &y->loc[k]) | "{inf: -8.6875; p=7: 0 + O(7^1); p=18446744073709551557: 0 + O(18446744073709551557^3)}": the component 1
FAIL tests/test_text_local.c:1232: round_trips_of_generated_values: check failed: adf_sball_equal_set(x, y) | "{inf: -8.6875; p=7: 0 + O(7^1); p=18446744073709551557: 0 + O(18446744073709551557^3)}": the round trip changed the set
FAIL tests/test_text_local.c:1225: round_trips_of_generated_values: check failed: adf_lball_identical(&x->loc[k], &y->loc[k]) | "{inf: -0.19140625; p=2: 1 + O(2^4); p=7: 35 + O(7^2); p=65537: 0 + O(65537^3)}": the component 2
FAIL tests/test_text_local.c:1232: round_trips_of_generated_values: check failed: adf_sball_equal_set(x, y) | "{inf: -0.19140625; p=2: 1 + O(2^4); p=7: 35 + O(7^2); p=65537: 0 + O(65537^3)}": the round trip changed the set
FAIL tests/test_text_local.c:1225: round_trips_of_generated_values: check failed: adf_lball_identical(&x->loc[k], &y->loc[k]) | "{inf: 6.5; p=5: 3 + O(5^1); p=7: 0 + O(7^1)}": the component 1
FAIL tests/test_text_local.c:1232: round_trips_of_generated_values: check failed: adf_sball_equal_set(x, y) | "{inf: 6.5; p=5: 3 + O(5^1); p=7: 0 + O(7^1)}": the round trip changed the set
FAIL tests/test_text_local.c:1225: round_trips_of_generated_values: check failed: adf_lball_identical(&x->loc[k], &y->loc[k]) | "{inf: 832; p=2: 0 + O(2^2)}": the component 0
FAIL tests/test_text_local.c:1232: round_trips_of_generated_values: check failed: adf_sball_equal_set(x, y) | "{inf: 832; p=2: 0 + O(2^2)}": the round trip changed the set
FAIL tests/test_text_local.c:1225: round_trips_of_generated_values: check failed: adf_lball_identical(&x->loc[k], &y->loc[k]) | "{p=2: 0 + O(2^1); p=3: 0 + O(3^0); p=5: 21 + O(5^5); p=7: 76 + O(7^3); p=18446744073709551557: 22 + O(18446744073709551557^5)}": the component 0
FAIL tests/test_text_local.c:1232: round_trips_of_generated_values: check failed: adf_sball_equal_set(x, y) | "{p=2: 0 + O(2^1); p=3: 0 + O(3^0); p=5: 21 + O(5^5); p=7: 76 + O(7^3); p=18446744073709551557: 22 + O(18446744073709551557^5)}": the round trip changed the set
FAIL tests/test_text_local.c:1225: round_trips_of_generated_values: check failed: adf_lball_identical(&x->loc[k], &y->loc[k]) | "{inf: 96.5; p=3: 6 + O(3^2); p=18446744073709551557: 0 + O(18446744073709551557^1)}": the component 1
FAIL tests/test_text_local.c:1232: round_trips_of_generated_values: check failed: adf_sball_equal_set(x, y) | "{inf: 96.5; p=3: 6 + O(3^2); p=18446744073709551557: 0 + O(18446744073709551557^1)}": the round trip changed the set
FAIL tests/test_text_local.c:1225: round_trips_of_generated_values: check failed: adf_lball_identical(&x->loc[k], &y->loc[k]) | "{inf: 296; p=3: 70 + O(3^4); p=65537: 0 + O(65537^3); p=18446744073709551557: 5230918112822233919671508731834632146436998575658257004746 + O(18446744073709551557^3)}": the component 1
FAIL tests/test_text_local.c:1232: round_trips_of_generated_values: check failed: adf_sball_equal_set(x, y) | "{inf: 296; p=3: 70 + O(3^4); p=65537: 0 + O(65537^3); p=18446744073709551557: 5230918112822233919671508731834632146436998575658257004746 + O(18446744073709551557^3)}": the round trip changed the set
FAIL tests/test_text_local.c:1225: round_trips_of_generated_values: check failed: adf_lball_identical(&x->loc[k], &y->loc[k]) | "{inf: -1.515625; p=2: 0 + O(2^2); p=3: 1 + O(3^3); p=5: 423 + O(5^4); p=65537: 0 + O(65537^2); p=18446744073709551557: 56713727820156410214443134455673520700 + O(18446744073709551557^2)}": the component 0
FAIL tests/test_text_local.c:1225: round_trips_of_generated_values: check failed: adf_lball_identical(&x->loc[k], &y->loc[k]) | "{inf: -1.515625; p=2: 0 + O(2^2); p=3: 1 + O(3^3); p=5: 423 + O(5^4); p=65537: 0 + O(65537^2); p=18446744073709551557: 56713727820156410214443134455673520700 + O(18446744073709551557^2)}": the component 3
FAIL tests/test_text_local.c:1232: round_trips_of_generated_values: check failed: adf_sball_equal_set(x, y) | "{inf: -1.515625; p=2: 0 + O(2^2); p=3: 1 + O(3^3); p=5: 423 + O(5^4); p=65537: 0 + O(65537^2); p=18446744073709551557: 56713727820156410214443134455673520700 + O(18446744073709551557^2)}": the round trip changed the set
FAIL tests/test_text_local.c:1225: round_trips_of_generated_values: check failed: adf_lball_identical(&x->loc[k], &y->loc[k]) | "{inf: 188; p=2: 0 + O(2^1); p=5: 0 + O(5^2); p=7: 0 + O(7^0); p=18446744073709551557: 28948022309329048485543743864357813673790299074838005645262086369183963953434 + O(18446744073709551557^4)}": the component 0
FAIL tests/test_text_local.c:1225: round_trips_of_generated_values: check failed: adf_lball_identical(&x->loc[k], &y->loc[k]) | "{inf: 188; p=2: 0 + O(2^1); p=5: 0 + O(5^2); p=7: 0 + O(7^0); p=18446744073709551557: 28948022309329048485543743864357813673790299074838005645262086369183963953434 + O(18446744073709551557^4)}": the component 1
FAIL tests/test_text_local.c:1232: round_trips_of_generated_values: check failed: adf_sball_equal_set(x, y) | "{inf: 188; p=2: 0 + O(2^1); p=5: 0 + O(5^2); p=7: 0 + O(7^0); p=18446744073709551557: 28948022309329048485543743864357813673790299074838005645262086369183963953434 + O(18446744073709551557^4)}": the round trip changed the set
FAIL tests/test_text_local.c:1225: round_trips_of_generated_values: check failed: adf_lball_identical(&x->loc[k], &y->loc[k]) | "{inf: -3.875; p=3: 0 + O(3^1); p=7: 62 + O(7^4); p=18446744073709551557: 259 + O(18446744073709551557^2)}": the component 0
FAIL tests/test_text_local.c:1232: round_trips_of_generated_values: check failed: adf_sball_equal_set(x, y) | "{inf: -3.875; p=3: 0 + O(3^1); p=7: 62 + O(7^4); p=18446744073709551557: 259 + O(18446744073709551557^2)}": the round trip changed the set
FAIL tests/test_text_local.c:1225: round_trips_of_generated_values: check failed: adf_lball_identical(&x->loc[k], &y->loc[k]) | "{inf: 47.5; p=3: 6 + O(3^2); p=7: 0 + O(7^2); p=65537: 259 + O(65537^3)}": the component 1
FAIL tests/test_text_local.c:1232: round_trips_of_generated_values: check failed: adf_sball_equal_set(x, y) | "{inf: 47.5; p=3: 6 + O(3^2); p=7: 0 + O(7^2); p=65537: 259 + O(65537^3)}": the round trip changed the set
FAIL tests/test_text_local.c:1225: round_trips_of_generated_values: check failed: adf_lball_identical(&x->loc[k], &y->loc[k]) | "{inf: -21760; p=2: 1 + O(2^1); p=5: 21 + O(5^2); p=7: 0 + O(7^1)}": the component 2
FAIL tests/test_text_local.c:1232: round_trips_of_generated_values: check failed: adf_sball_equal_set(x, y) | "{inf: -21760; p=2: 1 + O(2^1); p=5: 21 + O(5^2); p=7: 0 + O(7^1)}": the round trip changed the set
FAIL tests/test_text_local.c:1225: round_trips_of_generated_values: check failed: adf_lball_identical(&x->loc[k], &y->loc[k]) | "{inf: -312; p=2: 0 + O(2^1)}": the component 0
FAIL tests/test_text_local.c:1232: round_trips_of_generated_values: check failed: adf_sball_equal_set(x, y) | "{inf: -312; p=2: 0 + O(2^1)}": the round trip changed the set
FAIL tests/test_text_local.c:1225: round_trips_of_generated_values: check failed: adf_lball_identical(&x->loc[k], &y->loc[k]) | "{p=2: 0 + O(2^1); p=3: 0 + O(3^2); p=7: 11130 + O(7^5)}": the component 0
FAIL tests/test_text_local.c:1232: round_trips_of_generated_values: check failed: adf_sball_equal_set(x, y) | "{p=2: 0 + O(2^1); p=3: 0 + O(3^2); p=7: 11130 + O(7^5)}": the round trip changed the set
FAIL tests/test_text_local.c:1225: round_trips_of_generated_values: check failed: adf_lball_identical(&x->loc[k], &y->loc[k]) | "{p=7: 0 + O(7^1); p=65537: 0 + O(65537^0)}": the component 0
FAIL tests/test_text_local.c:1232: round_trips_of_generated_values: check failed: adf_sball_equal_set(x, y) | "{p=7: 0 + O(7^1); p=65537: 0 + O(65537^0)}": the round trip changed the set
FAIL tests/test_text_local.c:1225: round_trips_of_generated_values: check failed: adf_lball_identical(&x->loc[k], &y->loc[k]) | "{inf: 1.25; p=2: 0 + O(2^3); p=5: 140 + O(5^5); p=7: 0 + O(7^1)}": the component 0
FAIL tests/test_text_local.c:1225: round_trips_of_generated_values: check failed: adf_lball_identical(&x->loc[k], &y->loc[k]) | "{inf: 1.25; p=2: 0 + O(2^3); p=5: 140 + O(5^5); p=7: 0 + O(7^1)}": the component 2
FAIL tests/test_text_local.c:1232: round_trips_of_generated_values: check failed: adf_sball_equal_set(x, y) | "{inf: 1.25; p=2: 0 + O(2^3); p=5: 140 + O(5^5); p=7: 0 + O(7^1)}": the round trip changed the set
FAIL tests/test_text_local.c:1225: round_trips_of_generated_values: check failed: adf_lball_identical(&x->loc[k], &y->loc[k]) | "{inf: 0.29296875; p=3: 0 + O(3^3); p=5: 462 + O(5^4); p=65537: 0 + O(65537^3); p=18446744073709551557: 272225893536750769029327045387232899383 + O(18446744073709551557^2)}": the component 0
FAIL tests/test_text_local.c:1225: round_trips_of_generated_values: check failed: adf_lball_identical(&x->loc[k], &y->loc[k]) | "{inf: 0.29296875; p=3: 0 + O(3^3); p=5: 462 + O(5^4); p=65537: 0 + O(65537^3); p=18446744073709551557: 272225893536750769029327045387232899383 + O(18446744073709551557^2)}": the component 2
FAIL tests/test_text_local.c:1232: round_trips_of_generated_values: check failed: adf_sball_equal_set(x, y) | "{inf: 0.29296875; p=3: 0 + O(3^3); p=5: 462 + O(5^4); p=65537: 0 + O(65537^3); p=18446744073709551557: 272225893536750769029327045387232899383 + O(18446744073709551557^2)}": the round trip changed the set
FAIL tests/test_text_local.c:1225: round_trips_of_generated_values: check failed: adf_lball_identical(&x->loc[k], &y->loc[k]) | "{p=2: 14 + O(2^4); p=3: 1/3 + O(3^0); p=5: 4/5 + O(5^1); p=7: 0 + O(7^3); p=18446744073709551557: 0 + O(18446744073709551557^1)}": the component 3
FAIL tests/test_text_local.c:1225: round_trips_of_generated_values: check failed: adf_lball_identical(&x->loc[k], &y->loc[k]) | "{p=2: 14 + O(2^4); p=3: 1/3 + O(3^0); p=5: 4/5 + O(5^1); p=7: 0 + O(7^3); p=18446744073709551557: 0 + O(18446744073709551557^1)}": the component 4
FAIL tests/test_text_local.c:1232: round_trips_of_generated_values: check failed: adf_sball_equal_set(x, y) | "{p=2: 14 + O(2^4); p=3: 1/3 + O(3^0); p=5: 4/5 + O(5^1); p=7: 0 + O(7^3); p=18446744073709551557: 0 + O(18446744073709551557^1)}": the round trip changed the set
FAIL tests/test_text_local.c:1225: round_trips_of_generated_values: check failed: adf_lball_identical(&x->loc[k], &y->loc[k]) | "{inf: 8; p=2: 0 + O(2^4); p=18446744073709551557: 0 + O(18446744073709551557^3)}": the component 1
FAIL tests/test_text_local.c:1232: round_trips_of_generated_values: check failed: adf_sball_equal_set(x, y) | "{inf: 8; p=2: 0 + O(2^4); p=18446744073709551557: 0 + O(18446744073709551557^3)}": the round trip changed the set
FAIL tests/test_text_local.c:1225: round_trips_of_generated_values: check failed: adf_lball_identical(&x->loc[k], &y->loc[k]) | "{inf: -4.46875; p=2: 9 + O(2^4); p=3: 0 + O(3^2); p=5: 15488/5 + O(5^5); p=7: 1 + O(7^1); p=18446744073709551557: 148 + O(18446744073709551557^3)}": the component 1
FAIL tests/test_text_local.c:1232: round_trips_of_generated_values: check failed: adf_sball_equal_set(x, y) | "{inf: -4.46875; p=2: 9 + O(2^4); p=3: 0 + O(3^2); p=5: 15488/5 + O(5^5); p=7: 1 + O(7^1); p=18446744073709551557: 148 + O(18446744073709551557^3)}": the round trip changed the set
FAIL tests/test_text_local.c:1225: round_trips_of_generated_values: check failed: adf_lball_identical(&x->loc[k], &y->loc[k]) | "{inf: 2880; p=5: 4 + O(5^2); p=65537: 0 + O(65537^3); p=18446744073709551557: 9 + O(18446744073709551557^1)}": the component 1
FAIL tests/test_text_local.c:1232: round_trips_of_generated_values: check failed: adf_sball_equal_set(x, y) | "{inf: 2880; p=5: 4 + O(5^2); p=65537: 0 + O(65537^3); p=18446744073709551557: 9 + O(18446744073709551557^1)}": the round trip changed the set
FAIL tests/test_text_local.c:1225: round_trips_of_generated_values: check failed: adf_lball_identical(&x->loc[k], &y->loc[k]) | "{inf: -640; p=2: 0 + O(2^2); p=3: 141 + O(3^5); p=5: 0 + O(5^0); p=7: 0 + O(7^1); p=18446744073709551557: 0 + O(18446744073709551557^0)}": the component 0
FAIL tests/test_text_local.c:1225: round_trips_of_generated_values: check failed: adf_lball_identical(&x->loc[k], &y->loc[k]) | "{inf: -640; p=2: 0 + O(2^2); p=3: 141 + O(3^5); p=5: 0 + O(5^0); p=7: 0 + O(7^1); p=18446744073709551557: 0 + O(18446744073709551557^0)}": the component 3
FAIL tests/test_text_local.c:1232: round_trips_of_generated_values: check failed: adf_sball_equal_set(x, y) | "{inf: -640; p=2: 0 + O(2^2); p=3: 141 + O(3^5); p=5: 0 + O(5^0); p=7: 0 + O(7^1); p=18446744073709551557: 0 + O(18446744073709551557^0)}": the round trip changed the set
FAIL tests/test_text_local.c:1225: round_trips_of_generated_values: check failed: adf_lball_identical(&x->loc[k], &y->loc[k]) | "{inf: 67; p=5: 0 + O(5^1); p=18446744073709551557: 0 + O(18446744073709551557^3)}": the component 0
FAIL tests/test_text_local.c:1225: round_trips_of_generated_values: check failed: adf_lball_identical(&x->loc[k], &y->loc[k]) | "{inf: 67; p=5: 0 + O(5^1); p=18446744073709551557: 0 + O(18446744073709551557^3)}": the component 1
FAIL tests/test_text_local.c:1232: round_trips_of_generated_values: check failed: adf_sball_equal_set(x, y) | "{inf: 67; p=5: 0 + O(5^1); p=18446744073709551557: 0 + O(18446744073709551557^3)}": the round trip changed the set
FAIL tests/test_text_local.c:1225: round_trips_of_generated_values: check failed: adf_lball_identical(&x->loc[k], &y->loc[k]) | "{p=5: 0 + O(5^3)}": the component 0
FAIL tests/test_text_local.c:1232: round_trips_of_generated_values: check failed: adf_sball_equal_set(x, y) | "{p=5: 0 + O(5^3)}": the round trip changed the set
FAIL tests/test_text_local.c:1225: round_trips_of_generated_values: check failed: adf_lball_identical(&x->loc[k], &y->loc[k]) | "{inf: -0.4140625; p=2: 1 + O(2^1); p=5: 0 + O(5^2); p=7: 0 + O(7^2); p=65537: 168 + O(65537^2); p=18446744073709551557: 0 + O(18446744073709551557^2)}": the component 1
FAIL tests/test_text_local.c:1225: round_trips_of_generated_values: check failed: adf_lball_identical(&x->loc[k], &y->loc[k]) | "{inf: -0.4140625; p=2: 1 + O(2^1); p=5: 0 + O(5^2); p=7: 0 + O(7^2); p=65537: 168 + O(65537^2); p=18446744073709551557: 0 + O(18446744073709551557^2)}": the component 2
FAIL tests/test_text_local.c:1225: round_trips_of_generated_values: check failed: adf_lball_identical(&x->loc[k], &y->loc[k]) | "{inf: -0.4140625; p=2: 1 + O(2^1); p=5: 0 + O(5^2); p=7: 0 + O(7^2); p=65537: 168 + O(65537^2); p=18446744073709551557: 0 + O(18446744073709551557^2)}": the component 4
FAIL tests/test_text_local.c:1232: round_trips_of_generated_values: check failed: adf_sball_equal_set(x, y) | "{inf: -0.4140625; p=2: 1 + O(2^1); p=5: 0 + O(5^2); p=7: 0 + O(7^2); p=65537: 168 + O(65537^2); p=18446744073709551557: 0 + O(18446744073709551557^2)}": the round trip changed the set
FAIL tests/test_text_local.c:1225: round_trips_of_generated_values: check failed: adf_lball_identical(&x->loc[k], &y->loc[k]) | "{inf: 43; p=2: 0 + O(2^2); p=5: 12/5 + O(5^1); p=7: 2377 + O(7^4); p=65537: 0 + O(65537^2); p=18446744073709551557: 0 + O(18446744073709551557^3)}": the component 0
FAIL tests/test_text_local.c:1225: round_trips_of_generated_values: check failed: adf_lball_identical(&x->loc[k], &y->loc[k]) | "{inf: 43; p=2: 0 + O(2^2); p=5: 12/5 + O(5^1); p=7: 2377 + O(7^4); p=65537: 0 + O(65537^2); p=18446744073709551557: 0 + O(18446744073709551557^3)}": the component 3
FAIL tests/test_text_local.c:1225: round_trips_of_generated_values: check failed: adf_lball_identical(&x->loc[k], &y->loc[k]) | "{inf: 43; p=2: 0 + O(2^2); p=5: 12/5 + O(5^1); p=7: 2377 + O(7^4); p=65537: 0 + O(65537^2); p=18446744073709551557: 0 + O(18446744073709551557^3)}": the component 4
FAIL tests/test_text_local.c:1232: round_trips_of_generated_values: check failed: adf_sball_equal_set(x, y) | "{inf: 43; p=2: 0 + O(2^2); p=5: 12/5 + O(5^1); p=7: 2377 + O(7^4); p=65537: 0 + O(65537^2); p=18446744073709551557: 0 + O(18446744073709551557^3)}": the round trip changed the set
FAIL tests/test_text_local.c:1225: round_trips_of_generated_values: check failed: adf_lball_identical(&x->loc[k], &y->loc[k]) | "{inf: 1408; p=2: 0 + O(2^3); p=7: 0 + O(7^0); p=18446744073709551557: 2135987035920910048236355381161274683155175353604076643487703594762915519848797370936624911949512 + O(18446744073709551557^5)}": the component 0
FAIL tests/test_text_local.c:1232: round_trips_of_generated_values: check failed: adf_sball_equal_set(x, y) | "{inf: 1408; p=2: 0 + O(2^3); p=7: 0 + O(7^0); p=18446744073709551557: 2135987035920910048236355381161274683155175353604076643487703594762915519848797370936624911949512 + O(18446744073709551557^5)}": the round trip changed the set
FAIL tests/test_text_local.c:1225: round_trips_of_generated_values: check failed: adf_lball_identical(&x->loc[k], &y->loc[k]) | "{inf: 2400; p=2: 0 + O(2^1); p=3: 68 + O(3^4); p=5: 2987 + O(5^5); p=65537: 0 + O(65537^1); p=18446744073709551557: 0 + O(18446744073709551557^1)}": the component 0
FAIL tests/test_text_local.c:1225: round_trips_of_generated_values: check failed: adf_lball_identical(&x->loc[k], &y->loc[k]) | "{inf: 2400; p=2: 0 + O(2^1); p=3: 68 + O(3^4); p=5: 2987 + O(5^5); p=65537: 0 + O(65537^1); p=18446744073709551557: 0 + O(18446744073709551557^1)}": the component 3
FAIL tests/test_text_local.c:1225: round_trips_of_generated_values: check failed: adf_lball_identical(&x->loc[k], &y->loc[k]) | "{inf: 2400; p=2: 0 + O(2^1); p=3: 68 + O(3^4); p=5: 2987 + O(5^5); p=65537: 0 + O(65537^1); p=18446744073709551557: 0 + O(18446744073709551557^1)}": the component 4
FAIL tests/test_text_local.c:1232: round_trips_of_generated_values: check failed: adf_sball_equal_set(x, y) | "{inf: 2400; p=2: 0 + O(2^1); p=3: 68 + O(3^4); p=5: 2987 + O(5^5); p=65537: 0 + O(65537^1); p=18446744073709551557: 0 + O(18446744073709551557^1)}": the round trip changed the set
FAIL tests/test_text_local.c:1225: round_trips_of_generated_values: check failed: adf_lball_identical(&x->loc[k], &y->loc[k]) | "{p=2: 0 + O(2^1); p=7: 80 + O(7^4); p=18446744073709551557: 77194726158210795961449983638287503130107464199568015054032230317823903876045 + O(18446744073709551557^4)}": the component 0
FAIL tests/test_text_local.c:1232: round_trips_of_generated_values: check failed: adf_sball_equal_set(x, y) | "{p=2: 0 + O(2^1); p=7: 80 + O(7^4); p=18446744073709551557: 77194726158210795961449983638287503130107464199568015054032230317823903876045 + O(18446744073709551557^4)}": the round trip changed the set
FAIL tests/test_text_local.c:1225: round_trips_of_generated_values: check failed: adf_lball_identical(&x->loc[k], &y->loc[k]) | "{inf: 0.21875; p=5: 36 + O(5^3); p=65537: 0 + O(65537^1)}": the component 1
FAIL tests/test_text_local.c:1232: round_trips_of_generated_values: check failed: adf_sball_equal_set(x, y) | "{inf: 0.21875; p=5: 36 + O(5^3); p=65537: 0 + O(65537^1)}": the round trip changed the set
FAIL tests/test_text_local.c:1225: round_trips_of_generated_values: check failed: adf_lball_identical(&x->loc[k], &y->loc[k]) | "{inf: 168; p=2: 0 + O(2^3); p=5: 1517 + O(5^5); p=7: 0 + O(7^0)}": the component 0
FAIL tests/test_text_local.c:1232: round_trips_of_generated_values: check failed: adf_sball_equal_set(x, y) | "{inf: 168; p=2: 0 + O(2^3); p=5: 1517 + O(5^5); p=7: 0 + O(7^0)}": the round trip changed the set
FAIL tests/test_text_local.c:1225: round_trips_of_generated_values: check failed: adf_lball_identical(&x->loc[k], &y->loc[k]) | "{inf: -6368; p=2: 0 + O(2^3); p=7: 0 + O(7^1); p=65537: 61 + O(65537^2); p=18446744073709551557: 77194726158210795961449983638287503130107464199568015054032230317823903875963 + O(18446744073709551557^4)}": the component 0
FAIL tests/test_text_local.c:1225: round_trips_of_generated_values: check failed: adf_lball_identical(&x->loc[k], &y->loc[k]) | "{inf: -6368; p=2: 0 + O(2^3); p=7: 0 + O(7^1); p=65537: 61 + O(65537^2); p=18446744073709551557: 77194726158210795961449983638287503130107464199568015054032230317823903875963 + O(18446744073709551557^4)}": the component 1
FAIL tests/test_text_local.c:1232: round_trips_of_generated_values: check failed: adf_sball_equal_set(x, y) | "{inf: -6368; p=2: 0 + O(2^3); p=7: 0 + O(7^1); p=65537: 61 + O(65537^2); p=18446744073709551557: 77194726158210795961449983638287503130107464199568015054032230317823903875963 + O(18446744073709551557^4)}": the round trip changed the set
FAIL tests/test_text_local.c:1225: round_trips_of_generated_values: check failed: adf_lball_identical(&x->loc[k], &y->loc[k]) | "{inf: -11008; p=7: 0 + O(7^3)}": the component 0
FAIL tests/test_text_local.c:1232: round_trips_of_generated_values: check failed: adf_sball_equal_set(x, y) | "{inf: -11008; p=7: 0 + O(7^3)}": the round trip changed the set
FAIL tests/test_text_local.c:1225: round_trips_of_generated_values: check failed: adf_lball_identical(&x->loc[k], &y->loc[k]) | "{inf: 1.5625; p=18446744073709551557: 0 + O(18446744073709551557^3)}": the component 0
FAIL tests/test_text_local.c:1232: round_trips_of_generated_values: check failed: adf_sball_equal_set(x, y) | "{inf: 1.5625; p=18446744073709551557: 0 + O(18446744073709551557^3)}": the round trip changed the set
FAIL tests/test_text_local.c:1225: round_trips_of_generated_values: check failed: adf_lball_identical(&x->loc[k], &y->loc[k]) | "{inf: -11.75; p=5: 0 + O(5^3); p=7: 0 + O(7^1); p=65537: 4295098232 + O(65537^2); p=18446744073709551557: 18446744073709551378 + O(18446744073709551557^1)}": the component 0
FAIL tests/test_text_local.c:1225: round_trips_of_generated_values: check failed: adf_lball_identical(&x->loc[k], &y->loc[k]) | "{inf: -11.75; p=5: 0 + O(5^3); p=7: 0 + O(7^1); p=65537: 4295098232 + O(65537^2); p=18446744073709551557: 18446744073709551378 + O(18446744073709551557^1)}": the component 1
FAIL tests/test_text_local.c:1232: round_trips_of_generated_values: check failed: adf_sball_equal_set(x, y) | "{inf: -11.75; p=5: 0 + O(5^3); p=7: 0 + O(7^1); p=65537: 4295098232 + O(65537^2); p=18446744073709551557: 18446744073709551378 + O(18446744073709551557^1)}": the round trip changed the set
FAIL tests/test_text_local.c:1225: round_trips_of_generated_values: check failed: adf_lball_identical(&x->loc[k], &y->loc[k]) | "{inf: 1.5; p=2: 0 + O(2^1); p=3: 8/3 + O(3^1); p=5: 576 + O(5^4); p=65537: 4295098257 + O(65537^2); p=18446744073709551557: 0 + O(18446744073709551557^1)}": the component 0
FAIL tests/test_text_local.c:1225: round_trips_of_generated_values: check failed: adf_lball_identical(&x->loc[k], &y->loc[k]) | "{inf: 1.5; p=2: 0 + O(2^1); p=3: 8/3 + O(3^1); p=5: 576 + O(5^4); p=65537: 4295098257 + O(65537^2); p=18446744073709551557: 0 + O(18446744073709551557^1)}": the component 4
FAIL tests/test_text_local.c:1232: round_trips_of_generated_values: check failed: adf_sball_equal_set(x, y) | "{inf: 1.5; p=2: 0 + O(2^1); p=3: 8/3 + O(3^1); p=5: 576 + O(5^4); p=65537: 4295098257 + O(65537^2); p=18446744073709551557: 0 + O(18446744073709551557^1)}": the round trip changed the set
FAIL tests/test_text_local.c:1225: round_trips_of_generated_values: check failed: adf_lball_identical(&x->loc[k], &y->loc[k]) | "{p=2: 0 + O(2^1); p=3: 0 + O(3^2); p=7: 0 + O(7^3); p=65537: 0 + O(65537^1); p=18446744073709551557: 0 + O(18446744073709551557^2)}": the component 0
FAIL tests/test_text_local.c:1225: round_trips_of_generated_values: check failed: adf_lball_identical(&x->loc[k], &y->loc[k]) | "{p=2: 0 + O(2^1); p=3: 0 + O(3^2); p=7: 0 + O(7^3); p=65537: 0 + O(65537^1); p=18446744073709551557: 0 + O(18446744073709551557^2)}": the component 1
FAIL tests/test_text_local.c:1225: round_trips_of_generated_values: check failed: adf_lball_identical(&x->loc[k], &y->loc[k]) | "{p=2: 0 + O(2^1); p=3: 0 + O(3^2); p=7: 0 + O(7^3); p=65537: 0 + O(65537^1); p=18446744073709551557: 0 + O(18446744073709551557^2)}": the component 2
FAIL tests/test_text_local.c:1225: round_trips_of_generated_values: check failed: adf_lball_identical(&x->loc[k], &y->loc[k]) | "{p=2: 0 + O(2^1); p=3: 0 + O(3^2); p=7: 0 + O(7^3); p=65537: 0 + O(65537^1); p=18446744073709551557: 0 + O(18446744073709551557^2)}": the component 3
FAIL tests/test_text_local.c:1225: round_trips_of_generated_values: check failed: adf_lball_identical(&x->loc[k], &y->loc[k]) | "{p=2: 0 + O(2^1); p=3: 0 + O(3^2); p=7: 0 + O(7^3); p=65537: 0 + O(65537^1); p=18446744073709551557: 0 + O(18446744073709551557^2)}": the component 4
FAIL tests/test_text_local.c:1232: round_trips_of_generated_values: check failed: adf_sball_equal_set(x, y) | "{p=2: 0 + O(2^1); p=3: 0 + O(3^2); p=7: 0 + O(7^3); p=65537: 0 + O(65537^1); p=18446744073709551557: 0 + O(18446744073709551557^2)}": the round trip changed the set
FAIL tests/test_text_local.c:1225: round_trips_of_generated_values: check failed: adf_lball_identical(&x->loc[k], &y->loc[k]) | "{inf: -0.59765625; p=65537: 0 + O(65537^3)}": the component 0
FAIL tests/test_text_local.c:1232: round_trips_of_generated_values: check failed: adf_sball_equal_set(x, y) | "{inf: -0.59765625; p=65537: 0 + O(65537^3)}": the round trip changed the set
FAIL tests/test_text_local.c:1225: round_trips_of_generated_values: check failed: adf_lball_identical(&x->loc[k], &y->loc[k]) | "{inf: -2.875; p=65537: 0 + O(65537^1)}": the component 0
FAIL tests/test_text_local.c:1232: round_trips_of_generated_values: check failed: adf_sball_equal_set(x, y) | "{inf: -2.875; p=65537: 0 + O(65537^1)}": the round trip changed the set
FAIL tests/test_text_local.c:1225: round_trips_of_generated_values: check failed: adf_lball_identical(&x->loc[k], &y->loc[k]) | "{inf: 1568; p=18446744073709551557: 0 + O(18446744073709551557^1)}": the component 0
FAIL tests/test_text_local.c:1232: round_trips_of_generated_values: check failed: adf_sball_equal_set(x, y) | "{inf: 1568; p=18446744073709551557: 0 + O(18446744073709551557^1)}": the round trip changed the set
FAIL tests/test_text_local.c:1225: round_trips_of_generated_values: check failed: adf_lball_identical(&x->loc[k], &y->loc[k]) | "{p=2: 2 + O(2^3); p=3: 0 + O(3^3); p=5: 1065 + O(5^5); p=7: 0 + O(7^3); p=65537: 0 + O(65537^3)}": the component 1
FAIL tests/test_text_local.c:1225: round_trips_of_generated_values: check failed: adf_lball_identical(&x->loc[k], &y->loc[k]) | "{p=2: 2 + O(2^3); p=3: 0 + O(3^3); p=5: 1065 + O(5^5); p=7: 0 + O(7^3); p=65537: 0 + O(65537^3)}": the component 3
FAIL tests/test_text_local.c:1225: round_trips_of_generated_values: check failed: adf_lball_identical(&x->loc[k], &y->loc[k]) | "{p=2: 2 + O(2^3); p=3: 0 + O(3^3); p=5: 1065 + O(5^5); p=7: 0 + O(7^3); p=65537: 0 + O(65537^3)}": the component 4
FAIL tests/test_text_local.c:1232: round_trips_of_generated_values: check failed: adf_sball_equal_set(x, y) | "{p=2: 2 + O(2^3); p=3: 0 + O(3^3); p=5: 1065 + O(5^5); p=7: 0 + O(7^3); p=65537: 0 + O(65537^3)}": the round trip changed the set
FAIL tests/test_text_local.c:1225: round_trips_of_generated_values: check failed: adf_lball_identical(&x->loc[k], &y->loc[k]) | "{inf: 1.328125; p=2: 0 + O(2^3); p=3: 2 + O(3^3)}": the component 0
FAIL tests/test_text_local.c:1232: round_trips_of_generated_values: check failed: adf_sball_equal_set(x, y) | "{inf: 1.328125; p=2: 0 + O(2^3); p=3: 2 + O(3^3)}": the round trip changed the set
FAIL tests/test_text_local.c:1225: round_trips_of_generated_values: check failed: adf_lball_identical(&x->loc[k], &y->loc[k]) | "{inf: -2.421875; p=7: 0 + O(7^0); p=65537: 0 + O(65537^1)}": the component 1
FAIL tests/test_text_local.c:1232: round_trips_of_generated_values: check failed: adf_sball_equal_set(x, y) | "{inf: -2.421875; p=7: 0 + O(7^0); p=65537: 0 + O(65537^1)}": the round trip changed the set
FAIL tests/test_text_local.c:1225: round_trips_of_generated_values: check failed: adf_lball_identical(&x->loc[k], &y->loc[k]) | "{inf: -128; p=2: 24 + O(2^5); p=5: 0 + O(5^2); p=7: 0 + O(7^1); p=65537: 725410833689874263742922 + O(65537^5); p=18446744073709551557: 46 + O(18446744073709551557^3)}": the component 1
FAIL tests/test_text_local.c:1232: round_trips_of_generated_values: check failed: adf_sball_equal_set(x, y) | "{inf: -128; p=2: 24 + O(2^5); p=5: 0 + O(5^2); p=7: 0 + O(7^1); p=65537: 725410833689874263742922 + O(65537^5); p=18446744073709551557: 46 + O(18446744073709551557^3)}": the round trip changed the set
FAIL tests/test_text_local.c:1225: round_trips_of_generated_values: check failed: adf_lball_identical(&x->loc[k], &y->loc[k]) | "{inf: -4736; p=2: 2 + O(2^4); p=3: 0 + O(3^3); p=5: 0 + O(5^1); p=7: 2312 + O(7^4); p=18446744073709551557: 0 + O(18446744073709551557^1)}": the component 1
FAIL tests/test_text_local.c:1225: round_trips_of_generated_values: check failed: adf_lball_identical(&x->loc[k], &y->loc[k]) | "{inf: -4736; p=2: 2 + O(2^4); p=3: 0 + O(3^3); p=5: 0 + O(5^1); p=7: 2312 + O(7^4); p=18446744073709551557: 0 + O(18446744073709551557^1)}": the component 4
FAIL tests/test_text_local.c:1232: round_trips_of_generated_values: check failed: adf_sball_equal_set(x, y) | "{inf: -4736; p=2: 2 + O(2^4); p=3: 0 + O(3^3); p=5: 0 + O(5^1); p=7: 2312 + O(7^4); p=18446744073709551557: 0 + O(18446744073709551557^1)}": the round trip changed the set
FAIL tests/test_text_local.c:1225: round_trips_of_generated_values: check failed: adf_lball_identical(&x->loc[k], &y->loc[k]) | "{inf: 80; p=7: 30 + O(7^3); p=65537: 0 + O(65537^3)}": the component 1
FAIL tests/test_text_local.c:1232: round_trips_of_generated_values: check failed: adf_sball_equal_set(x, y) | "{inf: 80; p=7: 30 + O(7^3); p=65537: 0 + O(65537^3)}": the round trip changed the set
FAIL tests/test_text_local.c:1225: round_trips_of_generated_values: check failed: adf_lball_identical(&x->loc[k], &y->loc[k]) | "{p=3: 0 + O(3^3); p=5: 221 + O(5^4)}": the component 0
FAIL tests/test_text_local.c:1232: round_trips_of_generated_values: check failed: adf_sball_equal_set(x, y) | "{p=3: 0 + O(3^3); p=5: 221 + O(5^4)}": the round trip changed the set
FAIL tests/test_text_local.c:1225: round_trips_of_generated_values: check failed: adf_lball_identical(&x->loc[k], &y->loc[k]) | "{inf: 8832; p=3: 0 + O(3^3); p=65537: 155 + O(65537^4)}": the component 0
FAIL tests/test_text_local.c:1232: round_trips_of_generated_values: check failed: adf_sball_equal_set(x, y) | "{inf: 8832; p=3: 0 + O(3^3); p=65537: 155 + O(65537^4)}": the round trip changed the set
FAIL tests/test_text_local.c:1225: round_trips_of_generated_values: check failed: adf_lball_identical(&x->loc[k], &y->loc[k]) | "{p=2: 0 + O(2^1); p=65537: 1431699504 + O(65537^2); p=18446744073709551557: 0 + O(18446744073709551557^0)}": the component 0
FAIL tests/test_text_local.c:1232: round_trips_of_generated_values: check failed: adf_sball_equal_set(x, y) | "{p=2: 0 + O(2^1); p=65537: 1431699504 + O(65537^2); p=18446744073709551557: 0 + O(18446744073709551557^0)}": the round trip changed the set
FAIL tests/test_text_local.c:1225: round_trips_of_generated_values: check failed: adf_lball_identical(&x->loc[k], &y->loc[k]) | "{inf: 39; p=2: 1 + O(2^4); p=3: 0 + O(3^0); p=7: 0 + O(7^0); p=65537: 0 + O(65537^3)}": the component 3
FAIL tests/test_text_local.c:1232: round_trips_of_generated_values: check failed: adf_sball_equal_set(x, y) | "{inf: 39; p=2: 1 + O(2^4); p=3: 0 + O(3^0); p=7: 0 + O(7^0); p=65537: 0 + O(65537^3)}": the round trip changed the set
FAIL tests/test_text_local.c:1225: round_trips_of_generated_values: check failed: adf_lball_identical(&x->loc[k], &y->loc[k]) | "{inf: -1408; p=2: 0 + O(2^1); p=5: 0 + O(5^2); p=7: 13996 + O(7^5); p=65537: 281487861809108 + O(65537^3); p=18446744073709551557: 1281592221552546028941813228696764809893105212162445986092622156857749311909278422561974947169743 + O(18446744073709551557^5)}": the component 0
FAIL tests/test_text_local.c:1225: round_trips_of_generated_values: check failed: adf_lball_identical(&x->loc[k], &y->loc[k]) | "{inf: -1408; p=2: 0 + O(2^1); p=5: 0 + O(5^2); p=7: 13996 + O(7^5); p=65537: 281487861809108 + O(65537^3); p=18446744073709551557: 1281592221552546028941813228696764809893105212162445986092622156857749311909278422561974947169743 + O(18446744073709551557^5)}": the component 1
FAIL tests/test_text_local.c:1232: round_trips_of_generated_values: check failed: adf_sball_equal_set(x, y) | "{inf: -1408; p=2: 0 + O(2^1); p=5: 0 + O(5^2); p=7: 13996 + O(7^5); p=65537: 281487861809108 + O(65537^3); p=18446744073709551557: 1281592221552546028941813228696764809893105212162445986092622156857749311909278422561974947169743 + O(18446744073709551557^5)}": the round trip changed the set
FAIL tests/test_text_local.c:1225: round_trips_of_generated_values: check failed: adf_lball_identical(&x->loc[k], &y->loc[k]) | "{inf: -390; p=5: 0 + O(5^2); p=65537: 83 + O(65537^5)}": the component 0
FAIL tests/test_text_local.c:1232: round_trips_of_generated_values: check failed: adf_sball_equal_set(x, y) | "{inf: -390; p=5: 0 + O(5^2); p=65537: 83 + O(65537^5)}": the round trip changed the set
FAIL tests/test_text_local.c:1225: round_trips_of_generated_values: check failed: adf_lball_identical(&x->loc[k], &y->loc[k]) | "{inf: 2880; p=5: 0 + O(5^1); p=18446744073709551557: 143 + O(18446744073709551557^2)}": the component 0
FAIL tests/test_text_local.c:1232: round_trips_of_generated_values: check failed: adf_sball_equal_set(x, y) | "{inf: 2880; p=5: 0 + O(5^1); p=18446744073709551557: 143 + O(18446744073709551557^2)}": the round trip changed the set
FAIL tests/test_text_local.c:1225: round_trips_of_generated_values: check failed: adf_lball_identical(&x->loc[k], &y->loc[k]) | "{p=2: 7/2 + O(2^5); p=3: 19 + O(3^3); p=5: 288 + O(5^4); p=7: 0 + O(7^3); p=65537: 70 + O(65537^2)}": the component 3
FAIL tests/test_text_local.c:1232: round_trips_of_generated_values: check failed: adf_sball_equal_set(x, y) | "{p=2: 7/2 + O(2^5); p=3: 19 + O(3^3); p=5: 288 + O(5^4); p=7: 0 + O(7^3); p=65537: 70 + O(65537^2)}": the round trip changed the set
FAIL tests/test_text_local.c:1225: round_trips_of_generated_values: check failed: adf_lball_identical(&x->loc[k], &y->loc[k]) | "{inf: -5824; p=5: 0 + O(5^2); p=7: 52 + O(7^4); p=65537: 0 + O(65537^2)}": the component 0
FAIL tests/test_text_local.c:1225: round_trips_of_generated_values: check failed: adf_lball_identical(&x->loc[k], &y->loc[k]) | "{inf: -5824; p=5: 0 + O(5^2); p=7: 52 + O(7^4); p=65537: 0 + O(65537^2)}": the component 2
FAIL tests/test_text_local.c:1232: round_trips_of_generated_values: check failed: adf_sball_equal_set(x, y) | "{inf: -5824; p=5: 0 + O(5^2); p=7: 52 + O(7^4); p=65537: 0 + O(65537^2)}": the round trip changed the set
FAIL tests/test_text_local.c:1225: round_trips_of_generated_values: check failed: adf_lball_identical(&x->loc[k], &y->loc[k]) | "{p=2: 0 + O(2^1); p=5: 2 + O(5^2)}": the component 0
FAIL tests/test_text_local.c:1232: round_trips_of_generated_values: check failed: adf_sball_equal_set(x, y) | "{p=2: 0 + O(2^1); p=5: 2 + O(5^2)}": the round trip changed the set
FAIL tests/test_text_local.c:1225: round_trips_of_generated_values: check failed: adf_lball_identical(&x->loc[k], &y->loc[k]) | "{inf: 5248; p=7: 0 + O(7^0); p=65537: 94 + O(65537^2); p=18446744073709551557: 0 + O(18446744073709551557^2)}": the component 2
FAIL tests/test_text_local.c:1232: round_trips_of_generated_values: check failed: adf_sball_equal_set(x, y) | "{inf: 5248; p=7: 0 + O(7^0); p=65537: 94 + O(65537^2); p=18446744073709551557: 0 + O(18446744073709551557^2)}": the round trip changed the set
FAIL tests/test_text_local.c:1225: round_trips_of_generated_values: check failed: adf_lball_identical(&x->loc[k], &y->loc[k]) | "{inf: 5; p=2: 0 + O(2^0); p=5: 0 + O(5^1); p=65537: 0 + O(65537^3); p=18446744073709551557: 0 + O(18446744073709551557^3)}": the component 1
FAIL tests/test_text_local.c:1225: round_trips_of_generated_values: check failed: adf_lball_identical(&x->loc[k], &y->loc[k]) | "{inf: 5; p=2: 0 + O(2^0); p=5: 0 + O(5^1); p=65537: 0 + O(65537^3); p=18446744073709551557: 0 + O(18446744073709551557^3)}": the component 2
FAIL tests/test_text_local.c:1225: round_trips_of_generated_values: check failed: adf_lball_identical(&x->loc[k], &y->loc[k]) | "{inf: 5; p=2: 0 + O(2^0); p=5: 0 + O(5^1); p=65537: 0 + O(65537^3); p=18446744073709551557: 0 + O(18446744073709551557^3)}": the component 3
FAIL tests/test_text_local.c:1232: round_trips_of_generated_values: check failed: adf_sball_equal_set(x, y) | "{inf: 5; p=2: 0 + O(2^0); p=5: 0 + O(5^1); p=65537: 0 + O(65537^3); p=18446744073709551557: 0 + O(18446744073709551557^3)}": the round trip changed the set
FAIL tests/test_text_local.c:1225: round_trips_of_generated_values: check failed: adf_lball_identical(&x->loc[k], &y->loc[k]) | "{inf: 84; p=3: 0 + O(3^3); p=5: 0 + O(5^1); p=18446744073709551557: 7 + O(18446744073709551557^4)}": the component 0
FAIL tests/test_text_local.c:1225: round_trips_of_generated_values: check failed: adf_lball_identical(&x->loc[k], &y->loc[k]) | "{inf: 84; p=3: 0 + O(3^3); p=5: 0 + O(5^1); p=18446744073709551557: 7 + O(18446744073709551557^4)}": the component 1
FAIL tests/test_text_local.c:1232: round_trips_of_generated_values: check failed: adf_sball_equal_set(x, y) | "{inf: 84; p=3: 0 + O(3^3); p=5: 0 + O(5^1); p=18446744073709551557: 7 + O(18446744073709551557^4)}": the round trip changed the set
FAIL tests/test_text_local.c:1225: round_trips_of_generated_values: check failed: adf_lball_identical(&x->loc[k], &y->loc[k]) | "{inf: -1.6875; p=2: 0 + O(2^2); p=5: 0 + O(5^3); p=65537: 0 + O(65537^0); p=18446744073709551557: 0 + O(18446744073709551557^0)}": the component 0
FAIL tests/test_text_local.c:1225: round_trips_of_generated_values: check failed: adf_lball_identical(&x->loc[k], &y->loc[k]) | "{inf: -1.6875; p=2: 0 + O(2^2); p=5: 0 + O(5^3); p=65537: 0 + O(65537^0); p=18446744073709551557: 0 + O(18446744073709551557^0)}": the component 1
FAIL tests/test_text_local.c:1232: round_trips_of_generated_values: check failed: adf_sball_equal_set(x, y) | "{inf: -1.6875; p=2: 0 + O(2^2); p=5: 0 + O(5^3); p=65537: 0 + O(65537^0); p=18446744073709551557: 0 + O(18446744073709551557^0)}": the round trip changed the set
FAIL tests/test_text_local.c:1225: round_trips_of_generated_values: check failed: adf_lball_identical(&x->loc[k], &y->loc[k]) | "{inf: -0.2734375; p=2: 0 + O(2^2)}": the component 0
FAIL tests/test_text_local.c:1232: round_trips_of_generated_values: check failed: adf_sball_equal_set(x, y) | "{inf: -0.2734375; p=2: 0 + O(2^2)}": the round trip changed the set
FAIL tests/test_text_local.c:1225: round_trips_of_generated_values: check failed: adf_lball_identical(&x->loc[k], &y->loc[k]) | "{p=2: 0 + O(2^3); p=5: 0 + O(5^3); p=18446744073709551557: 0 + O(18446744073709551557^1)}": the component 1
FAIL tests/test_text_local.c:1225: round_trips_of_generated_values: check failed: adf_lball_identical(&x->loc[k], &y->loc[k]) | "{p=2: 0 + O(2^3); p=5: 0 + O(5^3); p=18446744073709551557: 0 + O(18446744073709551557^1)}": the component 2
FAIL tests/test_text_local.c:1232: round_trips_of_generated_values: check failed: adf_sball_equal_set(x, y) | "{p=2: 0 + O(2^3); p=5: 0 + O(5^3); p=18446744073709551557: 0 + O(18446744073709551557^1)}": the round trip changed the set
FAIL tests/test_text_local.c:1225: round_trips_of_generated_values: check failed: adf_lball_identical(&x->loc[k], &y->loc[k]) | "{inf: -0.75; p=2: 0 + O(2^3); p=3: 1/3 + O(3^0); p=5: 0 + O(5^3); p=7: 39 + O(7^2); p=65537: 403006018716596813190452 + O(65537^5)}": the component 0
FAIL tests/test_text_local.c:1225: round_trips_of_generated_values: check failed: adf_lball_identical(&x->loc[k], &y->loc[k]) | "{inf: -0.75; p=2: 0 + O(2^3); p=3: 1/3 + O(3^0); p=5: 0 + O(5^3); p=7: 39 + O(7^2); p=65537: 403006018716596813190452 + O(65537^5)}": the component 2
FAIL tests/test_text_local.c:1232: round_trips_of_generated_values: check failed: adf_sball_equal_set(x, y) | "{inf: -0.75; p=2: 0 + O(2^3); p=3: 1/3 + O(3^0); p=5: 0 + O(5^3); p=7: 39 + O(7^2); p=65537: 403006018716596813190452 + O(65537^5)}": the round trip changed the set
FAIL tests/test_text_local.c:1225: round_trips_of_generated_values: check failed: adf_lball_identical(&x->loc[k], &y->loc[k]) | "{inf: -6; p=65537: 0 + O(65537^3); p=18446744073709551557: 98 + O(18446744073709551557^2)}": the component 0
FAIL tests/test_text_local.c:1232: round_trips_of_generated_values: check failed: adf_sball_equal_set(x, y) | "{inf: -6; p=65537: 0 + O(65537^3); p=18446744073709551557: 98 + O(18446744073709551557^2)}": the round trip changed the set
FAIL tests/test_text_local.c:1225: round_trips_of_generated_values: check failed: adf_lball_identical(&x->loc[k], &y->loc[k]) | "{p=3: 0 + O(3^0); p=5: 0 + O(5^1); p=7: 0 + O(7^1); p=65537: 0 + O(65537^0); p=18446744073709551557: 0 + O(18446744073709551557^2)}": the component 1
FAIL tests/test_text_local.c:1225: round_trips_of_generated_values: check failed: adf_lball_identical(&x->loc[k], &y->loc[k]) | "{p=3: 0 + O(3^0); p=5: 0 + O(5^1); p=7: 0 + O(7^1); p=65537: 0 + O(65537^0); p=18446744073709551557: 0 + O(18446744073709551557^2)}": the component 2
FAIL tests/test_text_local.c:1225: round_trips_of_generated_values: check failed: adf_lball_identical(&x->loc[k], &y->loc[k]) | "{p=3: 0 + O(3^0); p=5: 0 + O(5^1); p=7: 0 + O(7^1); p=65537: 0 + O(65537^0); p=18446744073709551557: 0 + O(18446744073709551557^2)}": the component 4
FAIL tests/test_text_local.c:1232: round_trips_of_generated_values: check failed: adf_sball_equal_set(x, y) | "{p=3: 0 + O(3^0); p=5: 0 + O(5^1); p=7: 0 + O(7^1); p=65537: 0 + O(65537^0); p=18446744073709551557: 0 + O(18446744073709551557^2)}": the round trip changed the set
FAIL tests/test_text_local.c:1225: round_trips_of_generated_values: check failed: adf_lball_identical(&x->loc[k], &y->loc[k]) | "{inf: -34.5; p=3: 0 + O(3^1); p=65537: 0 + O(65537^3)}": the component 0
FAIL tests/test_text_local.c:1225: round_trips_of_generated_values: check failed: adf_lball_identical(&x->loc[k], &y->loc[k]) | "{inf: -34.5; p=3: 0 + O(3^1); p=65537: 0 + O(65537^3)}": the component 1
FAIL tests/test_text_local.c:1232: round_trips_of_generated_values: check failed: adf_sball_equal_set(x, y) | "{inf: -34.5; p=3: 0 + O(3^1); p=65537: 0 + O(65537^3)}": the round trip changed the set
FAIL tests/test_text_local.c:1225: round_trips_of_generated_values: check failed: adf_lball_identical(&x->loc[k], &y->loc[k]) | "{inf: -18; p=7: 0 + O(7^2); p=65537: 0 + O(65537^3)}": the component 0
FAIL tests/test_text_local.c:1225: round_trips_of_generated_values: check failed: adf_lball_identical(&x->loc[k], &y->loc[k]) | "{inf: -18; p=7: 0 + O(7^2); p=65537: 0 + O(65537^3)}": the component 1
FAIL tests/test_text_local.c:1232: round_trips_of_generated_values: check failed: adf_sball_equal_set(x, y) | "{inf: -18; p=7: 0 + O(7^2); p=65537: 0 + O(65537^3)}": the round trip changed the set
FAIL tests/test_text_local.c:1225: round_trips_of_generated_values: check failed: adf_lball_identical(&x->loc[k], &y->loc[k]) | "{inf: 38.25; p=2: 0 + O(2^1); p=3: 0 + O(3^2); p=5: 0 + O(5^3); p=65537: 22 + O(65537^1)}": the component 0
FAIL tests/test_text_local.c:1225: round_trips_of_generated_values: check failed: adf_lball_identical(&x->loc[k], &y->loc[k]) | "{inf: 38.25; p=2: 0 + O(2^1); p=3: 0 + O(3^2); p=5: 0 + O(5^3); p=65537: 22 + O(65537^1)}": the component 1
FAIL tests/test_text_local.c:1225: round_trips_of_generated_values: check failed: adf_lball_identical(&x->loc[k], &y->loc[k]) | "{inf: 38.25; p=2: 0 + O(2^1); p=3: 0 + O(3^2); p=5: 0 + O(5^3); p=65537: 22 + O(65537^1)}": the component 2
FAIL tests/test_text_local.c:1232: round_trips_of_generated_values: check failed: adf_sball_equal_set(x, y) | "{inf: 38.25; p=2: 0 + O(2^1); p=3: 0 + O(3^2); p=5: 0 + O(5^3); p=65537: 22 + O(65537^1)}": the round trip changed the set
FAIL tests/test_text_local.c:1225: round_trips_of_generated_values: check failed: adf_lball_identical(&x->loc[k], &y->loc[k]) | "{inf: 400; p=3: 1 + O(3^1); p=5: 8 + O(5^5); p=7: 36 + O(7^4); p=65537: 0 + O(65537^1); p=18446744073709551557: 0 + O(18446744073709551557^0)}": the component 3
FAIL tests/test_text_local.c:1232: round_trips_of_generated_values: check failed: adf_sball_equal_set(x, y) | "{inf: 400; p=3: 1 + O(3^1); p=5: 8 + O(5^5); p=7: 36 + O(7^4); p=65537: 0 + O(65537^1); p=18446744073709551557: 0 + O(18446744073709551557^0)}": the round trip changed the set
FAIL tests/test_text_local.c:1225: round_trips_of_generated_values: check failed: adf_lball_identical(&x->loc[k], &y->loc[k]) | "{inf: -4.1875; p=2: 0 + O(2^1); p=3: 0 + O(3^2); p=7: 4 + O(7^1); p=65537: 0 + O(65537^2); p=18446744073709551557: 0 + O(18446744073709551557^2)}": the component 0
FAIL tests/test_text_local.c:1225: round_trips_of_generated_values: check failed: adf_lball_identical(&x->loc[k], &y->loc[k]) | "{inf: -4.1875; p=2: 0 + O(2^1); p=3: 0 + O(3^2); p=7: 4 + O(7^1); p=65537: 0 + O(65537^2); p=18446744073709551557: 0 + O(18446744073709551557^2)}": the component 1
FAIL tests/test_text_local.c:1225: round_trips_of_generated_values: check failed: adf_lball_identical(&x->loc[k], &y->loc[k]) | "{inf: -4.1875; p=2: 0 + O(2^1); p=3: 0 + O(3^2); p=7: 4 + O(7^1); p=65537: 0 + O(65537^2); p=18446744073709551557: 0 + O(18446744073709551557^2)}": the component 3
FAIL tests/test_text_local.c:1225: round_trips_of_generated_values: check failed: adf_lball_identical(&x->loc[k], &y->loc[k]) | "{inf: -4.1875; p=2: 0 + O(2^1); p=3: 0 + O(3^2); p=7: 4 + O(7^1); p=65537: 0 + O(65537^2); p=18446744073709551557: 0 + O(18446744073709551557^2)}": the component 4
FAIL tests/test_text_local.c:1232: round_trips_of_generated_values: check failed: adf_sball_equal_set(x, y) | "{inf: -4.1875; p=2: 0 + O(2^1); p=3: 0 + O(3^2); p=7: 4 + O(7^1); p=65537: 0 + O(65537^2); p=18446744073709551557: 0 + O(18446744073709551557^2)}": the round trip changed the set
FAIL tests/test_text_local.c:1225: round_trips_of_generated_values: check failed: adf_lball_identical(&x->loc[k], &y->loc[k]) | "{p=2: 0 + O(2^3); p=7: 4 + O(7^1)}": the component 0
FAIL tests/test_text_local.c:1232: round_trips_of_generated_values: check failed: adf_sball_equal_set(x, y) | "{p=2: 0 + O(2^3); p=7: 4 + O(7^1)}": the round trip changed the set
FAIL tests/test_text_local.c:1225: round_trips_of_generated_values: check failed: adf_lball_identical(&x->loc[k], &y->loc[k]) | "{inf: -19584; p=2: 6 + O(2^4); p=3: 242 + O(3^5); p=7: 0 + O(7^3); p=65537: 0 + O(65537^0); p=18446744073709551557: 0 + O(18446744073709551557^2)}": the component 2
FAIL tests/test_text_local.c:1225: round_trips_of_generated_values: check failed: adf_lball_identical(&x->loc[k], &y->loc[k]) | "{inf: -19584; p=2: 6 + O(2^4); p=3: 242 + O(3^5); p=7: 0 + O(7^3); p=65537: 0 + O(65537^0); p=18446744073709551557: 0 + O(18446744073709551557^2)}": the component 4
FAIL tests/test_text_local.c:1232: round_trips_of_generated_values: check failed: adf_sball_equal_set(x, y) | "{inf: -19584; p=2: 6 + O(2^4); p=3: 242 + O(3^5); p=7: 0 + O(7^3); p=65537: 0 + O(65537^0); p=18446744073709551557: 0 + O(18446744073709551557^2)}": the round trip changed the set
FAIL tests/test_text_local.c:1225: round_trips_of_generated_values: check failed: adf_lball_identical(&x->loc[k], &y->loc[k]) | "{inf: -0.375; p=18446744073709551557: 0 + O(18446744073709551557^3)}": the component 0
FAIL tests/test_text_local.c:1232: round_trips_of_generated_values: check failed: adf_sball_equal_set(x, y) | "{inf: -0.375; p=18446744073709551557: 0 + O(18446744073709551557^3)}": the round trip changed the set
FAIL tests/test_text_local.c:1225: round_trips_of_generated_values: check failed: adf_lball_identical(&x->loc[k], &y->loc[k]) | "{inf: -32; p=3: 0 + O(3^1); p=18446744073709551557: 38597363079105397980724991819143751565053732099784007527016115158911951937994 + O(18446744073709551557^4)}": the component 0
FAIL tests/test_text_local.c:1232: round_trips_of_generated_values: check failed: adf_sball_equal_set(x, y) | "{inf: -32; p=3: 0 + O(3^1); p=18446744073709551557: 38597363079105397980724991819143751565053732099784007527016115158911951937994 + O(18446744073709551557^4)}": the round trip changed the set
FAIL tests/test_text_local.c:1225: round_trips_of_generated_values: check failed: adf_lball_identical(&x->loc[k], &y->loc[k]) | "{p=2: 1 + O(2^3); p=5: 0 + O(5^3); p=65537: 281487861809083 + O(65537^3); p=18446744073709551557: 9223372036854775777 + O(18446744073709551557^1)}": the component 1
FAIL tests/test_text_local.c:1232: round_trips_of_generated_values: check failed: adf_sball_equal_set(x, y) | "{p=2: 1 + O(2^3); p=5: 0 + O(5^3); p=65537: 281487861809083 + O(65537^3); p=18446744073709551557: 9223372036854775777 + O(18446744073709551557^1)}": the round trip changed the set
FAIL tests/test_text_local.c:1225: round_trips_of_generated_values: check failed: adf_lball_identical(&x->loc[k], &y->loc[k]) | "{p=3: 0 + O(3^1); p=5: 0 + O(5^3); p=7: 11224 + O(7^5); p=18446744073709551557: 340282366920938461286658806734041124017 + O(18446744073709551557^2)}": the component 1
FAIL tests/test_text_local.c:1232: round_trips_of_generated_values: check failed: adf_sball_equal_set(x, y) | "{p=3: 0 + O(3^1); p=5: 0 + O(5^3); p=7: 11224 + O(7^5); p=18446744073709551557: 340282366920938461286658806734041124017 + O(18446744073709551557^2)}": the round trip changed the set
FAIL tests/test_text_local.c:1225: round_trips_of_generated_values: check failed: adf_lball_identical(&x->loc[k], &y->loc[k]) | "{p=2: 1 + O(2^2); p=3: 193 + O(3^5); p=5: 0 + O(5^1); p=7: 0 + O(7^2); p=65537: 1209018056149790439571366 + O(65537^5)}": the component 2
FAIL tests/test_text_local.c:1225: round_trips_of_generated_values: check failed: adf_lball_identical(&x->loc[k], &y->loc[k]) | "{p=2: 1 + O(2^2); p=3: 193 + O(3^5); p=5: 0 + O(5^1); p=7: 0 + O(7^2); p=65537: 1209018056149790439571366 + O(65537^5)}": the component 3
FAIL tests/test_text_local.c:1232: round_trips_of_generated_values: check failed: adf_sball_equal_set(x, y) | "{p=2: 1 + O(2^2); p=3: 193 + O(3^5); p=5: 0 + O(5^1); p=7: 0 + O(7^2); p=65537: 1209018056149790439571366 + O(65537^5)}": the round trip changed the set
FAIL tests/test_text_local.c:1225: round_trips_of_generated_values: check failed: adf_lball_identical(&x->loc[k], &y->loc[k]) | "{p=2: 0 + O(2^0); p=5: 0 + O(5^3); p=7: 48 + O(7^2); p=65537: 16330 + O(65537^1)}": the component 1
FAIL tests/test_text_local.c:1232: round_trips_of_generated_values: check failed: adf_sball_equal_set(x, y) | "{p=2: 0 + O(2^0); p=5: 0 + O(5^3); p=7: 48 + O(7^2); p=65537: 16330 + O(65537^1)}": the round trip changed the set
FAIL tests/test_text_local.c:1225: round_trips_of_generated_values: check failed: adf_lball_identical(&x->loc[k], &y->loc[k]) | "{inf: 0.875; p=2: 0 + O(2^3); p=5: 0 + O(5^2); p=7: 273 + O(7^3); p=65537: 0 + O(65537^3); p=18446744073709551557: 113427455640312820428886268911347041448 + O(18446744073709551557^2)}": the component 0
FAIL tests/test_text_local.c:1225: round_trips_of_generated_values: check failed: adf_lball_identical(&x->loc[k], &y->loc[k]) | "{inf: 0.875; p=2: 0 + O(2^3); p=5: 0 + O(5^2); p=7: 273 + O(7^3); p=65537: 0 + O(65537^3); p=18446744073709551557: 113427455640312820428886268911347041448 + O(18446744073709551557^2)}": the component 1
FAIL tests/test_text_local.c:1225: round_trips_of_generated_values: check failed: adf_lball_identical(&x->loc[k], &y->loc[k]) | "{inf: 0.875; p=2: 0 + O(2^3); p=5: 0 + O(5^2); p=7: 273 + O(7^3); p=65537: 0 + O(65537^3); p=18446744073709551557: 113427455640312820428886268911347041448 + O(18446744073709551557^2)}": the component 3
FAIL tests/test_text_local.c:1232: round_trips_of_generated_values: check failed: adf_sball_equal_set(x, y) | "{inf: 0.875; p=2: 0 + O(2^3); p=5: 0 + O(5^2); p=7: 273 + O(7^3); p=65537: 0 + O(65537^3); p=18446744073709551557: 113427455640312820428886268911347041448 + O(18446744073709551557^2)}": the round trip changed the set
FAIL tests/test_text_local.c:1225: round_trips_of_generated_values: check failed: adf_lball_identical(&x->loc[k], &y->loc[k]) | "{p=2: 0 + O(2^3); p=3: 38/3 + O(3^3); p=5: 4 + O(5^2); p=65537: 0 + O(65537^2); p=18446744073709551557: 0 + O(18446744073709551557^0)}": the component 0
FAIL tests/test_text_local.c:1225: round_trips_of_generated_values: check failed: adf_lball_identical(&x->loc[k], &y->loc[k]) | "{p=2: 0 + O(2^3); p=3: 38/3 + O(3^3); p=5: 4 + O(5^2); p=65537: 0 + O(65537^2); p=18446744073709551557: 0 + O(18446744073709551557^0)}": the component 3
FAIL tests/test_text_local.c:1232: round_trips_of_generated_values: check failed: adf_sball_equal_set(x, y) | "{p=2: 0 + O(2^3); p=3: 38/3 + O(3^3); p=5: 4 + O(5^2); p=65537: 0 + O(65537^2); p=18446744073709551557: 0 + O(18446744073709551557^0)}": the round trip changed the set
FAIL tests/test_text_local.c:1225: round_trips_of_generated_values: check failed: adf_lball_identical(&x->loc[k], &y->loc[k]) | "{p=2: 0 + O(2^5); p=5: 0 + O(5^3); p=65537: 4295098352 + O(65537^2)}": the component 1
FAIL tests/test_text_local.c:1232: round_trips_of_generated_values: check failed: adf_sball_equal_set(x, y) | "{p=2: 0 + O(2^5); p=5: 0 + O(5^3); p=65537: 4295098352 + O(65537^2)}": the round trip changed the set
FAIL tests/test_text_local.c:1225: round_trips_of_generated_values: check failed: adf_lball_identical(&x->loc[k], &y->loc[k]) | "{p=2: 1/2 + O(2^0); p=3: 0 + O(3^1); p=5: 2 + O(5^1); p=7: 0 + O(7^3); p=65537: 65392 + O(65537^1)}": the component 3
FAIL tests/test_text_local.c:1232: round_trips_of_generated_values: check failed: adf_sball_equal_set(x, y) | "{p=2: 1/2 + O(2^0); p=3: 0 + O(3^1); p=5: 2 + O(5^1); p=7: 0 + O(7^3); p=65537: 65392 + O(65537^1)}": the round trip changed the set
FAIL tests/test_text_local.c:1225: round_trips_of_generated_values: check failed: adf_lball_identical(&x->loc[k], &y->loc[k]) | "{inf: -2128; p=7: 224 + O(7^4); p=65537: 281487861809102 + O(65537^3); p=18446744073709551557: 0 + O(18446744073709551557^1)}": the component 2
FAIL tests/test_text_local.c:1232: round_trips_of_generated_values: check failed: adf_sball_equal_set(x, y) | "{inf: -2128; p=7: 224 + O(7^4); p=65537: 281487861809102 + O(65537^3); p=18446744073709551557: 0 + O(18446744073709551557^1)}": the round trip changed the set
FAIL tests/test_text_local.c:1225: round_trips_of_generated_values: check failed: adf_lball_identical(&x->loc[k], &y->loc[k]) | "{inf: 336; p=2: 0 + O(2^2); p=3: 73/3 + O(3^3); p=7: 0 + O(7^1); p=65537: 0 + O(65537^0); p=18446744073709551557: 57896044618658096971087487728715627347580598149676011290524172738367927907034 + O(18446744073709551557^4)}": the component 0
FAIL tests/test_text_local.c:1225: round_trips_of_generated_values: check failed: adf_lball_identical(&x->loc[k], &y->loc[k]) | "{inf: 336; p=2: 0 + O(2^2); p=3: 73/3 + O(3^3); p=7: 0 + O(7^1); p=65537: 0 + O(65537^0); p=18446744073709551557: 57896044618658096971087487728715627347580598149676011290524172738367927907034 + O(18446744073709551557^4)}": the component 2
FAIL tests/test_text_local.c:1232: round_trips_of_generated_values: check failed: adf_sball_equal_set(x, y) | "{inf: 336; p=2: 0 + O(2^2); p=3: 73/3 + O(3^3); p=7: 0 + O(7^1); p=65537: 0 + O(65537^0); p=18446744073709551557: 57896044618658096971087487728715627347580598149676011290524172738367927907034 + O(18446744073709551557^4)}": the round trip changed the set
FAIL tests/test_text_local.c:1225: round_trips_of_generated_values: check failed: adf_lball_identical(&x->loc[k], &y->loc[k]) | "{p=3: 0 + O(3^3); p=5: 112 + O(5^3); p=7: 8373 + O(7^5); p=65537: 54 + O(65537^5); p=18446744073709551557: 0 + O(18446744073709551557^0)}": the component 0
FAIL tests/test_text_local.c:1232: round_trips_of_generated_values: check failed: adf_sball_equal_set(x, y) | "{p=3: 0 + O(3^3); p=5: 112 + O(5^3); p=7: 8373 + O(7^5); p=65537: 54 + O(65537^5); p=18446744073709551557: 0 + O(18446744073709551557^0)}": the round trip changed the set
FAIL tests/test_text_local.c:1225: round_trips_of_generated_values: check failed: adf_lball_identical(&x->loc[k], &y->loc[k]) | "{inf: 2.703125; p=2: 0 + O(2^1); p=18446744073709551557: 0 + O(18446744073709551557^2)}": the component 0
FAIL tests/test_text_local.c:1225: round_trips_of_generated_values: check failed: adf_lball_identical(&x->loc[k], &y->loc[k]) | "{inf: 2.703125; p=2: 0 + O(2^1); p=18446744073709551557: 0 + O(18446744073709551557^2)}": the component 1
FAIL tests/test_text_local.c:1232: round_trips_of_generated_values: check failed: adf_sball_equal_set(x, y) | "{inf: 2.703125; p=2: 0 + O(2^1); p=18446744073709551557: 0 + O(18446744073709551557^2)}": the round trip changed the set
FAIL tests/test_text_local.c:1225: round_trips_of_generated_values: check failed: adf_lball_identical(&x->loc[k], &y->loc[k]) | "{inf: -32; p=2: 0 + O(2^2); p=5: 0 + O(5^1); p=65537: 0 + O(65537^3); p=18446744073709551557: 0 + O(18446744073709551557^0)}": the component 0
FAIL tests/test_text_local.c:1225: round_trips_of_generated_values: check failed: adf_lball_identical(&x->loc[k], &y->loc[k]) | "{inf: -32; p=2: 0 + O(2^2); p=5: 0 + O(5^1); p=65537: 0 + O(65537^3); p=18446744073709551557: 0 + O(18446744073709551557^0)}": the component 1
FAIL tests/test_text_local.c:1225: round_trips_of_generated_values: check failed: adf_lball_identical(&x->loc[k], &y->loc[k]) | "{inf: -32; p=2: 0 + O(2^2); p=5: 0 + O(5^1); p=65537: 0 + O(65537^3); p=18446744073709551557: 0 + O(18446744073709551557^0)}": the component 2
FAIL tests/test_text_local.c:1232: round_trips_of_generated_values: check failed: adf_sball_equal_set(x, y) | "{inf: -32; p=2: 0 + O(2^2); p=5: 0 + O(5^1); p=65537: 0 + O(65537^3); p=18446744073709551557: 0 + O(18446744073709551557^0)}": the round trip changed the set
FAIL tests/test_text_local.c:1225: round_trips_of_generated_values: check failed: adf_lball_identical(&x->loc[k], &y->loc[k]) | "{inf: 21504; p=5: 0 + O(5^1); p=65537: 0 + O(65537^0); p=18446744073709551557: 96493407697763494951812479547859378912634330249460018817540287897279879844972 + O(18446744073709551557^4)}": the component 0
FAIL tests/test_text_local.c:1232: round_trips_of_generated_values: check failed: adf_sball_equal_set(x, y) | "{inf: 21504; p=5: 0 + O(5^1); p=65537: 0 + O(65537^0); p=18446744073709551557: 96493407697763494951812479547859378912634330249460018817540287897279879844972 + O(18446744073709551557^4)}": the round trip changed the set
FAIL tests/test_text_local.c:1225: round_trips_of_generated_values: check failed: adf_lball_identical(&x->loc[k], &y->loc[k]) | "{inf: 0.3359375; p=2: 1 + O(2^1); p=3: 0 + O(3^1); p=7: 0 + O(7^1); p=18446744073709551557: 0 + O(18446744073709551557^0)}": the component 1
FAIL tests/test_text_local.c:1225: round_trips_of_generated_values: check failed: adf_lball_identical(&x->loc[k], &y->loc[k]) | "{inf: 0.3359375; p=2: 1 + O(2^1); p=3: 0 + O(3^1); p=7: 0 + O(7^1); p=18446744073709551557: 0 + O(18446744073709551557^0)}": the component 2
FAIL tests/test_text_local.c:1232: round_trips_of_generated_values: check failed: adf_sball_equal_set(x, y) | "{inf: 0.3359375; p=2: 1 + O(2^1); p=3: 0 + O(3^1); p=7: 0 + O(7^1); p=18446744073709551557: 0 + O(18446744073709551557^0)}": the round trip changed the set
FAIL tests/test_text_local.c:1225: round_trips_of_generated_values: check failed: adf_lball_identical(&x->loc[k], &y->loc[k]) | "{inf: -1.234375; p=2: 1/2 + O(2^0); p=3: 0 + O(3^1); p=18446744073709551557: 68056473384187692257331761346808224871 + O(18446744073709551557^2)}": the component 1
FAIL tests/test_text_local.c:1232: round_trips_of_generated_values: check failed: adf_sball_equal_set(x, y) | "{inf: -1.234375; p=2: 1/2 + O(2^0); p=3: 0 + O(3^1); p=18446744073709551557: 68056473384187692257331761346808224871 + O(18446744073709551557^2)}": the round trip changed the set
FAIL tests/test_text_local.c:1225: round_trips_of_generated_values: check failed: adf_lball_identical(&x->loc[k], &y->loc[k]) | "{p=2: 2 + O(2^2); p=5: 0 + O(5^2)}": the component 1
FAIL tests/test_text_local.c:1232: round_trips_of_generated_values: check failed: adf_sball_equal_set(x, y) | "{p=2: 2 + O(2^2); p=5: 0 + O(5^2)}": the round trip changed the set
FAIL tests/test_text_local.c:1225: round_trips_of_generated_values: check failed: adf_lball_identical(&x->loc[k], &y->loc[k]) | "{inf: 1856; p=2: 0 + O(2^3); p=5: 1 + O(5^1); p=7: 14045 + O(7^5); p=18446744073709551557: 0 + O(18446744073709551557^0)}": the component 0
FAIL tests/test_text_local.c:1232: round_trips_of_generated_values: check failed: adf_sball_equal_set(x, y) | "{inf: 1856; p=2: 0 + O(2^3); p=5: 1 + O(5^1); p=7: 14045 + O(7^5); p=18446744073709551557: 0 + O(18446744073709551557^0)}": the round trip changed the set
FAIL tests/test_text_local.c:1225: round_trips_of_generated_values: check failed: adf_lball_identical(&x->loc[k], &y->loc[k]) | "{inf: 0.5390625; p=5: 0 + O(5^1); p=65537: 0 + O(65537^3); p=18446744073709551557: 1067993517960455024118177690580637341577587676802038321743851797381457759924398685468312455974672 + O(18446744073709551557^5)}": the component 1
FAIL tests/test_text_local.c:1232: round_trips_of_generated_values: check failed: adf_sball_equal_set(x, y) | "{inf: 0.5390625; p=5: 0 + O(5^1); p=65537: 0 + O(65537^3); p=18446744073709551557: 1067993517960455024118177690580637341577587676802038321743851797381457759924398685468312455974672 + O(18446744073709551557^5)}": the round trip changed the set
FAIL tests/test_text_local.c:1225: round_trips_of_generated_values: check failed: adf_lball_identical(&x->loc[k], &y->loc[k]) | "{inf: 146; p=3: 8 + O(3^2); p=5: 11 + O(5^2); p=7: 16717 + O(7^5); p=65537: 0 + O(65537^3); p=18446744073709551557: 0 + O(18446744073709551557^3)}": the component 3
FAIL tests/test_text_local.c:1225: round_trips_of_generated_values: check failed: adf_lball_identical(&x->loc[k], &y->loc[k]) | "{inf: 146; p=3: 8 + O(3^2); p=5: 11 + O(5^2); p=7: 16717 + O(7^5); p=65537: 0 + O(65537^3); p=18446744073709551557: 0 + O(18446744073709551557^3)}": the component 4
FAIL tests/test_text_local.c:1232: round_trips_of_generated_values: check failed: adf_sball_equal_set(x, y) | "{inf: 146; p=3: 8 + O(3^2); p=5: 11 + O(5^2); p=7: 16717 + O(7^5); p=65537: 0 + O(65537^3); p=18446744073709551557: 0 + O(18446744073709551557^3)}": the round trip changed the set
FAIL tests/test_text_local.c:1225: round_trips_of_generated_values: check failed: adf_lball_identical(&x->loc[k], &y->loc[k]) | "{inf: 0.3828125; p=2: 2 + O(2^4); p=3: 0 + O(3^3); p=5: 224/5 + O(5^3)}": the component 1
FAIL tests/test_text_local.c:1232: round_trips_of_generated_values: check failed: adf_sball_equal_set(x, y) | "{inf: 0.3828125; p=2: 2 + O(2^4); p=3: 0 + O(3^3); p=5: 224/5 + O(5^3)}": the round trip changed the set
FAIL tests/test_text_local.c:1225: round_trips_of_generated_values: check failed: adf_lball_identical(&x->loc[k], &y->loc[k]) | "{inf: 370; p=2: 1/2 + O(2^0); p=3: 1 + O(3^2); p=7: 0 + O(7^2); p=65537: 0 + O(65537^1)}": the component 2
FAIL tests/test_text_local.c:1225: round_trips_of_generated_values: check failed: adf_lball_identical(&x->loc[k], &y->loc[k]) | "{inf: 370; p=2: 1/2 + O(2^0); p=3: 1 + O(3^2); p=7: 0 + O(7^2); p=65537: 0 + O(65537^1)}": the component 3
FAIL tests/test_text_local.c:1232: round_trips_of_generated_values: check failed: adf_sball_equal_set(x, y) | "{inf: 370; p=2: 1/2 + O(2^0); p=3: 1 + O(3^2); p=7: 0 + O(7^2); p=65537: 0 + O(65537^1)}": the round trip changed the set
FAIL tests/test_text_local.c:1225: round_trips_of_generated_values: check failed: adf_lball_identical(&x->loc[k], &y->loc[k]) | "{p=2: 0 + O(2^2); p=3: 0 + O(3^0); p=5: 2 + O(5^1); p=7: 5 + O(7^1); p=65537: 0 + O(65537^1)}": the component 0
FAIL tests/test_text_local.c:1225: round_trips_of_generated_values: check failed: adf_lball_identical(&x->loc[k], &y->loc[k]) | "{p=2: 0 + O(2^2); p=3: 0 + O(3^0); p=5: 2 + O(5^1); p=7: 5 + O(7^1); p=65537: 0 + O(65537^1)}": the component 4
FAIL tests/test_text_local.c:1232: round_trips_of_generated_values: check failed: adf_sball_equal_set(x, y) | "{p=2: 0 + O(2^2); p=3: 0 + O(3^0); p=5: 2 + O(5^1); p=7: 5 + O(7^1); p=65537: 0 + O(65537^1)}": the round trip changed the set
FAIL tests/test_text_local.c:1225: round_trips_of_generated_values: check failed: adf_lball_identical(&x->loc[k], &y->loc[k]) | "{inf: -4.125; p=3: 7 + O(3^4); p=65537: 0 + O(65537^2)}": the component 1
FAIL tests/test_text_local.c:1232: round_trips_of_generated_values: check failed: adf_sball_equal_set(x, y) | "{inf: -4.125; p=3: 7 + O(3^4); p=65537: 0 + O(65537^2)}": the round trip changed the set
FAIL tests/test_text_local.c:1225: round_trips_of_generated_values: check failed: adf_lball_identical(&x->loc[k], &y->loc[k]) | "{p=5: 23 + O(5^2); p=7: 0 + O(7^1)}": the component 1
FAIL tests/test_text_local.c:1232: round_trips_of_generated_values: check failed: adf_sball_equal_set(x, y) | "{p=5: 23 + O(5^2); p=7: 0 + O(7^1)}": the round trip changed the set
FAIL tests/test_text_local.c:1225: round_trips_of_generated_values: check failed: adf_lball_identical(&x->loc[k], &y->loc[k]) | "{inf: -0.5; p=2: 0 + O(2^3); p=65537: 1209018056149790439571370 + O(65537^5)}": the component 0
FAIL tests/test_text_local.c:1232: round_trips_of_generated_values: check failed: adf_sball_equal_set(x, y) | "{inf: -0.5; p=2: 0 + O(2^3); p=65537: 1209018056149790439571370 + O(65537^5)}": the round trip changed the set
FAIL tests/test_text_local.c:1225: round_trips_of_generated_values: check failed: adf_lball_identical(&x->loc[k], &y->loc[k]) | "{inf: 3.65625; p=3: 0 + O(3^3); p=7: 0 + O(7^1); p=65537: 93829287269766 + O(65537^3); p=18446744073709551557: 38597363079105397980724991819143751565053732099784007527016115158911951938009 + O(18446744073709551557^4)}": the component 0
FAIL tests/test_text_local.c:1225: round_trips_of_generated_values: check failed: adf_lball_identical(&x->loc[k], &y->loc[k]) | "{inf: 3.65625; p=3: 0 + O(3^3); p=7: 0 + O(7^1); p=65537: 93829287269766 + O(65537^3); p=18446744073709551557: 38597363079105397980724991819143751565053732099784007527016115158911951938009 + O(18446744073709551557^4)}": the component 1
FAIL tests/test_text_local.c:1232: round_trips_of_generated_values: check failed: adf_sball_equal_set(x, y) | "{inf: 3.65625; p=3: 0 + O(3^3); p=7: 0 + O(7^1); p=65537: 93829287269766 + O(65537^3); p=18446744073709551557: 38597363079105397980724991819143751565053732099784007527016115158911951938009 + O(18446744073709551557^4)}": the round trip changed the set
FAIL tests/test_text_local.c:1225: round_trips_of_generated_values: check failed: adf_lball_identical(&x->loc[k], &y->loc[k]) | "{inf: 1456; p=5: 0 + O(5^1)}": the component 0
FAIL tests/test_text_local.c:1232: round_trips_of_generated_values: check failed: adf_sball_equal_set(x, y) | "{inf: 1456; p=5: 0 + O(5^1)}": the round trip changed the set
FAIL tests/test_text_local.c:1225: round_trips_of_generated_values: check failed: adf_lball_identical(&x->loc[k], &y->loc[k]) | "{p=5: 0 + O(5^0); p=7: 0 + O(7^0); p=18446744073709551557: 0 + O(18446744073709551557^3)}": the component 2
FAIL tests/test_text_local.c:1232: round_trips_of_generated_values: check failed: adf_sball_equal_set(x, y) | "{p=5: 0 + O(5^0); p=7: 0 + O(7^0); p=18446744073709551557: 0 + O(18446744073709551557^3)}": the round trip changed the set
FAIL tests/test_text_local.c:1225: round_trips_of_generated_values: check failed: adf_lball_identical(&x->loc[k], &y->loc[k]) | "{p=3: 23 + O(3^3); p=7: 0 + O(7^2)}": the component 1
FAIL tests/test_text_local.c:1232: round_trips_of_generated_values: check failed: adf_sball_equal_set(x, y) | "{p=3: 23 + O(3^3); p=7: 0 + O(7^2)}": the round trip changed the set
FAIL tests/test_text_local.c:1225: round_trips_of_generated_values: check failed: adf_lball_identical(&x->loc[k], &y->loc[k]) | "{inf: -67; p=3: 60 + O(3^4); p=5: 0 + O(5^3)}": the component 1
FAIL tests/test_text_local.c:1232: round_trips_of_generated_values: check failed: adf_sball_equal_set(x, y) | "{inf: -67; p=3: 60 + O(3^4); p=5: 0 + O(5^3)}": the round trip changed the set
FAIL tests/test_text_local.c:1225: round_trips_of_generated_values: check failed: adf_lball_identical(&x->loc[k], &y->loc[k]) | "{inf: -2432; p=2: 1 + O(2^3); p=3: 16/3 + O(3^2); p=5: 74/5 + O(5^5); p=7: 0 + O(7^2); p=65537: 0 + O(65537^0)}": the component 3
FAIL tests/test_text_local.c:1232: round_trips_of_generated_values: check failed: adf_sball_equal_set(x, y) | "{inf: -2432; p=2: 1 + O(2^3); p=3: 16/3 + O(3^2); p=5: 74/5 + O(5^5); p=7: 0 + O(7^2); p=65537: 0 + O(65537^0)}": the round trip changed the set
FAIL tests/test_text_local.c:1225: round_trips_of_generated_values: check failed: adf_lball_identical(&x->loc[k], &y->loc[k]) | "{inf: 0.3359375; p=2: 0 + O(2^2); p=7: 0 + O(7^1); p=65537: 0 + O(65537^1); p=18446744073709551557: 0 + O(18446744073709551557^1)}": the component 0
FAIL tests/test_text_local.c:1225: round_trips_of_generated_values: check failed: adf_lball_identical(&x->loc[k], &y->loc[k]) | "{inf: 0.3359375; p=2: 0 + O(2^2); p=7: 0 + O(7^1); p=65537: 0 + O(65537^1); p=18446744073709551557: 0 + O(18446744073709551557^1)}": the component 1
FAIL tests/test_text_local.c:1225: round_trips_of_generated_values: check failed: adf_lball_identical(&x->loc[k], &y->loc[k]) | "{inf: 0.3359375; p=2: 0 + O(2^2); p=7: 0 + O(7^1); p=65537: 0 + O(65537^1); p=18446744073709551557: 0 + O(18446744073709551557^1)}": the component 2
FAIL tests/test_text_local.c:1225: round_trips_of_generated_values: check failed: adf_lball_identical(&x->loc[k], &y->loc[k]) | "{inf: 0.3359375; p=2: 0 + O(2^2); p=7: 0 + O(7^1); p=65537: 0 + O(65537^1); p=18446744073709551557: 0 + O(18446744073709551557^1)}": the component 3
FAIL tests/test_text_local.c:1232: round_trips_of_generated_values: check failed: adf_sball_equal_set(x, y) | "{inf: 0.3359375; p=2: 0 + O(2^2); p=7: 0 + O(7^1); p=65537: 0 + O(65537^1); p=18446744073709551557: 0 + O(18446744073709551557^1)}": the round trip changed the set
FAIL tests/test_text_local.c:1225: round_trips_of_generated_values: check failed: adf_lball_identical(&x->loc[k], &y->loc[k]) | "{inf: -2176; p=2: 2 + O(2^4); p=5: 0 + O(5^2); p=7: 0 + O(7^2); p=65537: 281487861809113 + O(65537^3); p=18446744073709551557: 85 + O(18446744073709551557^3)}": the component 1
FAIL tests/test_text_local.c:1225: round_trips_of_generated_values: check failed: adf_lball_identical(&x->loc[k], &y->loc[k]) | "{inf: -2176; p=2: 2 + O(2^4); p=5: 0 + O(5^2); p=7: 0 + O(7^2); p=65537: 281487861809113 + O(65537^3); p=18446744073709551557: 85 + O(18446744073709551557^3)}": the component 2
FAIL tests/test_text_local.c:1232: round_trips_of_generated_values: check failed: adf_sball_equal_set(x, y) | "{inf: -2176; p=2: 2 + O(2^4); p=5: 0 + O(5^2); p=7: 0 + O(7^2); p=65537: 281487861809113 + O(65537^3); p=18446744073709551557: 85 + O(18446744073709551557^3)}": the round trip changed the set
FAIL tests/test_text_local.c:1225: round_trips_of_generated_values: check failed: adf_lball_identical(&x->loc[k], &y->loc[k]) | "{inf: 10.5; p=2: 0 + O(2^1); p=5: 616/5 + O(5^3); p=18446744073709551557: 0 + O(18446744073709551557^2)}": the component 0
FAIL tests/test_text_local.c:1225: round_trips_of_generated_values: check failed: adf_lball_identical(&x->loc[k], &y->loc[k]) | "{inf: 10.5; p=2: 0 + O(2^1); p=5: 616/5 + O(5^3); p=18446744073709551557: 0 + O(18446744073709551557^2)}": the component 2
FAIL tests/test_text_local.c:1232: round_trips_of_generated_values: check failed: adf_sball_equal_set(x, y) | "{inf: 10.5; p=2: 0 + O(2^1); p=5: 616/5 + O(5^3); p=18446744073709551557: 0 + O(18446744073709551557^2)}": the round trip changed the set
FAIL tests/test_text_local.c:1225: round_trips_of_generated_values: check failed: adf_lball_identical(&x->loc[k], &y->loc[k]) | "{p=3: 0 + O(3^0); p=5: 0 + O(5^3); p=7: 1280 + O(7^4); p=65537: 0 + O(65537^2)}": the component 1
FAIL tests/test_text_local.c:1225: round_trips_of_generated_values: check failed: adf_lball_identical(&x->loc[k], &y->loc[k]) | "{p=3: 0 + O(3^0); p=5: 0 + O(5^3); p=7: 1280 + O(7^4); p=65537: 0 + O(65537^2)}": the component 3
FAIL tests/test_text_local.c:1232: round_trips_of_generated_values: check failed: adf_sball_equal_set(x, y) | "{p=3: 0 + O(3^0); p=5: 0 + O(5^3); p=7: 1280 + O(7^4); p=65537: 0 + O(65537^2)}": the round trip changed the set
FAIL tests/test_text_local.c:1225: round_trips_of_generated_values: check failed: adf_lball_identical(&x->loc[k], &y->loc[k]) | "{inf: 36; p=5: 125 + O(5^5); p=18446744073709551557: 0 + O(18446744073709551557^1)}": the component 1
FAIL tests/test_text_local.c:1232: round_trips_of_generated_values: check failed: adf_sball_equal_set(x, y) | "{inf: 36; p=5: 125 + O(5^5); p=18446744073709551557: 0 + O(18446744073709551557^1)}": the round trip changed the set
FAIL tests/test_text_local.c:1225: round_trips_of_generated_values: check failed: adf_lball_identical(&x->loc[k], &y->loc[k]) | "{p=5: 0 + O(5^1); p=7: 208 + O(7^3); p=18446744073709551557: 1423991357280606698824236920774183122103450235736051095658469063175277013232531580624416607966396 + O(18446744073709551557^5)}": the component 0
FAIL tests/test_text_local.c:1232: round_trips_of_generated_values: check failed: adf_sball_equal_set(x, y) | "{p=5: 0 + O(5^1); p=7: 208 + O(7^3); p=18446744073709551557: 1423991357280606698824236920774183122103450235736051095658469063175277013232531580624416607966396 + O(18446744073709551557^5)}": the round trip changed the set
FAIL tests/test_text_local.c:1225: round_trips_of_generated_values: check failed: adf_lball_identical(&x->loc[k], &y->loc[k]) | "{p=3: 51 + O(3^4); p=5: 0 + O(5^3); p=7: 6 + O(7^2); p=65537: 2863399010 + O(65537^2); p=18446744073709551557: 115792089237316193942174975457431254695161196299352022581048345476735855813923 + O(18446744073709551557^4)}": the component 1
FAIL tests/test_text_local.c:1232: round_trips_of_generated_values: check failed: adf_sball_equal_set(x, y) | "{p=3: 51 + O(3^4); p=5: 0 + O(5^3); p=7: 6 + O(7^2); p=65537: 2863399010 + O(65537^2); p=18446744073709551557: 115792089237316193942174975457431254695161196299352022581048345476735855813923 + O(18446744073709551557^4)}": the round trip changed the set
FAIL tests/test_text_local.c:1225: round_trips_of_generated_values: check failed: adf_lball_identical(&x->loc[k], &y->loc[k]) | "{inf: -168; p=2: 15/2 + O(2^4); p=3: 0 + O(3^1); p=7: 1077 + O(7^4); p=65537: 0 + O(65537^3)}": the component 3
FAIL tests/test_text_local.c:1232: round_trips_of_generated_values: check failed: adf_sball_equal_set(x, y) | "{inf: -168; p=2: 15/2 + O(2^4); p=3: 0 + O(3^1); p=7: 1077 + O(7^4); p=65537: 0 + O(65537^3)}": the round trip changed the set
FAIL tests/test_text_local.c:1225: round_trips_of_generated_values: check failed: adf_lball_identical(&x->loc[k], &y->loc[k]) | "{inf: -3392; p=2: 4 + O(2^3); p=65537: 0 + O(65537^2)}": the component 1
FAIL tests/test_text_local.c:1232: round_trips_of_generated_values: check failed: adf_sball_equal_set(x, y) | "{inf: -3392; p=2: 4 + O(2^3); p=65537: 0 + O(65537^2)}": the round trip changed the set
FAIL tests/test_text_local.c:1225: round_trips_of_generated_values: check failed: adf_lball_identical(&x->loc[k], &y->loc[k]) | "{p=3: 44 + O(3^5); p=7: 0 + O(7^3); p=65537: 0 + O(65537^1)}": the component 1
FAIL tests/test_text_local.c:1225: round_trips_of_generated_values: check failed: adf_lball_identical(&x->loc[k], &y->loc[k]) | "{p=3: 44 + O(3^5); p=7: 0 + O(7^3); p=65537: 0 + O(65537^1)}": the component 2
FAIL tests/test_text_local.c:1232: round_trips_of_generated_values: check failed: adf_sball_equal_set(x, y) | "{p=3: 44 + O(3^5); p=7: 0 + O(7^3); p=65537: 0 + O(65537^1)}": the round trip changed the set
FAIL tests/test_text_local.c:1225: round_trips_of_generated_values: check failed: adf_lball_identical(&x->loc[k], &y->loc[k]) | "{inf: -4.3125; p=2: 0 + O(2^0); p=5: 3 + O(5^1); p=7: 2 + O(7^1); p=18446744073709551557: 0 + O(18446744073709551557^2)}": the component 3
FAIL tests/test_text_local.c:1232: round_trips_of_generated_values: check failed: adf_sball_equal_set(x, y) | "{inf: -4.3125; p=2: 0 + O(2^0); p=5: 3 + O(5^1); p=7: 2 + O(7^1); p=18446744073709551557: 0 + O(18446744073709551557^2)}": the round trip changed the set
FAIL tests/test_text_local.c:1225: round_trips_of_generated_values: check failed: adf_lball_identical(&x->loc[k], &y->loc[k]) | "{p=2: 0 + O(2^2); p=5: 0 + O(5^2); p=7: 0 + O(7^1); p=65537: 0 + O(65537^3); p=18446744073709551557: 115792089237316193942174975457431254695161196299352022581048345476735855813810 + O(18446744073709551557^4)}": the component 0
FAIL tests/test_text_local.c:1225: round_trips_of_generated_values: check failed: adf_lball_identical(&x->loc[k], &y->loc[k]) | "{p=2: 0 + O(2^2); p=5: 0 + O(5^2); p=7: 0 + O(7^1); p=65537: 0 + O(65537^3); p=18446744073709551557: 115792089237316193942174975457431254695161196299352022581048345476735855813810 + O(18446744073709551557^4)}": the component 1
FAIL tests/test_text_local.c:1225: round_trips_of_generated_values: check failed: adf_lball_identical(&x->loc[k], &y->loc[k]) | "{p=2: 0 + O(2^2); p=5: 0 + O(5^2); p=7: 0 + O(7^1); p=65537: 0 + O(65537^3); p=18446744073709551557: 115792089237316193942174975457431254695161196299352022581048345476735855813810 + O(18446744073709551557^4)}": the component 2
FAIL tests/test_text_local.c:1225: round_trips_of_generated_values: check failed: adf_lball_identical(&x->loc[k], &y->loc[k]) | "{p=2: 0 + O(2^2); p=5: 0 + O(5^2); p=7: 0 + O(7^1); p=65537: 0 + O(65537^3); p=18446744073709551557: 115792089237316193942174975457431254695161196299352022581048345476735855813810 + O(18446744073709551557^4)}": the component 3
FAIL tests/test_text_local.c:1232: round_trips_of_generated_values: check failed: adf_sball_equal_set(x, y) | "{p=2: 0 + O(2^2); p=5: 0 + O(5^2); p=7: 0 + O(7^1); p=65537: 0 + O(65537^3); p=18446744073709551557: 115792089237316193942174975457431254695161196299352022581048345476735855813810 + O(18446744073709551557^4)}": the round trip changed the set
FAIL tests/test_text_local.c:1225: round_trips_of_generated_values: check failed: adf_lball_identical(&x->loc[k], &y->loc[k]) | "{inf: 0.453125; p=3: 0 + O(3^0); p=5: 0 + O(5^3); p=18446744073709551557: 1067993517960455024118177690580637341577587676802038321743851797381457759924398685468312455974735 + O(18446744073709551557^5)}": the component 1
FAIL tests/test_text_local.c:1232: round_trips_of_generated_values: check failed: adf_sball_equal_set(x, y) | "{inf: 0.453125; p=3: 0 + O(3^0); p=5: 0 + O(5^3); p=18446744073709551557: 1067993517960455024118177690580637341577587676802038321743851797381457759924398685468312455974735 + O(18446744073709551557^5)}": the round trip changed the set
FAIL tests/test_text_local.c:1225: round_trips_of_generated_values: check failed: adf_lball_identical(&x->loc[k], &y->loc[k]) | "{inf: -23552; p=7: 0 + O(7^1); p=18446744073709551557: 0 + O(18446744073709551557^1)}": the component 0
FAIL tests/test_text_local.c:1225: round_trips_of_generated_values: check failed: adf_lball_identical(&x->loc[k], &y->loc[k]) | "{inf: -23552; p=7: 0 + O(7^1); p=18446744073709551557: 0 + O(18446744073709551557^1)}": the component 1
FAIL tests/test_text_local.c:1232: round_trips_of_generated_values: check failed: adf_sball_equal_set(x, y) | "{inf: -23552; p=7: 0 + O(7^1); p=18446744073709551557: 0 + O(18446744073709551557^1)}": the round trip changed the set
FAIL tests/test_text_local.c:1225: round_trips_of_generated_values: check failed: adf_lball_identical(&x->loc[k], &y->loc[k]) | "{p=2: 5 + O(2^3); p=3: 0 + O(3^0); p=7: 0 + O(7^3)}": the component 2
FAIL tests/test_text_local.c:1232: round_trips_of_generated_values: check failed: adf_sball_equal_set(x, y) | "{p=2: 5 + O(2^3); p=3: 0 + O(3^0); p=7: 0 + O(7^3)}": the round trip changed the set
FAIL tests/test_text_local.c:1225: round_trips_of_generated_values: check failed: adf_lball_identical(&x->loc[k], &y->loc[k]) | "{inf: -2928; p=2: 27/2 + O(2^4); p=7: 3 + O(7^1); p=65537: 0 + O(65537^1)}": the component 2
FAIL tests/test_text_local.c:1232: round_trips_of_generated_values: check failed: adf_sball_equal_set(x, y) | "{inf: -2928; p=2: 27/2 + O(2^4); p=7: 3 + O(7^1); p=65537: 0 + O(65537^1)}": the round trip changed the set
FAIL tests/test_text_local.c:1225: round_trips_of_generated_values: check failed: adf_lball_identical(&x->loc[k], &y->loc[k]) | "{inf: 0.59765625; p=2: 0 + O(2^1); p=3: 0 + O(3^0); p=5: 0 + O(5^0); p=65537: 0 + O(65537^1); p=18446744073709551557: 4184734490257787135737206985467705717149598860526605603805 + O(18446744073709551557^3)}": the component 0
FAIL tests/test_text_local.c:1225: round_trips_of_generated_values: check failed: adf_lball_identical(&x->loc[k], &y->loc[k]) | "{inf: 0.59765625; p=2: 0 + O(2^1); p=3: 0 + O(3^0); p=5: 0 + O(5^0); p=65537: 0 + O(65537^1); p=18446744073709551557: 4184734490257787135737206985467705717149598860526605603805 + O(18446744073709551557^3)}": the component 3
FAIL tests/test_text_local.c:1232: round_trips_of_generated_values: check failed: adf_sball_equal_set(x, y) | "{inf: 0.59765625; p=2: 0 + O(2^1); p=3: 0 + O(3^0); p=5: 0 + O(5^0); p=65537: 0 + O(65537^1); p=18446744073709551557: 4184734490257787135737206985467705717149598860526605603805 + O(18446744073709551557^3)}": the round trip changed the set
FAIL tests/test_text_local.c:1225: round_trips_of_generated_values: check failed: adf_lball_identical(&x->loc[k], &y->loc[k]) | "{inf: -280; p=2: 2 + O(2^2); p=3: 0 + O(3^2); p=65537: 135 + O(65537^3)}": the component 1
FAIL tests/test_text_local.c:1232: round_trips_of_generated_values: check failed: adf_sball_equal_set(x, y) | "{inf: -280; p=2: 2 + O(2^2); p=3: 0 + O(3^2); p=65537: 135 + O(65537^3)}": the round trip changed the set
FAIL tests/test_text_local.c:1225: round_trips_of_generated_values: check failed: adf_lball_identical(&x->loc[k], &y->loc[k]) | "{inf: 3.625; p=5: 23 + O(5^2); p=7: 0 + O(7^3)}": the component 1
FAIL tests/test_text_local.c:1232: round_trips_of_generated_values: check failed: adf_sball_equal_set(x, y) | "{inf: 3.625; p=5: 23 + O(5^2); p=7: 0 + O(7^3)}": the round trip changed the set
FAIL tests/test_text_local.c:1225: round_trips_of_generated_values: check failed: adf_lball_identical(&x->loc[k], &y->loc[k]) | "{inf: 2608; p=2: 0 + O(2^3)}": the component 0
FAIL tests/test_text_local.c:1232: round_trips_of_generated_values: check failed: adf_sball_equal_set(x, y) | "{inf: 2608; p=2: 0 + O(2^3)}": the round trip changed the set
FAIL tests/test_text_local.c:1225: round_trips_of_generated_values: check failed: adf_lball_identical(&x->loc[k], &y->loc[k]) | "{inf: -284; p=2: 0 + O(2^3); p=7: 2354 + O(7^4); p=65537: 0 + O(65537^1)}": the component 0
FAIL tests/test_text_local.c:1225: round_trips_of_generated_values: check failed: adf_lball_identical(&x->loc[k], &y->loc[k]) | "{inf: -284; p=2: 0 + O(2^3); p=7: 2354 + O(7^4); p=65537: 0 + O(65537^1)}": the component 2
FAIL tests/test_text_local.c:1232: round_trips_of_generated_values: check failed: adf_sball_equal_set(x, y) | "{inf: -284; p=2: 0 + O(2^3); p=7: 2354 + O(7^4); p=65537: 0 + O(65537^1)}": the round trip changed the set
FAIL tests/test_text_local.c:1225: round_trips_of_generated_values: check failed: adf_lball_identical(&x->loc[k], &y->loc[k]) | "{inf: 3; p=3: 5 + O(3^2); p=5: 13 + O(5^2); p=7: 0 + O(7^2); p=65537: 151 + O(65537^5); p=18446744073709551557: 0 + O(18446744073709551557^0)}": the component 2
FAIL tests/test_text_local.c:1232: round_trips_of_generated_values: check failed: adf_sball_equal_set(x, y) | "{inf: 3; p=3: 5 + O(3^2); p=5: 13 + O(5^2); p=7: 0 + O(7^2); p=65537: 151 + O(65537^5); p=18446744073709551557: 0 + O(18446744073709551557^0)}": the round trip changed the set
FAIL tests/test_text_local.c:1225: round_trips_of_generated_values: check failed: adf_lball_identical(&x->loc[k], &y->loc[k]) | "{inf: -1408; p=3: 0 + O(3^0); p=5: 0 + O(5^1); p=7: 0 + O(7^3); p=65537: 13 + O(65537^3)}": the component 1
FAIL tests/test_text_local.c:1225: round_trips_of_generated_values: check failed: adf_lball_identical(&x->loc[k], &y->loc[k]) | "{inf: -1408; p=3: 0 + O(3^0); p=5: 0 + O(5^1); p=7: 0 + O(7^3); p=65537: 13 + O(65537^3)}": the component 2
FAIL tests/test_text_local.c:1232: round_trips_of_generated_values: check failed: adf_sball_equal_set(x, y) | "{inf: -1408; p=3: 0 + O(3^0); p=5: 0 + O(5^1); p=7: 0 + O(7^3); p=65537: 13 + O(65537^3)}": the round trip changed the set
FAIL tests/test_text_local.c:1225: round_trips_of_generated_values: check failed: adf_lball_identical(&x->loc[k], &y->loc[k]) | "{p=2: 0 + O(2^1); p=3: 0 + O(3^2); p=5: 2/5 + O(5^1); p=7: 0 + O(7^2); p=18446744073709551557: 56713727820156410214443134455673520745 + O(18446744073709551557^2)}": the component 0
FAIL tests/test_text_local.c:1225: round_trips_of_generated_values: check failed: adf_lball_identical(&x->loc[k], &y->loc[k]) | "{p=2: 0 + O(2^1); p=3: 0 + O(3^2); p=5: 2/5 + O(5^1); p=7: 0 + O(7^2); p=18446744073709551557: 56713727820156410214443134455673520745 + O(18446744073709551557^2)}": the component 1
FAIL tests/test_text_local.c:1225: round_trips_of_generated_values: check failed: adf_lball_identical(&x->loc[k], &y->loc[k]) | "{p=2: 0 + O(2^1); p=3: 0 + O(3^2); p=5: 2/5 + O(5^1); p=7: 0 + O(7^2); p=18446744073709551557: 56713727820156410214443134455673520745 + O(18446744073709551557^2)}": the component 3
FAIL tests/test_text_local.c:1232: round_trips_of_generated_values: check failed: adf_sball_equal_set(x, y) | "{p=2: 0 + O(2^1); p=3: 0 + O(3^2); p=5: 2/5 + O(5^1); p=7: 0 + O(7^2); p=18446744073709551557: 56713727820156410214443134455673520745 + O(18446744073709551557^2)}": the round trip changed the set
FAIL tests/test_text_local.c:1225: round_trips_of_generated_values: check failed: adf_lball_identical(&x->loc[k], &y->loc[k]) | "{inf: -8064; p=2: 9/4 + O(2^2); p=7: 46 + O(7^4); p=65537: 0 + O(65537^1); p=18446744073709551557: 0 + O(18446744073709551557^3)}": the component 2
FAIL tests/test_text_local.c:1225: round_trips_of_generated_values: check failed: adf_lball_identical(&x->loc[k], &y->loc[k]) | "{inf: -8064; p=2: 9/4 + O(2^2); p=7: 46 + O(7^4); p=65537: 0 + O(65537^1); p=18446744073709551557: 0 + O(18446744073709551557^3)}": the component 3
FAIL tests/test_text_local.c:1232: round_trips_of_generated_values: check failed: adf_sball_equal_set(x, y) | "{inf: -8064; p=2: 9/4 + O(2^2); p=7: 46 + O(7^4); p=65537: 0 + O(65537^1); p=18446744073709551557: 0 + O(18446744073709551557^3)}": the round trip changed the set
FAIL tests/test_text_local.c:1225: round_trips_of_generated_values: check failed: adf_lball_identical(&x->loc[k], &y->loc[k]) | "{p=2: 8 + O(2^5); p=5: 0 + O(5^3); p=7: 12 + O(7^2); p=18446744073709551557: 28 + O(18446744073709551557^3)}": the component 1
FAIL tests/test_text_local.c:1232: round_trips_of_generated_values: check failed: adf_sball_equal_set(x, y) | "{p=2: 8 + O(2^5); p=5: 0 + O(5^3); p=7: 12 + O(7^2); p=18446744073709551557: 28 + O(18446744073709551557^3)}": the round trip changed the set
FAIL tests/test_text_local.c:1225: round_trips_of_generated_values: check failed: adf_lball_identical(&x->loc[k], &y->loc[k]) | "{inf: -9216; p=2: 0 + O(2^3); p=3: 9 + O(3^4); p=5: 73/5 + O(5^2); p=65537: 3221323773 + O(65537^2); p=18446744073709551557: 0 + O(18446744073709551557^0)}": the component 0
FAIL tests/test_text_local.c:1232: round_trips_of_generated_values: check failed: adf_sball_equal_set(x, y) | "{inf: -9216; p=2: 0 + O(2^3); p=3: 9 + O(3^4); p=5: 73/5 + O(5^2); p=65537: 3221323773 + O(65537^2); p=18446744073709551557: 0 + O(18446744073709551557^0)}": the round trip changed the set
FAIL tests/test_text_local.c:1225: round_trips_of_generated_values: check failed: adf_lball_identical(&x->loc[k], &y->loc[k]) | "{p=2: 7 + O(2^5); p=5: 0 + O(5^1); p=7: 2264 + O(7^4); p=65537: 2863398885 + O(65537^2); p=18446744073709551557: 115792089237316193942174975457431254695161196299352022581048345476735855813924 + O(18446744073709551557^4)}": the component 1
FAIL tests/test_text_local.c:1232: round_trips_of_generated_values: check failed: adf_sball_equal_set(x, y) | "{p=2: 7 + O(2^5); p=5: 0 + O(5^1); p=7: 2264 + O(7^4); p=65537: 2863398885 + O(65537^2); p=18446744073709551557: 115792089237316193942174975457431254695161196299352022581048345476735855813924 + O(18446744073709551557^4)}": the round trip changed the set
FAIL tests/test_text_local.c:1225: round_trips_of_generated_values: check failed: adf_lball_identical(&x->loc[k], &y->loc[k]) | "{inf: 2592; p=5: 10 + O(5^2); p=7: 4168 + O(7^5); p=65537: 0 + O(65537^2); p=18446744073709551557: 0 + O(18446744073709551557^0)}": the component 2
FAIL tests/test_text_local.c:1232: round_trips_of_generated_values: check failed: adf_sball_equal_set(x, y) | "{inf: 2592; p=5: 10 + O(5^2); p=7: 4168 + O(7^5); p=65537: 0 + O(65537^2); p=18446744073709551557: 0 + O(18446744073709551557^0)}": the round trip changed the set
FAIL tests/test_text_local.c:1225: round_trips_of_generated_values: check failed: adf_lball_identical(&x->loc[k], &y->loc[k]) | "{inf: 108; p=7: 0 + O(7^2); p=65537: 604509028074895219785700 + O(65537^5); p=18446744073709551557: 96493407697763494951812479547859378912634330249460018817540287897279879845029 + O(18446744073709551557^4)}": the component 0
FAIL tests/test_text_local.c:1232: round_trips_of_generated_values: check failed: adf_sball_equal_set(x, y) | "{inf: 108; p=7: 0 + O(7^2); p=65537: 604509028074895219785700 + O(65537^5); p=18446744073709551557: 96493407697763494951812479547859378912634330249460018817540287897279879845029 + O(18446744073709551557^4)}": the round trip changed the set
FAIL tests/test_text_local.c:1225: round_trips_of_generated_values: check failed: adf_lball_identical(&x->loc[k], &y->loc[k]) | "{inf: -3.5625; p=2: 0 + O(2^0); p=3: 0 + O(3^3); p=65537: 0 + O(65537^2)}": the component 1
FAIL tests/test_text_local.c:1225: round_trips_of_generated_values: check failed: adf_lball_identical(&x->loc[k], &y->loc[k]) | "{inf: -3.5625; p=2: 0 + O(2^0); p=3: 0 + O(3^3); p=65537: 0 + O(65537^2)}": the component 2
FAIL tests/test_text_local.c:1232: round_trips_of_generated_values: check failed: adf_sball_equal_set(x, y) | "{inf: -3.5625; p=2: 0 + O(2^0); p=3: 0 + O(3^3); p=65537: 0 + O(65537^2)}": the round trip changed the set
FAIL tests/test_text_local.c:1225: round_trips_of_generated_values: check failed: adf_lball_identical(&x->loc[k], &y->loc[k]) | "{inf: -5.9375; p=2: 0 + O(2^2); p=5: 54 + O(5^4); p=7: 4 + O(7^1)}": the component 0
FAIL tests/test_text_local.c:1232: round_trips_of_generated_values: check failed: adf_sball_equal_set(x, y) | "{inf: -5.9375; p=2: 0 + O(2^2); p=5: 54 + O(5^4); p=7: 4 + O(7^1)}": the round trip changed the set
FAIL tests/test_text_local.c:1225: round_trips_of_generated_values: check failed: adf_lball_identical(&x->loc[k], &y->loc[k]) | "{inf: -3648; p=5: 0 + O(5^1); p=7: 45 + O(7^2); p=65537: 140743930904564 + O(65537^3)}": the component 0
FAIL tests/test_text_local.c:1232: round_trips_of_generated_values: check failed: adf_sball_equal_set(x, y) | "{inf: -3648; p=5: 0 + O(5^1); p=7: 45 + O(7^2); p=65537: 140743930904564 + O(65537^3)}": the round trip changed the set
FAIL tests/test_text_local.c:1225: round_trips_of_generated_values: check failed: adf_lball_identical(&x->loc[k], &y->loc[k]) | "{inf: 704; p=2: 11 + O(2^5); p=5: 1634 + O(5^5); p=18446744073709551557: 0 + O(18446744073709551557^1)}": the component 2
FAIL tests/test_text_local.c:1232: round_trips_of_generated_values: check failed: adf_sball_equal_set(x, y) | "{inf: 704; p=2: 11 + O(2^5); p=5: 1634 + O(5^5); p=18446744073709551557: 0 + O(18446744073709551557^1)}": the round trip changed the set
FAIL tests/test_text_local.c:1225: round_trips_of_generated_values: check failed: adf_lball_identical(&x->loc[k], &y->loc[k]) | "{p=3: 1 + O(3^5); p=5: 3067 + O(5^5); p=7: 8432 + O(7^5); p=65537: 0 + O(65537^1); p=18446744073709551557: 19298681539552698990362495909571875782526866049892003763508057579455975968955 + O(18446744073709551557^4)}": the component 3
FAIL tests/test_text_local.c:1232: round_trips_of_generated_values: check failed: adf_sball_equal_set(x, y) | "{p=3: 1 + O(3^5); p=5: 3067 + O(5^5); p=7: 8432 + O(7^5); p=65537: 0 + O(65537^1); p=18446744073709551557: 19298681539552698990362495909571875782526866049892003763508057579455975968955 + O(18446744073709551557^4)}": the round trip changed the set
FAIL tests/test_text_local.c:1225: round_trips_of_generated_values: check failed: adf_lball_identical(&x->loc[k], &y->loc[k]) | "{p=3: 0 + O(3^0); p=7: 20 + O(7^2); p=65537: 0 + O(65537^3); p=18446744073709551557: 0 + O(18446744073709551557^3)}": the component 2
FAIL tests/test_text_local.c:1225: round_trips_of_generated_values: check failed: adf_lball_identical(&x->loc[k], &y->loc[k]) | "{p=3: 0 + O(3^0); p=7: 20 + O(7^2); p=65537: 0 + O(65537^3); p=18446744073709551557: 0 + O(18446744073709551557^3)}": the component 3
FAIL tests/test_text_local.c:1232: round_trips_of_generated_values: check failed: adf_sball_equal_set(x, y) | "{p=3: 0 + O(3^0); p=7: 20 + O(7^2); p=65537: 0 + O(65537^3); p=18446744073709551557: 0 + O(18446744073709551557^3)}": the round trip changed the set
FAIL tests/test_text_local.c:1225: round_trips_of_generated_values: check failed: adf_lball_identical(&x->loc[k], &y->loc[k]) | "{p=3: 0 + O(3^2); p=7: 2400 + O(7^4)}": the component 0
FAIL tests/test_text_local.c:1232: round_trips_of_generated_values: check failed: adf_sball_equal_set(x, y) | "{p=3: 0 + O(3^2); p=7: 2400 + O(7^4)}": the round trip changed the set
FAIL tests/test_text_local.c:1225: round_trips_of_generated_values: check failed: adf_lball_identical(&x->loc[k], &y->loc[k]) | "{inf: -1.90625; p=2: 0 + O(2^3); p=3: 0 + O(3^1); p=7: 2384 + O(7^4); p=65537: 0 + O(65537^2)}": the component 0
FAIL tests/test_text_local.c:1225: round_trips_of_generated_values: check failed: adf_lball_identical(&x->loc[k], &y->loc[k]) | "{inf: -1.90625; p=2: 0 + O(2^3); p=3: 0 + O(3^1); p=7: 2384 + O(7^4); p=65537: 0 + O(65537^2)}": the component 1
FAIL tests/test_text_local.c:1225: round_trips_of_generated_values: check failed: adf_lball_identical(&x->loc[k], &y->loc[k]) | "{inf: -1.90625; p=2: 0 + O(2^3); p=3: 0 + O(3^1); p=7: 2384 + O(7^4); p=65537: 0 + O(65537^2)}": the component 3
FAIL tests/test_text_local.c:1232: round_trips_of_generated_values: check failed: adf_sball_equal_set(x, y) | "{inf: -1.90625; p=2: 0 + O(2^3); p=3: 0 + O(3^1); p=7: 2384 + O(7^4); p=65537: 0 + O(65537^2)}": the round trip changed the set
FAIL tests/test_text_local.c:1225: round_trips_of_generated_values: check failed: adf_lball_identical(&x->loc[k], &y->loc[k]) | "{inf: -3840; p=2: 1 + O(2^1); p=5: 94/5 + O(5^2); p=7: 12642 + O(7^5); p=65537: 967214444919832351657168 + O(65537^5); p=18446744073709551557: 0 + O(18446744073709551557^3)}": the component 4
FAIL tests/test_text_local.c:1232: round_trips_of_generated_values: check failed: adf_sball_equal_set(x, y) | "{inf: -3840; p=2: 1 + O(2^1); p=5: 94/5 + O(5^2); p=7: 12642 + O(7^5); p=65537: 967214444919832351657168 + O(65537^5); p=18446744073709551557: 0 + O(18446744073709551557^3)}": the round trip changed the set
FAIL tests/test_text_local.c:1225: round_trips_of_generated_values: check failed: adf_lball_identical(&x->loc[k], &y->loc[k]) | "{inf: -3; p=3: 0 + O(3^2); p=5: 0 + O(5^0); p=7: 1 + O(7^1); p=65537: 0 + O(65537^3); p=18446744073709551557: 4611686018427387820 + O(18446744073709551557^1)}": the component 0
FAIL tests/test_text_local.c:1225: round_trips_of_generated_values: check failed: adf_lball_identical(&x->loc[k], &y->loc[k]) | "{inf: -3; p=3: 0 + O(3^2); p=5: 0 + O(5^0); p=7: 1 + O(7^1); p=65537: 0 + O(65537^3); p=18446744073709551557: 4611686018427387820 + O(18446744073709551557^1)}": the component 3
FAIL tests/test_text_local.c:1232: round_trips_of_generated_values: check failed: adf_sball_equal_set(x, y) | "{inf: -3; p=3: 0 + O(3^2); p=5: 0 + O(5^0); p=7: 1 + O(7^1); p=65537: 0 + O(65537^3); p=18446744073709551557: 4611686018427387820 + O(18446744073709551557^1)}": the round trip changed the set
FAIL tests/test_text_local.c:1225: round_trips_of_generated_values: check failed: adf_lball_identical(&x->loc[k], &y->loc[k]) | "{inf: 6.375; p=3: 1/3 + O(3^0); p=5: 0 + O(5^2); p=7: 197 + O(7^3); p=65537: 41 + O(65537^1); p=18446744073709551557: 23158417847463238788434995091486250939032239259870404516209669095347171162827 + O(18446744073709551557^4)}": the component 1
FAIL tests/test_text_local.c:1232: round_trips_of_generated_values: check failed: adf_sball_equal_set(x, y) | "{inf: 6.375; p=3: 1/3 + O(3^0); p=5: 0 + O(5^2); p=7: 197 + O(7^3); p=65537: 41 + O(65537^1); p=18446744073709551557: 23158417847463238788434995091486250939032239259870404516209669095347171162827 + O(18446744073709551557^4)}": the round trip changed the set
FAIL tests/test_text_local.c:1225: round_trips_of_generated_values: check failed: adf_lball_identical(&x->loc[k], &y->loc[k]) | "{p=2: 0 + O(2^2); p=3: 0 + O(3^2); p=5: 0 + O(5^1); p=7: 0 + O(7^3); p=65537: 0 + O(65537^0)}": the component 0
FAIL tests/test_text_local.c:1225: round_trips_of_generated_values: check failed: adf_lball_identical(&x->loc[k], &y->loc[k]) | "{p=2: 0 + O(2^2); p=3: 0 + O(3^2); p=5: 0 + O(5^1); p=7: 0 + O(7^3); p=65537: 0 + O(65537^0)}": the component 1
FAIL tests/test_text_local.c:1225: round_trips_of_generated_values: check failed: adf_lball_identical(&x->loc[k], &y->loc[k]) | "{p=2: 0 + O(2^2); p=3: 0 + O(3^2); p=5: 0 + O(5^1); p=7: 0 + O(7^3); p=65537: 0 + O(65537^0)}": the component 2
FAIL tests/test_text_local.c:1225: round_trips_of_generated_values: check failed: adf_lball_identical(&x->loc[k], &y->loc[k]) | "{p=2: 0 + O(2^2); p=3: 0 + O(3^2); p=5: 0 + O(5^1); p=7: 0 + O(7^3); p=65537: 0 + O(65537^0)}": the component 3
FAIL tests/test_text_local.c:1232: round_trips_of_generated_values: check failed: adf_sball_equal_set(x, y) | "{p=2: 0 + O(2^2); p=3: 0 + O(3^2); p=5: 0 + O(5^1); p=7: 0 + O(7^3); p=65537: 0 + O(65537^0)}": the round trip changed the set
FAIL tests/test_text_local.c:1225: round_trips_of_generated_values: check failed: adf_lball_identical(&x->loc[k], &y->loc[k]) | "{p=2: 0 + O(2^1)}": the component 0
FAIL tests/test_text_local.c:1232: round_trips_of_generated_values: check failed: adf_sball_equal_set(x, y) | "{p=2: 0 + O(2^1)}": the round trip changed the set
FAIL tests/test_text_local.c:1225: round_trips_of_generated_values: check failed: adf_lball_identical(&x->loc[k], &y->loc[k]) | "{inf: 1920; p=2: 0 + O(2^1); p=7: 0 + O(7^0)}": the component 0
FAIL tests/test_text_local.c:1232: round_trips_of_generated_values: check failed: adf_sball_equal_set(x, y) | "{inf: 1920; p=2: 0 + O(2^1); p=7: 0 + O(7^0)}": the round trip changed the set
FAIL tests/test_text_local.c:1225: round_trips_of_generated_values: check failed: adf_lball_identical(&x->loc[k], &y->loc[k]) | "{inf: 2.15625; p=2: 0 + O(2^1); p=5: 0 + O(5^2); p=7: 0 + O(7^2); p=65537: 93829287269664 + O(65537^3); p=18446744073709551557: 6148914691236517259 + O(18446744073709551557^1)}": the component 0
FAIL tests/test_text_local.c:1225: round_trips_of_generated_values: check failed: adf_lball_identical(&x->loc[k], &y->loc[k]) | "{inf: 2.15625; p=2: 0 + O(2^1); p=5: 0 + O(5^2); p=7: 0 + O(7^2); p=65537: 93829287269664 + O(65537^3); p=18446744073709551557: 6148914691236517259 + O(18446744073709551557^1)}": the component 1
FAIL tests/test_text_local.c:1225: round_trips_of_generated_values: check failed: adf_lball_identical(&x->loc[k], &y->loc[k]) | "{inf: 2.15625; p=2: 0 + O(2^1); p=5: 0 + O(5^2); p=7: 0 + O(7^2); p=65537: 93829287269664 + O(65537^3); p=18446744073709551557: 6148914691236517259 + O(18446744073709551557^1)}": the component 2
FAIL tests/test_text_local.c:1232: round_trips_of_generated_values: check failed: adf_sball_equal_set(x, y) | "{inf: 2.15625; p=2: 0 + O(2^1); p=5: 0 + O(5^2); p=7: 0 + O(7^2); p=65537: 93829287269664 + O(65537^3); p=18446744073709551557: 6148914691236517259 + O(18446744073709551557^1)}": the round trip changed the set
FAIL tests/test_text_local.c:1225: round_trips_of_generated_values: check failed: adf_lball_identical(&x->loc[k], &y->loc[k]) | "{p=3: 686/3 + O(3^5); p=5: 0 + O(5^0); p=7: 4 + O(7^1); p=65537: 54 + O(65537^2); p=18446744073709551557: 0 + O(18446744073709551557^2)}": the component 4
FAIL tests/test_text_local.c:1232: round_trips_of_generated_values: check failed: adf_sball_equal_set(x, y) | "{p=3: 686/3 + O(3^5); p=5: 0 + O(5^0); p=7: 4 + O(7^1); p=65537: 54 + O(65537^2); p=18446744073709551557: 0 + O(18446744073709551557^2)}": the round trip changed the set
FAIL tests/test_text_local.c:1225: round_trips_of_generated_values: check failed: adf_lball_identical(&x->loc[k], &y->loc[k]) | "{inf: 1.4140625; p=3: 0 + O(3^3); p=65537: 6149289999795486753 + O(65537^4); p=18446744073709551557: 18446744073709551554 + O(18446744073709551557^1)}": the component 0
FAIL tests/test_text_local.c:1232: round_trips_of_generated_values: check failed: adf_sball_equal_set(x, y) | "{inf: 1.4140625; p=3: 0 + O(3^3); p=65537: 6149289999795486753 + O(65537^4); p=18446744073709551557: 18446744073709551554 + O(18446744073709551557^1)}": the round trip changed the set
FAIL tests/test_text_local.c:1225: round_trips_of_generated_values: check failed: adf_lball_identical(&x->loc[k], &y->loc[k]) | "{inf: -9.75; p=3: 76 + O(3^4); p=5: 0 + O(5^1); p=7: 5 + O(7^1); p=65537: 483607222459916175828524 + O(65537^5); p=18446744073709551557: 9223372036854775732 + O(18446744073709551557^1)}": the component 1
FAIL tests/test_text_local.c:1232: round_trips_of_generated_values: check failed: adf_sball_equal_set(x, y) | "{inf: -9.75; p=3: 76 + O(3^4); p=5: 0 + O(5^1); p=7: 5 + O(7^1); p=65537: 483607222459916175828524 + O(65537^5); p=18446744073709551557: 9223372036854775732 + O(18446744073709551557^1)}": the round trip changed the set
FAIL tests/test_text_local.c:1225: round_trips_of_generated_values: check failed: adf_lball_identical(&x->loc[k], &y->loc[k]) | "{inf: 180; p=2: 0 + O(2^2); p=3: 2/3 + O(3^0); p=7: 239 + O(7^3); p=18446744073709551557: 0 + O(18446744073709551557^2)}": the component 0
FAIL tests/test_text_local.c:1225: round_trips_of_generated_values: check failed: adf_lball_identical(&x->loc[k], &y->loc[k]) | "{inf: 180; p=2: 0 + O(2^2); p=3: 2/3 + O(3^0); p=7: 239 + O(7^3); p=18446744073709551557: 0 + O(18446744073709551557^2)}": the component 3
FAIL tests/test_text_local.c:1232: round_trips_of_generated_values: check failed: adf_sball_equal_set(x, y) | "{inf: 180; p=2: 0 + O(2^2); p=3: 2/3 + O(3^0); p=7: 239 + O(7^3); p=18446744073709551557: 0 + O(18446744073709551557^2)}": the round trip changed the set
FAIL tests/test_text_local.c:1225: round_trips_of_generated_values: check failed: adf_lball_identical(&x->loc[k], &y->loc[k]) | "{inf: 41.5; p=2: 0 + O(2^2); p=65537: 234573218174248 + O(65537^3)}": the component 0
FAIL tests/test_text_local.c:1232: round_trips_of_generated_values: check failed: adf_sball_equal_set(x, y) | "{inf: 41.5; p=2: 0 + O(2^2); p=65537: 234573218174248 + O(65537^3)}": the round trip changed the set
FAIL tests/test_text_local.c:1225: round_trips_of_generated_values: check failed: adf_lball_identical(&x->loc[k], &y->loc[k]) | "{inf: 0.734375; p=2: 0 + O(2^2); p=5: 19 + O(5^2); p=7: 0 + O(7^2); p=65537: 0 + O(65537^3)}": the component 0
FAIL tests/test_text_local.c:1225: round_trips_of_generated_values: check failed: adf_lball_identical(&x->loc[k], &y->loc[k]) | "{inf: 0.734375; p=2: 0 + O(2^2); p=5: 19 + O(5^2); p=7: 0 + O(7^2); p=65537: 0 + O(65537^3)}": the component 2
FAIL tests/test_text_local.c:1225: round_trips_of_generated_values: check failed: adf_lball_identical(&x->loc[k], &y->loc[k]) | "{inf: 0.734375; p=2: 0 + O(2^2); p=5: 19 + O(5^2); p=7: 0 + O(7^2); p=65537: 0 + O(65537^3)}": the component 3
FAIL tests/test_text_local.c:1232: round_trips_of_generated_values: check failed: adf_sball_equal_set(x, y) | "{inf: 0.734375; p=2: 0 + O(2^2); p=5: 19 + O(5^2); p=7: 0 + O(7^2); p=65537: 0 + O(65537^3)}": the round trip changed the set
FAIL tests/test_text_local.c:1225: round_trips_of_generated_values: check failed: adf_lball_identical(&x->loc[k], &y->loc[k]) | "{inf: 2048; p=2: 0 + O(2^1); p=3: 1 + O(3^2); p=65537: 2147549039 + O(65537^2); p=18446744073709551557: 0 + O(18446744073709551557^3)}": the component 0
FAIL tests/test_text_local.c:1225: round_trips_of_generated_values: check failed: adf_lball_identical(&x->loc[k], &y->loc[k]) | "{inf: 2048; p=2: 0 + O(2^1); p=3: 1 + O(3^2); p=65537: 2147549039 + O(65537^2); p=18446744073709551557: 0 + O(18446744073709551557^3)}": the component 3
FAIL tests/test_text_local.c:1232: round_trips_of_generated_values: check failed: adf_sball_equal_set(x, y) | "{inf: 2048; p=2: 0 + O(2^1); p=3: 1 + O(3^2); p=65537: 2147549039 + O(65537^2); p=18446744073709551557: 0 + O(18446744073709551557^3)}": the round trip changed the set
FAIL tests/test_text_local.c:1225: round_trips_of_generated_values: check failed: adf_lball_identical(&x->loc[k], &y->loc[k]) | "{inf: 18; p=3: 0 + O(3^3); p=5: 1423 + O(5^5)}": the component 0
FAIL tests/test_text_local.c:1232: round_trips_of_generated_values: check failed: adf_sball_equal_set(x, y) | "{inf: 18; p=3: 0 + O(3^3); p=5: 1423 + O(5^5)}": the round trip changed the set
FAIL tests/test_text_local.c:1225: round_trips_of_generated_values: check failed: adf_lball_identical(&x->loc[k], &y->loc[k]) | "{p=2: 1/4 + O(2^1); p=3: 116 + O(3^5); p=7: 243 + O(7^3); p=65537: 6149289999795486745 + O(65537^4); p=18446744073709551557: 340282366920938461286658806734041124194 + O(18446744073709551557^2)}": the component 0
FAIL tests/test_text_local.c:1232: round_trips_of_generated_values: check failed: adf_sball_equal_set(x, y) | "{p=2: 1/4 + O(2^1); p=3: 116 + O(3^5); p=7: 243 + O(7^3); p=65537: 6149289999795486745 + O(65537^4); p=18446744073709551557: 340282366920938461286658806734041124194 + O(18446744073709551557^2)}": the round trip changed the set
FAIL tests/test_text_local.c:1225: round_trips_of_generated_values: check failed: adf_lball_identical(&x->loc[k], &y->loc[k]) | "{inf: -332; p=3: 0 + O(3^1); p=5: 7 + O(5^3); p=7: 0 + O(7^2); p=65537: 0 + O(65537^3); p=18446744073709551557: 28948022309329048485543743864357813673790299074838005645262086369183963953452 + O(18446744073709551557^4)}": the component 0
FAIL tests/test_text_local.c:1225: round_trips_of_generated_values: check failed: adf_lball_identical(&x->loc[k], &y->loc[k]) | "{inf: -332; p=3: 0 + O(3^1); p=5: 7 + O(5^3); p=7: 0 + O(7^2); p=65537: 0 + O(65537^3); p=18446744073709551557: 28948022309329048485543743864357813673790299074838005645262086369183963953452 + O(18446744073709551557^4)}": the component 2
FAIL tests/test_text_local.c:1225: round_trips_of_generated_values: check failed: adf_lball_identical(&x->loc[k], &y->loc[k]) | "{inf: -332; p=3: 0 + O(3^1); p=5: 7 + O(5^3); p=7: 0 + O(7^2); p=65537: 0 + O(65537^3); p=18446744073709551557: 28948022309329048485543743864357813673790299074838005645262086369183963953452 + O(18446744073709551557^4)}": the component 3
FAIL tests/test_text_local.c:1232: round_trips_of_generated_values: check failed: adf_sball_equal_set(x, y) | "{inf: -332; p=3: 0 + O(3^1); p=5: 7 + O(5^3); p=7: 0 + O(7^2); p=65537: 0 + O(65537^3); p=18446744073709551557: 28948022309329048485543743864357813673790299074838005645262086369183963953452 + O(18446744073709551557^4)}": the round trip changed the set
FAIL tests/test_text_local.c:1225: round_trips_of_generated_values: check failed: adf_lball_identical(&x->loc[k], &y->loc[k]) | "{inf: -29440; p=2: 0 + O(2^3); p=3: 0 + O(3^2)}": the component 0
FAIL tests/test_text_local.c:1225: round_trips_of_generated_values: check failed: adf_lball_identical(&x->loc[k], &y->loc[k]) | "{inf: -29440; p=2: 0 + O(2^3); p=3: 0 + O(3^2)}": the component 1
FAIL tests/test_text_local.c:1232: round_trips_of_generated_values: check failed: adf_sball_equal_set(x, y) | "{inf: -29440; p=2: 0 + O(2^3); p=3: 0 + O(3^2)}": the round trip changed the set
FAIL tests/test_text_local.c:1225: round_trips_of_generated_values: check failed: adf_lball_identical(&x->loc[k], &y->loc[k]) | "{p=2: 0 + O(2^1); p=5: 0 + O(5^1); p=18446744073709551557: 170141183460469230643329403367020562126 + O(18446744073709551557^2)}": the component 0
FAIL tests/test_text_local.c:1225: round_trips_of_generated_values: check failed: adf_lball_identical(&x->loc[k], &y->loc[k]) | "{p=2: 0 + O(2^1); p=5: 0 + O(5^1); p=18446744073709551557: 170141183460469230643329403367020562126 + O(18446744073709551557^2)}": the component 1
FAIL tests/test_text_local.c:1232: round_trips_of_generated_values: check failed: adf_sball_equal_set(x, y) | "{p=2: 0 + O(2^1); p=5: 0 + O(5^1); p=18446744073709551557: 170141183460469230643329403367020562126 + O(18446744073709551557^2)}": the round trip changed the set
FAIL tests/test_text_local.c:1225: round_trips_of_generated_values: check failed: adf_lball_identical(&x->loc[k], &y->loc[k]) | "{inf: 4; p=3: 19 + O(3^3); p=5: 7 + O(5^2); p=7: 0 + O(7^2); p=65537: 35 + O(65537^1); p=18446744073709551557: 170141183460469230643329403367020562069 + O(18446744073709551557^2)}": the component 2
FAIL tests/test_text_local.c:1232: round_trips_of_generated_values: check failed: adf_sball_equal_set(x, y) | "{inf: 4; p=3: 19 + O(3^3); p=5: 7 + O(5^2); p=7: 0 + O(7^2); p=65537: 35 + O(65537^1); p=18446744073709551557: 170141183460469230643329403367020562069 + O(18446744073709551557^2)}": the round trip changed the set
FAIL tests/test_text_local.c:1225: round_trips_of_generated_values: check failed: adf_lball_identical(&x->loc[k], &y->loc[k]) | "{p=3: 0 + O(3^2); p=5: 55 + O(5^3)}": the component 0
FAIL tests/test_text_local.c:1232: round_trips_of_generated_values: check failed: adf_sball_equal_set(x, y) | "{p=3: 0 + O(3^2); p=5: 55 + O(5^3)}": the round trip changed the set
FAIL tests/test_text_local.c:1225: round_trips_of_generated_values: check failed: adf_lball_identical(&x->loc[k], &y->loc[k]) | "{inf: 5.21875; p=5: 1595 + O(5^5); p=7: 0 + O(7^3); p=65537: 0 + O(65537^2)}": the component 1
FAIL tests/test_text_local.c:1225: round_trips_of_generated_values: check failed: adf_lball_identical(&x->loc[k], &y->loc[k]) | "{inf: 5.21875; p=5: 1595 + O(5^5); p=7: 0 + O(7^3); p=65537: 0 + O(65537^2)}": the component 2
FAIL tests/test_text_local.c:1232: round_trips_of_generated_values: check failed: adf_sball_equal_set(x, y) | "{inf: 5.21875; p=5: 1595 + O(5^5); p=7: 0 + O(7^3); p=65537: 0 + O(65537^2)}": the round trip changed the set
FAIL tests/test_text_local.c:1225: round_trips_of_generated_values: check failed: adf_lball_identical(&x->loc[k], &y->loc[k]) | "{p=2: 0 + O(2^2); p=3: 32 + O(3^4); p=5: 0 + O(5^1); p=65537: 0 + O(65537^1); p=18446744073709551557: 0 + O(18446744073709551557^3)}": the component 0
FAIL tests/test_text_local.c:1225: round_trips_of_generated_values: check failed: adf_lball_identical(&x->loc[k], &y->loc[k]) | "{p=2: 0 + O(2^2); p=3: 32 + O(3^4); p=5: 0 + O(5^1); p=65537: 0 + O(65537^1); p=18446744073709551557: 0 + O(18446744073709551557^3)}": the component 2
FAIL tests/test_text_local.c:1225: round_trips_of_generated_values: check failed: adf_lball_identical(&x->loc[k], &y->loc[k]) | "{p=2: 0 + O(2^2); p=3: 32 + O(3^4); p=5: 0 + O(5^1); p=65537: 0 + O(65537^1); p=18446744073709551557: 0 + O(18446744073709551557^3)}": the component 3
FAIL tests/test_text_local.c:1225: round_trips_of_generated_values: check failed: adf_lball_identical(&x->loc[k], &y->loc[k]) | "{p=2: 0 + O(2^2); p=3: 32 + O(3^4); p=5: 0 + O(5^1); p=65537: 0 + O(65537^1); p=18446744073709551557: 0 + O(18446744073709551557^3)}": the component 4
FAIL tests/test_text_local.c:1232: round_trips_of_generated_values: check failed: adf_sball_equal_set(x, y) | "{p=2: 0 + O(2^2); p=3: 32 + O(3^4); p=5: 0 + O(5^1); p=65537: 0 + O(65537^1); p=18446744073709551557: 0 + O(18446744073709551557^3)}": the round trip changed the set
FAIL tests/test_text_local.c:1225: round_trips_of_generated_values: check failed: adf_lball_identical(&x->loc[k], &y->loc[k]) | "{p=3: 146 + O(3^5); p=5: 21 + O(5^2); p=7: 10044 + O(7^5); p=65537: 0 + O(65537^1); p=18446744073709551557: 2135987035920910048236355381161274683155175353604076643487703594762915519848797370936624911949494 + O(18446744073709551557^5)}": the component 3
FAIL tests/test_text_local.c:1232: round_trips_of_generated_values: check failed: adf_sball_equal_set(x, y) | "{p=3: 146 + O(3^5); p=5: 21 + O(5^2); p=7: 10044 + O(7^5); p=65537: 0 + O(65537^1); p=18446744073709551557: 2135987035920910048236355381161274683155175353604076643487703594762915519848797370936624911949494 + O(18446744073709551557^5)}": the round trip changed the set
FAIL tests/test_text_local.c:1225: round_trips_of_generated_values: check failed: adf_lball_identical(&x->loc[k], &y->loc[k]) | "{p=3: 0 + O(3^2); p=5: 0 + O(5^3); p=7: 24 + O(7^3); p=65537: 234573218174278 + O(65537^3)}": the component 0
FAIL tests/test_text_local.c:1225: round_trips_of_generated_values: check failed: adf_lball_identical(&x->loc[k], &y->loc[k]) | "{p=3: 0 + O(3^2); p=5: 0 + O(5^3); p=7: 24 + O(7^3); p=65537: 234573218174278 + O(65537^3)}": the component 1
FAIL tests/test_text_local.c:1232: round_trips_of_generated_values: check failed: adf_sball_equal_set(x, y) | "{p=3: 0 + O(3^2); p=5: 0 + O(5^3); p=7: 24 + O(7^3); p=65537: 234573218174278 + O(65537^3)}": the round trip changed the set
FAIL tests/test_text_local.c:1225: round_trips_of_generated_values: check failed: adf_lball_identical(&x->loc[k], &y->loc[k]) | "{p=3: 0 + O(3^3)}": the component 0
FAIL tests/test_text_local.c:1232: round_trips_of_generated_values: check failed: adf_sball_equal_set(x, y) | "{p=3: 0 + O(3^3)}": the round trip changed the set
FAIL tests/test_text_local.c:1225: round_trips_of_generated_values: check failed: adf_lball_identical(&x->loc[k], &y->loc[k]) | "{inf: -5696; p=2: 0 + O(2^3); p=3: 0 + O(3^2); p=5: 1/5 + O(5^0); p=7: 8 + O(7^5)}": the component 0
FAIL tests/test_text_local.c:1225: round_trips_of_generated_values: check failed: adf_lball_identical(&x->loc[k], &y->loc[k]) | "{inf: -5696; p=2: 0 + O(2^3); p=3: 0 + O(3^2); p=5: 1/5 + O(5^0); p=7: 8 + O(7^5)}": the component 1
FAIL tests/test_text_local.c:1232: round_trips_of_generated_values: check failed: adf_sball_equal_set(x, y) | "{inf: -5696; p=2: 0 + O(2^3); p=3: 0 + O(3^2); p=5: 1/5 + O(5^0); p=7: 8 + O(7^5)}": the round trip changed the set
FAIL tests/test_text_local.c:1225: round_trips_of_generated_values: check failed: adf_lball_identical(&x->loc[k], &y->loc[k]) | "{p=2: 4 + O(2^5); p=7: 298 + O(7^3); p=18446744073709551557: 0 + O(18446744073709551557^2)}": the component 2
FAIL tests/test_text_local.c:1232: round_trips_of_generated_values: check failed: adf_sball_equal_set(x, y) | "{p=2: 4 + O(2^5); p=7: 298 + O(7^3); p=18446744073709551557: 0 + O(18446744073709551557^2)}": the round trip changed the set
FAIL tests/test_text_local.c:1225: round_trips_of_generated_values: check failed: adf_lball_identical(&x->loc[k], &y->loc[k]) | "{inf: 3072; p=3: 82 + O(3^5); p=7: 0 + O(7^2); p=18446744073709551557: 0 + O(18446744073709551557^3)}": the component 1
FAIL tests/test_text_local.c:1225: round_trips_of_generated_values: check failed: adf_lball_identical(&x->loc[k], &y->loc[k]) | "{inf: 3072; p=3: 82 + O(3^5); p=7: 0 + O(7^2); p=18446744073709551557: 0 + O(18446744073709551557^3)}": the component 2
FAIL tests/test_text_local.c:1232: round_trips_of_generated_values: check failed: adf_sball_equal_set(x, y) | "{inf: 3072; p=3: 82 + O(3^5); p=7: 0 + O(7^2); p=18446744073709551557: 0 + O(18446744073709551557^3)}": the round trip changed the set
FAIL tests/test_text_local.c:1225: round_trips_of_generated_values: check failed: adf_lball_identical(&x->loc[k], &y->loc[k]) | "{p=3: 1 + O(3^1); p=5: 0 + O(5^2); p=7: 0 + O(7^1)}": the component 1
FAIL tests/test_text_local.c:1225: round_trips_of_generated_values: check failed: adf_lball_identical(&x->loc[k], &y->loc[k]) | "{p=3: 1 + O(3^1); p=5: 0 + O(5^2); p=7: 0 + O(7^1)}": the component 2
FAIL tests/test_text_local.c:1232: round_trips_of_generated_values: check failed: adf_sball_equal_set(x, y) | "{p=3: 1 + O(3^1); p=5: 0 + O(5^2); p=7: 0 + O(7^1)}": the round trip changed the set
FAIL tests/test_text_local.c:1225: round_trips_of_generated_values: check failed: adf_lball_identical(&x->loc[k], &y->loc[k]) | "{inf: 7.3125; p=2: 1/4 + O(2^1); p=65537: 4295098127 + O(65537^2)}": the component 0
FAIL tests/test_text_local.c:1232: round_trips_of_generated_values: check failed: adf_sball_equal_set(x, y) | "{inf: 7.3125; p=2: 1/4 + O(2^1); p=65537: 4295098127 + O(65537^2)}": the round trip changed the set
FAIL tests/test_text_local.c:1225: round_trips_of_generated_values: check failed: adf_lball_identical(&x->loc[k], &y->loc[k]) | "{inf: -48384; p=2: 0 + O(2^3); p=3: 4/3 + O(3^1)}": the component 0
FAIL tests/test_text_local.c:1232: round_trips_of_generated_values: check failed: adf_sball_equal_set(x, y) | "{inf: -48384; p=2: 0 + O(2^3); p=3: 4/3 + O(3^1)}": the round trip changed the set
FAIL tests/test_text_local.c:1225: round_trips_of_generated_values: check failed: adf_lball_identical(&x->loc[k], &y->loc[k]) | "{p=2: 0 + O(2^1); p=5: 2967 + O(5^5); p=7: 273 + O(7^3); p=65537: 4295098299 + O(65537^2); p=18446744073709551557: 533996758980227512059088845290318670788793838401019160871925898690728879962199342734156227987421 + O(18446744073709551557^5)}": the component 0
FAIL tests/test_text_local.c:1232: round_trips_of_generated_values: check failed: adf_sball_equal_set(x, y) | "{p=2: 0 + O(2^1); p=5: 2967 + O(5^5); p=7: 273 + O(7^3); p=65537: 4295098299 + O(65537^2); p=18446744073709551557: 533996758980227512059088845290318670788793838401019160871925898690728879962199342734156227987421 + O(18446744073709551557^5)}": the round trip changed the set
FAIL tests/test_text_local.c:1225: round_trips_of_generated_values: check failed: adf_lball_identical(&x->loc[k], &y->loc[k]) | "{inf: 7.25; p=2: 0 + O(2^1); p=3: 0 + O(3^3); p=5: 0 + O(5^3); p=65537: 0 + O(65537^0); p=18446744073709551557: 0 + O(18446744073709551557^2)}": the component 0
FAIL tests/test_text_local.c:1225: round_trips_of_generated_values: check failed: adf_lball_identical(&x->loc[k], &y->loc[k]) | "{inf: 7.25; p=2: 0 + O(2^1); p=3: 0 + O(3^3); p=5: 0 + O(5^3); p=65537: 0 + O(65537^0); p=18446744073709551557: 0 + O(18446744073709551557^2)}": the component 1
FAIL tests/test_text_local.c:1225: round_trips_of_generated_values: check failed: adf_lball_identical(&x->loc[k], &y->loc[k]) | "{inf: 7.25; p=2: 0 + O(2^1); p=3: 0 + O(3^3); p=5: 0 + O(5^3); p=65537: 0 + O(65537^0); p=18446744073709551557: 0 + O(18446744073709551557^2)}": the component 2
FAIL tests/test_text_local.c:1225: round_trips_of_generated_values: check failed: adf_lball_identical(&x->loc[k], &y->loc[k]) | "{inf: 7.25; p=2: 0 + O(2^1); p=3: 0 + O(3^3); p=5: 0 + O(5^3); p=65537: 0 + O(65537^0); p=18446744073709551557: 0 + O(18446744073709551557^2)}": the component 4
FAIL tests/test_text_local.c:1232: round_trips_of_generated_values: check failed: adf_sball_equal_set(x, y) | "{inf: 7.25; p=2: 0 + O(2^1); p=3: 0 + O(3^3); p=5: 0 + O(5^3); p=65537: 0 + O(65537^0); p=18446744073709551557: 0 + O(18446744073709551557^2)}": the round trip changed the set
FAIL tests/test_text_local.c:1225: round_trips_of_generated_values: check failed: adf_lball_identical(&x->loc[k], &y->loc[k]) | "{p=2: 1/2 + O(2^2); p=3: 0 + O(3^2); p=7: 0 + O(7^0); p=65537: 0 + O(65537^0)}": the component 1
FAIL tests/test_text_local.c:1232: round_trips_of_generated_values: check failed: adf_sball_equal_set(x, y) | "{p=2: 1/2 + O(2^2); p=3: 0 + O(3^2); p=7: 0 + O(7^0); p=65537: 0 + O(65537^0)}": the round trip changed the set
FAIL tests/test_text_local.c:1225: round_trips_of_generated_values: check failed: adf_lball_identical(&x->loc[k], &y->loc[k]) | "{p=2: 9/4 + O(2^2); p=3: 0 + O(3^3); p=5: 0 + O(5^0); p=18446744073709551557: 0 + O(18446744073709551557^0)}": the component 1
FAIL tests/test_text_local.c:1232: round_trips_of_generated_values: check failed: adf_sball_equal_set(x, y) | "{p=2: 9/4 + O(2^2); p=3: 0 + O(3^3); p=5: 0 + O(5^0); p=18446744073709551557: 0 + O(18446744073709551557^0)}": the round trip changed the set
FAIL tests/test_text_local.c:1225: round_trips_of_generated_values: check failed: adf_lball_identical(&x->loc[k], &y->loc[k]) | "{inf: -128; p=2: 1/2 + O(2^0); p=7: 6 + O(7^2); p=65537: 0 + O(65537^2); p=18446744073709551557: 0 + O(18446744073709551557^3)}": the component 2
FAIL tests/test_text_local.c:1225: round_trips_of_generated_values: check failed: adf_lball_identical(&x->loc[k], &y->loc[k]) | "{inf: -128; p=2: 1/2 + O(2^0); p=7: 6 + O(7^2); p=65537: 0 + O(65537^2); p=18446744073709551557: 0 + O(18446744073709551557^3)}": the component 3
FAIL tests/test_text_local.c:1232: round_trips_of_generated_values: check failed: adf_sball_equal_set(x, y) | "{inf: -128; p=2: 1/2 + O(2^0); p=7: 6 + O(7^2); p=65537: 0 + O(65537^2); p=18446744073709551557: 0 + O(18446744073709551557^3)}": the round trip changed the set
FAIL tests/test_text_local.c:1225: round_trips_of_generated_values: check failed: adf_lball_identical(&x->loc[k], &y->loc[k]) | "{p=2: 1/2 + O(2^0); p=3: 0 + O(3^1); p=65537: 291 + O(65537^4); p=18446744073709551557: 0 + O(18446744073709551557^0)}": the component 1
FAIL tests/test_text_local.c:1232: round_trips_of_generated_values: check failed: adf_sball_equal_set(x, y) | "{p=2: 1/2 + O(2^0); p=3: 0 + O(3^1); p=65537: 291 + O(65537^4); p=18446744073709551557: 0 + O(18446744073709551557^0)}": the round trip changed the set
FAIL tests/test_text_local.c:1225: round_trips_of_generated_values: check failed: adf_lball_identical(&x->loc[k], &y->loc[k]) | "{inf: 119; p=2: 1 + O(2^1); p=3: 73 + O(3^4); p=7: 152 + O(7^3); p=65537: 0 + O(65537^3); p=18446744073709551557: 3138550867693340351802905239100779287862199145394954202878 + O(18446744073709551557^3)}": the component 3
FAIL tests/test_text_local.c:1232: round_trips_of_generated_values: check failed: adf_sball_equal_set(x, y) | "{inf: 119; p=2: 1 + O(2^1); p=3: 73 + O(3^4); p=7: 152 + O(7^3); p=65537: 0 + O(65537^3); p=18446744073709551557: 3138550867693340351802905239100779287862199145394954202878 + O(18446744073709551557^3)}": the round trip changed the set
FAIL tests/test_text_local.c:1225: round_trips_of_generated_values: check failed: adf_lball_identical(&x->loc[k], &y->loc[k]) | "{p=2: 127/4 + O(2^5); p=3: 0 + O(3^3); p=5: 0 + O(5^3); p=7: 3 + O(7^4); p=18446744073709551557: 0 + O(18446744073709551557^1)}": the component 1
FAIL tests/test_text_local.c:1225: round_trips_of_generated_values: check failed: adf_lball_identical(&x->loc[k], &y->loc[k]) | "{p=2: 127/4 + O(2^5); p=3: 0 + O(3^3); p=5: 0 + O(5^3); p=7: 3 + O(7^4); p=18446744073709551557: 0 + O(18446744073709551557^1)}": the component 2
FAIL tests/test_text_local.c:1225: round_trips_of_generated_values: check failed: adf_lball_identical(&x->loc[k], &y->loc[k]) | "{p=2: 127/4 + O(2^5); p=3: 0 + O(3^3); p=5: 0 + O(5^3); p=7: 3 + O(7^4); p=18446744073709551557: 0 + O(18446744073709551557^1)}": the component 4
FAIL tests/test_text_local.c:1232: round_trips_of_generated_values: check failed: adf_sball_equal_set(x, y) | "{p=2: 127/4 + O(2^5); p=3: 0 + O(3^3); p=5: 0 + O(5^3); p=7: 3 + O(7^4); p=18446744073709551557: 0 + O(18446744073709551557^1)}": the round trip changed the set
FAIL tests/test_text_local.c:1225: round_trips_of_generated_values: check failed: adf_lball_identical(&x->loc[k], &y->loc[k]) | "{inf: -69.5; p=2: 0 + O(2^1); p=5: 0 + O(5^2); p=7: 0 + O(7^1); p=65537: 0 + O(65537^0); p=18446744073709551557: 0 + O(18446744073709551557^3)}": the component 0
FAIL tests/test_text_local.c:1225: round_trips_of_generated_values: check failed: adf_lball_identical(&x->loc[k], &y->loc[k]) | "{inf: -69.5; p=2: 0 + O(2^1); p=5: 0 + O(5^2); p=7: 0 + O(7^1); p=65537: 0 + O(65537^0); p=18446744073709551557: 0 + O(18446744073709551557^3)}": the component 1
FAIL tests/test_text_local.c:1225: round_trips_of_generated_values: check failed: adf_lball_identical(&x->loc[k], &y->loc[k]) | "{inf: -69.5; p=2: 0 + O(2^1); p=5: 0 + O(5^2); p=7: 0 + O(7^1); p=65537: 0 + O(65537^0); p=18446744073709551557: 0 + O(18446744073709551557^3)}": the component 2
FAIL tests/test_text_local.c:1225: round_trips_of_generated_values: check failed: adf_lball_identical(&x->loc[k], &y->loc[k]) | "{inf: -69.5; p=2: 0 + O(2^1); p=5: 0 + O(5^2); p=7: 0 + O(7^1); p=65537: 0 + O(65537^0); p=18446744073709551557: 0 + O(18446744073709551557^3)}": the component 4
FAIL tests/test_text_local.c:1232: round_trips_of_generated_values: check failed: adf_sball_equal_set(x, y) | "{inf: -69.5; p=2: 0 + O(2^1); p=5: 0 + O(5^2); p=7: 0 + O(7^1); p=65537: 0 + O(65537^0); p=18446744073709551557: 0 + O(18446744073709551557^3)}": the round trip changed the set
FAIL tests/test_text_local.c:1225: round_trips_of_generated_values: check failed: adf_lball_identical(&x->loc[k], &y->loc[k]) | "{p=18446744073709551557: 0 + O(18446744073709551557^2)}": the component 0
FAIL tests/test_text_local.c:1232: round_trips_of_generated_values: check failed: adf_sball_equal_set(x, y) | "{p=18446744073709551557: 0 + O(18446744073709551557^2)}": the round trip changed the set
FAIL tests/test_text_local.c:1225: round_trips_of_generated_values: check failed: adf_lball_identical(&x->loc[k], &y->loc[k]) | "{p=3: 123 + O(3^5); p=7: 5 + O(7^1); p=65537: 906763542112342829678607 + O(65537^5); p=18446744073709551557: 0 + O(18446744073709551557^2)}": the component 3
FAIL tests/test_text_local.c:1232: round_trips_of_generated_values: check failed: adf_sball_equal_set(x, y) | "{p=3: 123 + O(3^5); p=7: 5 + O(7^1); p=65537: 906763542112342829678607 + O(65537^5); p=18446744073709551557: 0 + O(18446744073709551557^2)}": the round trip changed the set
FAIL tests/test_text_local.c:1225: round_trips_of_generated_values: check failed: adf_lball_identical(&x->loc[k], &y->loc[k]) | "{inf: 0.546875; p=5: 0 + O(5^3); p=18446744073709551557: 193 + O(18446744073709551557^1)}": the component 0
FAIL tests/test_text_local.c:1232: round_trips_of_generated_values: check failed: adf_sball_equal_set(x, y) | "{inf: 0.546875; p=5: 0 + O(5^3); p=18446744073709551557: 193 + O(18446744073709551557^1)}": the round trip changed the set
FAIL tests/test_text_local.c:1225: round_trips_of_generated_values: check failed: adf_lball_identical(&x->loc[k], &y->loc[k]) | "{inf: 16; p=2: 0 + O(2^1); p=5: 0 + O(5^1); p=7: 0 + O(7^1); p=65537: 18447869999386460084 + O(65537^4); p=18446744073709551557: 115792089237316193942174975457431254695161196299352022581048345476735855813953 + O(18446744073709551557^4)}": the component 0
FAIL tests/test_text_local.c:1225: round_trips_of_generated_values: check failed: adf_lball_identical(&x->loc[k], &y->loc[k]) | "{inf: 16; p=2: 0 + O(2^1); p=5: 0 + O(5^1); p=7: 0 + O(7^1); p=65537: 18447869999386460084 + O(65537^4); p=18446744073709551557: 115792089237316193942174975457431254695161196299352022581048345476735855813953 + O(18446744073709551557^4)}": the component 1
FAIL tests/test_text_local.c:1225: round_trips_of_generated_values: check failed: adf_lball_identical(&x->loc[k], &y->loc[k]) | "{inf: 16; p=2: 0 + O(2^1); p=5: 0 + O(5^1); p=7: 0 + O(7^1); p=65537: 18447869999386460084 + O(65537^4); p=18446744073709551557: 115792089237316193942174975457431254695161196299352022581048345476735855813953 + O(18446744073709551557^4)}": the component 2
FAIL tests/test_text_local.c:1232: round_trips_of_generated_values: check failed: adf_sball_equal_set(x, y) | "{inf: 16; p=2: 0 + O(2^1); p=5: 0 + O(5^1); p=7: 0 + O(7^1); p=65537: 18447869999386460084 + O(65537^4); p=18446744073709551557: 115792089237316193942174975457431254695161196299352022581048345476735855813953 + O(18446744073709551557^4)}": the round trip changed the set
FAIL tests/test_text_local.c:1225: round_trips_of_generated_values: check failed: adf_lball_identical(&x->loc[k], &y->loc[k]) | "{inf: 3.125; p=18446744073709551557: 0 + O(18446744073709551557^1)}": the component 0
FAIL tests/test_text_local.c:1232: round_trips_of_generated_values: check failed: adf_sball_equal_set(x, y) | "{inf: 3.125; p=18446744073709551557: 0 + O(18446744073709551557^1)}": the round trip changed the set
FAIL tests/test_text_local.c:1225: round_trips_of_generated_values: check failed: adf_lball_identical(&x->loc[k], &y->loc[k]) | "{p=2: 19/4 + O(2^4); p=3: 2 + O(3^2); p=5: 2/5 + O(5^0); p=7: 19 + O(7^3); p=18446744073709551557: 0 + O(18446744073709551557^2)}": the component 4
FAIL tests/test_text_local.c:1232: round_trips_of_generated_values: check failed: adf_sball_equal_set(x, y) | "{p=2: 19/4 + O(2^4); p=3: 2 + O(3^2); p=5: 2/5 + O(5^0); p=7: 19 + O(7^3); p=18446744073709551557: 0 + O(18446744073709551557^2)}": the round trip changed the set
FAIL tests/test_text_local.c:1225: round_trips_of_generated_values: check failed: adf_lball_identical(&x->loc[k], &y->loc[k]) | "{inf: 24; p=2: 0 + O(2^3); p=7: 0 + O(7^3)}": the component 0
FAIL tests/test_text_local.c:1225: round_trips_of_generated_values: check failed: adf_lball_identical(&x->loc[k], &y->loc[k]) | "{inf: 24; p=2: 0 + O(2^3); p=7: 0 + O(7^3)}": the component 1
FAIL tests/test_text_local.c:1232: round_trips_of_generated_values: check failed: adf_sball_equal_set(x, y) | "{inf: 24; p=2: 0 + O(2^3); p=7: 0 + O(7^3)}": the round trip changed the set
FAIL tests/test_text_local.c:1225: round_trips_of_generated_values: check failed: adf_lball_identical(&x->loc[k], &y->loc[k]) | "{p=2: 0 + O(2^1); p=5: 0 + O(5^3); p=7: 0 + O(7^3); p=65537: 21936 + O(65537^1); p=18446744073709551557: 170141183460469230643329403367020562126 + O(18446744073709551557^2)}": the component 0
FAIL tests/test_text_local.c:1225: round_trips_of_generated_values: check failed: adf_lball_identical(&x->loc[k], &y->loc[k]) | "{p=2: 0 + O(2^1); p=5: 0 + O(5^3); p=7: 0 + O(7^3); p=65537: 21936 + O(65537^1); p=18446744073709551557: 170141183460469230643329403367020562126 + O(18446744073709551557^2)}": the component 1
FAIL tests/test_text_local.c:1225: round_trips_of_generated_values: check failed: adf_lball_identical(&x->loc[k], &y->loc[k]) | "{p=2: 0 + O(2^1); p=5: 0 + O(5^3); p=7: 0 + O(7^3); p=65537: 21936 + O(65537^1); p=18446744073709551557: 170141183460469230643329403367020562126 + O(18446744073709551557^2)}": the component 2
FAIL tests/test_text_local.c:1232: round_trips_of_generated_values: check failed: adf_sball_equal_set(x, y) | "{p=2: 0 + O(2^1); p=5: 0 + O(5^3); p=7: 0 + O(7^3); p=65537: 21936 + O(65537^1); p=18446744073709551557: 170141183460469230643329403367020562126 + O(18446744073709551557^2)}": the round trip changed the set
FAIL tests/test_text_local.c:1225: round_trips_of_generated_values: check failed: adf_lball_identical(&x->loc[k], &y->loc[k]) | "{p=2: 0 + O(2^1); p=5: 0 + O(5^2)}": the component 0
FAIL tests/test_text_local.c:1225: round_trips_of_generated_values: check failed: adf_lball_identical(&x->loc[k], &y->loc[k]) | "{p=2: 0 + O(2^1); p=5: 0 + O(5^2)}": the component 1
FAIL tests/test_text_local.c:1232: round_trips_of_generated_values: check failed: adf_sball_equal_set(x, y) | "{p=2: 0 + O(2^1); p=5: 0 + O(5^2)}": the round trip changed the set
FAIL tests/test_text_local.c:1225: round_trips_of_generated_values: check failed: adf_lball_identical(&x->loc[k], &y->loc[k]) | "{inf: 18; p=2: 0 + O(2^2); p=5: 2957/5 + O(5^4); p=7: 1951 + O(7^4); p=65537: 604509028074895219785718 + O(65537^5)}": the component 0
FAIL tests/test_text_local.c:1232: round_trips_of_generated_values: check failed: adf_sball_equal_set(x, y) | "{inf: 18; p=2: 0 + O(2^2); p=5: 2957/5 + O(5^4); p=7: 1951 + O(7^4); p=65537: 604509028074895219785718 + O(65537^5)}": the round trip changed the set
FAIL tests/test_text_local.c:1225: round_trips_of_generated_values: check failed: adf_lball_identical(&x->loc[k], &y->loc[k]) | "{p=5: 0 + O(5^1); p=18446744073709551557: 38597363079105397980724991819143751565053732099784007527016115158911951937954 + O(18446744073709551557^4)}": the component 0
FAIL tests/test_text_local.c:1232: round_trips_of_generated_values: check failed: adf_sball_equal_set(x, y) | "{p=5: 0 + O(5^1); p=18446744073709551557: 38597363079105397980724991819143751565053732099784007527016115158911951937954 + O(18446744073709551557^4)}": the round trip changed the set
FAIL tests/test_text_local.c:1225: round_trips_of_generated_values: check failed: adf_lball_identical(&x->loc[k], &y->loc[k]) | "{p=3: 238 + O(3^5); p=5: 0 + O(5^1)}": the component 1
FAIL tests/test_text_local.c:1232: round_trips_of_generated_values: check failed: adf_sball_equal_set(x, y) | "{p=3: 238 + O(3^5); p=5: 0 + O(5^1)}": the round trip changed the set
FAIL tests/test_text_local.c:1225: round_trips_of_generated_values: check failed: adf_lball_identical(&x->loc[k], &y->loc[k]) | "{p=2: 1/4 + O(2^1); p=3: 0 + O(3^3); p=7: 0 + O(7^3); p=65537: 0 + O(65537^1); p=18446744073709551557: 9223372036854775883 + O(18446744073709551557^1)}": the component 1
FAIL tests/test_text_local.c:1225: round_trips_of_generated_values: check failed: adf_lball_identical(&x->loc[k], &y->loc[k]) | "{p=2: 1/4 + O(2^1); p=3: 0 + O(3^3); p=7: 0 + O(7^3); p=65537: 0 + O(65537^1); p=18446744073709551557: 9223372036854775883 + O(18446744073709551557^1)}": the component 2
FAIL tests/test_text_local.c:1225: round_trips_of_generated_values: check failed: adf_lball_identical(&x->loc[k], &y->loc[k]) | "{p=2: 1/4 + O(2^1); p=3: 0 + O(3^3); p=7: 0 + O(7^3); p=65537: 0 + O(65537^1); p=18446744073709551557: 9223372036854775883 + O(18446744073709551557^1)}": the component 3
FAIL tests/test_text_local.c:1232: round_trips_of_generated_values: check failed: adf_sball_equal_set(x, y) | "{p=2: 1/4 + O(2^1); p=3: 0 + O(3^3); p=7: 0 + O(7^3); p=65537: 0 + O(65537^1); p=18446744073709551557: 9223372036854775883 + O(18446744073709551557^1)}": the round trip changed the set
FAIL tests/test_text_local.c:1225: round_trips_of_generated_values: check failed: adf_lball_identical(&x->loc[k], &y->loc[k]) | "{inf: 7.5625; p=3: 0 + O(3^1); p=7: 0 + O(7^2); p=18446744073709551557: 0 + O(18446744073709551557^3)}": the component 0
FAIL tests/test_text_local.c:1225: round_trips_of_generated_values: check failed: adf_lball_identical(&x->loc[k], &y->loc[k]) | "{inf: 7.5625; p=3: 0 + O(3^1); p=7: 0 + O(7^2); p=18446744073709551557: 0 + O(18446744073709551557^3)}": the component 1
FAIL tests/test_text_local.c:1225: round_trips_of_generated_values: check failed: adf_lball_identical(&x->loc[k], &y->loc[k]) | "{inf: 7.5625; p=3: 0 + O(3^1); p=7: 0 + O(7^2); p=18446744073709551557: 0 + O(18446744073709551557^3)}": the component 2
FAIL tests/test_text_local.c:1232: round_trips_of_generated_values: check failed: adf_sball_equal_set(x, y) | "{inf: 7.5625; p=3: 0 + O(3^1); p=7: 0 + O(7^2); p=18446744073709551557: 0 + O(18446744073709551557^3)}": the round trip changed the set
FAIL tests/test_text_local.c:1225: round_trips_of_generated_values: check failed: adf_lball_identical(&x->loc[k], &y->loc[k]) | "{inf: 41.5; p=2: 5/2 + O(2^2); p=5: 1 + O(5^1); p=65537: 906763542112342829678545 + O(65537^5); p=18446744073709551557: 0 + O(18446744073709551557^2)}": the component 3
FAIL tests/test_text_local.c:1232: round_trips_of_generated_values: check failed: adf_sball_equal_set(x, y) | "{inf: 41.5; p=2: 5/2 + O(2^2); p=5: 1 + O(5^1); p=65537: 906763542112342829678545 + O(65537^5); p=18446744073709551557: 0 + O(18446744073709551557^2)}": the round trip changed the set
FAIL tests/test_text_local.c:1225: round_trips_of_generated_values: check failed: adf_lball_identical(&x->loc[k], &y->loc[k]) | "{p=5: 0 + O(5^3); p=7: 0 + O(7^2); p=65537: 0 + O(65537^3)}": the component 0
FAIL tests/test_text_local.c:1225: round_trips_of_generated_values: check failed: adf_lball_identical(&x->loc[k], &y->loc[k]) | "{p=5: 0 + O(5^3); p=7: 0 + O(7^2); p=65537: 0 + O(65537^3)}": the component 1
FAIL tests/test_text_local.c:1225: round_trips_of_generated_values: check failed: adf_lball_identical(&x->loc[k], &y->loc[k]) | "{p=5: 0 + O(5^3); p=7: 0 + O(7^2); p=65537: 0 + O(65537^3)}": the component 2
FAIL tests/test_text_local.c:1232: round_trips_of_generated_values: check failed: adf_sball_equal_set(x, y) | "{p=5: 0 + O(5^3); p=7: 0 + O(7^2); p=65537: 0 + O(65537^3)}": the round trip changed the set
FAIL tests/test_text_local.c:1225: round_trips_of_generated_values: check failed: adf_lball_identical(&x->loc[k], &y->loc[k]) | "{inf: 2.90625; p=3: 0 + O(3^2); p=65537: 251 + O(65537^2)}": the component 0
FAIL tests/test_text_local.c:1232: round_trips_of_generated_values: check failed: adf_sball_equal_set(x, y) | "{inf: 2.90625; p=3: 0 + O(3^2); p=65537: 251 + O(65537^2)}": the round trip changed the set
FAIL tests/test_text_local.c:1225: round_trips_of_generated_values: check failed: adf_lball_identical(&x->loc[k], &y->loc[k]) | "{inf: -79; p=2: 0 + O(2^3); p=3: 0 + O(3^1); p=7: 39 + O(7^2); p=65537: 65442 + O(65537^1); p=18446744073709551557: 2135987035920910048236355381161274683155175353604076643487703594762915519848797370936624911949513 + O(18446744073709551557^5)}": the component 0
FAIL tests/test_text_local.c:1225: round_trips_of_generated_values: check failed: adf_lball_identical(&x->loc[k], &y->loc[k]) | "{inf: -79; p=2: 0 + O(2^3); p=3: 0 + O(3^1); p=7: 39 + O(7^2); p=65537: 65442 + O(65537^1); p=18446744073709551557: 2135987035920910048236355381161274683155175353604076643487703594762915519848797370936624911949513 + O(18446744073709551557^5)}": the component 1
FAIL tests/test_text_local.c:1232: round_trips_of_generated_values: check failed: adf_sball_equal_set(x, y) | "{inf: -79; p=2: 0 + O(2^3); p=3: 0 + O(3^1); p=7: 39 + O(7^2); p=65537: 65442 + O(65537^1); p=18446744073709551557: 2135987035920910048236355381161274683155175353604076643487703594762915519848797370936624911949513 + O(18446744073709551557^5)}": the round trip changed the set
FAIL tests/test_text_local.c:1225: round_trips_of_generated_values: check failed: adf_lball_identical(&x->loc[k], &y->loc[k]) | "{p=3: 20 + O(3^3); p=5: 0 + O(5^1); p=7: 0 + O(7^2); p=65537: 0 + O(65537^0); p=18446744073709551557: 0 + O(18446744073709551557^2)}": the component 1
FAIL tests/test_text_local.c:1225: round_trips_of_generated_values: check failed: adf_lball_identical(&x->loc[k], &y->loc[k]) | "{p=3: 20 + O(3^3); p=5: 0 + O(5^1); p=7: 0 + O(7^2); p=65537: 0 + O(65537^0); p=18446744073709551557: 0 + O(18446744073709551557^2)}": the component 2
FAIL tests/test_text_local.c:1225: round_trips_of_generated_values: check failed: adf_lball_identical(&x->loc[k], &y->loc[k]) | "{p=3: 20 + O(3^3); p=5: 0 + O(5^1); p=7: 0 + O(7^2); p=65537: 0 + O(65537^0); p=18446744073709551557: 0 + O(18446744073709551557^2)}": the component 4
FAIL tests/test_text_local.c:1232: round_trips_of_generated_values: check failed: adf_sball_equal_set(x, y) | "{p=3: 20 + O(3^3); p=5: 0 + O(5^1); p=7: 0 + O(7^2); p=65537: 0 + O(65537^0); p=18446744073709551557: 0 + O(18446744073709551557^2)}": the round trip changed the set
FAIL tests/test_text_local.c:1225: round_trips_of_generated_values: check failed: adf_lball_identical(&x->loc[k], &y->loc[k]) | "{inf: -3.75; p=5: 4 + O(5^1); p=7: 2330 + O(7^4); p=65537: 0 + O(65537^1)}": the component 2
FAIL tests/test_text_local.c:1232: round_trips_of_generated_values: check failed: adf_sball_equal_set(x, y) | "{inf: -3.75; p=5: 4 + O(5^1); p=7: 2330 + O(7^4); p=65537: 0 + O(65537^1)}": the round trip changed the set
FAIL tests/test_text_local.c:1225: round_trips_of_generated_values: check failed: adf_lball_identical(&x->loc[k], &y->loc[k]) | "{inf: 0.203125; p=3: 0 + O(3^1)}": the component 0
FAIL tests/test_text_local.c:1232: round_trips_of_generated_values: check failed: adf_sball_equal_set(x, y) | "{inf: 0.203125; p=3: 0 + O(3^1)}": the round trip changed the set
FAIL tests/test_text_local.c:1225: round_trips_of_generated_values: check failed: adf_lball_identical(&x->loc[k], &y->loc[k]) | "{inf: -5.5; p=2: 8 + O(2^4); p=7: 6 + O(7^2); p=18446744073709551557: 0 + O(18446744073709551557^2)}": the component 2
FAIL tests/test_text_local.c:1232: round_trips_of_generated_values: check failed: adf_sball_equal_set(x, y) | "{inf: -5.5; p=2: 8 + O(2^4); p=7: 6 + O(7^2); p=18446744073709551557: 0 + O(18446744073709551557^2)}": the round trip changed the set
FAIL tests/test_text_local.c:1225: round_trips_of_generated_values: check failed: adf_lball_identical(&x->loc[k], &y->loc[k]) | "{inf: 1552; p=7: 0 + O(7^2)}": the component 0
FAIL tests/test_text_local.c:1232: round_trips_of_generated_values: check failed: adf_sball_equal_set(x, y) | "{inf: 1552; p=7: 0 + O(7^2)}": the round trip changed the set
FAIL tests/test_text_local.c:1225: round_trips_of_generated_values: check failed: adf_lball_identical(&x->loc[k], &y->loc[k]) | "{inf: 0.71875; p=2: 6 + O(2^4); p=5: 0 + O(5^3)}": the component 1
FAIL tests/test_text_local.c:1232: round_trips_of_generated_values: check failed: adf_sball_equal_set(x, y) | "{inf: 0.71875; p=2: 6 + O(2^4); p=5: 0 + O(5^3)}": the round trip changed the set
FAIL tests/test_text_local.c:1225: round_trips_of_generated_values: check failed: adf_lball_identical(&x->loc[k], &y->loc[k]) | "{p=7: 0 + O(7^3)}": the component 0
FAIL tests/test_text_local.c:1232: round_trips_of_generated_values: check failed: adf_sball_equal_set(x, y) | "{p=7: 0 + O(7^3)}": the round trip changed the set
FAIL tests/test_text_local.c:1225: round_trips_of_generated_values: check failed: adf_lball_identical(&x->loc[k], &y->loc[k]) | "{inf: -5.5; p=7: 0 + O(7^3); p=18446744073709551557: 0 + O(18446744073709551557^2)}": the component 0
FAIL tests/test_text_local.c:1225: round_trips_of_generated_values: check failed: adf_lball_identical(&x->loc[k], &y->loc[k]) | "{inf: -5.5; p=7: 0 + O(7^3); p=18446744073709551557: 0 + O(18446744073709551557^2)}": the component 1
FAIL tests/test_text_local.c:1232: round_trips_of_generated_values: check failed: adf_sball_equal_set(x, y) | "{inf: -5.5; p=7: 0 + O(7^3); p=18446744073709551557: 0 + O(18446744073709551557^2)}": the round trip changed the set
FAIL tests/test_text_local.c:1225: round_trips_of_generated_values: check failed: adf_lball_identical(&x->loc[k], &y->loc[k]) | "{p=2: 0 + O(2^3); p=5: 0 + O(5^2); p=7: 0 + O(7^1); p=65537: 0 + O(65537^3); p=18446744073709551557: 115792089237316193942174975457431254695161196299352022581048345476735855813980 + O(18446744073709551557^4)}": the component 0
FAIL tests/test_text_local.c:1225: round_trips_of_generated_values: check failed: adf_lball_identical(&x->loc[k], &y->loc[k]) | "{p=2: 0 + O(2^3); p=5: 0 + O(5^2); p=7: 0 + O(7^1); p=65537: 0 + O(65537^3); p=18446744073709551557: 115792089237316193942174975457431254695161196299352022581048345476735855813980 + O(18446744073709551557^4)}": the component 1
FAIL tests/test_text_local.c:1225: round_trips_of_generated_values: check failed: adf_lball_identical(&x->loc[k], &y->loc[k]) | "{p=2: 0 + O(2^3); p=5: 0 + O(5^2); p=7: 0 + O(7^1); p=65537: 0 + O(65537^3); p=18446744073709551557: 115792089237316193942174975457431254695161196299352022581048345476735855813980 + O(18446744073709551557^4)}": the component 2
FAIL tests/test_text_local.c:1225: round_trips_of_generated_values: check failed: adf_lball_identical(&x->loc[k], &y->loc[k]) | "{p=2: 0 + O(2^3); p=5: 0 + O(5^2); p=7: 0 + O(7^1); p=65537: 0 + O(65537^3); p=18446744073709551557: 115792089237316193942174975457431254695161196299352022581048345476735855813980 + O(18446744073709551557^4)}": the component 3
FAIL tests/test_text_local.c:1232: round_trips_of_generated_values: check failed: adf_sball_equal_set(x, y) | "{p=2: 0 + O(2^3); p=5: 0 + O(5^2); p=7: 0 + O(7^1); p=65537: 0 + O(65537^3); p=18446744073709551557: 115792089237316193942174975457431254695161196299352022581048345476735855813980 + O(18446744073709551557^4)}": the round trip changed the set
FAIL tests/test_text_local.c:1225: round_trips_of_generated_values: check failed: adf_lball_identical(&x->loc[k], &y->loc[k]) | "{p=2: 2 + O(2^2); p=3: 197/3 + O(3^4); p=5: 13 + O(5^2); p=7: 0 + O(7^1); p=18446744073709551557: 0 + O(18446744073709551557^1)}": the component 3
FAIL tests/test_text_local.c:1225: round_trips_of_generated_values: check failed: adf_lball_identical(&x->loc[k], &y->loc[k]) | "{p=2: 2 + O(2^2); p=3: 197/3 + O(3^4); p=5: 13 + O(5^2); p=7: 0 + O(7^1); p=18446744073709551557: 0 + O(18446744073709551557^1)}": the component 4
FAIL tests/test_text_local.c:1232: round_trips_of_generated_values: check failed: adf_sball_equal_set(x, y) | "{p=2: 2 + O(2^2); p=3: 197/3 + O(3^4); p=5: 13 + O(5^2); p=7: 0 + O(7^1); p=18446744073709551557: 0 + O(18446744073709551557^1)}": the round trip changed the set
FAIL tests/test_text_local.c:1225: round_trips_of_generated_values: check failed: adf_lball_identical(&x->loc[k], &y->loc[k]) | "{inf: -238; p=18446744073709551557: 0 + O(18446744073709551557^1)}": the component 0
FAIL tests/test_text_local.c:1232: round_trips_of_generated_values: check failed: adf_sball_equal_set(x, y) | "{inf: -238; p=18446744073709551557: 0 + O(18446744073709551557^1)}": the round trip changed the set
FAIL tests/test_text_local.c:1225: round_trips_of_generated_values: check failed: adf_lball_identical(&x->loc[k], &y->loc[k]) | "{p=65537: 0 + O(65537^2)}": the component 0
FAIL tests/test_text_local.c:1232: round_trips_of_generated_values: check failed: adf_sball_equal_set(x, y) | "{p=65537: 0 + O(65537^2)}": the round trip changed the set
FAIL tests/test_text_local.c:1225: round_trips_of_generated_values: check failed: adf_lball_identical(&x->loc[k], &y->loc[k]) | "{inf: -1.75; p=2: 0 + O(2^3); p=5: 0 + O(5^0); p=7: 274 + O(7^3); p=65537: 65501 + O(65537^1)}": the component 0
FAIL tests/test_text_local.c:1232: round_trips_of_generated_values: check failed: adf_sball_equal_set(x, y) | "{inf: -1.75; p=2: 0 + O(2^3); p=5: 0 + O(5^0); p=7: 274 + O(7^3); p=65537: 65501 + O(65537^1)}": the round trip changed the set
FAIL tests/test_text_local.c:1225: round_trips_of_generated_values: check failed: adf_lball_identical(&x->loc[k], &y->loc[k]) | "{inf: -1.3828125; p=2: 0 + O(2^2); p=3: 1 + O(3^2); p=5: 418/5 + O(5^3); p=7: 0 + O(7^1); p=65537: 0 + O(65537^0)}": the component 0
FAIL tests/test_text_local.c:1225: round_trips_of_generated_values: check failed: adf_lball_identical(&x->loc[k], &y->loc[k]) | "{inf: -1.3828125; p=2: 0 + O(2^2); p=3: 1 + O(3^2); p=5: 418/5 + O(5^3); p=7: 0 + O(7^1); p=65537: 0 + O(65537^0)}": the component 3
FAIL tests/test_text_local.c:1232: round_trips_of_generated_values: check failed: adf_sball_equal_set(x, y) | "{inf: -1.3828125; p=2: 0 + O(2^2); p=3: 1 + O(3^2); p=5: 418/5 + O(5^3); p=7: 0 + O(7^1); p=65537: 0 + O(65537^0)}": the round trip changed the set
FAIL tests/test_text_local.c:1225: round_trips_of_generated_values: check failed: adf_lball_identical(&x->loc[k], &y->loc[k]) | "{inf: 4832; p=2: 1/4 + O(2^1); p=5: 0 + O(5^1); p=7: 0 + O(7^1); p=65537: 65484 + O(65537^1)}": the component 0
FAIL tests/test_text_local.c:1232: round_trips_of_generated_values: check failed: adf_sball_equal_set(x, y) | "{inf: 4832; p=2: 1/4 + O(2^1); p=5: 0 + O(5^1); p=7: 0 + O(7^1); p=65537: 65484 + O(65537^1)}": the round trip changed the set
FAIL tests/test_text_local.c:1225: round_trips_of_generated_values: check failed: adf_lball_identical(&x->loc[k], &y->loc[k]) | "{inf: 0.0546875; p=2: 0 + O(2^3); p=3: 6 + O(3^2); p=5: 0 + O(5^1); p=7: 1269 + O(7^4); p=65537: 2863398927 + O(65537^2)}": the component 2
FAIL tests/test_text_local.c:1232: round_trips_of_generated_values: check failed: adf_sball_equal_set(x, y) | "{inf: 0.0546875; p=2: 0 + O(2^3); p=3: 6 + O(3^2); p=5: 0 + O(5^1); p=7: 1269 + O(7^4); p=65537: 2863398927 + O(65537^2)}": the round trip changed the set
FAIL tests/test_text_local.c:1225: round_trips_of_generated_values: check failed: adf_lball_identical(&x->loc[k], &y->loc[k]) | "{p=5: 0 + O(5^2)}": the component 0
FAIL tests/test_text_local.c:1232: round_trips_of_generated_values: check failed: adf_sball_equal_set(x, y) | "{p=5: 0 + O(5^2)}": the round trip changed the set
FAIL tests/test_text_local.c:1225: round_trips_of_generated_values: check failed: adf_lball_identical(&x->loc[k], &y->loc[k]) | "{p=3: 0 + O(3^1); p=5: 21 + O(5^2); p=18446744073709551557: 711995678640303349412118460387091561051725117868025547829234531587638506616265790312208303983218 + O(18446744073709551557^5)}": the component 0
FAIL tests/test_text_local.c:1232: round_trips_of_generated_values: check failed: adf_sball_equal_set(x, y) | "{p=3: 0 + O(3^1); p=5: 21 + O(5^2); p=18446744073709551557: 711995678640303349412118460387091561051725117868025547829234531587638506616265790312208303983218 + O(18446744073709551557^5)}": the round trip changed the set
FAIL tests/test_text_local.c:1225: round_trips_of_generated_values: check failed: adf_lball_identical(&x->loc[k], &y->loc[k]) | "{inf: 0.24609375; p=3: 0 + O(3^2); p=5: 0 + O(5^0); p=65537: 3074644999897743392 + O(65537^4); p=18446744073709551557: 0 + O(18446744073709551557^3)}": the component 0
FAIL tests/test_text_local.c:1225: round_trips_of_generated_values: check failed: adf_lball_identical(&x->loc[k], &y->loc[k]) | "{inf: 0.24609375; p=3: 0 + O(3^2); p=5: 0 + O(5^0); p=65537: 3074644999897743392 + O(65537^4); p=18446744073709551557: 0 + O(18446744073709551557^3)}": the component 3
FAIL tests/test_text_local.c:1232: round_trips_of_generated_values: check failed: adf_sball_equal_set(x, y) | "{inf: 0.24609375; p=3: 0 + O(3^2); p=5: 0 + O(5^0); p=65537: 3074644999897743392 + O(65537^4); p=18446744073709551557: 0 + O(18446744073709551557^3)}": the round trip changed the set
FAIL tests/test_text_local.c:1225: round_trips_of_generated_values: check failed: adf_lball_identical(&x->loc[k], &y->loc[k]) | "{inf: -5.9375; p=5: 0 + O(5^1); p=7: 0 + O(7^0); p=65537: 112595144723697 + O(65537^3); p=18446744073709551557: 23158417847463238788434995091486250939032239259870404516209669095347171162790 + O(18446744073709551557^4)}": the component 0
FAIL tests/test_text_local.c:1232: round_trips_of_generated_values: check failed: adf_sball_equal_set(x, y) | "{inf: -5.9375; p=5: 0 + O(5^1); p=7: 0 + O(7^0); p=65537: 112595144723697 + O(65537^3); p=18446744073709551557: 23158417847463238788434995091486250939032239259870404516209669095347171162790 + O(18446744073709551557^4)}": the round trip changed the set
FAIL tests/test_text_local.c:1225: round_trips_of_generated_values: check failed: adf_lball_identical(&x->loc[k], &y->loc[k]) | "{inf: 10.875; p=2: 1/2 + O(2^1); p=3: 0 + O(3^0); p=7: 0 + O(7^3); p=65537: 31 + O(65537^3); p=18446744073709551557: 0 + O(18446744073709551557^0)}": the component 2
FAIL tests/test_text_local.c:1232: round_trips_of_generated_values: check failed: adf_sball_equal_set(x, y) | "{inf: 10.875; p=2: 1/2 + O(2^1); p=3: 0 + O(3^0); p=7: 0 + O(7^3); p=65537: 31 + O(65537^3); p=18446744073709551557: 0 + O(18446744073709551557^0)}": the round trip changed the set
FAIL tests/test_text_local.c:1225: round_trips_of_generated_values: check failed: adf_lball_identical(&x->loc[k], &y->loc[k]) | "{inf: -2048; p=2: 0 + O(2^3); p=5: 0 + O(5^1); p=7: 22 + O(7^2); p=65537: 140743930904601 + O(65537^3)}": the component 0
FAIL tests/test_text_local.c:1225: round_trips_of_generated_values: check failed: adf_lball_identical(&x->loc[k], &y->loc[k]) | "{inf: -2048; p=2: 0 + O(2^3); p=5: 0 + O(5^1); p=7: 22 + O(7^2); p=65537: 140743930904601 + O(65537^3)}": the component 1
FAIL tests/test_text_local.c:1232: round_trips_of_generated_values: check failed: adf_sball_equal_set(x, y) | "{inf: -2048; p=2: 0 + O(2^3); p=5: 0 + O(5^1); p=7: 22 + O(7^2); p=65537: 140743930904601 + O(65537^3)}": the round trip changed the set
FAIL tests/test_text_local.c:1225: round_trips_of_generated_values: check failed: adf_lball_identical(&x->loc[k], &y->loc[k]) | "{inf: 1296; p=2: 0 + O(2^1)}": the component 0
FAIL tests/test_text_local.c:1232: round_trips_of_generated_values: check failed: adf_sball_equal_set(x, y) | "{inf: 1296; p=2: 0 + O(2^1)}": the round trip changed the set
FAIL tests/test_text_local.c:1225: round_trips_of_generated_values: check failed: adf_lball_identical(&x->loc[k], &y->loc[k]) | "{inf: -676; p=2: 0 + O(2^3); p=3: 0 + O(3^1); p=5: 0 + O(5^0); p=65537: 0 + O(65537^0)}": the component 0
FAIL tests/test_text_local.c:1225: round_trips_of_generated_values: check failed: adf_lball_identical(&x->loc[k], &y->loc[k]) | "{inf: -676; p=2: 0 + O(2^3); p=3: 0 + O(3^1); p=5: 0 + O(5^0); p=65537: 0 + O(65537^0)}": the component 1
FAIL tests/test_text_local.c:1232: round_trips_of_generated_values: check failed: adf_sball_equal_set(x, y) | "{inf: -676; p=2: 0 + O(2^3); p=3: 0 + O(3^1); p=5: 0 + O(5^0); p=65537: 0 + O(65537^0)}": the round trip changed the set
FAIL tests/test_text_local.c:1225: round_trips_of_generated_values: check failed: adf_lball_identical(&x->loc[k], &y->loc[k]) | "{p=7: 0 + O(7^2); p=18446744073709551557: 0 + O(18446744073709551557^1)}": the component 0
FAIL tests/test_text_local.c:1225: round_trips_of_generated_values: check failed: adf_lball_identical(&x->loc[k], &y->loc[k]) | "{p=7: 0 + O(7^2); p=18446744073709551557: 0 + O(18446744073709551557^1)}": the component 1
FAIL tests/test_text_local.c:1232: round_trips_of_generated_values: check failed: adf_sball_equal_set(x, y) | "{p=7: 0 + O(7^2); p=18446744073709551557: 0 + O(18446744073709551557^1)}": the round trip changed the set
FAIL tests/test_text_local.c:1225: round_trips_of_generated_values: check failed: adf_lball_identical(&x->loc[k], &y->loc[k]) | "{inf: 3360; p=2: 8 + O(2^5); p=3: 0 + O(3^3); p=5: 3 + O(5^1); p=7: 0 + O(7^0); p=65537: 0 + O(65537^2)}": the component 1
FAIL tests/test_text_local.c:1225: round_trips_of_generated_values: check failed: adf_lball_identical(&x->loc[k], &y->loc[k]) | "{inf: 3360; p=2: 8 + O(2^5); p=3: 0 + O(3^3); p=5: 3 + O(5^1); p=7: 0 + O(7^0); p=65537: 0 + O(65537^2)}": the component 4
FAIL tests/test_text_local.c:1232: round_trips_of_generated_values: check failed: adf_sball_equal_set(x, y) | "{inf: 3360; p=2: 8 + O(2^5); p=3: 0 + O(3^3); p=5: 3 + O(5^1); p=7: 0 + O(7^0); p=65537: 0 + O(65537^2)}": the round trip changed the set
FAIL tests/test_text_local.c:1225: round_trips_of_generated_values: check failed: adf_lball_identical(&x->loc[k], &y->loc[k]) | "{p=65537: 0 + O(65537^3)}": the component 0
FAIL tests/test_text_local.c:1232: round_trips_of_generated_values: check failed: adf_sball_equal_set(x, y) | "{p=65537: 0 + O(65537^3)}": the round trip changed the set
FAIL tests/test_text_local.c:1225: round_trips_of_generated_values: check failed: adf_lball_identical(&x->loc[k], &y->loc[k]) | "{p=2: 1 + O(2^5); p=5: 340 + O(5^4); p=65537: 0 + O(65537^1)}": the component 2
FAIL tests/test_text_local.c:1232: round_trips_of_generated_values: check failed: adf_sball_equal_set(x, y) | "{p=2: 1 + O(2^5); p=5: 340 + O(5^4); p=65537: 0 + O(65537^1)}": the round trip changed the set
FAIL tests/test_text_local.c:1225: round_trips_of_generated_values: check failed: adf_lball_identical(&x->loc[k], &y->loc[k]) | "{inf: 22.5; p=65537: 0 + O(65537^2); p=18446744073709551557: 115792089237316193942174975457431254695161196299352022581048345476735855813928 + O(18446744073709551557^4)}": the component 0
FAIL tests/test_text_local.c:1232: round_trips_of_generated_values: check failed: adf_sball_equal_set(x, y) | "{inf: 22.5; p=65537: 0 + O(65537^2); p=18446744073709551557: 115792089237316193942174975457431254695161196299352022581048345476735855813928 + O(18446744073709551557^4)}": the round trip changed the set
FAIL tests/test_text_local.c:1225: round_trips_of_generated_values: check failed: adf_lball_identical(&x->loc[k], &y->loc[k]) | "{inf: 2816; p=2: 0 + O(2^3); p=5: 0 + O(5^2); p=7: 0 + O(7^1); p=65537: 0 + O(65537^1)}": the component 0
FAIL tests/test_text_local.c:1225: round_trips_of_generated_values: check failed: adf_lball_identical(&x->loc[k], &y->loc[k]) | "{inf: 2816; p=2: 0 + O(2^3); p=5: 0 + O(5^2); p=7: 0 + O(7^1); p=65537: 0 + O(65537^1)}": the component 1
FAIL tests/test_text_local.c:1225: round_trips_of_generated_values: check failed: adf_lball_identical(&x->loc[k], &y->loc[k]) | "{inf: 2816; p=2: 0 + O(2^3); p=5: 0 + O(5^2); p=7: 0 + O(7^1); p=65537: 0 + O(65537^1)}": the component 2
FAIL tests/test_text_local.c:1225: round_trips_of_generated_values: check failed: adf_lball_identical(&x->loc[k], &y->loc[k]) | "{inf: 2816; p=2: 0 + O(2^3); p=5: 0 + O(5^2); p=7: 0 + O(7^1); p=65537: 0 + O(65537^1)}": the component 3
FAIL tests/test_text_local.c:1232: round_trips_of_generated_values: check failed: adf_sball_equal_set(x, y) | "{inf: 2816; p=2: 0 + O(2^3); p=5: 0 + O(5^2); p=7: 0 + O(7^1); p=65537: 0 + O(65537^1)}": the round trip changed the set
FAIL tests/test_text_local.c:1225: round_trips_of_generated_values: check failed: adf_lball_identical(&x->loc[k], &y->loc[k]) | "{p=2: 0 + O(2^4); p=3: 0 + O(3^1); p=5: 0 + O(5^1); p=7: 21 + O(7^5); p=18446744073709551557: 6148914691236517259 + O(18446744073709551557^1)}": the component 1
FAIL tests/test_text_local.c:1225: round_trips_of_generated_values: check failed: adf_lball_identical(&x->loc[k], &y->loc[k]) | "{p=2: 0 + O(2^4); p=3: 0 + O(3^1); p=5: 0 + O(5^1); p=7: 21 + O(7^5); p=18446744073709551557: 6148914691236517259 + O(18446744073709551557^1)}": the component 2
FAIL tests/test_text_local.c:1232: round_trips_of_generated_values: check failed: adf_sball_equal_set(x, y) | "{p=2: 0 + O(2^4); p=3: 0 + O(3^1); p=5: 0 + O(5^1); p=7: 21 + O(7^5); p=18446744073709551557: 6148914691236517259 + O(18446744073709551557^1)}": the round trip changed the set
FAIL tests/test_text_local.c:1225: round_trips_of_generated_values: check failed: adf_lball_identical(&x->loc[k], &y->loc[k]) | "{p=3: 0 + O(3^0); p=5: 117 + O(5^3); p=18446744073709551557: 0 + O(18446744073709551557^2)}": the component 2
FAIL tests/test_text_local.c:1232: round_trips_of_generated_values: check failed: adf_sball_equal_set(x, y) | "{p=3: 0 + O(3^0); p=5: 117 + O(5^3); p=18446744073709551557: 0 + O(18446744073709551557^2)}": the round trip changed the set
FAIL tests/test_text_local.c:1225: round_trips_of_generated_values: check failed: adf_lball_identical(&x->loc[k], &y->loc[k]) | "{inf: -0.70703125; p=2: 0 + O(2^0); p=7: 0 + O(7^2); p=65537: 241 + O(65537^1)}": the component 1
FAIL tests/test_text_local.c:1232: round_trips_of_generated_values: check failed: adf_sball_equal_set(x, y) | "{inf: -0.70703125; p=2: 0 + O(2^0); p=7: 0 + O(7^2); p=65537: 241 + O(65537^1)}": the round trip changed the set
FAIL tests/test_text_local.c:1225: round_trips_of_generated_values: check failed: adf_lball_identical(&x->loc[k], &y->loc[k]) | "{inf: 2.34375; p=7: 0 + O(7^1); p=18446744073709551557: 0 + O(18446744073709551557^2)}": the component 0
FAIL tests/test_text_local.c:1225: round_trips_of_generated_values: check failed: adf_lball_identical(&x->loc[k], &y->loc[k]) | "{inf: 2.34375; p=7: 0 + O(7^1); p=18446744073709551557: 0 + O(18446744073709551557^2)}": the component 1
FAIL tests/test_text_local.c:1232: round_trips_of_generated_values: check failed: adf_sball_equal_set(x, y) | "{inf: 2.34375; p=7: 0 + O(7^1); p=18446744073709551557: 0 + O(18446744073709551557^2)}": the round trip changed the set
FAIL tests/test_text_local.c:1225: round_trips_of_generated_values: check failed: adf_lball_identical(&x->loc[k], &y->loc[k]) | "{inf: 2592; p=2: 0 + O(2^0); p=3: 52 + O(3^4); p=5: 0 + O(5^3); p=7: 781 + O(7^4); p=65537: 32889 + O(65537^1)}": the component 2
FAIL tests/test_text_local.c:1232: round_trips_of_generated_values: check failed: adf_sball_equal_set(x, y) | "{inf: 2592; p=2: 0 + O(2^0); p=3: 52 + O(3^4); p=5: 0 + O(5^3); p=7: 781 + O(7^4); p=65537: 32889 + O(65537^1)}": the round trip changed the set
FAIL tests/test_text_local.c:1225: round_trips_of_generated_values: check failed: adf_lball_identical(&x->loc[k], &y->loc[k]) | "{p=3: 0 + O(3^2); p=7: 0 + O(7^1); p=65537: 0 + O(65537^0)}": the component 0
FAIL tests/test_text_local.c:1225: round_trips_of_generated_values: check failed: adf_lball_identical(&x->loc[k], &y->loc[k]) | "{p=3: 0 + O(3^2); p=7: 0 + O(7^1); p=65537: 0 + O(65537^0)}": the component 1
FAIL tests/test_text_local.c:1232: round_trips_of_generated_values: check failed: adf_sball_equal_set(x, y) | "{p=3: 0 + O(3^2); p=7: 0 + O(7^1); p=65537: 0 + O(65537^0)}": the round trip changed the set
FAIL tests/test_text_local.c:1225: round_trips_of_generated_values: check failed: adf_lball_identical(&x->loc[k], &y->loc[k]) | "{inf: 0.34375; p=18446744073709551557: 0 + O(18446744073709551557^2)}": the component 0
FAIL tests/test_text_local.c:1232: round_trips_of_generated_values: check failed: adf_sball_equal_set(x, y) | "{inf: 0.34375; p=18446744073709551557: 0 + O(18446744073709551557^2)}": the round trip changed the set
FAIL tests/test_text_local.c:1225: round_trips_of_generated_values: check failed: adf_lball_identical(&x->loc[k], &y->loc[k]) | "{inf: -18304; p=2: 0 + O(2^2); p=3: 0 + O(3^0); p=5: 0 + O(5^1); p=7: 2374 + O(7^4)}": the component 0
FAIL tests/test_text_local.c:1225: round_trips_of_generated_values: check failed: adf_lball_identical(&x->loc[k], &y->loc[k]) | "{inf: -18304; p=2: 0 + O(2^2); p=3: 0 + O(3^0); p=5: 0 + O(5^1); p=7: 2374 + O(7^4)}": the component 2
FAIL tests/test_text_local.c:1232: round_trips_of_generated_values: check failed: adf_sball_equal_set(x, y) | "{inf: -18304; p=2: 0 + O(2^2); p=3: 0 + O(3^0); p=5: 0 + O(5^1); p=7: 2374 + O(7^4)}": the round trip changed the set
FAIL tests/test_text_local.c:1225: round_trips_of_generated_values: check failed: adf_lball_identical(&x->loc[k], &y->loc[k]) | "{inf: 696; p=3: 80/3 + O(3^3); p=5: 0 + O(5^0); p=18446744073709551557: 0 + O(18446744073709551557^1)}": the component 2
FAIL tests/test_text_local.c:1232: round_trips_of_generated_values: check failed: adf_sball_equal_set(x, y) | "{inf: 696; p=3: 80/3 + O(3^3); p=5: 0 + O(5^0); p=18446744073709551557: 0 + O(18446744073709551557^1)}": the round trip changed the set
FAIL tests/test_text_local.c:1225: round_trips_of_generated_values: check failed: adf_lball_identical(&x->loc[k], &y->loc[k]) | "{inf: -114; p=2: 0 + O(2^1); p=7: 3 + O(7^2)}": the component 0
FAIL tests/test_text_local.c:1232: round_trips_of_generated_values: check failed: adf_sball_equal_set(x, y) | "{inf: -114; p=2: 0 + O(2^1); p=7: 3 + O(7^2)}": the round trip changed the set
FAIL tests/test_text_local.c:1225: round_trips_of_generated_values: check failed: adf_lball_identical(&x->loc[k], &y->loc[k]) | "{inf: -1088; p=3: 0 + O(3^3); p=5: 0 + O(5^3); p=7: 45 + O(7^2); p=65537: 140743930904711 + O(65537^3)}": the component 0
FAIL tests/test_text_local.c:1225: round_trips_of_generated_values: check failed: adf_lball_identical(&x->loc[k], &y->loc[k]) | "{inf: -1088; p=3: 0 + O(3^3); p=5: 0 + O(5^3); p=7: 45 + O(7^2); p=65537: 140743930904711 + O(65537^3)}": the component 1
FAIL tests/test_text_local.c:1232: round_trips_of_generated_values: check failed: adf_sball_equal_set(x, y) | "{inf: -1088; p=3: 0 + O(3^3); p=5: 0 + O(5^3); p=7: 45 + O(7^2); p=65537: 140743930904711 + O(65537^3)}": the round trip changed the set
FAIL tests/test_text_local.c:1225: round_trips_of_generated_values: check failed: adf_lball_identical(&x->loc[k], &y->loc[k]) | "{p=2: 2 + O(2^2); p=3: 0 + O(3^2); p=5: 2 + O(5^1); p=65537: 43715 + O(65537^1)}": the component 1
FAIL tests/test_text_local.c:1232: round_trips_of_generated_values: check failed: adf_sball_equal_set(x, y) | "{p=2: 2 + O(2^2); p=3: 0 + O(3^2); p=5: 2 + O(5^1); p=65537: 43715 + O(65537^1)}": the round trip changed the set
FAIL tests/test_text_local.c:1225: round_trips_of_generated_values: check failed: adf_lball_identical(&x->loc[k], &y->loc[k]) | "{p=2: 0 + O(2^2); p=3: 0 + O(3^0); p=5: 0 + O(5^3); p=65537: 49165 + O(65537^1)}": the component 0
FAIL tests/test_text_local.c:1225: round_trips_of_generated_values: check failed: adf_lball_identical(&x->loc[k], &y->loc[k]) | "{p=2: 0 + O(2^2); p=3: 0 + O(3^0); p=5: 0 + O(5^3); p=65537: 49165 + O(65537^1)}": the component 2
FAIL tests/test_text_local.c:1232: round_trips_of_generated_values: check failed: adf_sball_equal_set(x, y) | "{p=2: 0 + O(2^2); p=3: 0 + O(3^0); p=5: 0 + O(5^3); p=65537: 49165 + O(65537^1)}": the round trip changed the set
FAIL tests/test_text_local.c:1225: round_trips_of_generated_values: check failed: adf_lball_identical(&x->loc[k], &y->loc[k]) | "{inf: 14464; p=2: 1/2 + O(2^0); p=65537: 0 + O(65537^3)}": the component 1
FAIL tests/test_text_local.c:1232: round_trips_of_generated_values: check failed: adf_sball_equal_set(x, y) | "{inf: 14464; p=2: 1/2 + O(2^0); p=65537: 0 + O(65537^3)}": the round trip changed the set
FAIL tests/test_text_local.c:1225: round_trips_of_generated_values: check failed: adf_lball_identical(&x->loc[k], &y->loc[k]) | "{inf: 1.171875; p=2: 0 + O(2^3); p=7: 3 + O(7^1)}": the component 0
FAIL tests/test_text_local.c:1232: round_trips_of_generated_values: check failed: adf_sball_equal_set(x, y) | "{inf: 1.171875; p=2: 0 + O(2^3); p=7: 3 + O(7^1)}": the round trip changed the set
FAIL tests/test_text_local.c:1225: round_trips_of_generated_values: check failed: adf_lball_identical(&x->loc[k], &y->loc[k]) | "{inf: -0.25; p=2: 0 + O(2^2); p=3: 52/3 + O(3^3); p=18446744073709551557: 340282366920938461286658806734041124118 + O(18446744073709551557^2)}": the component 0
FAIL tests/test_text_local.c:1232: round_trips_of_generated_values: check failed: adf_sball_equal_set(x, y) | "{inf: -0.25; p=2: 0 + O(2^2); p=3: 52/3 + O(3^3); p=18446744073709551557: 340282366920938461286658806734041124118 + O(18446744073709551557^2)}": the round trip changed the set
FAIL tests/test_text_local.c:1225: round_trips_of_generated_values: check failed: adf_lball_identical(&x->loc[k], &y->loc[k]) | "{p=3: 0 + O(3^3); p=5: 0 + O(5^0); p=7: 0 + O(7^0); p=65537: 56297572361838 + O(65537^3); p=18446744073709551557: 6148914691236517223 + O(18446744073709551557^1)}": the component 0
FAIL tests/test_text_local.c:1232: round_trips_of_generated_values: check failed: adf_sball_equal_set(x, y) | "{p=3: 0 + O(3^3); p=5: 0 + O(5^0); p=7: 0 + O(7^0); p=65537: 56297572361838 + O(65537^3); p=18446744073709551557: 6148914691236517223 + O(18446744073709551557^1)}": the round trip changed the set
FAIL tests/test_text_local.c:1225: round_trips_of_generated_values: check failed: adf_lball_identical(&x->loc[k], &y->loc[k]) | "{inf: 334; p=2: 0 + O(2^1); p=5: 0 + O(5^3); p=18446744073709551557: 12297829382473034372 + O(18446744073709551557^1)}": the component 0
FAIL tests/test_text_local.c:1225: round_trips_of_generated_values: check failed: adf_lball_identical(&x->loc[k], &y->loc[k]) | "{inf: 334; p=2: 0 + O(2^1); p=5: 0 + O(5^3); p=18446744073709551557: 12297829382473034372 + O(18446744073709551557^1)}": the component 1
FAIL tests/test_text_local.c:1232: round_trips_of_generated_values: check failed: adf_sball_equal_set(x, y) | "{inf: 334; p=2: 0 + O(2^1); p=5: 0 + O(5^3); p=18446744073709551557: 12297829382473034372 + O(18446744073709551557^1)}": the round trip changed the set
FAIL tests/test_text_local.c:1225: round_trips_of_generated_values: check failed: adf_lball_identical(&x->loc[k], &y->loc[k]) | "{p=2: 27 + O(2^5); p=3: 26 + O(3^3); p=5: 53 + O(5^4); p=18446744073709551557: 0 + O(18446744073709551557^2)}": the component 3
FAIL tests/test_text_local.c:1232: round_trips_of_generated_values: check failed: adf_sball_equal_set(x, y) | "{p=2: 27 + O(2^5); p=3: 26 + O(3^3); p=5: 53 + O(5^4); p=18446744073709551557: 0 + O(18446744073709551557^2)}": the round trip changed the set
FAIL tests/test_text_local.c:1225: round_trips_of_generated_values: check failed: adf_lball_identical(&x->loc[k], &y->loc[k]) | "{inf: 3.25; p=3: 0 + O(3^2); p=5: 0 + O(5^0)}": the component 0
FAIL tests/test_text_local.c:1232: round_trips_of_generated_values: check failed: adf_sball_equal_set(x, y) | "{inf: 3.25; p=3: 0 + O(3^2); p=5: 0 + O(5^0)}": the round trip changed the set
FAIL tests/test_text_local.c:1225: round_trips_of_generated_values: check failed: adf_lball_identical(&x->loc[k], &y->loc[k]) | "{p=2: 1 + O(2^1); p=3: 68 + O(3^5); p=7: 21 + O(7^4); p=18446744073709551557: 0 + O(18446744073709551557^3)}": the component 3
FAIL tests/test_text_local.c:1232: round_trips_of_generated_values: check failed: adf_sball_equal_set(x, y) | "{p=2: 1 + O(2^1); p=3: 68 + O(3^5); p=7: 21 + O(7^4); p=18446744073709551557: 0 + O(18446744073709551557^3)}": the round trip changed the set
FAIL tests/test_text_local.c:1225: round_trips_of_generated_values: check failed: adf_lball_identical(&x->loc[k], &y->loc[k]) | "{inf: -304; p=3: 0 + O(3^1); p=5: 731 + O(5^5); p=18446744073709551557: 113427455640312820428886268911347041380 + O(18446744073709551557^2)}": the component 0
FAIL tests/test_text_local.c:1232: round_trips_of_generated_values: check failed: adf_sball_equal_set(x, y) | "{inf: -304; p=3: 0 + O(3^1); p=5: 731 + O(5^5); p=18446744073709551557: 113427455640312820428886268911347041380 + O(18446744073709551557^2)}": the round trip changed the set
FAIL tests/test_text_local.c:1225: round_trips_of_generated_values: check failed: adf_lball_identical(&x->loc[k], &y->loc[k]) | "{inf: -14.75; p=5: 0 + O(5^2); p=65537: 0 + O(65537^1)}": the component 0
FAIL tests/test_text_local.c:1225: round_trips_of_generated_values: check failed: adf_lball_identical(&x->loc[k], &y->loc[k]) | "{inf: -14.75; p=5: 0 + O(5^2); p=65537: 0 + O(65537^1)}": the component 1
FAIL tests/test_text_local.c:1232: round_trips_of_generated_values: check failed: adf_sball_equal_set(x, y) | "{inf: -14.75; p=5: 0 + O(5^2); p=65537: 0 + O(65537^1)}": the round trip changed the set
FAIL tests/test_text_local.c:1225: round_trips_of_generated_values: check failed: adf_lball_identical(&x->loc[k], &y->loc[k]) | "{inf: 7; p=2: 0 + O(2^2); p=3: 0 + O(3^2); p=7: 0 + O(7^2); p=18446744073709551557: 46316835694926477576869990182972501878064478519740809032419338190694342325564 + O(18446744073709551557^4)}": the component 0
FAIL tests/test_text_local.c:1225: round_trips_of_generated_values: check failed: adf_lball_identical(&x->loc[k], &y->loc[k]) | "{inf: 7; p=2: 0 + O(2^2); p=3: 0 + O(3^2); p=7: 0 + O(7^2); p=18446744073709551557: 46316835694926477576869990182972501878064478519740809032419338190694342325564 + O(18446744073709551557^4)}": the component 1
FAIL tests/test_text_local.c:1225: round_trips_of_generated_values: check failed: adf_lball_identical(&x->loc[k], &y->loc[k]) | "{inf: 7; p=2: 0 + O(2^2); p=3: 0 + O(3^2); p=7: 0 + O(7^2); p=18446744073709551557: 46316835694926477576869990182972501878064478519740809032419338190694342325564 + O(18446744073709551557^4)}": the component 2
FAIL tests/test_text_local.c:1232: round_trips_of_generated_values: check failed: adf_sball_equal_set(x, y) | "{inf: 7; p=2: 0 + O(2^2); p=3: 0 + O(3^2); p=7: 0 + O(7^2); p=18446744073709551557: 46316835694926477576869990182972501878064478519740809032419338190694342325564 + O(18446744073709551557^4)}": the round trip changed the set
FAIL tests/test_text_local.c:1225: round_trips_of_generated_values: check failed: adf_lball_identical(&x->loc[k], &y->loc[k]) | "{inf: 0.296875; p=5: 0 + O(5^0); p=7: 0 + O(7^3); p=65537: 0 + O(65537^1); p=18446744073709551557: 0 + O(18446744073709551557^0)}": the component 1
FAIL tests/test_text_local.c:1225: round_trips_of_generated_values: check failed: adf_lball_identical(&x->loc[k], &y->loc[k]) | "{inf: 0.296875; p=5: 0 + O(5^0); p=7: 0 + O(7^3); p=65537: 0 + O(65537^1); p=18446744073709551557: 0 + O(18446744073709551557^0)}": the component 2
FAIL tests/test_text_local.c:1232: round_trips_of_generated_values: check failed: adf_sball_equal_set(x, y) | "{inf: 0.296875; p=5: 0 + O(5^0); p=7: 0 + O(7^3); p=65537: 0 + O(65537^1); p=18446744073709551557: 0 + O(18446744073709551557^0)}": the round trip changed the set
FAIL tests/test_text_local.c:1225: round_trips_of_generated_values: check failed: adf_lball_identical(&x->loc[k], &y->loc[k]) | "{p=2: 7 + O(2^5); p=5: 131 + O(5^4); p=7: 0 + O(7^3); p=18446744073709551557: 0 + O(18446744073709551557^2)}": the component 2
FAIL tests/test_text_local.c:1225: round_trips_of_generated_values: check failed: adf_lball_identical(&x->loc[k], &y->loc[k]) | "{p=2: 7 + O(2^5); p=5: 131 + O(5^4); p=7: 0 + O(7^3); p=18446744073709551557: 0 + O(18446744073709551557^2)}": the component 3
FAIL tests/test_text_local.c:1232: round_trips_of_generated_values: check failed: adf_sball_equal_set(x, y) | "{p=2: 7 + O(2^5); p=5: 131 + O(5^4); p=7: 0 + O(7^3); p=18446744073709551557: 0 + O(18446744073709551557^2)}": the round trip changed the set
FAIL tests/test_text_local.c:1225: round_trips_of_generated_values: check failed: adf_lball_identical(&x->loc[k], &y->loc[k]) | "{p=5: 54 + O(5^3); p=65537: 0 + O(65537^0); p=18446744073709551557: 0 + O(18446744073709551557^1)}": the component 2
FAIL tests/test_text_local.c:1232: round_trips_of_generated_values: check failed: adf_sball_equal_set(x, y) | "{p=5: 54 + O(5^3); p=65537: 0 + O(65537^0); p=18446744073709551557: 0 + O(18446744073709551557^1)}": the round trip changed the set
FAIL tests/test_text_local.c:1225: round_trips_of_generated_values: check failed: adf_lball_identical(&x->loc[k], &y->loc[k]) | "{inf: -4.5625; p=2: 31/4 + O(2^3); p=3: 0 + O(3^1); p=5: 111 + O(5^3); p=7: 0 + O(7^0); p=18446744073709551557: 340282366920938461286658806734041124218 + O(18446744073709551557^2)}": the component 1
FAIL tests/test_text_local.c:1232: round_trips_of_generated_values: check failed: adf_sball_equal_set(x, y) | "{inf: -4.5625; p=2: 31/4 + O(2^3); p=3: 0 + O(3^1); p=5: 111 + O(5^3); p=7: 0 + O(7^0); p=18446744073709551557: 340282366920938461286658806734041124218 + O(18446744073709551557^2)}": the round trip changed the set
FAIL tests/test_text_local.c:1225: round_trips_of_generated_values: check failed: adf_lball_identical(&x->loc[k], &y->loc[k]) | "{inf: -4064; p=5: 0 + O(5^2); p=7: 4 + O(7^1); p=65537: 0 + O(65537^2); p=18446744073709551557: 14757395258967641226 + O(18446744073709551557^1)}": the component 0
FAIL tests/test_text_local.c:1225: round_trips_of_generated_values: check failed: adf_lball_identical(&x->loc[k], &y->loc[k]) | "{inf: -4064; p=5: 0 + O(5^2); p=7: 4 + O(7^1); p=65537: 0 + O(65537^2); p=18446744073709551557: 14757395258967641226 + O(18446744073709551557^1)}": the component 2
FAIL tests/test_text_local.c:1232: round_trips_of_generated_values: check failed: adf_sball_equal_set(x, y) | "{inf: -4064; p=5: 0 + O(5^2); p=7: 4 + O(7^1); p=65537: 0 + O(65537^2); p=18446744073709551557: 14757395258967641226 + O(18446744073709551557^1)}": the round trip changed the set
FAIL tests/test_text_local.c:1225: round_trips_of_generated_values: check failed: adf_lball_identical(&x->loc[k], &y->loc[k]) | "{p=2: 1/4 + O(2^1); p=5: 71 + O(5^3); p=7: 26 + O(7^3); p=18446744073709551557: 154 + O(18446744073709551557^4)}": the component 0
FAIL tests/test_text_local.c:1232: round_trips_of_generated_values: check failed: adf_sball_equal_set(x, y) | "{p=2: 1/4 + O(2^1); p=5: 71 + O(5^3); p=7: 26 + O(7^3); p=18446744073709551557: 154 + O(18446744073709551557^4)}": the round trip changed the set
FAIL tests/test_text_local.c:1225: round_trips_of_generated_values: check failed: adf_lball_identical(&x->loc[k], &y->loc[k]) | "{p=5: 42 + O(5^3); p=7: 0 + O(7^1); p=65537: 0 + O(65537^1)}": the component 1
FAIL tests/test_text_local.c:1225: round_trips_of_generated_values: check failed: adf_lball_identical(&x->loc[k], &y->loc[k]) | "{p=5: 42 + O(5^3); p=7: 0 + O(7^1); p=65537: 0 + O(65537^1)}": the component 2
FAIL tests/test_text_local.c:1232: round_trips_of_generated_values: check failed: adf_sball_equal_set(x, y) | "{p=5: 42 + O(5^3); p=7: 0 + O(7^1); p=65537: 0 + O(65537^1)}": the round trip changed the set
FAIL tests/test_text_local.c:1225: round_trips_of_generated_values: check failed: adf_lball_identical(&x->loc[k], &y->loc[k]) | "{inf: 134; p=5: 124 + O(5^3); p=65537: 0 + O(65537^2)}": the component 1
FAIL tests/test_text_local.c:1232: round_trips_of_generated_values: check failed: adf_sball_equal_set(x, y) | "{inf: 134; p=5: 124 + O(5^3); p=65537: 0 + O(65537^2)}": the round trip changed the set
FAIL tests/test_text_local.c:1225: round_trips_of_generated_values: check failed: adf_lball_identical(&x->loc[k], &y->loc[k]) | "{p=2: 0 + O(2^1); p=3: 0 + O(3^2); p=5: 2/5 + O(5^0); p=7: 0 + O(7^1)}": the component 0
FAIL tests/test_text_local.c:1225: round_trips_of_generated_values: check failed: adf_lball_identical(&x->loc[k], &y->loc[k]) | "{p=2: 0 + O(2^1); p=3: 0 + O(3^2); p=5: 2/5 + O(5^0); p=7: 0 + O(7^1)}": the component 1
FAIL tests/test_text_local.c:1225: round_trips_of_generated_values: check failed: adf_lball_identical(&x->loc[k], &y->loc[k]) | "{p=2: 0 + O(2^1); p=3: 0 + O(3^2); p=5: 2/5 + O(5^0); p=7: 0 + O(7^1)}": the component 3
FAIL tests/test_text_local.c:1232: round_trips_of_generated_values: check failed: adf_sball_equal_set(x, y) | "{p=2: 0 + O(2^1); p=3: 0 + O(3^2); p=5: 2/5 + O(5^0); p=7: 0 + O(7^1)}": the round trip changed the set
FAIL tests/test_text_local.c:1225: round_trips_of_generated_values: check failed: adf_lball_identical(&x->loc[k], &y->loc[k]) | "{inf: -69.5; p=7: 0 + O(7^3); p=65537: 0 + O(65537^1); p=18446744073709551557: 0 + O(18446744073709551557^1)}": the component 0
FAIL tests/test_text_local.c:1225: round_trips_of_generated_values: check failed: adf_lball_identical(&x->loc[k], &y->loc[k]) | "{inf: -69.5; p=7: 0 + O(7^3); p=65537: 0 + O(65537^1); p=18446744073709551557: 0 + O(18446744073709551557^1)}": the component 1
FAIL tests/test_text_local.c:1225: round_trips_of_generated_values: check failed: adf_lball_identical(&x->loc[k], &y->loc[k]) | "{inf: -69.5; p=7: 0 + O(7^3); p=65537: 0 + O(65537^1); p=18446744073709551557: 0 + O(18446744073709551557^1)}": the component 2
FAIL tests/test_text_local.c:1232: round_trips_of_generated_values: check failed: adf_sball_equal_set(x, y) | "{inf: -69.5; p=7: 0 + O(7^3); p=65537: 0 + O(65537^1); p=18446744073709551557: 0 + O(18446744073709551557^1)}": the round trip changed the set
FAIL tests/test_text_local.c:1225: round_trips_of_generated_values: check failed: adf_lball_identical(&x->loc[k], &y->loc[k]) | "{p=5: 0 + O(5^2)}": the component 0
FAIL tests/test_text_local.c:1232: round_trips_of_generated_values: check failed: adf_sball_equal_set(x, y) | "{p=5: 0 + O(5^2)}": the round trip changed the set
FAIL tests/test_text_local.c:1225: round_trips_of_generated_values: check failed: adf_lball_identical(&x->loc[k], &y->loc[k]) | "{inf: -62.5; p=2: 0 + O(2^3); p=3: 0 + O(3^2); p=5: 95 + O(5^3); p=18446744073709551557: 0 + O(18446744073709551557^3)}": the component 0
FAIL tests/test_text_local.c:1225: round_trips_of_generated_values: check failed: adf_lball_identical(&x->loc[k], &y->loc[k]) | "{inf: -62.5; p=2: 0 + O(2^3); p=3: 0 + O(3^2); p=5: 95 + O(5^3); p=18446744073709551557: 0 + O(18446744073709551557^3)}": the component 1
FAIL tests/test_text_local.c:1225: round_trips_of_generated_values: check failed: adf_lball_identical(&x->loc[k], &y->loc[k]) | "{inf: -62.5; p=2: 0 + O(2^3); p=3: 0 + O(3^2); p=5: 95 + O(5^3); p=18446744073709551557: 0 + O(18446744073709551557^3)}": the component 3
FAIL tests/test_text_local.c:1232: round_trips_of_generated_values: check failed: adf_sball_equal_set(x, y) | "{inf: -62.5; p=2: 0 + O(2^3); p=3: 0 + O(3^2); p=5: 95 + O(5^3); p=18446744073709551557: 0 + O(18446744073709551557^3)}": the round trip changed the set
FAIL tests/test_text_local.c:1225: round_trips_of_generated_values: check failed: adf_lball_identical(&x->loc[k], &y->loc[k]) | "{inf: -1.625; p=3: 0 + O(3^1)}": the component 0
FAIL tests/test_text_local.c:1232: round_trips_of_generated_values: check failed: adf_sball_equal_set(x, y) | "{inf: -1.625; p=3: 0 + O(3^1)}": the round trip changed the set
FAIL tests/test_text_local.c:1225: round_trips_of_generated_values: check failed: adf_lball_identical(&x->loc[k], &y->loc[k]) | "{inf: -26880; p=2: 1 + O(2^1); p=3: 2 + O(3^1); p=5: 0 + O(5^3); p=7: 16692 + O(7^5); p=18446744073709551557: 340282366920938461286658806734041124130 + O(18446744073709551557^2)}": the component 2
FAIL tests/test_text_local.c:1232: round_trips_of_generated_values: check failed: adf_sball_equal_set(x, y) | "{inf: -26880; p=2: 1 + O(2^1); p=3: 2 + O(3^1); p=5: 0 + O(5^3); p=7: 16692 + O(7^5); p=18446744073709551557: 340282366920938461286658806734041124130 + O(18446744073709551557^2)}": the round trip changed the set
FAIL tests/test_text_local.c:1225: round_trips_of_generated_values: check failed: adf_lball_identical(&x->loc[k], &y->loc[k]) | "{p=2: 0 + O(2^0); p=7: 491 + O(7^4); p=65537: 0 + O(65537^1); p=18446744073709551557: 0 + O(18446744073709551557^3)}": the component 2
FAIL tests/test_text_local.c:1225: round_trips_of_generated_values: check failed: adf_lball_identical(&x->loc[k], &y->loc[k]) | "{p=2: 0 + O(2^0); p=7: 491 + O(7^4); p=65537: 0 + O(65537^1); p=18446744073709551557: 0 + O(18446744073709551557^3)}": the component 3
FAIL tests/test_text_local.c:1232: round_trips_of_generated_values: check failed: adf_sball_equal_set(x, y) | "{p=2: 0 + O(2^0); p=7: 491 + O(7^4); p=65537: 0 + O(65537^1); p=18446744073709551557: 0 + O(18446744073709551557^3)}": the round trip changed the set
FAIL tests/test_text_local.c:1225: round_trips_of_generated_values: check failed: adf_lball_identical(&x->loc[k], &y->loc[k]) | "{inf: -5; p=5: 0 + O(5^0); p=7: 4149 + O(7^5); p=18446744073709551557: 0 + O(18446744073709551557^3)}": the component 2
FAIL tests/test_text_local.c:1232: round_trips_of_generated_values: check failed: adf_sball_equal_set(x, y) | "{inf: -5; p=5: 0 + O(5^0); p=7: 4149 + O(7^5); p=18446744073709551557: 0 + O(18446744073709551557^3)}": the round trip changed the set
FAIL tests/test_text_local.c:1225: round_trips_of_generated_values: check failed: adf_lball_identical(&x->loc[k], &y->loc[k]) | "{inf: 12; p=2: 2 + O(2^4); p=3: 0 + O(3^0); p=7: 796 + O(7^4); p=65537: 187658574539435 + O(65537^3); p=18446744073709551557: 0 + O(18446744073709551557^2)}": the component 4
FAIL tests/test_text_local.c:1232: round_trips_of_generated_values: check failed: adf_sball_equal_set(x, y) | "{inf: 12; p=2: 2 + O(2^4); p=3: 0 + O(3^0); p=7: 796 + O(7^4); p=65537: 187658574539435 + O(65537^3); p=18446744073709551557: 0 + O(18446744073709551557^2)}": the round trip changed the set
FAIL tests/test_text_local.c:1225: round_trips_of_generated_values: check failed: adf_lball_identical(&x->loc[k], &y->loc[k]) | "{inf: 1.3203125; p=2: 8 + O(2^4); p=3: 0 + O(3^1); p=7: 0 + O(7^0)}": the component 1
FAIL tests/test_text_local.c:1232: round_trips_of_generated_values: check failed: adf_sball_equal_set(x, y) | "{inf: 1.3203125; p=2: 8 + O(2^4); p=3: 0 + O(3^1); p=7: 0 + O(7^0)}": the round trip changed the set
FAIL tests/test_text_local.c:1225: round_trips_of_generated_values: check failed: adf_lball_identical(&x->loc[k], &y->loc[k]) | "{p=2: 0 + O(2^3); p=3: 5 + O(3^2); p=5: 0 + O(5^3); p=65537: 0 + O(65537^0)}": the component 0
FAIL tests/test_text_local.c:1225: round_trips_of_generated_values: check failed: adf_lball_identical(&x->loc[k], &y->loc[k]) | "{p=2: 0 + O(2^3); p=3: 5 + O(3^2); p=5: 0 + O(5^3); p=65537: 0 + O(65537^0)}": the component 2
FAIL tests/test_text_local.c:1232: round_trips_of_generated_values: check failed: adf_sball_equal_set(x, y) | "{p=2: 0 + O(2^3); p=3: 5 + O(3^2); p=5: 0 + O(5^3); p=65537: 0 + O(65537^0)}": the round trip changed the set
FAIL tests/test_text_local.c:1225: round_trips_of_generated_values: check failed: adf_lball_identical(&x->loc[k], &y->loc[k]) | "{inf: 0.625; p=5: 0 + O(5^1); p=7: 116 + O(7^3); p=65537: 1209018056149790439571452 + O(65537^5)}": the component 0
FAIL tests/test_text_local.c:1232: round_trips_of_generated_values: check failed: adf_sball_equal_set(x, y) | "{inf: 0.625; p=5: 0 + O(5^1); p=7: 116 + O(7^3); p=65537: 1209018056149790439571452 + O(65537^5)}": the round trip changed the set
FAIL tests/test_text_local.c:1225: round_trips_of_generated_values: check failed: adf_lball_identical(&x->loc[k], &y->loc[k]) | "{p=5: 3 + O(5^1); p=7: 180 + O(7^3); p=18446744073709551557: 0 + O(18446744073709551557^2)}": the component 2
FAIL tests/test_text_local.c:1232: round_trips_of_generated_values: check failed: adf_sball_equal_set(x, y) | "{p=5: 3 + O(5^1); p=7: 180 + O(7^3); p=18446744073709551557: 0 + O(18446744073709551557^2)}": the round trip changed the set
FAIL tests/test_text_local.c:1225: round_trips_of_generated_values: check failed: adf_lball_identical(&x->loc[k], &y->loc[k]) | "{inf: 2816; p=3: 8 + O(3^2); p=5: 0 + O(5^3); p=7: 1546 + O(7^4); p=65537: 0 + O(65537^3); p=18446744073709551557: 0 + O(18446744073709551557^1)}": the component 1
FAIL tests/test_text_local.c:1225: round_trips_of_generated_values: check failed: adf_lball_identical(&x->loc[k], &y->loc[k]) | "{inf: 2816; p=3: 8 + O(3^2); p=5: 0 + O(5^3); p=7: 1546 + O(7^4); p=65537: 0 + O(65537^3); p=18446744073709551557: 0 + O(18446744073709551557^1)}": the component 3
FAIL tests/test_text_local.c:1225: round_trips_of_generated_values: check failed: adf_lball_identical(&x->loc[k], &y->loc[k]) | "{inf: 2816; p=3: 8 + O(3^2); p=5: 0 + O(5^3); p=7: 1546 + O(7^4); p=65537: 0 + O(65537^3); p=18446744073709551557: 0 + O(18446744073709551557^1)}": the component 4
FAIL tests/test_text_local.c:1232: round_trips_of_generated_values: check failed: adf_sball_equal_set(x, y) | "{inf: 2816; p=3: 8 + O(3^2); p=5: 0 + O(5^3); p=7: 1546 + O(7^4); p=65537: 0 + O(65537^3); p=18446744073709551557: 0 + O(18446744073709551557^1)}": the round trip changed the set
FAIL tests/test_text_local.c:1225: round_trips_of_generated_values: check failed: adf_lball_identical(&x->loc[k], &y->loc[k]) | "{inf: -25344; p=5: 0 + O(5^3)}": the component 0
FAIL tests/test_text_local.c:1232: round_trips_of_generated_values: check failed: adf_sball_equal_set(x, y) | "{inf: -25344; p=5: 0 + O(5^3)}": the round trip changed the set
FAIL tests/test_text_local.c:1225: round_trips_of_generated_values: check failed: adf_lball_identical(&x->loc[k], &y->loc[k]) | "{p=2: 1/4 + O(2^1); p=18446744073709551557: 0 + O(18446744073709551557^2)}": the component 0
FAIL tests/test_text_local.c:1225: round_trips_of_generated_values: check failed: adf_lball_identical(&x->loc[k], &y->loc[k]) | "{p=2: 1/4 + O(2^1); p=18446744073709551557: 0 + O(18446744073709551557^2)}": the component 1
FAIL tests/test_text_local.c:1232: round_trips_of_generated_values: check failed: adf_sball_equal_set(x, y) | "{p=2: 1/4 + O(2^1); p=18446744073709551557: 0 + O(18446744073709551557^2)}": the round trip changed the set
FAIL tests/test_text_local.c:1225: round_trips_of_generated_values: check failed: adf_lball_identical(&x->loc[k], &y->loc[k]) | "{p=2: 2 + O(2^3); p=3: 2 + O(3^1); p=7: 0 + O(7^1); p=65537: 0 + O(65537^1); p=18446744073709551557: 142 + O(18446744073709551557^2)}": the component 2
FAIL tests/test_text_local.c:1225: round_trips_of_generated_values: check failed: adf_lball_identical(&x->loc[k], &y->loc[k]) | "{p=2: 2 + O(2^3); p=3: 2 + O(3^1); p=7: 0 + O(7^1); p=65537: 0 + O(65537^1); p=18446744073709551557: 142 + O(18446744073709551557^2)}": the component 3
FAIL tests/test_text_local.c:1232: round_trips_of_generated_values: check failed: adf_sball_equal_set(x, y) | "{p=2: 2 + O(2^3); p=3: 2 + O(3^1); p=7: 0 + O(7^1); p=65537: 0 + O(65537^1); p=18446744073709551557: 142 + O(18446744073709551557^2)}": the round trip changed the set
FAIL tests/test_text_local.c:1225: round_trips_of_generated_values: check failed: adf_lball_identical(&x->loc[k], &y->loc[k]) | "{inf: -5.5; p=5: 0 + O(5^0); p=65537: 0 + O(65537^3); p=18446744073709551557: 340282366920938461286658806734041124203 + O(18446744073709551557^2)}": the component 1
FAIL tests/test_text_local.c:1232: round_trips_of_generated_values: check failed: adf_sball_equal_set(x, y) | "{inf: -5.5; p=5: 0 + O(5^0); p=65537: 0 + O(65537^3); p=18446744073709551557: 340282366920938461286658806734041124203 + O(18446744073709551557^2)}": the round trip changed the set
FAIL tests/test_text_local.c:1225: round_trips_of_generated_values: check failed: adf_lball_identical(&x->loc[k], &y->loc[k]) | "{inf: -0.3125; p=2: 1/4 + O(2^1); p=3: 0 + O(3^3); p=5: 0 + O(5^1)}": the component 1
FAIL tests/test_text_local.c:1225: round_trips_of_generated_values: check failed: adf_lball_identical(&x->loc[k], &y->loc[k]) | "{inf: -0.3125; p=2: 1/4 + O(2^1); p=3: 0 + O(3^3); p=5: 0 + O(5^1)}": the component 2
FAIL tests/test_text_local.c:1232: round_trips_of_generated_values: check failed: adf_sball_equal_set(x, y) | "{inf: -0.3125; p=2: 1/4 + O(2^1); p=3: 0 + O(3^3); p=5: 0 + O(5^1)}": the round trip changed the set
FAIL tests/test_text_local.c:1225: round_trips_of_generated_values: check failed: adf_lball_identical(&x->loc[k], &y->loc[k]) | "{inf: 20; p=2: 0 + O(2^1); p=3: 0 + O(3^2); p=5: 22 + O(5^5); p=65537: 967214444919832351657113 + O(65537^5); p=18446744073709551557: 0 + O(18446744073709551557^2)}": the component 1
FAIL tests/test_text_local.c:1225: round_trips_of_generated_values: check failed: adf_lball_identical(&x->loc[k], &y->loc[k]) | "{inf: 20; p=2: 0 + O(2^1); p=3: 0 + O(3^2); p=5: 22 + O(5^5); p=65537: 967214444919832351657113 + O(65537^5); p=18446744073709551557: 0 + O(18446744073709551557^2)}": the component 4
FAIL tests/test_text_local.c:1232: round_trips_of_generated_values: check failed: adf_sball_equal_set(x, y) | "{inf: 20; p=2: 0 + O(2^1); p=3: 0 + O(3^2); p=5: 22 + O(5^5); p=65537: 967214444919832351657113 + O(65537^5); p=18446744073709551557: 0 + O(18446744073709551557^2)}": the round trip changed the set
FAIL tests/test_text_local.c:1225: round_trips_of_generated_values: check failed: adf_lball_identical(&x->loc[k], &y->loc[k]) | "{inf: 23.5; p=3: 10 + O(3^3); p=5: 1 + O(5^1); p=7: 0 + O(7^2); p=65537: 0 + O(65537^0)}": the component 2
FAIL tests/test_text_local.c:1232: round_trips_of_generated_values: check failed: adf_sball_equal_set(x, y) | "{inf: 23.5; p=3: 10 + O(3^3); p=5: 1 + O(5^1); p=7: 0 + O(7^2); p=65537: 0 + O(65537^0)}": the round trip changed the set
FAIL tests/test_text_local.c:1225: round_trips_of_generated_values: check failed: adf_lball_identical(&x->loc[k], &y->loc[k]) | "{inf: 68.5; p=2: 0 + O(2^1); p=3: 117 + O(3^5); p=5: 0 + O(5^3); p=7: 11124 + O(7^5); p=18446744073709551557: 0 + O(18446744073709551557^3)}": the component 0
FAIL tests/test_text_local.c:1225: round_trips_of_generated_values: check failed: adf_lball_identical(&x->loc[k], &y->loc[k]) | "{inf: 68.5; p=2: 0 + O(2^1); p=3: 117 + O(3^5); p=5: 0 + O(5^3); p=7: 11124 + O(7^5); p=18446744073709551557: 0 + O(18446744073709551557^3)}": the component 2
FAIL tests/test_text_local.c:1225: round_trips_of_generated_values: check failed: adf_lball_identical(&x->loc[k], &y->loc[k]) | "{inf: 68.5; p=2: 0 + O(2^1); p=3: 117 + O(3^5); p=5: 0 + O(5^3); p=7: 11124 + O(7^5); p=18446744073709551557: 0 + O(18446744073709551557^3)}": the component 4
FAIL tests/test_text_local.c:1232: round_trips_of_generated_values: check failed: adf_sball_equal_set(x, y) | "{inf: 68.5; p=2: 0 + O(2^1); p=3: 117 + O(3^5); p=5: 0 + O(5^3); p=7: 11124 + O(7^5); p=18446744073709551557: 0 + O(18446744073709551557^3)}": the round trip changed the set
FAIL tests/test_text_local.c:1225: round_trips_of_generated_values: check failed: adf_lball_identical(&x->loc[k], &y->loc[k]) | "{inf: -248; p=2: 0 + O(2^2); p=3: 0 + O(3^3); p=5: 2 + O(5^2); p=7: 0 + O(7^3); p=65537: 201503009358298406595260 + O(65537^5)}": the component 0
FAIL tests/test_text_local.c:1225: round_trips_of_generated_values: check failed: adf_lball_identical(&x->loc[k], &y->loc[k]) | "{inf: -248; p=2: 0 + O(2^2); p=3: 0 + O(3^3); p=5: 2 + O(5^2); p=7: 0 + O(7^3); p=65537: 201503009358298406595260 + O(65537^5)}": the component 1
FAIL tests/test_text_local.c:1225: round_trips_of_generated_values: check failed: adf_lball_identical(&x->loc[k], &y->loc[k]) | "{inf: -248; p=2: 0 + O(2^2); p=3: 0 + O(3^3); p=5: 2 + O(5^2); p=7: 0 + O(7^3); p=65537: 201503009358298406595260 + O(65537^5)}": the component 3
FAIL tests/test_text_local.c:1232: round_trips_of_generated_values: check failed: adf_sball_equal_set(x, y) | "{inf: -248; p=2: 0 + O(2^2); p=3: 0 + O(3^3); p=5: 2 + O(5^2); p=7: 0 + O(7^3); p=65537: 201503009358298406595260 + O(65537^5)}": the round trip changed the set
FAIL tests/test_text_local.c:1225: round_trips_of_generated_values: check failed: adf_lball_identical(&x->loc[k], &y->loc[k]) | "{p=2: 6 + O(2^3); p=5: 13 + O(5^2); p=7: 0 + O(7^1); p=65537: 0 + O(65537^2); p=18446744073709551557: 6277101735386680703605810478201558575724398290789908405593 + O(18446744073709551557^3)}": the component 2
FAIL tests/test_text_local.c:1225: round_trips_of_generated_values: check failed: adf_lball_identical(&x->loc[k], &y->loc[k]) | "{p=2: 6 + O(2^3); p=5: 13 + O(5^2); p=7: 0 + O(7^1); p=65537: 0 + O(65537^2); p=18446744073709551557: 6277101735386680703605810478201558575724398290789908405593 + O(18446744073709551557^3)}": the component 3
FAIL tests/test_text_local.c:1232: round_trips_of_generated_values: check failed: adf_sball_equal_set(x, y) | "{p=2: 6 + O(2^3); p=5: 13 + O(5^2); p=7: 0 + O(7^1); p=65537: 0 + O(65537^2); p=18446744073709551557: 6277101735386680703605810478201558575724398290789908405593 + O(18446744073709551557^3)}": the round trip changed the set
FAIL tests/test_text_local.c:1225: round_trips_of_generated_values: check failed: adf_lball_identical(&x->loc[k], &y->loc[k]) | "{p=5: 0 + O(5^3)}": the component 0
FAIL tests/test_text_local.c:1232: round_trips_of_generated_values: check failed: adf_sball_equal_set(x, y) | "{p=5: 0 + O(5^3)}": the round trip changed the set
FAIL tests/test_text_local.c:1225: round_trips_of_generated_values: check failed: adf_lball_identical(&x->loc[k], &y->loc[k]) | "{inf: 476; p=3: 2/3 + O(3^0); p=5: 50 + O(5^3); p=7: 0 + O(7^0); p=65537: 1209018056149790439571201 + O(65537^5); p=18446744073709551557: 0 + O(18446744073709551557^1)}": the component 4
FAIL tests/test_text_local.c:1232: round_trips_of_generated_values: check failed: adf_sball_equal_set(x, y) | "{inf: 476; p=3: 2/3 + O(3^0); p=5: 50 + O(5^3); p=7: 0 + O(7^0); p=65537: 1209018056149790439571201 + O(65537^5); p=18446744073709551557: 0 + O(18446744073709551557^1)}": the round trip changed the set
FAIL tests/test_text_local.c:1225: round_trips_of_generated_values: check failed: adf_lball_identical(&x->loc[k], &y->loc[k]) | "{p=18446744073709551557: 0 + O(18446744073709551557^2)}": the component 0
FAIL tests/test_text_local.c:1232: round_trips_of_generated_values: check failed: adf_sball_equal_set(x, y) | "{p=18446744073709551557: 0 + O(18446744073709551557^2)}": the round trip changed the set
FAIL tests/test_text_local.c:1225: round_trips_of_generated_values: check failed: adf_lball_identical(&x->loc[k], &y->loc[k]) | "{p=2: 3/2 + O(2^1); p=3: 23 + O(3^4); p=5: 1605 + O(5^5); p=7: 0 + O(7^2); p=65537: 0 + O(65537^1)}": the component 3
FAIL tests/test_text_local.c:1225: round_trips_of_generated_values: check failed: adf_lball_identical(&x->loc[k], &y->loc[k]) | "{p=2: 3/2 + O(2^1); p=3: 23 + O(3^4); p=5: 1605 + O(5^5); p=7: 0 + O(7^2); p=65537: 0 + O(65537^1)}": the component 4
FAIL tests/test_text_local.c:1232: round_trips_of_generated_values: check failed: adf_sball_equal_set(x, y) | "{p=2: 3/2 + O(2^1); p=3: 23 + O(3^4); p=5: 1605 + O(5^5); p=7: 0 + O(7^2); p=65537: 0 + O(65537^1)}": the round trip changed the set
FAIL tests/test_text_local.c:1225: round_trips_of_generated_values: check failed: adf_lball_identical(&x->loc[k], &y->loc[k]) | "{inf: -0.18359375; p=7: 0 + O(7^0); p=65537: 0 + O(65537^1)}": the component 1
FAIL tests/test_text_local.c:1232: round_trips_of_generated_values: check failed: adf_sball_equal_set(x, y) | "{inf: -0.18359375; p=7: 0 + O(7^0); p=65537: 0 + O(65537^1)}": the round trip changed the set
FAIL tests/test_text_local.c:1225: round_trips_of_generated_values: check failed: adf_lball_identical(&x->loc[k], &y->loc[k]) | "{inf: -288; p=3: 23 + O(3^3); p=5: 0 + O(5^2); p=7: 4240 + O(7^5); p=18446744073709551557: 6148914691236517219 + O(18446744073709551557^1)}": the component 1
FAIL tests/test_text_local.c:1232: round_trips_of_generated_values: check failed: adf_sball_equal_set(x, y) | "{inf: -288; p=3: 23 + O(3^3); p=5: 0 + O(5^2); p=7: 4240 + O(7^5); p=18446744073709551557: 6148914691236517219 + O(18446744073709551557^1)}": the round trip changed the set
FAIL tests/test_text_local.c:1225: round_trips_of_generated_values: check failed: adf_lball_identical(&x->loc[k], &y->loc[k]) | "{inf: 28416; p=5: 122 + O(5^3); p=7: 0 + O(7^1); p=65537: 117 + O(65537^3); p=18446744073709551557: 2092367245128893567868603492733852858574799430263302801908 + O(18446744073709551557^3)}": the component 1
FAIL tests/test_text_local.c:1232: round_trips_of_generated_values: check failed: adf_sball_equal_set(x, y) | "{inf: 28416; p=5: 122 + O(5^3); p=7: 0 + O(7^1); p=65537: 117 + O(65537^3); p=18446744073709551557: 2092367245128893567868603492733852858574799430263302801908 + O(18446744073709551557^3)}": the round trip changed the set
FAIL tests/test_text_local.c:1225: round_trips_of_generated_values: check failed: adf_lball_identical(&x->loc[k], &y->loc[k]) | "{p=2: 0 + O(2^3); p=3: 0 + O(3^3); p=7: 176 + O(7^3); p=65537: 0 + O(65537^0); p=18446744073709551557: 18446744073709551525 + O(18446744073709551557^1)}": the component 0
FAIL tests/test_text_local.c:1225: round_trips_of_generated_values: check failed: adf_lball_identical(&x->loc[k], &y->loc[k]) | "{p=2: 0 + O(2^3); p=3: 0 + O(3^3); p=7: 176 + O(7^3); p=65537: 0 + O(65537^0); p=18446744073709551557: 18446744073709551525 + O(18446744073709551557^1)}": the component 1
FAIL tests/test_text_local.c:1232: round_trips_of_generated_values: check failed: adf_sball_equal_set(x, y) | "{p=2: 0 + O(2^3); p=3: 0 + O(3^3); p=7: 176 + O(7^3); p=65537: 0 + O(65537^0); p=18446744073709551557: 18446744073709551525 + O(18446744073709551557^1)}": the round trip changed the set
FAIL tests/test_text_local.c:1225: round_trips_of_generated_values: check failed: adf_lball_identical(&x->loc[k], &y->loc[k]) | "{p=2: 16 + O(2^5); p=3: 136 + O(3^5); p=5: 2120 + O(5^5); p=7: 6724 + O(7^5); p=65537: 0 + O(65537^2)}": the component 4
FAIL tests/test_text_local.c:1232: round_trips_of_generated_values: check failed: adf_sball_equal_set(x, y) | "{p=2: 16 + O(2^5); p=3: 136 + O(3^5); p=5: 2120 + O(5^5); p=7: 6724 + O(7^5); p=65537: 0 + O(65537^2)}": the round trip changed the set
FAIL tests/test_text_local.c:1225: round_trips_of_generated_values: check failed: adf_lball_identical(&x->loc[k], &y->loc[k]) | "{p=7: 0 + O(7^2)}": the component 0
FAIL tests/test_text_local.c:1232: round_trips_of_generated_values: check failed: adf_sball_equal_set(x, y) | "{p=7: 0 + O(7^2)}": the round trip changed the set
FAIL tests/test_text_local.c:1225: round_trips_of_generated_values: check failed: adf_lball_identical(&x->loc[k], &y->loc[k]) | "{inf: -7296; p=18446744073709551557: 0 + O(18446744073709551557^1)}": the component 0
FAIL tests/test_text_local.c:1232: round_trips_of_generated_values: check failed: adf_sball_equal_set(x, y) | "{inf: -7296; p=18446744073709551557: 0 + O(18446744073709551557^1)}": the round trip changed the set
FAIL tests/test_text_local.c:1225: round_trips_of_generated_values: check failed: adf_lball_identical(&x->loc[k], &y->loc[k]) | "{p=3: 0 + O(3^2); p=5: 10 + O(5^2); p=65537: 1209018056149790439571252 + O(65537^5); p=18446744073709551557: 85070591730234615321664701683510281047 + O(18446744073709551557^2)}": the component 0
FAIL tests/test_text_local.c:1232: round_trips_of_generated_values: check failed: adf_sball_equal_set(x, y) | "{p=3: 0 + O(3^2); p=5: 10 + O(5^2); p=65537: 1209018056149790439571252 + O(65537^5); p=18446744073709551557: 85070591730234615321664701683510281047 + O(18446744073709551557^2)}": the round trip changed the set
FAIL tests/test_text_local.c:1225: round_trips_of_generated_values: check failed: adf_lball_identical(&x->loc[k], &y->loc[k]) | "{inf: -2.125; p=2: 0 + O(2^1); p=3: 0 + O(3^2); p=5: 56 + O(5^3); p=7: 2 + O(7^1); p=65537: 0 + O(65537^0)}": the component 1
FAIL tests/test_text_local.c:1232: round_trips_of_generated_values: check failed: adf_sball_equal_set(x, y) | "{inf: -2.125; p=2: 0 + O(2^1); p=3: 0 + O(3^2); p=5: 56 + O(5^3); p=7: 2 + O(7^1); p=65537: 0 + O(65537^0)}": the round trip changed the set
FAIL tests/test_text_local.c:1225: round_trips_of_generated_values: check failed: adf_lball_identical(&x->loc[k], &y->loc[k]) | "{inf: -38144; p=7: 47 + O(7^2); p=18446744073709551557: 0 + O(18446744073709551557^3)}": the component 1
FAIL tests/test_text_local.c:1232: round_trips_of_generated_values: check failed: adf_sball_equal_set(x, y) | "{inf: -38144; p=7: 47 + O(7^2); p=18446744073709551557: 0 + O(18446744073709551557^3)}": the round trip changed the set
FAIL tests/test_text_local.c:1225: round_trips_of_generated_values: check failed: adf_lball_identical(&x->loc[k], &y->loc[k]) | "{inf: -0.64453125; p=3: 0 + O(3^2); p=18446744073709551557: 0 + O(18446744073709551557^3)}": the component 0
FAIL tests/test_text_local.c:1225: round_trips_of_generated_values: check failed: adf_lball_identical(&x->loc[k], &y->loc[k]) | "{inf: -0.64453125; p=3: 0 + O(3^2); p=18446744073709551557: 0 + O(18446744073709551557^3)}": the component 1
FAIL tests/test_text_local.c:1232: round_trips_of_generated_values: check failed: adf_sball_equal_set(x, y) | "{inf: -0.64453125; p=3: 0 + O(3^2); p=18446744073709551557: 0 + O(18446744073709551557^3)}": the round trip changed the set
FAIL tests/test_text_local.c:1225: round_trips_of_generated_values: check failed: adf_lball_identical(&x->loc[k], &y->loc[k]) | "{inf: -5.75; p=5: 0 + O(5^1)}": the component 0
FAIL tests/test_text_local.c:1232: round_trips_of_generated_values: check failed: adf_sball_equal_set(x, y) | "{inf: -5.75; p=5: 0 + O(5^1)}": the round trip changed the set
FAIL tests/test_text_local.c:1225: round_trips_of_generated_values: check failed: adf_lball_identical(&x->loc[k], &y->loc[k]) | "{inf: 128; p=2: 2 + O(2^2); p=7: 208 + O(7^3); p=18446744073709551557: 0 + O(18446744073709551557^2)}": the component 2
FAIL tests/test_text_local.c:1232: round_trips_of_generated_values: check failed: adf_sball_equal_set(x, y) | "{inf: 128; p=2: 2 + O(2^2); p=7: 208 + O(7^3); p=18446744073709551557: 0 + O(18446744073709551557^2)}": the round trip changed the set
FAIL tests/test_text_local.c:1225: round_trips_of_generated_values: check failed: adf_lball_identical(&x->loc[k], &y->loc[k]) | "{inf: 195; p=2: 1 + O(2^1); p=5: 0 + O(5^3)}": the component 1
FAIL tests/test_text_local.c:1232: round_trips_of_generated_values: check failed: adf_sball_equal_set(x, y) | "{inf: 195; p=2: 1 + O(2^1); p=5: 0 + O(5^3)}": the round trip changed the set
FAIL tests/test_text_local.c:1225: round_trips_of_generated_values: check failed: adf_lball_identical(&x->loc[k], &y->loc[k]) | "{inf: 24576; p=3: 0 + O(3^1)}": the component 0
FAIL tests/test_text_local.c:1232: round_trips_of_generated_values: check failed: adf_sball_equal_set(x, y) | "{inf: 24576; p=3: 0 + O(3^1)}": the round trip changed the set
FAIL tests/test_text_local.c:1225: round_trips_of_generated_values: check failed: adf_lball_identical(&x->loc[k], &y->loc[k]) | "{inf: 188; p=2: 0 + O(2^2); p=3: 2 + O(3^1); p=5: 0 + O(5^1); p=18446744073709551557: 0 + O(18446744073709551557^1)}": the component 0
FAIL tests/test_text_local.c:1225: round_trips_of_generated_values: check failed: adf_lball_identical(&x->loc[k], &y->loc[k]) | "{inf: 188; p=2: 0 + O(2^2); p=3: 2 + O(3^1); p=5: 0 + O(5^1); p=18446744073709551557: 0 + O(18446744073709551557^1)}": the component 2
FAIL tests/test_text_local.c:1225: round_trips_of_generated_values: check failed: adf_lball_identical(&x->loc[k], &y->loc[k]) | "{inf: 188; p=2: 0 + O(2^2); p=3: 2 + O(3^1); p=5: 0 + O(5^1); p=18446744073709551557: 0 + O(18446744073709551557^1)}": the component 3
FAIL tests/test_text_local.c:1232: round_trips_of_generated_values: check failed: adf_sball_equal_set(x, y) | "{inf: 188; p=2: 0 + O(2^2); p=3: 2 + O(3^1); p=5: 0 + O(5^1); p=18446744073709551557: 0 + O(18446744073709551557^1)}": the round trip changed the set
FAIL tests/test_text_local.c:1225: round_trips_of_generated_values: check failed: adf_lball_identical(&x->loc[k], &y->loc[k]) | "{inf: -4.5; p=2: 0 + O(2^1); p=3: 1 + O(3^4); p=7: 13409 + O(7^5); p=65537: 21830 + O(65537^1); p=18446744073709551557: 115792089237316193942174975457431254695161196299352022581048345476735855813954 + O(18446744073709551557^4)}": the component 0
FAIL tests/test_text_local.c:1232: round_trips_of_generated_values: check failed: adf_sball_equal_set(x, y) | "{inf: -4.5; p=2: 0 + O(2^1); p=3: 1 + O(3^4); p=7: 13409 + O(7^5); p=65537: 21830 + O(65537^1); p=18446744073709551557: 115792089237316193942174975457431254695161196299352022581048345476735855813954 + O(18446744073709551557^4)}": the round trip changed the set
FAIL tests/test_text_local.c:1225: round_trips_of_generated_values: check failed: adf_lball_identical(&x->loc[k], &y->loc[k]) | "{p=18446744073709551557: 0 + O(18446744073709551557^2)}": the component 0
FAIL tests/test_text_local.c:1232: round_trips_of_generated_values: check failed: adf_sball_equal_set(x, y) | "{p=18446744073709551557: 0 + O(18446744073709551557^2)}": the round trip changed the set
FAIL tests/test_text_local.c:1225: round_trips_of_generated_values: check failed: adf_lball_identical(&x->loc[k], &y->loc[k]) | "{inf: -274; p=3: 5/3 + O(3^3); p=5: 0 + O(5^1); p=7: 115 + O(7^3); p=65537: 31 + O(65537^1); p=18446744073709551557: 0 + O(18446744073709551557^2)}": the component 1
FAIL tests/test_text_local.c:1225: round_trips_of_generated_values: check failed: adf_lball_identical(&x->loc[k], &y->loc[k]) | "{inf: -274; p=3: 5/3 + O(3^3); p=5: 0 + O(5^1); p=7: 115 + O(7^3); p=65537: 31 + O(65537^1); p=18446744073709551557: 0 + O(18446744073709551557^2)}": the component 4
FAIL tests/test_text_local.c:1232: round_trips_of_generated_values: check failed: adf_sball_equal_set(x, y) | "{inf: -274; p=3: 5/3 + O(3^3); p=5: 0 + O(5^1); p=7: 115 + O(7^3); p=65537: 31 + O(65537^1); p=18446744073709551557: 0 + O(18446744073709551557^2)}": the round trip changed the set
FAIL tests/test_text_local.c:1225: round_trips_of_generated_values: check failed: adf_lball_identical(&x->loc[k], &y->loc[k]) | "{inf: 18560; p=2: 0 + O(2^3)}": the component 0
FAIL tests/test_text_local.c:1232: round_trips_of_generated_values: check failed: adf_sball_equal_set(x, y) | "{inf: 18560; p=2: 0 + O(2^3)}": the round trip changed the set
FAIL tests/test_text_local.c:1225: round_trips_of_generated_values: check failed: adf_lball_identical(&x->loc[k], &y->loc[k]) | "{p=2: 1/2 + O(2^1); p=3: 0 + O(3^2); p=65537: 0 + O(65537^1); p=18446744073709551557: 0 + O(18446744073709551557^3)}": the component 2
FAIL tests/test_text_local.c:1225: round_trips_of_generated_values: check failed: adf_lball_identical(&x->loc[k], &y->loc[k]) | "{p=2: 1/2 + O(2^1); p=3: 0 + O(3^2); p=65537: 0 + O(65537^1); p=18446744073709551557: 0 + O(18446744073709551557^3)}": the component 3
FAIL tests/test_text_local.c:1232: round_trips_of_generated_values: check failed: adf_sball_equal_set(x, y) | "{p=2: 1/2 + O(2^1); p=3: 0 + O(3^2); p=65537: 0 + O(65537^1); p=18446744073709551557: 0 + O(18446744073709551557^3)}": the round trip changed the set
FAIL tests/test_text_local.c:1225: round_trips_of_generated_values: check failed: adf_lball_identical(&x->loc[k], &y->loc[k]) | "{p=18446744073709551557: 0 + O(18446744073709551557^3)}": the component 0
FAIL tests/test_text_local.c:1232: round_trips_of_generated_values: check failed: adf_sball_equal_set(x, y) | "{p=18446744073709551557: 0 + O(18446744073709551557^3)}": the round trip changed the set
FAIL tests/test_text_local.c:1225: round_trips_of_generated_values: check failed: adf_lball_identical(&x->loc[k], &y->loc[k]) | "{p=2: 0 + O(2^3); p=18446744073709551557: 0 + O(18446744073709551557^3)}": the component 0
FAIL tests/test_text_local.c:1225: round_trips_of_generated_values: check failed: adf_lball_identical(&x->loc[k], &y->loc[k]) | "{p=2: 0 + O(2^3); p=18446744073709551557: 0 + O(18446744073709551557^3)}": the component 1
FAIL tests/test_text_local.c:1232: round_trips_of_generated_values: check failed: adf_sball_equal_set(x, y) | "{p=2: 0 + O(2^3); p=18446744073709551557: 0 + O(18446744073709551557^3)}": the round trip changed the set
FAIL tests/test_text_local.c:1225: round_trips_of_generated_values: check failed: adf_lball_identical(&x->loc[k], &y->loc[k]) | "{p=2: 1/4 + O(2^1); p=3: 55 + O(3^4)}": the component 0
FAIL tests/test_text_local.c:1232: round_trips_of_generated_values: check failed: adf_sball_equal_set(x, y) | "{p=2: 1/4 + O(2^1); p=3: 55 + O(3^4)}": the round trip changed the set
FAIL tests/test_text_local.c:1225: round_trips_of_generated_values: check failed: adf_lball_identical(&x->loc[k], &y->loc[k]) | "{inf: 49; p=7: 0 + O(7^2); p=18446744073709551557: 57896044618658096971087487728715627347580598149676011290524172738367927906972 + O(18446744073709551557^4)}": the component 0
FAIL tests/test_text_local.c:1232: round_trips_of_generated_values: check failed: adf_sball_equal_set(x, y) | "{inf: 49; p=7: 0 + O(7^2); p=18446744073709551557: 57896044618658096971087487728715627347580598149676011290524172738367927906972 + O(18446744073709551557^4)}": the round trip changed the set
FAIL tests/test_text_local.c:1225: round_trips_of_generated_values: check failed: adf_lball_identical(&x->loc[k], &y->loc[k]) | "{p=2: 0 + O(2^1); p=5: 22 + O(5^2); p=7: 0 + O(7^2); p=65537: 140743930904555 + O(65537^3); p=18446744073709551557: 96493407697763494951812479547859378912634330249460018817540287897279879844973 + O(18446744073709551557^4)}": the component 0
FAIL tests/test_text_local.c:1225: round_trips_of_generated_values: check failed: adf_lball_identical(&x->loc[k], &y->loc[k]) | "{p=2: 0 + O(2^1); p=5: 22 + O(5^2); p=7: 0 + O(7^2); p=65537: 140743930904555 + O(65537^3); p=18446744073709551557: 96493407697763494951812479547859378912634330249460018817540287897279879844973 + O(18446744073709551557^4)}": the component 2
FAIL tests/test_text_local.c:1232: round_trips_of_generated_values: check failed: adf_sball_equal_set(x, y) | "{p=2: 0 + O(2^1); p=5: 22 + O(5^2); p=7: 0 + O(7^2); p=65537: 140743930904555 + O(65537^3); p=18446744073709551557: 96493407697763494951812479547859378912634330249460018817540287897279879844973 + O(18446744073709551557^4)}": the round trip changed the set
FAIL tests/test_text_local.c:1225: round_trips_of_generated_values: check failed: adf_lball_identical(&x->loc[k], &y->loc[k]) | "{inf: 444; p=3: 248/3 + O(3^5); p=7: 0 + O(7^1); p=65537: 27 + O(65537^1); p=18446744073709551557: 6277101735386680703605810478201558575724398290789908405605 + O(18446744073709551557^3)}": the component 1
FAIL tests/test_text_local.c:1232: round_trips_of_generated_values: check failed: adf_sball_equal_set(x, y) | "{inf: 444; p=3: 248/3 + O(3^5); p=7: 0 + O(7^1); p=65537: 27 + O(65537^1); p=18446744073709551557: 6277101735386680703605810478201558575724398290789908405605 + O(18446744073709551557^3)}": the round trip changed the set
FAIL tests/test_text_local.c:1225: round_trips_of_generated_values: check failed: adf_lball_identical(&x->loc[k], &y->loc[k]) | "{inf: -608; p=2: 0 + O(2^1); p=3: 0 + O(3^1); p=18446744073709551557: 427197407184182009647271076232254936631035070720815328697540718952583103969759474187324982389933 + O(18446744073709551557^5)}": the component 1
FAIL tests/test_text_local.c:1232: round_trips_of_generated_values: check failed: adf_sball_equal_set(x, y) | "{inf: -608; p=2: 0 + O(2^1); p=3: 0 + O(3^1); p=18446744073709551557: 427197407184182009647271076232254936631035070720815328697540718952583103969759474187324982389933 + O(18446744073709551557^5)}": the round trip changed the set
FAIL tests/test_text_local.c:1225: round_trips_of_generated_values: check failed: adf_lball_identical(&x->loc[k], &y->loc[k]) | "{p=2: 1 + O(2^1); p=5: 57 + O(5^4); p=7: 0 + O(7^1); p=65537: 25 + O(65537^5); p=18446744073709551557: 0 + O(18446744073709551557^0)}": the component 2
FAIL tests/test_text_local.c:1232: round_trips_of_generated_values: check failed: adf_sball_equal_set(x, y) | "{p=2: 1 + O(2^1); p=5: 57 + O(5^4); p=7: 0 + O(7^1); p=65537: 25 + O(65537^5); p=18446744073709551557: 0 + O(18446744073709551557^0)}": the round trip changed the set
FAIL tests/test_text_local.c:1225: round_trips_of_generated_values: check failed: adf_lball_identical(&x->loc[k], &y->loc[k]) | "{inf: -1216; p=2: 9 + O(2^4); p=3: 0 + O(3^3); p=7: 0 + O(7^2); p=65537: 0 + O(65537^0); p=18446744073709551557: 0 + O(18446744073709551557^1)}": the component 1
FAIL tests/test_text_local.c:1225: round_trips_of_generated_values: check failed: adf_lball_identical(&x->loc[k], &y->loc[k]) | "{inf: -1216; p=2: 9 + O(2^4); p=3: 0 + O(3^3); p=7: 0 + O(7^2); p=65537: 0 + O(65537^0); p=18446744073709551557: 0 + O(18446744073709551557^1)}": the component 2
FAIL tests/test_text_local.c:1225: round_trips_of_generated_values: check failed: adf_lball_identical(&x->loc[k], &y->loc[k]) | "{inf: -1216; p=2: 9 + O(2^4); p=3: 0 + O(3^3); p=7: 0 + O(7^2); p=65537: 0 + O(65537^0); p=18446744073709551557: 0 + O(18446744073709551557^1)}": the component 4
FAIL tests/test_text_local.c:1232: round_trips_of_generated_values: check failed: adf_sball_equal_set(x, y) | "{inf: -1216; p=2: 9 + O(2^4); p=3: 0 + O(3^3); p=7: 0 + O(7^2); p=65537: 0 + O(65537^0); p=18446744073709551557: 0 + O(18446744073709551557^1)}": the round trip changed the set
FAIL tests/test_text_local.c:1225: round_trips_of_generated_values: check failed: adf_lball_identical(&x->loc[k], &y->loc[k]) | "{p=2: 0 + O(2^2); p=3: 1 + O(3^1); p=7: 16 + O(7^4)}": the component 0
FAIL tests/test_text_local.c:1232: round_trips_of_generated_values: check failed: adf_sball_equal_set(x, y) | "{p=2: 0 + O(2^2); p=3: 1 + O(3^1); p=7: 16 + O(7^4)}": the round trip changed the set
FAIL tests/test_text_local.c:1225: round_trips_of_generated_values: check failed: adf_lball_identical(&x->loc[k], &y->loc[k]) | "{p=2: 0 + O(2^2); p=5: 3069 + O(5^5)}": the component 0
FAIL tests/test_text_local.c:1232: round_trips_of_generated_values: check failed: adf_sball_equal_set(x, y) | "{p=2: 0 + O(2^2); p=5: 3069 + O(5^5)}": the round trip changed the set
FAIL tests/test_text_local.c:1225: round_trips_of_generated_values: check failed: adf_lball_identical(&x->loc[k], &y->loc[k]) | "{inf: 53; p=5: 0 + O(5^0); p=18446744073709551557: 0 + O(18446744073709551557^1)}": the component 1
FAIL tests/test_text_local.c:1232: round_trips_of_generated_values: check failed: adf_sball_equal_set(x, y) | "{inf: 53; p=5: 0 + O(5^0); p=18446744073709551557: 0 + O(18446744073709551557^1)}": the round trip changed the set
FAIL tests/test_text_local.c:1225: round_trips_of_generated_values: check failed: adf_lball_identical(&x->loc[k], &y->loc[k]) | "{inf: -312; p=2: 0 + O(2^2); p=3: 104/3 + O(3^5); p=7: 329 + O(7^3); p=65537: 4611967499846614992 + O(65537^4)}": the component 0
FAIL tests/test_text_local.c:1232: round_trips_of_generated_values: check failed: adf_sball_equal_set(x, y) | "{inf: -312; p=2: 0 + O(2^2); p=3: 104/3 + O(3^5); p=7: 329 + O(7^3); p=65537: 4611967499846614992 + O(65537^4)}": the round trip changed the set
FAIL tests/test_text_local.c:1225: round_trips_of_generated_values: check failed: adf_lball_identical(&x->loc[k], &y->loc[k]) | "{inf: 11.875; p=3: 0 + O(3^3); p=7: 1864 + O(7^4); p=65537: 11068721999631876076 + O(65537^4); p=18446744073709551557: 96493407697763494951812479547859378912634330249460018817540287897279879844951 + O(18446744073709551557^4)}": the component 0
FAIL tests/test_text_local.c:1232: round_trips_of_generated_values: check failed: adf_sball_equal_set(x, y) | "{inf: 11.875; p=3: 0 + O(3^3); p=7: 1864 + O(7^4); p=65537: 11068721999631876076 + O(65537^4); p=18446744073709551557: 96493407697763494951812479547859378912634330249460018817540287897279879844951 + O(18446744073709551557^4)}": the round trip changed the set
FAIL tests/test_text_local.c:1225: round_trips_of_generated_values: check failed: adf_lball_identical(&x->loc[k], &y->loc[k]) | "{inf: 76; p=2: 5/2 + O(2^2); p=3: 7/3 + O(3^1); p=5: 0 + O(5^2)}": the component 2
FAIL tests/test_text_local.c:1232: round_trips_of_generated_values: check failed: adf_sball_equal_set(x, y) | "{inf: 76; p=2: 5/2 + O(2^2); p=3: 7/3 + O(3^1); p=5: 0 + O(5^2)}": the round trip changed the set
FAIL tests/test_text_local.c:1225: round_trips_of_generated_values: check failed: adf_lball_identical(&x->loc[k], &y->loc[k]) | "{inf: 46; p=2: 0 + O(2^2); p=5: 1602 + O(5^5)}": the component 0
FAIL tests/test_text_local.c:1232: round_trips_of_generated_values: check failed: adf_sball_equal_set(x, y) | "{inf: 46; p=2: 0 + O(2^2); p=5: 1602 + O(5^5)}": the round trip changed the set
FAIL tests/test_text_local.c:1225: round_trips_of_generated_values: check failed: adf_lball_identical(&x->loc[k], &y->loc[k]) | "{inf: 80.5; p=3: 0 + O(3^2); p=5: 281 + O(5^4); p=7: 6 + O(7^1)}": the component 0
FAIL tests/test_text_local.c:1232: round_trips_of_generated_values: check failed: adf_sball_equal_set(x, y) | "{inf: 80.5; p=3: 0 + O(3^2); p=5: 281 + O(5^4); p=7: 6 + O(7^1)}": the round trip changed the set
FAIL tests/test_text_local.c:1225: round_trips_of_generated_values: check failed: adf_lball_identical(&x->loc[k], &y->loc[k]) | "{p=7: 0 + O(7^1)}": the component 0
FAIL tests/test_text_local.c:1232: round_trips_of_generated_values: check failed: adf_sball_equal_set(x, y) | "{p=7: 0 + O(7^1)}": the round trip changed the set
FAIL tests/test_text_local.c:1225: round_trips_of_generated_values: check failed: adf_lball_identical(&x->loc[k], &y->loc[k]) | "{inf: -776; p=5: 0 + O(5^0); p=7: 0 + O(7^3); p=65537: 0 + O(65537^2)}": the component 1
FAIL tests/test_text_local.c:1225: round_trips_of_generated_values: check failed: adf_lball_identical(&x->loc[k], &y->loc[k]) | "{inf: -776; p=5: 0 + O(5^0); p=7: 0 + O(7^3); p=65537: 0 + O(65537^2)}": the component 2
FAIL tests/test_text_local.c:1232: round_trips_of_generated_values: check failed: adf_sball_equal_set(x, y) | "{inf: -776; p=5: 0 + O(5^0); p=7: 0 + O(7^3); p=65537: 0 + O(65537^2)}": the round trip changed the set
FAIL tests/test_text_local.c:1225: round_trips_of_generated_values: check failed: adf_lball_identical(&x->loc[k], &y->loc[k]) | "{inf: -97; p=2: 0 + O(2^1); p=3: 0 + O(3^3); p=5: 0 + O(5^0); p=7: 2126 + O(7^4); p=18446744073709551557: 340282366920938461286658806734041124233 + O(18446744073709551557^2)}": the component 0
FAIL tests/test_text_local.c:1225: round_trips_of_generated_values: check failed: adf_lball_identical(&x->loc[k], &y->loc[k]) | "{inf: -97; p=2: 0 + O(2^1); p=3: 0 + O(3^3); p=5: 0 + O(5^0); p=7: 2126 + O(7^4); p=18446744073709551557: 340282366920938461286658806734041124233 + O(18446744073709551557^2)}": the component 1
FAIL tests/test_text_local.c:1232: round_trips_of_generated_values: check failed: adf_sball_equal_set(x, y) | "{inf: -97; p=2: 0 + O(2^1); p=3: 0 + O(3^3); p=5: 0 + O(5^0); p=7: 2126 + O(7^4); p=18446744073709551557: 340282366920938461286658806734041124233 + O(18446744073709551557^2)}": the round trip changed the set
FAIL tests/test_text_local.c:1225: round_trips_of_generated_values: check failed: adf_lball_identical(&x->loc[k], &y->loc[k]) | "{inf: 6304; p=3: 6 + O(3^2); p=5: 0 + O(5^1); p=18446744073709551557: 55 + O(18446744073709551557^1)}": the component 1
FAIL tests/test_text_local.c:1232: round_trips_of_generated_values: check failed: adf_sball_equal_set(x, y) | "{inf: 6304; p=3: 6 + O(3^2); p=5: 0 + O(5^1); p=18446744073709551557: 55 + O(18446744073709551557^1)}": the round trip changed the set
FAIL tests/test_text_local.c:1225: round_trips_of_generated_values: check failed: adf_lball_identical(&x->loc[k], &y->loc[k]) | "{inf: 2; p=2: 0 + O(2^1); p=5: 0 + O(5^0); p=7: 0 + O(7^3)}": the component 0
FAIL tests/test_text_local.c:1225: round_trips_of_generated_values: check failed: adf_lball_identical(&x->loc[k], &y->loc[k]) | "{inf: 2; p=2: 0 + O(2^1); p=5: 0 + O(5^0); p=7: 0 + O(7^3)}": the component 2
FAIL tests/test_text_local.c:1232: round_trips_of_generated_values: check failed: adf_sball_equal_set(x, y) | "{inf: 2; p=2: 0 + O(2^1); p=5: 0 + O(5^0); p=7: 0 + O(7^3)}": the round trip changed the set
FAIL tests/test_text_local.c:1225: round_trips_of_generated_values: check failed: adf_lball_identical(&x->loc[k], &y->loc[k]) | "{inf: 4; p=3: 50 + O(3^4); p=65537: 0 + O(65537^3); p=18446744073709551557: 92633671389852955153739980365945003756128957039481618064838676381388684651185 + O(18446744073709551557^4)}": the component 1
FAIL tests/test_text_local.c:1232: round_trips_of_generated_values: check failed: adf_sball_equal_set(x, y) | "{inf: 4; p=3: 50 + O(3^4); p=65537: 0 + O(65537^3); p=18446744073709551557: 92633671389852955153739980365945003756128957039481618064838676381388684651185 + O(18446744073709551557^4)}": the round trip changed the set
FAIL tests/test_text_local.c:1225: round_trips_of_generated_values: check failed: adf_lball_identical(&x->loc[k], &y->loc[k]) | "{inf: -1.1875; p=3: 236 + O(3^5); p=65537: 2147549164 + O(65537^2); p=18446744073709551557: 0 + O(18446744073709551557^1)}": the component 2
FAIL tests/test_text_local.c:1232: round_trips_of_generated_values: check failed: adf_sball_equal_set(x, y) | "{inf: -1.1875; p=3: 236 + O(3^5); p=65537: 2147549164 + O(65537^2); p=18446744073709551557: 0 + O(18446744073709551557^1)}": the round trip changed the set
FAIL tests/test_text_local.c:1225: round_trips_of_generated_values: check failed: adf_lball_identical(&x->loc[k], &y->loc[k]) | "{inf: 576; p=3: 47 + O(3^5); p=7: 0 + O(7^2); p=65537: 2863398955 + O(65537^2)}": the component 1
FAIL tests/test_text_local.c:1232: round_trips_of_generated_values: check failed: adf_sball_equal_set(x, y) | "{inf: 576; p=3: 47 + O(3^5); p=7: 0 + O(7^2); p=65537: 2863398955 + O(65537^2)}": the round trip changed the set
FAIL tests/test_text_local.c:1225: round_trips_of_generated_values: check failed: adf_lball_identical(&x->loc[k], &y->loc[k]) | "{p=3: 0 + O(3^0); p=5: 0 + O(5^3)}": the component 1
FAIL tests/test_text_local.c:1232: round_trips_of_generated_values: check failed: adf_sball_equal_set(x, y) | "{p=3: 0 + O(3^0); p=5: 0 + O(5^3)}": the round trip changed the set
FAIL tests/test_text_local.c:1225: round_trips_of_generated_values: check failed: adf_lball_identical(&x->loc[k], &y->loc[k]) | "{inf: 1040; p=2: 0 + O(2^1); p=3: 0 + O(3^1); p=5: 0 + O(5^2); p=7: 0 + O(7^0); p=65537: 4295098349 + O(65537^2)}": the component 0
FAIL tests/test_text_local.c:1225: round_trips_of_generated_values: check failed: adf_lball_identical(&x->loc[k], &y->loc[k]) | "{inf: 1040; p=2: 0 + O(2^1); p=3: 0 + O(3^1); p=5: 0 + O(5^2); p=7: 0 + O(7^0); p=65537: 4295098349 + O(65537^2)}": the component 1
FAIL tests/test_text_local.c:1225: round_trips_of_generated_values: check failed: adf_lball_identical(&x->loc[k], &y->loc[k]) | "{inf: 1040; p=2: 0 + O(2^1); p=3: 0 + O(3^1); p=5: 0 + O(5^2); p=7: 0 + O(7^0); p=65537: 4295098349 + O(65537^2)}": the component 2
FAIL tests/test_text_local.c:1232: round_trips_of_generated_values: check failed: adf_sball_equal_set(x, y) | "{inf: 1040; p=2: 0 + O(2^1); p=3: 0 + O(3^1); p=5: 0 + O(5^2); p=7: 0 + O(7^0); p=65537: 4295098349 + O(65537^2)}": the round trip changed the set
FAIL tests/test_text_local.c:1225: round_trips_of_generated_values: check failed: adf_lball_identical(&x->loc[k], &y->loc[k]) | "{inf: -8.5625; p=2: 0 + O(2^2); p=5: 2 + O(5^1); p=7: 41 + O(7^2); p=65537: 0 + O(65537^0)}": the component 0
FAIL tests/test_text_local.c:1232: round_trips_of_generated_values: check failed: adf_sball_equal_set(x, y) | "{inf: -8.5625; p=2: 0 + O(2^2); p=5: 2 + O(5^1); p=7: 41 + O(7^2); p=65537: 0 + O(65537^0)}": the round trip changed the set
FAIL tests/test_text_local.c:1225: round_trips_of_generated_values: check failed: adf_lball_identical(&x->loc[k], &y->loc[k]) | "{p=2: 0 + O(2^1); p=18446744073709551557: 183 + O(18446744073709551557^5)}": the component 0
FAIL tests/test_text_local.c:1232: round_trips_of_generated_values: check failed: adf_sball_equal_set(x, y) | "{p=2: 0 + O(2^1); p=18446744073709551557: 183 + O(18446744073709551557^5)}": the round trip changed the set
FAIL tests/test_text_local.c:1225: round_trips_of_generated_values: check failed: adf_lball_identical(&x->loc[k], &y->loc[k]) | "{inf: -36.75; p=3: 0 + O(3^3); p=65537: 0 + O(65537^0)}": the component 0
FAIL tests/test_text_local.c:1232: round_trips_of_generated_values: check failed: adf_sball_equal_set(x, y) | "{inf: -36.75; p=3: 0 + O(3^3); p=65537: 0 + O(65537^0)}": the round trip changed the set
FAIL tests/test_text_local.c:1225: round_trips_of_generated_values: check failed: adf_lball_identical(&x->loc[k], &y->loc[k]) | "{p=2: 0 + O(2^2); p=5: 0 + O(5^2); p=7: 0 + O(7^1)}": the component 0
FAIL tests/test_text_local.c:1225: round_trips_of_generated_values: check failed: adf_lball_identical(&x->loc[k], &y->loc[k]) | "{p=2: 0 + O(2^2); p=5: 0 + O(5^2); p=7: 0 + O(7^1)}": the component 1
FAIL tests/test_text_local.c:1225: round_trips_of_generated_values: check failed: adf_lball_identical(&x->loc[k], &y->loc[k]) | "{p=2: 0 + O(2^2); p=5: 0 + O(5^2); p=7: 0 + O(7^1)}": the component 2
FAIL tests/test_text_local.c:1232: round_trips_of_generated_values: check failed: adf_sball_equal_set(x, y) | "{p=2: 0 + O(2^2); p=5: 0 + O(5^2); p=7: 0 + O(7^1)}": the round trip changed the set
FAIL tests/test_text_local.c:1225: round_trips_of_generated_values: check failed: adf_lball_identical(&x->loc[k], &y->loc[k]) | "{inf: 4.59375; p=2: 0 + O(2^2); p=3: 80/3 + O(3^4); p=65537: 0 + O(65537^2)}": the component 0
FAIL tests/test_text_local.c:1225: round_trips_of_generated_values: check failed: adf_lball_identical(&x->loc[k], &y->loc[k]) | "{inf: 4.59375; p=2: 0 + O(2^2); p=3: 80/3 + O(3^4); p=65537: 0 + O(65537^2)}": the component 2
FAIL tests/test_text_local.c:1232: round_trips_of_generated_values: check failed: adf_sball_equal_set(x, y) | "{inf: 4.59375; p=2: 0 + O(2^2); p=3: 80/3 + O(3^4); p=65537: 0 + O(65537^2)}": the round trip changed the set
FAIL tests/test_text_local.c:1225: round_trips_of_generated_values: check failed: adf_lball_identical(&x->loc[k], &y->loc[k]) | "{inf: 12.25; p=2: 6 + O(2^4); p=3: 0 + O(3^1); p=5: 0 + O(5^3); p=7: 0 + O(7^0); p=18446744073709551557: 51 + O(18446744073709551557^5)}": the component 1
FAIL tests/test_text_local.c:1225: round_trips_of_generated_values: check failed: adf_lball_identical(&x->loc[k], &y->loc[k]) | "{inf: 12.25; p=2: 6 + O(2^4); p=3: 0 + O(3^1); p=5: 0 + O(5^3); p=7: 0 + O(7^0); p=18446744073709551557: 51 + O(18446744073709551557^5)}": the component 2
FAIL tests/test_text_local.c:1232: round_trips_of_generated_values: check failed: adf_sball_equal_set(x, y) | "{inf: 12.25; p=2: 6 + O(2^4); p=3: 0 + O(3^1); p=5: 0 + O(5^3); p=7: 0 + O(7^0); p=18446744073709551557: 51 + O(18446744073709551557^5)}": the round trip changed the set
FAIL tests/test_text_local.c:1225: round_trips_of_generated_values: check failed: adf_lball_identical(&x->loc[k], &y->loc[k]) | "{inf: 61; p=2: 9/2 + O(2^5); p=3: 6 + O(3^2); p=5: 0 + O(5^2); p=65537: 0 + O(65537^0)}": the component 2
FAIL tests/test_text_local.c:1232: round_trips_of_generated_values: check failed: adf_sball_equal_set(x, y) | "{inf: 61; p=2: 9/2 + O(2^5); p=3: 6 + O(3^2); p=5: 0 + O(5^2); p=65537: 0 + O(65537^0)}": the round trip changed the set
FAIL tests/test_text_local.c:1225: round_trips_of_generated_values: check failed: adf_lball_identical(&x->loc[k], &y->loc[k]) | "{inf: -60; p=2: 0 + O(2^3); p=7: 256 + O(7^3); p=18446744073709551557: 340282366920938461286658806734041124209 + O(18446744073709551557^2)}": the component 0
FAIL tests/test_text_local.c:1232: round_trips_of_generated_values: check failed: adf_sball_equal_set(x, y) | "{inf: -60; p=2: 0 + O(2^3); p=7: 256 + O(7^3); p=18446744073709551557: 340282366920938461286658806734041124209 + O(18446744073709551557^2)}": the round trip changed the set
FAIL tests/test_text_local.c:1225: round_trips_of_generated_values: check failed: adf_lball_identical(&x->loc[k], &y->loc[k]) | "{p=3: 2 + O(3^1); p=65537: 0 + O(65537^3)}": the component 1
FAIL tests/test_text_local.c:1232: round_trips_of_generated_values: check failed: adf_sball_equal_set(x, y) | "{p=3: 2 + O(3^1); p=65537: 0 + O(65537^3)}": the round trip changed the set
FAIL tests/test_text_local.c:1225: round_trips_of_generated_values: check failed: adf_lball_identical(&x->loc[k], &y->loc[k]) | "{inf: -12288; p=2: 23/4 + O(2^4); p=3: 2/3 + O(3^0); p=5: 2085 + O(5^5); p=7: 0 + O(7^2); p=18446744073709551557: 28948022309329048485543743864357813673790299074838005645262086369183963953474 + O(18446744073709551557^4)}": the component 3
FAIL tests/test_text_local.c:1232: round_trips_of_generated_values: check failed: adf_sball_equal_set(x, y) | "{inf: -12288; p=2: 23/4 + O(2^4); p=3: 2/3 + O(3^0); p=5: 2085 + O(5^5); p=7: 0 + O(7^2); p=18446744073709551557: 28948022309329048485543743864357813673790299074838005645262086369183963953474 + O(18446744073709551557^4)}": the round trip changed the set
FAIL tests/test_text_local.c:1225: round_trips_of_generated_values: check failed: adf_lball_identical(&x->loc[k], &y->loc[k]) | "{inf: 388; p=2: 13/2 + O(2^4); p=3: 7 + O(3^3); p=5: 0 + O(5^3); p=7: 100 + O(7^5)}": the component 2
FAIL tests/test_text_local.c:1232: round_trips_of_generated_values: check failed: adf_sball_equal_set(x, y) | "{inf: 388; p=2: 13/2 + O(2^4); p=3: 7 + O(3^3); p=5: 0 + O(5^3); p=7: 100 + O(7^5)}": the round trip changed the set
FAIL tests/test_text_local.c:1225: round_trips_of_generated_values: check failed: adf_lball_identical(&x->loc[k], &y->loc[k]) | "{inf: -8576; p=2: 0 + O(2^0); p=3: 1 + O(3^1); p=5: 0 + O(5^2); p=7: 2115 + O(7^4); p=18446744073709551557: 0 + O(18446744073709551557^0)}": the component 2
FAIL tests/test_text_local.c:1232: round_trips_of_generated_values: check failed: adf_sball_equal_set(x, y) | "{inf: -8576; p=2: 0 + O(2^0); p=3: 1 + O(3^1); p=5: 0 + O(5^2); p=7: 2115 + O(7^4); p=18446744073709551557: 0 + O(18446744073709551557^0)}": the round trip changed the set
FAIL tests/test_text_local.c:1225: round_trips_of_generated_values: check failed: adf_lball_identical(&x->loc[k], &y->loc[k]) | "{inf: -111; p=65537: 0 + O(65537^3)}": the component 0
FAIL tests/test_text_local.c:1232: round_trips_of_generated_values: check failed: adf_sball_equal_set(x, y) | "{inf: -111; p=65537: 0 + O(65537^3)}": the round trip changed the set
FAIL tests/test_text_local.c:1225: round_trips_of_generated_values: check failed: adf_lball_identical(&x->loc[k], &y->loc[k]) | "{inf: -2.3125; p=2: 0 + O(2^1); p=3: 58 + O(3^4); p=5: 0 + O(5^1); p=7: 0 + O(7^2); p=18446744073709551557: 0 + O(18446744073709551557^0)}": the component 0
FAIL tests/test_text_local.c:1225: round_trips_of_generated_values: check failed: adf_lball_identical(&x->loc[k], &y->loc[k]) | "{inf: -2.3125; p=2: 0 + O(2^1); p=3: 58 + O(3^4); p=5: 0 + O(5^1); p=7: 0 + O(7^2); p=18446744073709551557: 0 + O(18446744073709551557^0)}": the component 2
FAIL tests/test_text_local.c:1225: round_trips_of_generated_values: check failed: adf_lball_identical(&x->loc[k], &y->loc[k]) | "{inf: -2.3125; p=2: 0 + O(2^1); p=3: 58 + O(3^4); p=5: 0 + O(5^1); p=7: 0 + O(7^2); p=18446744073709551557: 0 + O(18446744073709551557^0)}": the component 3
FAIL tests/test_text_local.c:1232: round_trips_of_generated_values: check failed: adf_sball_equal_set(x, y) | "{inf: -2.3125; p=2: 0 + O(2^1); p=3: 58 + O(3^4); p=5: 0 + O(5^1); p=7: 0 + O(7^2); p=18446744073709551557: 0 + O(18446744073709551557^0)}": the round trip changed the set
FAIL tests/test_text_local.c:1225: round_trips_of_generated_values: check failed: adf_lball_identical(&x->loc[k], &y->loc[k]) | "{p=7: 0 + O(7^2); p=18446744073709551557: 40 + O(18446744073709551557^4)}": the component 0
FAIL tests/test_text_local.c:1232: round_trips_of_generated_values: check failed: adf_sball_equal_set(x, y) | "{p=7: 0 + O(7^2); p=18446744073709551557: 40 + O(18446744073709551557^4)}": the round trip changed the set
FAIL tests/test_text_local.c:1225: round_trips_of_generated_values: check failed: adf_lball_identical(&x->loc[k], &y->loc[k]) | "{p=2: 1 + O(2^1); p=3: 0 + O(3^3); p=5: 0 + O(5^1); p=7: 0 + O(7^2); p=65537: 2863398847 + O(65537^2)}": the component 1
FAIL tests/test_text_local.c:1225: round_trips_of_generated_values: check failed: adf_lball_identical(&x->loc[k], &y->loc[k]) | "{p=2: 1 + O(2^1); p=3: 0 + O(3^3); p=5: 0 + O(5^1); p=7: 0 + O(7^2); p=65537: 2863398847 + O(65537^2)}": the component 2
FAIL tests/test_text_local.c:1225: round_trips_of_generated_values: check failed: adf_lball_identical(&x->loc[k], &y->loc[k]) | "{p=2: 1 + O(2^1); p=3: 0 + O(3^3); p=5: 0 + O(5^1); p=7: 0 + O(7^2); p=65537: 2863398847 + O(65537^2)}": the component 3
FAIL tests/test_text_local.c:1232: round_trips_of_generated_values: check failed: adf_sball_equal_set(x, y) | "{p=2: 1 + O(2^1); p=3: 0 + O(3^3); p=5: 0 + O(5^1); p=7: 0 + O(7^2); p=65537: 2863398847 + O(65537^2)}": the round trip changed the set
FAIL tests/test_text_local.c:1225: round_trips_of_generated_values: check failed: adf_lball_identical(&x->loc[k], &y->loc[k]) | "{p=3: 70 + O(3^4); p=5: 0 + O(5^3)}": the component 1
FAIL tests/test_text_local.c:1232: round_trips_of_generated_values: check failed: adf_sball_equal_set(x, y) | "{p=3: 70 + O(3^4); p=5: 0 + O(5^3)}": the round trip changed the set
FAIL tests/test_text_local.c:1225: round_trips_of_generated_values: check failed: adf_lball_identical(&x->loc[k], &y->loc[k]) | "{inf: -1.453125; p=2: 1 + O(2^1); p=3: 14 + O(3^3); p=5: 0 + O(5^3); p=7: 6782 + O(7^5); p=18446744073709551557: 0 + O(18446744073709551557^3)}": the component 2
FAIL tests/test_text_local.c:1225: round_trips_of_generated_values: check failed: adf_lball_identical(&x->loc[k], &y->loc[k]) | "{inf: -1.453125; p=2: 1 + O(2^1); p=3: 14 + O(3^3); p=5: 0 + O(5^3); p=7: 6782 + O(7^5); p=18446744073709551557: 0 + O(18446744073709551557^3)}": the component 4
FAIL tests/test_text_local.c:1232: round_trips_of_generated_values: check failed: adf_sball_equal_set(x, y) | "{inf: -1.453125; p=2: 1 + O(2^1); p=3: 14 + O(3^3); p=5: 0 + O(5^3); p=7: 6782 + O(7^5); p=18446744073709551557: 0 + O(18446744073709551557^3)}": the round trip changed the set
FAIL tests/test_text_local.c:1225: round_trips_of_generated_values: check failed: adf_lball_identical(&x->loc[k], &y->loc[k]) | "{p=65537: 0 + O(65537^3)}": the component 0
FAIL tests/test_text_local.c:1232: round_trips_of_generated_values: check failed: adf_sball_equal_set(x, y) | "{p=65537: 0 + O(65537^3)}": the round trip changed the set
FAIL tests/test_text_local.c:1225: round_trips_of_generated_values: check failed: adf_lball_identical(&x->loc[k], &y->loc[k]) | "{inf: -500; p=2: 0 + O(2^1); p=3: 0 + O(3^0); p=65537: 806012037433193626380988 + O(65537^5); p=18446744073709551557: 77194726158210795961449983638287503130107464199568015054032230317823903875903 + O(18446744073709551557^4)}": the component 0
FAIL tests/test_text_local.c:1232: round_trips_of_generated_values: check failed: adf_sball_equal_set(x, y) | "{inf: -500; p=2: 0 + O(2^1); p=3: 0 + O(3^0); p=65537: 806012037433193626380988 + O(65537^5); p=18446744073709551557: 77194726158210795961449983638287503130107464199568015054032230317823903875903 + O(18446744073709551557^4)}": the round trip changed the set
FAIL tests/test_text_local.c:1225: round_trips_of_generated_values: check failed: adf_lball_identical(&x->loc[k], &y->loc[k]) | "{p=2: 1/2 + O(2^0); p=3: 1 + O(3^1); p=5: 0 + O(5^1); p=65537: 0 + O(65537^2); p=18446744073709551557: 7378697629483820658 + O(18446744073709551557^1)}": the component 2
FAIL tests/test_text_local.c:1225: round_trips_of_generated_values: check failed: adf_lball_identical(&x->loc[k], &y->loc[k]) | "{p=2: 1/2 + O(2^0); p=3: 1 + O(3^1); p=5: 0 + O(5^1); p=65537: 0 + O(65537^2); p=18446744073709551557: 7378697629483820658 + O(18446744073709551557^1)}": the component 3
FAIL tests/test_text_local.c:1232: round_trips_of_generated_values: check failed: adf_sball_equal_set(x, y) | "{p=2: 1/2 + O(2^0); p=3: 1 + O(3^1); p=5: 0 + O(5^1); p=65537: 0 + O(65537^2); p=18446744073709551557: 7378697629483820658 + O(18446744073709551557^1)}": the round trip changed the set
FAIL tests/test_text_local.c:1225: round_trips_of_generated_values: check failed: adf_lball_identical(&x->loc[k], &y->loc[k]) | "{p=2: 0 + O(2^1); p=3: 17 + O(3^4); p=65537: 201503009358298406595277 + O(65537^5); p=18446744073709551557: 0 + O(18446744073709551557^0)}": the component 0
FAIL tests/test_text_local.c:1232: round_trips_of_generated_values: check failed: adf_sball_equal_set(x, y) | "{p=2: 0 + O(2^1); p=3: 17 + O(3^4); p=65537: 201503009358298406595277 + O(65537^5); p=18446744073709551557: 0 + O(18446744073709551557^0)}": the round trip changed the set
FAIL tests/test_text_local.c:1225: round_trips_of_generated_values: check failed: adf_lball_identical(&x->loc[k], &y->loc[k]) | "{inf: 37120; p=5: 0 + O(5^3); p=7: 0 + O(7^2); p=65537: 19 + O(65537^2)}": the component 0
FAIL tests/test_text_local.c:1225: round_trips_of_generated_values: check failed: adf_lball_identical(&x->loc[k], &y->loc[k]) | "{inf: 37120; p=5: 0 + O(5^3); p=7: 0 + O(7^2); p=65537: 19 + O(65537^2)}": the component 1
FAIL tests/test_text_local.c:1232: round_trips_of_generated_values: check failed: adf_sball_equal_set(x, y) | "{inf: 37120; p=5: 0 + O(5^3); p=7: 0 + O(7^2); p=65537: 19 + O(65537^2)}": the round trip changed the set
FAIL tests/test_text_local.c:1225: round_trips_of_generated_values: check failed: adf_lball_identical(&x->loc[k], &y->loc[k]) | "{p=3: 563/3 + O(3^5); p=7: 0 + O(7^2); p=65537: 0 + O(65537^3); p=18446744073709551557: 3138550867693340351802905239100779287862199145394954202972 + O(18446744073709551557^3)}": the component 1
FAIL tests/test_text_local.c:1225: round_trips_of_generated_values: check failed: adf_lball_identical(&x->loc[k], &y->loc[k]) | "{p=3: 563/3 + O(3^5); p=7: 0 + O(7^2); p=65537: 0 + O(65537^3); p=18446744073709551557: 3138550867693340351802905239100779287862199145394954202972 + O(18446744073709551557^3)}": the component 2
FAIL tests/test_text_local.c:1232: round_trips_of_generated_values: check failed: adf_sball_equal_set(x, y) | "{p=3: 563/3 + O(3^5); p=7: 0 + O(7^2); p=65537: 0 + O(65537^3); p=18446744073709551557: 3138550867693340351802905239100779287862199145394954202972 + O(18446744073709551557^3)}": the round trip changed the set
FAIL tests/test_text_local.c:1225: round_trips_of_generated_values: check failed: adf_lball_identical(&x->loc[k], &y->loc[k]) | "{p=3: 0 + O(3^2)}": the component 0
FAIL tests/test_text_local.c:1232: round_trips_of_generated_values: check failed: adf_sball_equal_set(x, y) | "{p=3: 0 + O(3^2)}": the round trip changed the set
FAIL tests/test_text_local.c:1225: round_trips_of_generated_values: check failed: adf_lball_identical(&x->loc[k], &y->loc[k]) | "{inf: 244; p=3: 0 + O(3^3); p=5: 0 + O(5^3); p=7: 0 + O(7^0); p=18446744073709551557: 0 + O(18446744073709551557^3)}": the component 0
FAIL tests/test_text_local.c:1225: round_trips_of_generated_values: check failed: adf_lball_identical(&x->loc[k], &y->loc[k]) | "{inf: 244; p=3: 0 + O(3^3); p=5: 0 + O(5^3); p=7: 0 + O(7^0); p=18446744073709551557: 0 + O(18446744073709551557^3)}": the component 1
FAIL tests/test_text_local.c:1225: round_trips_of_generated_values: check failed: adf_lball_identical(&x->loc[k], &y->loc[k]) | "{inf: 244; p=3: 0 + O(3^3); p=5: 0 + O(5^3); p=7: 0 + O(7^0); p=18446744073709551557: 0 + O(18446744073709551557^3)}": the component 3
FAIL tests/test_text_local.c:1232: round_trips_of_generated_values: check failed: adf_sball_equal_set(x, y) | "{inf: 244; p=3: 0 + O(3^3); p=5: 0 + O(5^3); p=7: 0 + O(7^0); p=18446744073709551557: 0 + O(18446744073709551557^3)}": the round trip changed the set
FAIL tests/test_text_local.c:1225: round_trips_of_generated_values: check failed: adf_lball_identical(&x->loc[k], &y->loc[k]) | "{inf: -25; p=2: 5 + O(2^3); p=3: 30 + O(3^4); p=5: 0 + O(5^2); p=65537: 56297572361812 + O(65537^3); p=18446744073709551557: 340282366920938461286658806734041124081 + O(18446744073709551557^2)}": the component 2
FAIL tests/test_text_local.c:1232: round_trips_of_generated_values: check failed: adf_sball_equal_set(x, y) | "{inf: -25; p=2: 5 + O(2^3); p=3: 30 + O(3^4); p=5: 0 + O(5^2); p=65537: 56297572361812 + O(65537^3); p=18446744073709551557: 340282366920938461286658806734041124081 + O(18446744073709551557^2)}": the round trip changed the set
FAIL tests/test_text_local.c:1225: round_trips_of_generated_values: check failed: adf_lball_identical(&x->loc[k], &y->loc[k]) | "{inf: -8320; p=2: 0 + O(2^1); p=3: 27 + O(3^4); p=65537: 126 + O(65537^5); p=18446744073709551557: 0 + O(18446744073709551557^1)}": the component 3
FAIL tests/test_text_local.c:1232: round_trips_of_generated_values: check failed: adf_sball_equal_set(x, y) | "{inf: -8320; p=2: 0 + O(2^1); p=3: 27 + O(3^4); p=65537: 126 + O(65537^5); p=18446744073709551557: 0 + O(18446744073709551557^1)}": the round trip changed the set
FAIL tests/test_text_local.c:1225: round_trips_of_generated_values: check failed: adf_lball_identical(&x->loc[k], &y->loc[k]) | "{inf: -94; p=3: 0 + O(3^0); p=7: 0 + O(7^0); p=18446744073709551557: 0 + O(18446744073709551557^2)}": the component 2
FAIL tests/test_text_local.c:1232: round_trips_of_generated_values: check failed: adf_sball_equal_set(x, y) | "{inf: -94; p=3: 0 + O(3^0); p=7: 0 + O(7^0); p=18446744073709551557: 0 + O(18446744073709551557^2)}": the round trip changed the set
FAIL tests/test_text_local.c:1225: round_trips_of_generated_values: check failed: adf_lball_identical(&x->loc[k], &y->loc[k]) | "{inf: -1040; p=2: 7/4 + O(2^2); p=5: 0 + O(5^3); p=7: 0 + O(7^3); p=65537: 2863399010 + O(65537^2)}": the component 1
FAIL tests/test_text_local.c:1225: round_trips_of_generated_values: check failed: adf_lball_identical(&x->loc[k], &y->loc[k]) | "{inf: -1040; p=2: 7/4 + O(2^2); p=5: 0 + O(5^3); p=7: 0 + O(7^3); p=65537: 2863399010 + O(65537^2)}": the component 2
FAIL tests/test_text_local.c:1232: round_trips_of_generated_values: check failed: adf_sball_equal_set(x, y) | "{inf: -1040; p=2: 7/4 + O(2^2); p=5: 0 + O(5^3); p=7: 0 + O(7^3); p=65537: 2863399010 + O(65537^2)}": the round trip changed the set
FAIL tests/test_text_local.c:1225: round_trips_of_generated_values: check failed: adf_lball_identical(&x->loc[k], &y->loc[k]) | "{p=3: 2 + O(3^1); p=7: 6 + O(7^1); p=65537: 0 + O(65537^0); p=18446744073709551557: 0 + O(18446744073709551557^3)}": the component 3
FAIL tests/test_text_local.c:1232: round_trips_of_generated_values: check failed: adf_sball_equal_set(x, y) | "{p=3: 2 + O(3^1); p=7: 6 + O(7^1); p=65537: 0 + O(65537^0); p=18446744073709551557: 0 + O(18446744073709551557^3)}": the round trip changed the set
FAIL tests/test_text_local.c:1225: round_trips_of_generated_values: check failed: adf_lball_identical(&x->loc[k], &y->loc[k]) | "{inf: 10.375; p=2: 4 + O(2^5); p=3: 21 + O(3^4); p=5: 0 + O(5^0); p=7: 13986 + O(7^5); p=18446744073709551557: 0 + O(18446744073709551557^3)}": the component 4
FAIL tests/test_text_local.c:1232: round_trips_of_generated_values: check failed: adf_sball_equal_set(x, y) | "{inf: 10.375; p=2: 4 + O(2^5); p=3: 21 + O(3^4); p=5: 0 + O(5^0); p=7: 13986 + O(7^5); p=18446744073709551557: 0 + O(18446744073709551557^3)}": the round trip changed the set
FAIL tests/test_text_local.c:1225: round_trips_of_generated_values: check failed: adf_lball_identical(&x->loc[k], &y->loc[k]) | "{p=7: 0 + O(7^2)}": the component 0
FAIL tests/test_text_local.c:1232: round_trips_of_generated_values: check failed: adf_sball_equal_set(x, y) | "{p=7: 0 + O(7^2)}": the round trip changed the set
FAIL tests/test_text_local.c:1225: round_trips_of_generated_values: check failed: adf_lball_identical(&x->loc[k], &y->loc[k]) | "{inf: 156; p=2: 0 + O(2^0); p=3: 2/3 + O(3^1); p=7: 0 + O(7^2); p=65537: 2863398899 + O(65537^2); p=18446744073709551557: 1281592221552546028941813228696764809893105212162445986092622156857749311909278422561974947169711 + O(18446744073709551557^5)}": the component 2
FAIL tests/test_text_local.c:1232: round_trips_of_generated_values: check failed: adf_sball_equal_set(x, y) | "{inf: 156; p=2: 0 + O(2^0); p=3: 2/3 + O(3^1); p=7: 0 + O(7^2); p=65537: 2863398899 + O(65537^2); p=18446744073709551557: 1281592221552546028941813228696764809893105212162445986092622156857749311909278422561974947169711 + O(18446744073709551557^5)}": the round trip changed the set
FAIL tests/test_text_local.c:1225: round_trips_of_generated_values: check failed: adf_lball_identical(&x->loc[k], &y->loc[k]) | "{p=2: 3 + O(2^4); p=5: 1 + O(5^1); p=7: 20 + O(7^2); p=18446744073709551557: 0 + O(18446744073709551557^3)}": the component 3
FAIL tests/test_text_local.c:1232: round_trips_of_generated_values: check failed: adf_sball_equal_set(x, y) | "{p=2: 3 + O(2^4); p=5: 1 + O(5^1); p=7: 20 + O(7^2); p=18446744073709551557: 0 + O(18446744073709551557^3)}": the round trip changed the set
FAIL tests/test_text_local.c:1225: round_trips_of_generated_values: check failed: adf_lball_identical(&x->loc[k], &y->loc[k]) | "{inf: 3.078125; p=2: 0 + O(2^3); p=5: 567 + O(5^4); p=7: 23 + O(7^2)}": the component 0
FAIL tests/test_text_local.c:1232: round_trips_of_generated_values: check failed: adf_sball_equal_set(x, y) | "{inf: 3.078125; p=2: 0 + O(2^3); p=5: 567 + O(5^4); p=7: 23 + O(7^2)}": the round trip changed the set
FAIL tests/test_text_local.c:1225: round_trips_of_generated_values: check failed: adf_lball_identical(&x->loc[k], &y->loc[k]) | "{inf: -1392; p=2: 0 + O(2^2); p=3: 0 + O(3^3); p=5: 0 + O(5^2); p=65537: 0 + O(65537^1); p=18446744073709551557: 96 + O(18446744073709551557^2)}": the component 0
FAIL tests/test_text_local.c:1225: round_trips_of_generated_values: check failed: adf_lball_identical(&x->loc[k], &y->loc[k]) | "{inf: -1392; p=2: 0 + O(2^2); p=3: 0 + O(3^3); p=5: 0 + O(5^2); p=65537: 0 + O(65537^1); p=18446744073709551557: 96 + O(18446744073709551557^2)}": the component 1
FAIL tests/test_text_local.c:1225: round_trips_of_generated_values: check failed: adf_lball_identical(&x->loc[k], &y->loc[k]) | "{inf: -1392; p=2: 0 + O(2^2); p=3: 0 + O(3^3); p=5: 0 + O(5^2); p=65537: 0 + O(65537^1); p=18446744073709551557: 96 + O(18446744073709551557^2)}": the component 2
FAIL tests/test_text_local.c:1225: round_trips_of_generated_values: check failed: adf_lball_identical(&x->loc[k], &y->loc[k]) | "{inf: -1392; p=2: 0 + O(2^2); p=3: 0 + O(3^3); p=5: 0 + O(5^2); p=65537: 0 + O(65537^1); p=18446744073709551557: 96 + O(18446744073709551557^2)}": the component 3
FAIL tests/test_text_local.c:1232: round_trips_of_generated_values: check failed: adf_sball_equal_set(x, y) | "{inf: -1392; p=2: 0 + O(2^2); p=3: 0 + O(3^3); p=5: 0 + O(5^2); p=65537: 0 + O(65537^1); p=18446744073709551557: 96 + O(18446744073709551557^2)}": the round trip changed the set
FAIL tests/test_text_local.c:1225: round_trips_of_generated_values: check failed: adf_lball_identical(&x->loc[k], &y->loc[k]) | "{p=3: 3 + O(3^5); p=7: 0 + O(7^3); p=65537: 130 + O(65537^5)}": the component 1
FAIL tests/test_text_local.c:1232: round_trips_of_generated_values: check failed: adf_sball_equal_set(x, y) | "{p=3: 3 + O(3^5); p=7: 0 + O(7^3); p=65537: 130 + O(65537^5)}": the round trip changed the set
FAIL tests/test_text_local.c:1225: round_trips_of_generated_values: check failed: adf_lball_identical(&x->loc[k], &y->loc[k]) | "{inf: 332; p=5: 2 + O(5^1); p=18446744073709551557: 0 + O(18446744073709551557^1)}": the component 1
FAIL tests/test_text_local.c:1232: round_trips_of_generated_values: check failed: adf_sball_equal_set(x, y) | "{inf: 332; p=5: 2 + O(5^1); p=18446744073709551557: 0 + O(18446744073709551557^1)}": the round trip changed the set
FAIL tests/test_text_local.c:1225: round_trips_of_generated_values: check failed: adf_lball_identical(&x->loc[k], &y->loc[k]) | "{p=2: 0 + O(2^0); p=18446744073709551557: 0 + O(18446744073709551557^2)}": the component 1
FAIL tests/test_text_local.c:1232: round_trips_of_generated_values: check failed: adf_sball_equal_set(x, y) | "{p=2: 0 + O(2^0); p=18446744073709551557: 0 + O(18446744073709551557^2)}": the round trip changed the set
FAIL tests/test_text_local.c:1225: round_trips_of_generated_values: check failed: adf_lball_identical(&x->loc[k], &y->loc[k]) | "{inf: 41.5; p=2: 29/4 + O(2^5); p=3: 224 + O(3^5); p=7: 3 + O(7^1); p=65537: 0 + O(65537^3); p=18446744073709551557: 3 + O(18446744073709551557^2)}": the component 3
FAIL tests/test_text_local.c:1232: round_trips_of_generated_values: check failed: adf_sball_equal_set(x, y) | "{inf: 41.5; p=2: 29/4 + O(2^5); p=3: 224 + O(3^5); p=7: 3 + O(7^1); p=65537: 0 + O(65537^3); p=18446744073709551557: 3 + O(18446744073709551557^2)}": the round trip changed the set
FAIL tests/test_text_local.c:1225: round_trips_of_generated_values: check failed: adf_lball_identical(&x->loc[k], &y->loc[k]) | "{inf: 15104; p=3: 0 + O(3^2); p=65537: 0 + O(65537^1)}": the component 0
FAIL tests/test_text_local.c:1225: round_trips_of_generated_values: check failed: adf_lball_identical(&x->loc[k], &y->loc[k]) | "{inf: 15104; p=3: 0 + O(3^2); p=65537: 0 + O(65537^1)}": the component 1
FAIL tests/test_text_local.c:1232: round_trips_of_generated_values: check failed: adf_sball_equal_set(x, y) | "{inf: 15104; p=3: 0 + O(3^2); p=65537: 0 + O(65537^1)}": the round trip changed the set
FAIL tests/test_text_local.c:1225: round_trips_of_generated_values: check failed: adf_lball_identical(&x->loc[k], &y->loc[k]) | "{inf: -4.40625; p=2: 0 + O(2^3); p=7: 16544 + O(7^5); p=65537: 0 + O(65537^2)}": the component 0
FAIL tests/test_text_local.c:1225: round_trips_of_generated_values: check failed: adf_lball_identical(&x->loc[k], &y->loc[k]) | "{inf: -4.40625; p=2: 0 + O(2^3); p=7: 16544 + O(7^5); p=65537: 0 + O(65537^2)}": the component 2
FAIL tests/test_text_local.c:1232: round_trips_of_generated_values: check failed: adf_sball_equal_set(x, y) | "{inf: -4.40625; p=2: 0 + O(2^3); p=7: 16544 + O(7^5); p=65537: 0 + O(65537^2)}": the round trip changed the set
FAIL tests/test_text_local.c:1225: round_trips_of_generated_values: check failed: adf_lball_identical(&x->loc[k], &y->loc[k]) | "{p=2: 0 + O(2^2); p=3: 340/3 + O(3^5); p=7: 11 + O(7^2); p=65537: 140743930904723 + O(65537^3)}": the component 0
FAIL tests/test_text_local.c:1232: round_trips_of_generated_values: check failed: adf_sball_equal_set(x, y) | "{p=2: 0 + O(2^2); p=3: 340/3 + O(3^5); p=7: 11 + O(7^2); p=65537: 140743930904723 + O(65537^3)}": the round trip changed the set
FAIL tests/test_text_local.c:1225: round_trips_of_generated_values: check failed: adf_lball_identical(&x->loc[k], &y->loc[k]) | "{inf: 30.25; p=2: 1 + O(2^3); p=7: 5618 + O(7^5); p=65537: 0 + O(65537^3)}": the component 2
FAIL tests/test_text_local.c:1232: round_trips_of_generated_values: check failed: adf_sball_equal_set(x, y) | "{inf: 30.25; p=2: 1 + O(2^3); p=7: 5618 + O(7^5); p=65537: 0 + O(65537^3)}": the round trip changed the set
FAIL tests/test_text_local.c:1225: round_trips_of_generated_values: check failed: adf_lball_identical(&x->loc[k], &y->loc[k]) | "{p=18446744073709551557: 0 + O(18446744073709551557^1)}": the component 0
FAIL tests/test_text_local.c:1232: round_trips_of_generated_values: check failed: adf_sball_equal_set(x, y) | "{p=18446744073709551557: 0 + O(18446744073709551557^1)}": the round trip changed the set
FAIL tests/test_text_local.c:1225: round_trips_of_generated_values: check failed: adf_lball_identical(&x->loc[k], &y->loc[k]) | "{inf: 7424; p=3: 1 + O(3^5); p=5: 0 + O(5^3); p=65537: 2147549153 + O(65537^2); p=18446744073709551557: 0 + O(18446744073709551557^2)}": the component 1
FAIL tests/test_text_local.c:1225: round_trips_of_generated_values: check failed: adf_lball_identical(&x->loc[k], &y->loc[k]) | "{inf: 7424; p=3: 1 + O(3^5); p=5: 0 + O(5^3); p=65537: 2147549153 + O(65537^2); p=18446744073709551557: 0 + O(18446744073709551557^2)}": the component 3
FAIL tests/test_text_local.c:1232: round_trips_of_generated_values: check failed: adf_sball_equal_set(x, y) | "{inf: 7424; p=3: 1 + O(3^5); p=5: 0 + O(5^3); p=65537: 2147549153 + O(65537^2); p=18446744073709551557: 0 + O(18446744073709551557^2)}": the round trip changed the set
FAIL tests/test_text_local.c:1225: round_trips_of_generated_values: check failed: adf_lball_identical(&x->loc[k], &y->loc[k]) | "{inf: -23936; p=3: 0 + O(3^3); p=18446744073709551557: 0 + O(18446744073709551557^1)}": the component 0
FAIL tests/test_text_local.c:1225: round_trips_of_generated_values: check failed: adf_lball_identical(&x->loc[k], &y->loc[k]) | "{inf: -23936; p=3: 0 + O(3^3); p=18446744073709551557: 0 + O(18446744073709551557^1)}": the component 1
FAIL tests/test_text_local.c:1232: round_trips_of_generated_values: check failed: adf_sball_equal_set(x, y) | "{inf: -23936; p=3: 0 + O(3^3); p=18446744073709551557: 0 + O(18446744073709551557^1)}": the round trip changed the set
FAIL tests/test_text_local.c:1225: round_trips_of_generated_values: check failed: adf_lball_identical(&x->loc[k], &y->loc[k]) | "{p=2: 0 + O(2^1); p=3: 8/3 + O(3^3); p=5: 0 + O(5^1); p=7: 309 + O(7^3); p=65537: 138 + O(65537^3)}": the component 2
FAIL tests/test_text_local.c:1232: round_trips_of_generated_values: check failed: adf_sball_equal_set(x, y) | "{p=2: 0 + O(2^1); p=3: 8/3 + O(3^3); p=5: 0 + O(5^1); p=7: 309 + O(7^3); p=65537: 138 + O(65537^3)}": the round trip changed the set
FAIL tests/test_text_local.c:1225: round_trips_of_generated_values: check failed: adf_lball_identical(&x->loc[k], &y->loc[k]) | "{p=7: 46 + O(7^2); p=18446744073709551557: 0 + O(18446744073709551557^1)}": the component 1
FAIL tests/test_text_local.c:1232: round_trips_of_generated_values: check failed: adf_sball_equal_set(x, y) | "{p=7: 46 + O(7^2); p=18446744073709551557: 0 + O(18446744073709551557^1)}": the round trip changed the set
FAIL tests/test_text_local.c:1225: round_trips_of_generated_values: check failed: adf_lball_identical(&x->loc[k], &y->loc[k]) | "{inf: 1360; p=5: 24 + O(5^2); p=65537: 0 + O(65537^2); p=18446744073709551557: 9223372036854775874 + O(18446744073709551557^1)}": the component 1
FAIL tests/test_text_local.c:1232: round_trips_of_generated_values: check failed: adf_sball_equal_set(x, y) | "{inf: 1360; p=5: 24 + O(5^2); p=65537: 0 + O(65537^2); p=18446744073709551557: 9223372036854775874 + O(18446744073709551557^1)}": the round trip changed the set
FAIL tests/test_text_local.c:1225: round_trips_of_generated_values: check failed: adf_lball_identical(&x->loc[k], &y->loc[k]) | "{p=2: 5 + O(2^3); p=3: 0 + O(3^3); p=7: 0 + O(7^0)}": the component 1
FAIL tests/test_text_local.c:1232: round_trips_of_generated_values: check failed: adf_sball_equal_set(x, y) | "{p=2: 5 + O(2^3); p=3: 0 + O(3^3); p=7: 0 + O(7^0)}": the round trip changed the set
FAIL tests/test_text_local.c:1225: round_trips_of_generated_values: check failed: adf_lball_identical(&x->loc[k], &y->loc[k]) | "{inf: -724; p=2: 0 + O(2^2); p=3: 7 + O(3^2); p=5: 0 + O(5^3)}": the component 0
FAIL tests/test_text_local.c:1225: round_trips_of_generated_values: check failed: adf_lball_identical(&x->loc[k], &y->loc[k]) | "{inf: -724; p=2: 0 + O(2^2); p=3: 7 + O(3^2); p=5: 0 + O(5^3)}": the component 2
FAIL tests/test_text_local.c:1232: round_trips_of_generated_values: check failed: adf_sball_equal_set(x, y) | "{inf: -724; p=2: 0 + O(2^2); p=3: 7 + O(3^2); p=5: 0 + O(5^3)}": the round trip changed the set
FAIL tests/test_text_local.c:1225: round_trips_of_generated_values: check failed: adf_lball_identical(&x->loc[k], &y->loc[k]) | "{inf: 39424; p=2: 0 + O(2^0); p=7: 0 + O(7^1); p=65537: 604509028074895219785751 + O(65537^5)}": the component 1
FAIL tests/test_text_local.c:1232: round_trips_of_generated_values: check failed: adf_sball_equal_set(x, y) | "{inf: 39424; p=2: 0 + O(2^0); p=7: 0 + O(7^1); p=65537: 604509028074895219785751 + O(65537^5)}": the round trip changed the set
FAIL tests/test_text_local.c:1225: round_trips_of_generated_values: check failed: adf_lball_identical(&x->loc[k], &y->loc[k]) | "{inf: -155; p=2: 1 + O(2^4); p=3: 0 + O(3^2); p=5: 0 + O(5^2); p=7: 105 + O(7^3); p=65537: 302254514037447609892843 + O(65537^5)}": the component 1
FAIL tests/test_text_local.c:1225: round_trips_of_generated_values: check failed: adf_lball_identical(&x->loc[k], &y->loc[k]) | "{inf: -155; p=2: 1 + O(2^4); p=3: 0 + O(3^2); p=5: 0 + O(5^2); p=7: 105 + O(7^3); p=65537: 302254514037447609892843 + O(65537^5)}": the component 2
FAIL tests/test_text_local.c:1232: round_trips_of_generated_values: check failed: adf_sball_equal_set(x, y) | "{inf: -155; p=2: 1 + O(2^4); p=3: 0 + O(3^2); p=5: 0 + O(5^2); p=7: 105 + O(7^3); p=65537: 302254514037447609892843 + O(65537^5)}": the round trip changed the set
FAIL tests/test_text_local.c:1225: round_trips_of_generated_values: check failed: adf_lball_identical(&x->loc[k], &y->loc[k]) | "{p=7: 0 + O(7^2)}": the component 0
FAIL tests/test_text_local.c:1232: round_trips_of_generated_values: check failed: adf_sball_equal_set(x, y) | "{p=7: 0 + O(7^2)}": the round trip changed the set
FAIL tests/test_text_local.c:1225: round_trips_of_generated_values: check failed: adf_lball_identical(&x->loc[k], &y->loc[k]) | "{inf: 4.3125; p=2: 0 + O(2^0); p=3: 0 + O(3^1); p=5: 1440 + O(5^5); p=7: 0 + O(7^0); p=65537: 0 + O(65537^0)}": the component 1
FAIL tests/test_text_local.c:1232: round_trips_of_generated_values: check failed: adf_sball_equal_set(x, y) | "{inf: 4.3125; p=2: 0 + O(2^0); p=3: 0 + O(3^1); p=5: 1440 + O(5^5); p=7: 0 + O(7^0); p=65537: 0 + O(65537^0)}": the round trip changed the set
FAIL tests/test_text_local.c:1225: round_trips_of_generated_values: check failed: adf_lball_identical(&x->loc[k], &y->loc[k]) | "{inf: 24832; p=2: 0 + O(2^2); p=5: 38 + O(5^4)}": the component 0
FAIL tests/test_text_local.c:1232: round_trips_of_generated_values: check failed: adf_sball_equal_set(x, y) | "{inf: 24832; p=2: 0 + O(2^2); p=5: 38 + O(5^4)}": the round trip changed the set
FAIL tests/test_text_local.c:1225: round_trips_of_generated_values: check failed: adf_lball_identical(&x->loc[k], &y->loc[k]) | "{inf: -146; p=3: 0 + O(3^2); p=7: 0 + O(7^1); p=65537: 13835902499539845091 + O(65537^4)}": the component 0
FAIL tests/test_text_local.c:1225: round_trips_of_generated_values: check failed: adf_lball_identical(&x->loc[k], &y->loc[k]) | "{inf: -146; p=3: 0 + O(3^2); p=7: 0 + O(7^1); p=65537: 13835902499539845091 + O(65537^4)}": the component 1
FAIL tests/test_text_local.c:1232: round_trips_of_generated_values: check failed: adf_sball_equal_set(x, y) | "{inf: -146; p=3: 0 + O(3^2); p=7: 0 + O(7^1); p=65537: 13835902499539845091 + O(65537^4)}": the round trip changed the set
FAIL tests/test_text_local.c:1225: round_trips_of_generated_values: check failed: adf_lball_identical(&x->loc[k], &y->loc[k]) | "{p=2: 0 + O(2^3); p=3: 4 + O(3^3); p=5: 386 + O(5^4); p=7: 0 + O(7^3); p=18446744073709551557: 6148914691236517211 + O(18446744073709551557^1)}": the component 0
FAIL tests/test_text_local.c:1225: round_trips_of_generated_values: check failed: adf_lball_identical(&x->loc[k], &y->loc[k]) | "{p=2: 0 + O(2^3); p=3: 4 + O(3^3); p=5: 386 + O(5^4); p=7: 0 + O(7^3); p=18446744073709551557: 6148914691236517211 + O(18446744073709551557^1)}": the component 3
FAIL tests/test_text_local.c:1232: round_trips_of_generated_values: check failed: adf_sball_equal_set(x, y) | "{p=2: 0 + O(2^3); p=3: 4 + O(3^3); p=5: 386 + O(5^4); p=7: 0 + O(7^3); p=18446744073709551557: 6148914691236517211 + O(18446744073709551557^1)}": the round trip changed the set
FAIL tests/test_text_local.c:1225: round_trips_of_generated_values: check failed: adf_lball_identical(&x->loc[k], &y->loc[k]) | "{inf: 1.2421875; p=2: 0 + O(2^0); p=3: 22/3 + O(3^2); p=7: 0 + O(7^1); p=65537: 12298579999590973381 + O(65537^4); p=18446744073709551557: 340282366920938461286658806734041124022 + O(18446744073709551557^2)}": the component 2
FAIL tests/test_text_local.c:1232: round_trips_of_generated_values: check failed: adf_sball_equal_set(x, y) | "{inf: 1.2421875; p=2: 0 + O(2^0); p=3: 22/3 + O(3^2); p=7: 0 + O(7^1); p=65537: 12298579999590973381 + O(65537^4); p=18446744073709551557: 340282366920938461286658806734041124022 + O(18446744073709551557^2)}": the round trip changed the set
FAIL tests/test_text_local.c:1225: round_trips_of_generated_values: check failed: adf_lball_identical(&x->loc[k], &y->loc[k]) | "{inf: 0.140625; p=2: 0 + O(2^2); p=3: 0 + O(3^2); p=5: 3061 + O(5^5)}": the component 0
FAIL tests/test_text_local.c:1225: round_trips_of_generated_values: check failed: adf_lball_identical(&x->loc[k], &y->loc[k]) | "{inf: 0.140625; p=2: 0 + O(2^2); p=3: 0 + O(3^2); p=5: 3061 + O(5^5)}": the component 1
FAIL tests/test_text_local.c:1232: round_trips_of_generated_values: check failed: adf_sball_equal_set(x, y) | "{inf: 0.140625; p=2: 0 + O(2^2); p=3: 0 + O(3^2); p=5: 3061 + O(5^5)}": the round trip changed the set
FAIL tests/test_text_local.c:1225: round_trips_of_generated_values: check failed: adf_lball_identical(&x->loc[k], &y->loc[k]) | "{inf: -1472; p=2: 5 + O(2^3); p=3: 0 + O(3^1); p=5: 2 + O(5^1); p=7: 0 + O(7^1); p=65537: 42 + O(65537^4)}": the component 1
FAIL tests/test_text_local.c:1225: round_trips_of_generated_values: check failed: adf_lball_identical(&x->loc[k], &y->loc[k]) | "{inf: -1472; p=2: 5 + O(2^3); p=3: 0 + O(3^1); p=5: 2 + O(5^1); p=7: 0 + O(7^1); p=65537: 42 + O(65537^4)}": the component 3
FAIL tests/test_text_local.c:1232: round_trips_of_generated_values: check failed: adf_sball_equal_set(x, y) | "{inf: -1472; p=2: 5 + O(2^3); p=3: 0 + O(3^1); p=5: 2 + O(5^1); p=7: 0 + O(7^1); p=65537: 42 + O(65537^4)}": the round trip changed the set
FAIL tests/test_text_local.c:1225: round_trips_of_generated_values: check failed: adf_lball_identical(&x->loc[k], &y->loc[k]) | "{p=3: 0 + O(3^1); p=5: 1698 + O(5^5); p=7: 0 + O(7^2); p=65537: 0 + O(65537^0)}": the component 0
FAIL tests/test_text_local.c:1225: round_trips_of_generated_values: check failed: adf_lball_identical(&x->loc[k], &y->loc[k]) | "{p=3: 0 + O(3^1); p=5: 1698 + O(5^5); p=7: 0 + O(7^2); p=65537: 0 + O(65537^0)}": the component 2
FAIL tests/test_text_local.c:1232: round_trips_of_generated_values: check failed: adf_sball_equal_set(x, y) | "{p=3: 0 + O(3^1); p=5: 1698 + O(5^5); p=7: 0 + O(7^2); p=65537: 0 + O(65537^0)}": the round trip changed the set
FAIL tests/test_text_local.c:1225: round_trips_of_generated_values: check failed: adf_lball_identical(&x->loc[k], &y->loc[k]) | "{inf: -210; p=3: 33 + O(3^5); p=5: 0 + O(5^3); p=7: 17 + O(7^2); p=65537: 9223934999693230195 + O(65537^4); p=18446744073709551557: 0 + O(18446744073709551557^0)}": the component 1
FAIL tests/test_text_local.c:1232: round_trips_of_generated_values: check failed: adf_sball_equal_set(x, y) | "{inf: -210; p=3: 33 + O(3^5); p=5: 0 + O(5^3); p=7: 17 + O(7^2); p=65537: 9223934999693230195 + O(65537^4); p=18446744073709551557: 0 + O(18446744073709551557^0)}": the round trip changed the set
FAIL tests/test_text_local.c:1225: round_trips_of_generated_values: check failed: adf_lball_identical(&x->loc[k], &y->loc[k]) | "{inf: -51200; p=2: 2 + O(2^4); p=5: 2 + O(5^1); p=7: 0 + O(7^2); p=65537: 281487861808900 + O(65537^3); p=18446744073709551557: 68056473384187692257331761346808224793 + O(18446744073709551557^2)}": the component 2
FAIL tests/test_text_local.c:1232: round_trips_of_generated_values: check failed: adf_sball_equal_set(x, y) | "{inf: -51200; p=2: 2 + O(2^4); p=5: 2 + O(5^1); p=7: 0 + O(7^2); p=65537: 281487861808900 + O(65537^3); p=18446744073709551557: 68056473384187692257331761346808224793 + O(18446744073709551557^2)}": the round trip changed the set
FAIL tests/test_text_local.c:1225: round_trips_of_generated_values: check failed: adf_lball_identical(&x->loc[k], &y->loc[k]) | "{inf: -1.5; p=5: 0 + O(5^1)}": the component 0
FAIL tests/test_text_local.c:1232: round_trips_of_generated_values: check failed: adf_sball_equal_set(x, y) | "{inf: -1.5; p=5: 0 + O(5^1)}": the round trip changed the set
FAIL tests/test_text_local.c:1225: round_trips_of_generated_values: check failed: adf_lball_identical(&x->loc[k], &y->loc[k]) | "{p=3: 0 + O(3^2); p=5: 8 + O(5^2); p=18446744073709551557: 2135987035920910048236355381161274683155175353604076643487703594762915519848797370936624911949508 + O(18446744073709551557^5)}": the component 0
FAIL tests/test_text_local.c:1232: round_trips_of_generated_values: check failed: adf_sball_equal_set(x, y) | "{p=3: 0 + O(3^2); p=5: 8 + O(5^2); p=18446744073709551557: 2135987035920910048236355381161274683155175353604076643487703594762915519848797370936624911949508 + O(18446744073709551557^5)}": the round trip changed the set
FAIL tests/test_text_local.c:1225: round_trips_of_generated_values: check failed: adf_lball_identical(&x->loc[k], &y->loc[k]) | "{inf: -780; p=5: 11 + O(5^2); p=7: 25 + O(7^2); p=18446744073709551557: 0 + O(18446744073709551557^2)}": the component 2
FAIL tests/test_text_local.c:1232: round_trips_of_generated_values: check failed: adf_sball_equal_set(x, y) | "{inf: -780; p=5: 11 + O(5^2); p=7: 25 + O(7^2); p=18446744073709551557: 0 + O(18446744073709551557^2)}": the round trip changed the set
FAIL tests/test_text_local.c:1225: round_trips_of_generated_values: check failed: adf_lball_identical(&x->loc[k], &y->loc[k]) | "{inf: 144; p=5: 9 + O(5^2); p=7: 0 + O(7^1)}": the component 1
FAIL tests/test_text_local.c:1232: round_trips_of_generated_values: check failed: adf_sball_equal_set(x, y) | "{inf: 144; p=5: 9 + O(5^2); p=7: 0 + O(7^1)}": the round trip changed the set
FAIL tests/test_text_local.c:1225: round_trips_of_generated_values: check failed: adf_lball_identical(&x->loc[k], &y->loc[k]) | "{p=2: 0 + O(2^3); p=5: 66 + O(5^3); p=7: 11245 + O(7^5)}": the component 0
FAIL tests/test_text_local.c:1232: round_trips_of_generated_values: check failed: adf_sball_equal_set(x, y) | "{p=2: 0 + O(2^3); p=5: 66 + O(5^3); p=7: 11245 + O(7^5)}": the round trip changed the set
FAIL tests/test_text_local.c:1225: round_trips_of_generated_values: check failed: adf_lball_identical(&x->loc[k], &y->loc[k]) | "{inf: -0.703125; p=2: 0 + O(2^3); p=5: 0 + O(5^1); p=65537: 0 + O(65537^2); p=18446744073709551557: 4184734490257787135737206985467705717149598860526605603766 + O(18446744073709551557^3)}": the component 0
FAIL tests/test_text_local.c:1225: round_trips_of_generated_values: check failed: adf_lball_identical(&x->loc[k], &y->loc[k]) | "{inf: -0.703125; p=2: 0 + O(2^3); p=5: 0 + O(5^1); p=65537: 0 + O(65537^2); p=18446744073709551557: 4184734490257787135737206985467705717149598860526605603766 + O(18446744073709551557^3)}": the component 1
FAIL tests/test_text_local.c:1225: round_trips_of_generated_values: check failed: adf_lball_identical(&x->loc[k], &y->loc[k]) | "{inf: -0.703125; p=2: 0 + O(2^3); p=5: 0 + O(5^1); p=65537: 0 + O(65537^2); p=18446744073709551557: 4184734490257787135737206985467705717149598860526605603766 + O(18446744073709551557^3)}": the component 2
FAIL tests/test_text_local.c:1232: round_trips_of_generated_values: check failed: adf_sball_equal_set(x, y) | "{inf: -0.703125; p=2: 0 + O(2^3); p=5: 0 + O(5^1); p=65537: 0 + O(65537^2); p=18446744073709551557: 4184734490257787135737206985467705717149598860526605603766 + O(18446744073709551557^3)}": the round trip changed the set
FAIL tests/test_text_local.c:1225: round_trips_of_generated_values: check failed: adf_lball_identical(&x->loc[k], &y->loc[k]) | "{inf: 1536; p=5: 0 + O(5^1); p=7: 0 + O(7^0)}": the component 0
FAIL tests/test_text_local.c:1232: round_trips_of_generated_values: check failed: adf_sball_equal_set(x, y) | "{inf: 1536; p=5: 0 + O(5^1); p=7: 0 + O(7^0)}": the round trip changed the set
FAIL tests/test_text_local.c:1225: round_trips_of_generated_values: check failed: adf_lball_identical(&x->loc[k], &y->loc[k]) | "{inf: -2; p=7: 0 + O(7^1)}": the component 0
FAIL tests/test_text_local.c:1232: round_trips_of_generated_values: check failed: adf_sball_equal_set(x, y) | "{inf: -2; p=7: 0 + O(7^1)}": the round trip changed the set
FAIL tests/test_text_local.c:1225: round_trips_of_generated_values: check failed: adf_lball_identical(&x->loc[k], &y->loc[k]) | "{inf: -0.96875; p=2: 15/2 + O(2^5); p=65537: 6149289999795486701 + O(65537^4); p=18446744073709551557: 0 + O(18446744073709551557^3)}": the component 2
FAIL tests/test_text_local.c:1232: round_trips_of_generated_values: check failed: adf_sball_equal_set(x, y) | "{inf: -0.96875; p=2: 15/2 + O(2^5); p=65537: 6149289999795486701 + O(65537^4); p=18446744073709551557: 0 + O(18446744073709551557^3)}": the round trip changed the set
FAIL tests/test_text_local.c:1225: round_trips_of_generated_values: check failed: adf_lball_identical(&x->loc[k], &y->loc[k]) | "{p=2: 0 + O(2^3)}": the component 0
FAIL tests/test_text_local.c:1232: round_trips_of_generated_values: check failed: adf_sball_equal_set(x, y) | "{p=2: 0 + O(2^3)}": the round trip changed the set
FAIL tests/test_text_local.c:1225: round_trips_of_generated_values: check failed: adf_lball_identical(&x->loc[k], &y->loc[k]) | "{inf: 0.7265625; p=2: 0 + O(2^0); p=3: 0 + O(3^3); p=5: 21 + O(5^2); p=65537: 0 + O(65537^1); p=18446744073709551557: 52 + O(18446744073709551557^4)}": the component 1
FAIL tests/test_text_local.c:1225: round_trips_of_generated_values: check failed: adf_lball_identical(&x->loc[k], &y->loc[k]) | "{inf: 0.7265625; p=2: 0 + O(2^0); p=3: 0 + O(3^3); p=5: 21 + O(5^2); p=65537: 0 + O(65537^1); p=18446744073709551557: 52 + O(18446744073709551557^4)}": the component 3
FAIL tests/test_text_local.c:1232: round_trips_of_generated_values: check failed: adf_sball_equal_set(x, y) | "{inf: 0.7265625; p=2: 0 + O(2^0); p=3: 0 + O(3^3); p=5: 21 + O(5^2); p=65537: 0 + O(65537^1); p=18446744073709551557: 52 + O(18446744073709551557^4)}": the round trip changed the set
FAIL tests/test_text_local.c:1225: round_trips_of_generated_values: check failed: adf_lball_identical(&x->loc[k], &y->loc[k]) | "{p=2: 0 + O(2^3); p=3: 2/3 + O(3^0); p=5: 4 + O(5^1); p=7: 37 + O(7^2); p=65537: 0 + O(65537^2)}": the component 0
FAIL tests/test_text_local.c:1225: round_trips_of_generated_values: check failed: adf_lball_identical(&x->loc[k], &y->loc[k]) | "{p=2: 0 + O(2^3); p=3: 2/3 + O(3^0); p=5: 4 + O(5^1); p=7: 37 + O(7^2); p=65537: 0 + O(65537^2)}": the component 4
FAIL tests/test_text_local.c:1232: round_trips_of_generated_values: check failed: adf_sball_equal_set(x, y) | "{p=2: 0 + O(2^3); p=3: 2/3 + O(3^0); p=5: 4 + O(5^1); p=7: 37 + O(7^2); p=65537: 0 + O(65537^2)}": the round trip changed the set
FAIL tests/test_text_local.c:1225: round_trips_of_generated_values: check failed: adf_lball_identical(&x->loc[k], &y->loc[k]) | "{inf: -37120; p=2: 0 + O(2^1); p=3: 2 + O(3^1); p=7: 288 + O(7^3); p=65537: 16 + O(65537^5); p=18446744073709551557: 0 + O(18446744073709551557^0)}": the component 0
FAIL tests/test_text_local.c:1232: round_trips_of_generated_values: check failed: adf_sball_equal_set(x, y) | "{inf: -37120; p=2: 0 + O(2^1); p=3: 2 + O(3^1); p=7: 288 + O(7^3); p=65537: 16 + O(65537^5); p=18446744073709551557: 0 + O(18446744073709551557^0)}": the round trip changed the set
FAIL tests/test_text_local.c:1225: round_trips_of_generated_values: check failed: adf_lball_identical(&x->loc[k], &y->loc[k]) | "{p=2: 1 + O(2^2); p=5: 0 + O(5^2); p=65537: 0 + O(65537^0); p=18446744073709551557: 0 + O(18446744073709551557^2)}": the component 1
FAIL tests/test_text_local.c:1225: round_trips_of_generated_values: check failed: adf_lball_identical(&x->loc[k], &y->loc[k]) | "{p=2: 1 + O(2^2); p=5: 0 + O(5^2); p=65537: 0 + O(65537^0); p=18446744073709551557: 0 + O(18446744073709551557^2)}": the component 3
FAIL tests/test_text_local.c:1232: round_trips_of_generated_values: check failed: adf_sball_equal_set(x, y) | "{p=2: 1 + O(2^2); p=5: 0 + O(5^2); p=65537: 0 + O(65537^0); p=18446744073709551557: 0 + O(18446744073709551557^2)}": the round trip changed the set
FAIL tests/test_text_local.c:1225: round_trips_of_generated_values: check failed: adf_lball_identical(&x->loc[k], &y->loc[k]) | "{inf: -368; p=18446744073709551557: 0 + O(18446744073709551557^2)}": the component 0
FAIL tests/test_text_local.c:1232: round_trips_of_generated_values: check failed: adf_sball_equal_set(x, y) | "{inf: -368; p=18446744073709551557: 0 + O(18446744073709551557^2)}": the round trip changed the set
FAIL tests/test_text_local.c:1225: round_trips_of_generated_values: check failed: adf_lball_identical(&x->loc[k], &y->loc[k]) | "{inf: 2832; p=2: 9 + O(2^4); p=3: 0 + O(3^2); p=5: 1 + O(5^1); p=65537: 0 + O(65537^3); p=18446744073709551557: 12297829382473034404 + O(18446744073709551557^1)}": the component 1
FAIL tests/test_text_local.c:1225: round_trips_of_generated_values: check failed: adf_lball_identical(&x->loc[k], &y->loc[k]) | "{inf: 2832; p=2: 9 + O(2^4); p=3: 0 + O(3^2); p=5: 1 + O(5^1); p=65537: 0 + O(65537^3); p=18446744073709551557: 12297829382473034404 + O(18446744073709551557^1)}": the component 3
FAIL tests/test_text_local.c:1232: round_trips_of_generated_values: check failed: adf_sball_equal_set(x, y) | "{inf: 2832; p=2: 9 + O(2^4); p=3: 0 + O(3^2); p=5: 1 + O(5^1); p=65537: 0 + O(65537^3); p=18446744073709551557: 12297829382473034404 + O(18446744073709551557^1)}": the round trip changed the set
FAIL tests/test_text_local.c:1225: round_trips_of_generated_values: check failed: adf_lball_identical(&x->loc[k], &y->loc[k]) | "{inf: -1728; p=3: 0 + O(3^3); p=5: 0 + O(5^3); p=18446744073709551557: 0 + O(18446744073709551557^3)}": the component 0
FAIL tests/test_text_local.c:1225: round_trips_of_generated_values: check failed: adf_lball_identical(&x->loc[k], &y->loc[k]) | "{inf: -1728; p=3: 0 + O(3^3); p=5: 0 + O(5^3); p=18446744073709551557: 0 + O(18446744073709551557^3)}": the component 1
FAIL tests/test_text_local.c:1225: round_trips_of_generated_values: check failed: adf_lball_identical(&x->loc[k], &y->loc[k]) | "{inf: -1728; p=3: 0 + O(3^3); p=5: 0 + O(5^3); p=18446744073709551557: 0 + O(18446744073709551557^3)}": the component 2
FAIL tests/test_text_local.c:1232: round_trips_of_generated_values: check failed: adf_sball_equal_set(x, y) | "{inf: -1728; p=3: 0 + O(3^3); p=5: 0 + O(5^3); p=18446744073709551557: 0 + O(18446744073709551557^3)}": the round trip changed the set
FAIL tests/test_text_local.c:1225: round_trips_of_generated_values: check failed: adf_lball_identical(&x->loc[k], &y->loc[k]) | "{inf: -4672; p=2: 2 + O(2^2); p=3: 676/3 + O(3^5); p=7: 0 + O(7^2); p=65537: 3221323746 + O(65537^2)}": the component 2
FAIL tests/test_text_local.c:1232: round_trips_of_generated_values: check failed: adf_sball_equal_set(x, y) | "{inf: -4672; p=2: 2 + O(2^2); p=3: 676/3 + O(3^5); p=7: 0 + O(7^2); p=65537: 3221323746 + O(65537^2)}": the round trip changed the set
FAIL tests/test_text_local.c:1225: round_trips_of_generated_values: check failed: adf_lball_identical(&x->loc[k], &y->loc[k]) | "{inf: -704; p=5: 151/5 + O(5^4); p=7: 27 + O(7^3); p=65537: 0 + O(65537^3)}": the component 2
FAIL tests/test_text_local.c:1232: round_trips_of_generated_values: check failed: adf_sball_equal_set(x, y) | "{inf: -704; p=5: 151/5 + O(5^4); p=7: 27 + O(7^3); p=65537: 0 + O(65537^3)}": the round trip changed the set
FAIL tests/test_text_local.c:1225: round_trips_of_generated_values: check failed: adf_lball_identical(&x->loc[k], &y->loc[k]) | "{inf: 16.125; p=7: 0 + O(7^1); p=65537: 0 + O(65537^1); p=18446744073709551557: 0 + O(18446744073709551557^2)}": the component 0
FAIL tests/test_text_local.c:1225: round_trips_of_generated_values: check failed: adf_lball_identical(&x->loc[k], &y->loc[k]) | "{inf: 16.125; p=7: 0 + O(7^1); p=65537: 0 + O(65537^1); p=18446744073709551557: 0 + O(18446744073709551557^2)}": the component 1
FAIL tests/test_text_local.c:1225: round_trips_of_generated_values: check failed: adf_lball_identical(&x->loc[k], &y->loc[k]) | "{inf: 16.125; p=7: 0 + O(7^1); p=65537: 0 + O(65537^1); p=18446744073709551557: 0 + O(18446744073709551557^2)}": the component 2
FAIL tests/test_text_local.c:1232: round_trips_of_generated_values: check failed: adf_sball_equal_set(x, y) | "{inf: 16.125; p=7: 0 + O(7^1); p=65537: 0 + O(65537^1); p=18446744073709551557: 0 + O(18446744073709551557^2)}": the round trip changed the set
FAIL tests/test_text_local.c:1225: round_trips_of_generated_values: check failed: adf_lball_identical(&x->loc[k], &y->loc[k]) | "{p=2: 0 + O(2^0); p=3: 7/3 + O(3^5); p=7: 0 + O(7^2); p=65537: 0 + O(65537^2); p=18446744073709551557: 125 + O(18446744073709551557^2)}": the component 2
FAIL tests/test_text_local.c:1225: round_trips_of_generated_values: check failed: adf_lball_identical(&x->loc[k], &y->loc[k]) | "{p=2: 0 + O(2^0); p=3: 7/3 + O(3^5); p=7: 0 + O(7^2); p=65537: 0 + O(65537^2); p=18446744073709551557: 125 + O(18446744073709551557^2)}": the component 3
FAIL tests/test_text_local.c:1232: round_trips_of_generated_values: check failed: adf_sball_equal_set(x, y) | "{p=2: 0 + O(2^0); p=3: 7/3 + O(3^5); p=7: 0 + O(7^2); p=65537: 0 + O(65537^2); p=18446744073709551557: 125 + O(18446744073709551557^2)}": the round trip changed the set
FAIL tests/test_text_local.c:1225: round_trips_of_generated_values: check failed: adf_lball_identical(&x->loc[k], &y->loc[k]) | "{inf: -0.63671875; p=3: 0 + O(3^2); p=5: 184 + O(5^4); p=65537: 0 + O(65537^3)}": the component 0
FAIL tests/test_text_local.c:1225: round_trips_of_generated_values: check failed: adf_lball_identical(&x->loc[k], &y->loc[k]) | "{inf: -0.63671875; p=3: 0 + O(3^2); p=5: 184 + O(5^4); p=65537: 0 + O(65537^3)}": the component 2
FAIL tests/test_text_local.c:1232: round_trips_of_generated_values: check failed: adf_sball_equal_set(x, y) | "{inf: -0.63671875; p=3: 0 + O(3^2); p=5: 184 + O(5^4); p=65537: 0 + O(65537^3)}": the round trip changed the set
FAIL tests/test_text_local.c:1225: round_trips_of_generated_values: check failed: adf_lball_identical(&x->loc[k], &y->loc[k]) | "{p=3: 0 + O(3^0); p=7: 0 + O(7^1); p=18446744073709551557: 4611686018427387826 + O(18446744073709551557^1)}": the component 1
FAIL tests/test_text_local.c:1232: round_trips_of_generated_values: check failed: adf_sball_equal_set(x, y) | "{p=3: 0 + O(3^0); p=7: 0 + O(7^1); p=18446744073709551557: 4611686018427387826 + O(18446744073709551557^1)}": the round trip changed the set
FAIL tests/test_text_local.c:1225: round_trips_of_generated_values: check failed: adf_lball_identical(&x->loc[k], &y->loc[k]) | "{inf: -5.6875; p=7: 0 + O(7^3); p=65537: 99 + O(65537^1); p=18446744073709551557: 1708789628736728038589084304929019746524140282883261314790162875810332415879037896749299929559689 + O(18446744073709551557^5)}": the component 0
FAIL tests/test_text_local.c:1232: round_trips_of_generated_values: check failed: adf_sball_equal_set(x, y) | "{inf: -5.6875; p=7: 0 + O(7^3); p=65537: 99 + O(65537^1); p=18446744073709551557: 1708789628736728038589084304929019746524140282883261314790162875810332415879037896749299929559689 + O(18446744073709551557^5)}": the round trip changed the set
FAIL tests/test_text_local.c:1225: round_trips_of_generated_values: check failed: adf_lball_identical(&x->loc[k], &y->loc[k]) | "{inf: 1; p=2: 31/2 + O(2^4); p=3: 2/3 + O(3^0); p=5: 0 + O(5^2); p=7: 0 + O(7^0); p=18446744073709551557: 283568639100782051072215672278367603497 + O(18446744073709551557^2)}": the component 2
FAIL tests/test_text_local.c:1232: round_trips_of_generated_values: check failed: adf_sball_equal_set(x, y) | "{inf: 1; p=2: 31/2 + O(2^4); p=3: 2/3 + O(3^0); p=5: 0 + O(5^2); p=7: 0 + O(7^0); p=18446744073709551557: 283568639100782051072215672278367603497 + O(18446744073709551557^2)}": the round trip changed the set
FAIL tests/test_text_local.c:1225: round_trips_of_generated_values: check failed: adf_lball_identical(&x->loc[k], &y->loc[k]) | "{inf: 10.125; p=2: 7 + O(2^3); p=7: 0 + O(7^1)}": the component 1
FAIL tests/test_text_local.c:1232: round_trips_of_generated_values: check failed: adf_sball_equal_set(x, y) | "{inf: 10.125; p=2: 7 + O(2^3); p=7: 0 + O(7^1)}": the round trip changed the set
FAIL tests/test_text_local.c:1225: round_trips_of_generated_values: check failed: adf_lball_identical(&x->loc[k], &y->loc[k]) | "{p=2: 0 + O(2^0); p=3: 50 + O(3^5); p=7: 246 + O(7^3); p=18446744073709551557: 0 + O(18446744073709551557^3)}": the component 3
FAIL tests/test_text_local.c:1232: round_trips_of_generated_values: check failed: adf_sball_equal_set(x, y) | "{p=2: 0 + O(2^0); p=3: 50 + O(3^5); p=7: 246 + O(7^3); p=18446744073709551557: 0 + O(18446744073709551557^3)}": the round trip changed the set
FAIL tests/test_text_local.c:1225: round_trips_of_generated_values: check failed: adf_lball_identical(&x->loc[k], &y->loc[k]) | "{inf: -1056; p=5: 22 + O(5^2); p=7: 0 + O(7^1); p=18446744073709551557: 0 + O(18446744073709551557^2)}": the component 1
FAIL tests/test_text_local.c:1225: round_trips_of_generated_values: check failed: adf_lball_identical(&x->loc[k], &y->loc[k]) | "{inf: -1056; p=5: 22 + O(5^2); p=7: 0 + O(7^1); p=18446744073709551557: 0 + O(18446744073709551557^2)}": the component 2
FAIL tests/test_text_local.c:1232: round_trips_of_generated_values: check failed: adf_sball_equal_set(x, y) | "{inf: -1056; p=5: 22 + O(5^2); p=7: 0 + O(7^1); p=18446744073709551557: 0 + O(18446744073709551557^2)}": the round trip changed the set
FAIL tests/test_text_local.c:1225: round_trips_of_generated_values: check failed: adf_lball_identical(&x->loc[k], &y->loc[k]) | "{inf: 7; p=3: 0 + O(3^3); p=65537: 43670 + O(65537^1)}": the component 0
FAIL tests/test_text_local.c:1232: round_trips_of_generated_values: check failed: adf_sball_equal_set(x, y) | "{inf: 7; p=3: 0 + O(3^3); p=65537: 43670 + O(65537^1)}": the round trip changed the set
FAIL tests/test_text_local.c:1225: round_trips_of_generated_values: check failed: adf_lball_identical(&x->loc[k], &y->loc[k]) | "{p=2: 0 + O(2^1); p=5: 4 + O(5^2); p=7: 0 + O(7^3); p=65537: 0 + O(65537^2); p=18446744073709551557: 12297829382473034347 + O(18446744073709551557^1)}": the component 0
FAIL tests/test_text_local.c:1225: round_trips_of_generated_values: check failed: adf_lball_identical(&x->loc[k], &y->loc[k]) | "{p=2: 0 + O(2^1); p=5: 4 + O(5^2); p=7: 0 + O(7^3); p=65537: 0 + O(65537^2); p=18446744073709551557: 12297829382473034347 + O(18446744073709551557^1)}": the component 2
FAIL tests/test_text_local.c:1225: round_trips_of_generated_values: check failed: adf_lball_identical(&x->loc[k], &y->loc[k]) | "{p=2: 0 + O(2^1); p=5: 4 + O(5^2); p=7: 0 + O(7^3); p=65537: 0 + O(65537^2); p=18446744073709551557: 12297829382473034347 + O(18446744073709551557^1)}": the component 3
FAIL tests/test_text_local.c:1232: round_trips_of_generated_values: check failed: adf_sball_equal_set(x, y) | "{p=2: 0 + O(2^1); p=5: 4 + O(5^2); p=7: 0 + O(7^3); p=65537: 0 + O(65537^2); p=18446744073709551557: 12297829382473034347 + O(18446744073709551557^1)}": the round trip changed the set
FAIL tests/test_text_local.c:1225: round_trips_of_generated_values: check failed: adf_lball_identical(&x->loc[k], &y->loc[k]) | "{p=2: 0 + O(2^3); p=5: 0 + O(5^1); p=7: 6 + O(7^1); p=65537: 0 + O(65537^3); p=18446744073709551557: 0 + O(18446744073709551557^2)}": the component 0
FAIL tests/test_text_local.c:1225: round_trips_of_generated_values: check failed: adf_lball_identical(&x->loc[k], &y->loc[k]) | "{p=2: 0 + O(2^3); p=5: 0 + O(5^1); p=7: 6 + O(7^1); p=65537: 0 + O(65537^3); p=18446744073709551557: 0 + O(18446744073709551557^2)}": the component 1
FAIL tests/test_text_local.c:1225: round_trips_of_generated_values: check failed: adf_lball_identical(&x->loc[k], &y->loc[k]) | "{p=2: 0 + O(2^3); p=5: 0 + O(5^1); p=7: 6 + O(7^1); p=65537: 0 + O(65537^3); p=18446744073709551557: 0 + O(18446744073709551557^2)}": the component 3
FAIL tests/test_text_local.c:1225: round_trips_of_generated_values: check failed: adf_lball_identical(&x->loc[k], &y->loc[k]) | "{p=2: 0 + O(2^3); p=5: 0 + O(5^1); p=7: 6 + O(7^1); p=65537: 0 + O(65537^3); p=18446744073709551557: 0 + O(18446744073709551557^2)}": the component 4
FAIL tests/test_text_local.c:1232: round_trips_of_generated_values: check failed: adf_sball_equal_set(x, y) | "{p=2: 0 + O(2^3); p=5: 0 + O(5^1); p=7: 6 + O(7^1); p=65537: 0 + O(65537^3); p=18446744073709551557: 0 + O(18446744073709551557^2)}": the round trip changed the set
FAIL tests/test_text_local.c:1225: round_trips_of_generated_values: check failed: adf_lball_identical(&x->loc[k], &y->loc[k]) | "{inf: 194; p=2: 1/2 + O(2^3); p=7: 0 + O(7^2); p=65537: 0 + O(65537^1); p=18446744073709551557: 0 + O(18446744073709551557^3)}": the component 1
FAIL tests/test_text_local.c:1225: round_trips_of_generated_values: check failed: adf_lball_identical(&x->loc[k], &y->loc[k]) | "{inf: 194; p=2: 1/2 + O(2^3); p=7: 0 + O(7^2); p=65537: 0 + O(65537^1); p=18446744073709551557: 0 + O(18446744073709551557^3)}": the component 2
FAIL tests/test_text_local.c:1225: round_trips_of_generated_values: check failed: adf_lball_identical(&x->loc[k], &y->loc[k]) | "{inf: 194; p=2: 1/2 + O(2^3); p=7: 0 + O(7^2); p=65537: 0 + O(65537^1); p=18446744073709551557: 0 + O(18446744073709551557^3)}": the component 3
FAIL tests/test_text_local.c:1232: round_trips_of_generated_values: check failed: adf_sball_equal_set(x, y) | "{inf: 194; p=2: 1/2 + O(2^3); p=7: 0 + O(7^2); p=65537: 0 + O(65537^1); p=18446744073709551557: 0 + O(18446744073709551557^3)}": the round trip changed the set
FAIL tests/test_text_local.c:1225: round_trips_of_generated_values: check failed: adf_lball_identical(&x->loc[k], &y->loc[k]) | "{inf: -21.5; p=3: 4 + O(3^4); p=65537: 32 + O(65537^3); p=18446744073709551557: 0 + O(18446744073709551557^3)}": the component 2
FAIL tests/test_text_local.c:1232: round_trips_of_generated_values: check failed: adf_sball_equal_set(x, y) | "{inf: -21.5; p=3: 4 + O(3^4); p=65537: 32 + O(65537^3); p=18446744073709551557: 0 + O(18446744073709551557^3)}": the round trip changed the set
FAIL tests/test_text_local.c:1225: round_trips_of_generated_values: check failed: adf_lball_identical(&x->loc[k], &y->loc[k]) | "{inf: -32; p=2: 0 + O(2^1); p=3: 0 + O(3^1); p=5: 973 + O(5^5); p=7: 27 + O(7^2); p=65537: 1209018056149790439571169 + O(65537^5)}": the component 0
FAIL tests/test_text_local.c:1232: round_trips_of_generated_values: check failed: adf_sball_equal_set(x, y) | "{inf: -32; p=2: 0 + O(2^1); p=3: 0 + O(3^1); p=5: 973 + O(5^5); p=7: 27 + O(7^2); p=65537: 1209018056149790439571169 + O(65537^5)}": the round trip changed the set
FAIL tests/test_text_local.c:1225: round_trips_of_generated_values: check failed: adf_lball_identical(&x->loc[k], &y->loc[k]) | "{inf: 368; p=2: 0 + O(2^0); p=5: 2 + O(5^1); p=7: 0 + O(7^1)}": the component 2
FAIL tests/test_text_local.c:1232: round_trips_of_generated_values: check failed: adf_sball_equal_set(x, y) | "{inf: 368; p=2: 0 + O(2^0); p=5: 2 + O(5^1); p=7: 0 + O(7^1)}": the round trip changed the set
FAIL tests/test_text_local.c:1225: round_trips_of_generated_values: check failed: adf_lball_identical(&x->loc[k], &y->loc[k]) | "{inf: 1.046875; p=7: 0 + O(7^2)}": the component 0
FAIL tests/test_text_local.c:1232: round_trips_of_generated_values: check failed: adf_sball_equal_set(x, y) | "{inf: 1.046875; p=7: 0 + O(7^2)}": the round trip changed the set
FAIL tests/test_text_local.c:1225: round_trips_of_generated_values: check failed: adf_lball_identical(&x->loc[k], &y->loc[k]) | "{inf: -1.09375; p=5: 0 + O(5^3); p=65537: 1209018056149790439571445 + O(65537^5)}": the component 0
FAIL tests/test_text_local.c:1232: round_trips_of_generated_values: check failed: adf_sball_equal_set(x, y) | "{inf: -1.09375; p=5: 0 + O(5^3); p=65537: 1209018056149790439571445 + O(65537^5)}": the round trip changed the set
FAIL tests/test_text_local.c:1225: round_trips_of_generated_values: check failed: adf_lball_identical(&x->loc[k], &y->loc[k]) | "{p=18446744073709551557: 0 + O(18446744073709551557^1)}": the component 0
FAIL tests/test_text_local.c:1232: round_trips_of_generated_values: check failed: adf_sball_equal_set(x, y) | "{p=18446744073709551557: 0 + O(18446744073709551557^1)}": the round trip changed the set
FAIL tests/test_text_local.c:1225: round_trips_of_generated_values: check failed: adf_lball_identical(&x->loc[k], &y->loc[k]) | "{inf: -110; p=2: 59/2 + O(2^5); p=65537: 0 + O(65537^3); p=18446744073709551557: 0 + O(18446744073709551557^0)}": the component 1
FAIL tests/test_text_local.c:1232: round_trips_of_generated_values: check failed: adf_sball_equal_set(x, y) | "{inf: -110; p=2: 59/2 + O(2^5); p=65537: 0 + O(65537^3); p=18446744073709551557: 0 + O(18446744073709551557^0)}": the round trip changed the set
FAIL tests/test_text_local.c:1225: round_trips_of_generated_values: check failed: adf_lball_identical(&x->loc[k], &y->loc[k]) | "{inf: 2736; p=5: 0 + O(5^1)}": the component 0
FAIL tests/test_text_local.c:1232: round_trips_of_generated_values: check failed: adf_sball_equal_set(x, y) | "{inf: 2736; p=5: 0 + O(5^1)}": the round trip changed the set
FAIL tests/test_text_local.c:1225: round_trips_of_generated_values: check failed: adf_lball_identical(&x->loc[k], &y->loc[k]) | "{inf: -352; p=2: 111/4 + O(2^5); p=5: 0 + O(5^3); p=65537: 0 + O(65537^2)}": the component 1
FAIL tests/test_text_local.c:1225: round_trips_of_generated_values: check failed: adf_lball_identical(&x->loc[k], &y->loc[k]) | "{inf: -352; p=2: 111/4 + O(2^5); p=5: 0 + O(5^3); p=65537: 0 + O(65537^2)}": the component 2
FAIL tests/test_text_local.c:1232: round_trips_of_generated_values: check failed: adf_sball_equal_set(x, y) | "{inf: -352; p=2: 111/4 + O(2^5); p=5: 0 + O(5^3); p=65537: 0 + O(65537^2)}": the round trip changed the set
FAIL tests/test_text_local.c:1225: round_trips_of_generated_values: check failed: adf_lball_identical(&x->loc[k], &y->loc[k]) | "{p=2: 0 + O(2^2); p=7: 0 + O(7^3)}": the component 0
FAIL tests/test_text_local.c:1225: round_trips_of_generated_values: check failed: adf_lball_identical(&x->loc[k], &y->loc[k]) | "{p=2: 0 + O(2^2); p=7: 0 + O(7^3)}": the component 1
FAIL tests/test_text_local.c:1232: round_trips_of_generated_values: check failed: adf_sball_equal_set(x, y) | "{p=2: 0 + O(2^2); p=7: 0 + O(7^3)}": the round trip changed the set
FAIL tests/test_text_local.c:1225: round_trips_of_generated_values: check failed: adf_lball_identical(&x->loc[k], &y->loc[k]) | "{p=2: 1/4 + O(2^1); p=3: 0 + O(3^2); p=5: 2 + O(5^1); p=7: 0 + O(7^3)}": the component 0
FAIL tests/test_text_local.c:1225: round_trips_of_generated_values: check failed: adf_lball_identical(&x->loc[k], &y->loc[k]) | "{p=2: 1/4 + O(2^1); p=3: 0 + O(3^2); p=5: 2 + O(5^1); p=7: 0 + O(7^3)}": the component 1
FAIL tests/test_text_local.c:1225: round_trips_of_generated_values: check failed: adf_lball_identical(&x->loc[k], &y->loc[k]) | "{p=2: 1/4 + O(2^1); p=3: 0 + O(3^2); p=5: 2 + O(5^1); p=7: 0 + O(7^3)}": the component 3
FAIL tests/test_text_local.c:1232: round_trips_of_generated_values: check failed: adf_sball_equal_set(x, y) | "{p=2: 1/4 + O(2^1); p=3: 0 + O(3^2); p=5: 2 + O(5^1); p=7: 0 + O(7^3)}": the round trip changed the set
FAIL tests/test_text_local.c:1225: round_trips_of_generated_values: check failed: adf_lball_identical(&x->loc[k], &y->loc[k]) | "{inf: 119; p=3: 0 + O(3^1); p=5: 1 + O(5^1); p=65537: 3689573999877292039 + O(65537^4); p=18446744073709551557: 77194726158210795961449983638287503130107464199568015054032230317823903876008 + O(18446744073709551557^4)}": the component 0
FAIL tests/test_text_local.c:1232: round_trips_of_generated_values: check failed: adf_sball_equal_set(x, y) | "{inf: 119; p=3: 0 + O(3^1); p=5: 1 + O(5^1); p=65537: 3689573999877292039 + O(65537^4); p=18446744073709551557: 77194726158210795961449983638287503130107464199568015054032230317823903876008 + O(18446744073709551557^4)}": the round trip changed the set
FAIL tests/test_text_local.c:1225: round_trips_of_generated_values: check failed: adf_lball_identical(&x->loc[k], &y->loc[k]) | "{inf: 0.39453125; p=2: 5/2 + O(2^3); p=3: 4/3 + O(3^1); p=7: 0 + O(7^1); p=65537: 0 + O(65537^1); p=18446744073709551557: 9223372036854775733 + O(18446744073709551557^1)}": the component 2
FAIL tests/test_text_local.c:1225: round_trips_of_generated_values: check failed: adf_lball_identical(&x->loc[k], &y->loc[k]) | "{inf: 0.39453125; p=2: 5/2 + O(2^3); p=3: 4/3 + O(3^1); p=7: 0 + O(7^1); p=65537: 0 + O(65537^1); p=18446744073709551557: 9223372036854775733 + O(18446744073709551557^1)}": the component 3
FAIL tests/test_text_local.c:1232: round_trips_of_generated_values: check failed: adf_sball_equal_set(x, y) | "{inf: 0.39453125; p=2: 5/2 + O(2^3); p=3: 4/3 + O(3^1); p=7: 0 + O(7^1); p=65537: 0 + O(65537^1); p=18446744073709551557: 9223372036854775733 + O(18446744073709551557^1)}": the round trip changed the set
FAIL tests/test_text_local.c:1225: round_trips_of_generated_values: check failed: adf_lball_identical(&x->loc[k], &y->loc[k]) | "{inf: -1.8125; p=2: 0 + O(2^3); p=5: 174/5 + O(5^4); p=7: 0 + O(7^1)}": the component 0
FAIL tests/test_text_local.c:1232: round_trips_of_generated_values: check failed: adf_sball_equal_set(x, y) | "{inf: -1.8125; p=2: 0 + O(2^3); p=5: 174/5 + O(5^4); p=7: 0 + O(7^1)}": the round trip changed the set
FAIL tests/test_text_local.c:1225: round_trips_of_generated_values: check failed: adf_lball_identical(&x->loc[k], &y->loc[k]) | "{p=2: 11 + O(2^4); p=3: 0 + O(3^3); p=7: 1 + O(7^1); p=65537: 1209018056149790439571388 + O(65537^5); p=18446744073709551557: 272225893536750769029327045387232899421 + O(18446744073709551557^2)}": the component 1
FAIL tests/test_text_local.c:1232: round_trips_of_generated_values: check failed: adf_sball_equal_set(x, y) | "{p=2: 11 + O(2^4); p=3: 0 + O(3^3); p=7: 1 + O(7^1); p=65537: 1209018056149790439571388 + O(65537^5); p=18446744073709551557: 272225893536750769029327045387232899421 + O(18446744073709551557^2)}": the round trip changed the set
FAIL tests/test_text_local.c:1225: round_trips_of_generated_values: check failed: adf_lball_identical(&x->loc[k], &y->loc[k]) | "{inf: 17; p=5: 4 + O(5^1); p=65537: 0 + O(65537^1); p=18446744073709551557: 0 + O(18446744073709551557^1)}": the component 1
FAIL tests/test_text_local.c:1225: round_trips_of_generated_values: check failed: adf_lball_identical(&x->loc[k], &y->loc[k]) | "{inf: 17; p=5: 4 + O(5^1); p=65537: 0 + O(65537^1); p=18446744073709551557: 0 + O(18446744073709551557^1)}": the component 2
FAIL tests/test_text_local.c:1232: round_trips_of_generated_values: check failed: adf_sball_equal_set(x, y) | "{inf: 17; p=5: 4 + O(5^1); p=65537: 0 + O(65537^1); p=18446744073709551557: 0 + O(18446744073709551557^1)}": the round trip changed the set
FAIL tests/test_text_local.c:1225: round_trips_of_generated_values: check failed: adf_lball_identical(&x->loc[k], &y->loc[k]) | "{inf: -12352; p=2: 0 + O(2^3); p=3: 7 + O(3^4); p=5: 0 + O(5^2); p=18446744073709551557: 1708789628736728038589084304929019746524140282883261314790162875810332415879037896749299929559587 + O(18446744073709551557^5)}": the component 0
FAIL tests/test_text_local.c:1225: round_trips_of_generated_values: check failed: adf_lball_identical(&x->loc[k], &y->loc[k]) | "{inf: -12352; p=2: 0 + O(2^3); p=3: 7 + O(3^4); p=5: 0 + O(5^2); p=18446744073709551557: 1708789628736728038589084304929019746524140282883261314790162875810332415879037896749299929559587 + O(18446744073709551557^5)}": the component 2
FAIL tests/test_text_local.c:1232: round_trips_of_generated_values: check failed: adf_sball_equal_set(x, y) | "{inf: -12352; p=2: 0 + O(2^3); p=3: 7 + O(3^4); p=5: 0 + O(5^2); p=18446744073709551557: 1708789628736728038589084304929019746524140282883261314790162875810332415879037896749299929559587 + O(18446744073709551557^5)}": the round trip changed the set
FAIL tests/test_text_local.c:1225: round_trips_of_generated_values: check failed: adf_lball_identical(&x->loc[k], &y->loc[k]) | "{p=7: 0 + O(7^3); p=65537: 0 + O(65537^0); p=18446744073709551557: 1708789628736728038589084304929019746524140282883261314790162875810332415879037896749299929559626 + O(18446744073709551557^5)}": the component 0
FAIL tests/test_text_local.c:1232: round_trips_of_generated_values: check failed: adf_sball_equal_set(x, y) | "{p=7: 0 + O(7^3); p=65537: 0 + O(65537^0); p=18446744073709551557: 1708789628736728038589084304929019746524140282883261314790162875810332415879037896749299929559626 + O(18446744073709551557^5)}": the round trip changed the set
FAIL tests/test_text_local.c:1225: round_trips_of_generated_values: check failed: adf_lball_identical(&x->loc[k], &y->loc[k]) | "{inf: -208; p=2: 11/2 + O(2^5); p=3: 0 + O(3^1); p=5: 2 + O(5^3); p=18446744073709551557: 1067993517960455024118177690580637341577587676802038321743851797381457759924398685468312455974822 + O(18446744073709551557^5)}": the component 1
FAIL tests/test_text_local.c:1232: round_trips_of_generated_values: check failed: adf_sball_equal_set(x, y) | "{inf: -208; p=2: 11/2 + O(2^5); p=3: 0 + O(3^1); p=5: 2 + O(5^3); p=18446744073709551557: 1067993517960455024118177690580637341577587676802038321743851797381457759924398685468312455974822 + O(18446744073709551557^5)}": the round trip changed the set
FAIL tests/test_text_local.c:1225: round_trips_of_generated_values: check failed: adf_lball_identical(&x->loc[k], &y->loc[k]) | "{inf: 10112; p=2: 39/4 + O(2^5); p=3: 223 + O(3^5); p=5: 0 + O(5^2); p=7: 0 + O(7^3); p=18446744073709551557: 28948022309329048485543743864357813673790299074838005645262086369183963953505 + O(18446744073709551557^4)}": the component 2
FAIL tests/test_text_local.c:1225: round_trips_of_generated_values: check failed: adf_lball_identical(&x->loc[k], &y->loc[k]) | "{inf: 10112; p=2: 39/4 + O(2^5); p=3: 223 + O(3^5); p=5: 0 + O(5^2); p=7: 0 + O(7^3); p=18446744073709551557: 28948022309329048485543743864357813673790299074838005645262086369183963953505 + O(18446744073709551557^4)}": the component 3
FAIL tests/test_text_local.c:1232: round_trips_of_generated_values: check failed: adf_sball_equal_set(x, y) | "{inf: 10112; p=2: 39/4 + O(2^5); p=3: 223 + O(3^5); p=5: 0 + O(5^2); p=7: 0 + O(7^3); p=18446744073709551557: 28948022309329048485543743864357813673790299074838005645262086369183963953505 + O(18446744073709551557^4)}": the round trip changed the set
FAIL tests/test_text_local.c:1225: round_trips_of_generated_values: check failed: adf_lball_identical(&x->loc[k], &y->loc[k]) | "{inf: -1104; p=2: 0 + O(2^3); p=5: 0 + O(5^3); p=7: 0 + O(7^0); p=18446744073709551557: 0 + O(18446744073709551557^0)}": the component 0
FAIL tests/test_text_local.c:1225: round_trips_of_generated_values: check failed: adf_lball_identical(&x->loc[k], &y->loc[k]) | "{inf: -1104; p=2: 0 + O(2^3); p=5: 0 + O(5^3); p=7: 0 + O(7^0); p=18446744073709551557: 0 + O(18446744073709551557^0)}": the component 1
FAIL tests/test_text_local.c:1232: round_trips_of_generated_values: check failed: adf_sball_equal_set(x, y) | "{inf: -1104; p=2: 0 + O(2^3); p=5: 0 + O(5^3); p=7: 0 + O(7^0); p=18446744073709551557: 0 + O(18446744073709551557^0)}": the round trip changed the set
FAIL tests/test_text_local.c:1225: round_trips_of_generated_values: check failed: adf_lball_identical(&x->loc[k], &y->loc[k]) | "{inf: -12416; p=2: 0 + O(2^3); p=3: 2 + O(3^1); p=5: 0 + O(5^2); p=7: 0 + O(7^1); p=18446744073709551557: 0 + O(18446744073709551557^0)}": the component 0
FAIL tests/test_text_local.c:1225: round_trips_of_generated_values: check failed: adf_lball_identical(&x->loc[k], &y->loc[k]) | "{inf: -12416; p=2: 0 + O(2^3); p=3: 2 + O(3^1); p=5: 0 + O(5^2); p=7: 0 + O(7^1); p=18446744073709551557: 0 + O(18446744073709551557^0)}": the component 2
FAIL tests/test_text_local.c:1225: round_trips_of_generated_values: check failed: adf_lball_identical(&x->loc[k], &y->loc[k]) | "{inf: -12416; p=2: 0 + O(2^3); p=3: 2 + O(3^1); p=5: 0 + O(5^2); p=7: 0 + O(7^1); p=18446744073709551557: 0 + O(18446744073709551557^0)}": the component 3
FAIL tests/test_text_local.c:1232: round_trips_of_generated_values: check failed: adf_sball_equal_set(x, y) | "{inf: -12416; p=2: 0 + O(2^3); p=3: 2 + O(3^1); p=5: 0 + O(5^2); p=7: 0 + O(7^1); p=18446744073709551557: 0 + O(18446744073709551557^0)}": the round trip changed the set
FAIL tests/test_text_local.c:1225: round_trips_of_generated_values: check failed: adf_lball_identical(&x->loc[k], &y->loc[k]) | "{p=2: 0 + O(2^3); p=3: 117 + O(3^5); p=7: 0 + O(7^3); p=65537: 0 + O(65537^1); p=18446744073709551557: 18446744073709551485 + O(18446744073709551557^1)}": the component 0
FAIL tests/test_text_local.c:1225: round_trips_of_generated_values: check failed: adf_lball_identical(&x->loc[k], &y->loc[k]) | "{p=2: 0 + O(2^3); p=3: 117 + O(3^5); p=7: 0 + O(7^3); p=65537: 0 + O(65537^1); p=18446744073709551557: 18446744073709551485 + O(18446744073709551557^1)}": the component 2
FAIL tests/test_text_local.c:1225: round_trips_of_generated_values: check failed: adf_lball_identical(&x->loc[k], &y->loc[k]) | "{p=2: 0 + O(2^3); p=3: 117 + O(3^5); p=7: 0 + O(7^3); p=65537: 0 + O(65537^1); p=18446744073709551557: 18446744073709551485 + O(18446744073709551557^1)}": the component 3
FAIL tests/test_text_local.c:1232: round_trips_of_generated_values: check failed: adf_sball_equal_set(x, y) | "{p=2: 0 + O(2^3); p=3: 117 + O(3^5); p=7: 0 + O(7^3); p=65537: 0 + O(65537^1); p=18446744073709551557: 18446744073709551485 + O(18446744073709551557^1)}": the round trip changed the set
FAIL tests/test_text_local.c:1225: round_trips_of_generated_values: check failed: adf_lball_identical(&x->loc[k], &y->loc[k]) | "{inf: -2768; p=3: 0 + O(3^1); p=65537: 0 + O(65537^2)}": the component 0
FAIL tests/test_text_local.c:1225: round_trips_of_generated_values: check failed: adf_lball_identical(&x->loc[k], &y->loc[k]) | "{inf: -2768; p=3: 0 + O(3^1); p=65537: 0 + O(65537^2)}": the component 1
FAIL tests/test_text_local.c:1232: round_trips_of_generated_values: check failed: adf_sball_equal_set(x, y) | "{inf: -2768; p=3: 0 + O(3^1); p=65537: 0 + O(65537^2)}": the round trip changed the set
FAIL tests/test_text_local.c:1225: round_trips_of_generated_values: check failed: adf_lball_identical(&x->loc[k], &y->loc[k]) | "{inf: 0.35546875; p=2: 0 + O(2^1); p=7: 0 + O(7^0); p=65537: 0 + O(65537^3)}": the component 0
FAIL tests/test_text_local.c:1225: round_trips_of_generated_values: check failed: adf_lball_identical(&x->loc[k], &y->loc[k]) | "{inf: 0.35546875; p=2: 0 + O(2^1); p=7: 0 + O(7^0); p=65537: 0 + O(65537^3)}": the component 2
FAIL tests/test_text_local.c:1232: round_trips_of_generated_values: check failed: adf_sball_equal_set(x, y) | "{inf: 0.35546875; p=2: 0 + O(2^1); p=7: 0 + O(7^0); p=65537: 0 + O(65537^3)}": the round trip changed the set
FAIL tests/test_text_local.c:1225: round_trips_of_generated_values: check failed: adf_lball_identical(&x->loc[k], &y->loc[k]) | "{inf: -11264; p=3: 24 + O(3^3); p=5: 0 + O(5^1); p=7: 12 + O(7^2); p=65537: 0 + O(65537^3); p=18446744073709551557: 152 + O(18446744073709551557^3)}": the component 1
FAIL tests/test_text_local.c:1225: round_trips_of_generated_values: check failed: adf_lball_identical(&x->loc[k], &y->loc[k]) | "{inf: -11264; p=3: 24 + O(3^3); p=5: 0 + O(5^1); p=7: 12 + O(7^2); p=65537: 0 + O(65537^3); p=18446744073709551557: 152 + O(18446744073709551557^3)}": the component 3
FAIL tests/test_text_local.c:1232: round_trips_of_generated_values: check failed: adf_sball_equal_set(x, y) | "{inf: -11264; p=3: 24 + O(3^3); p=5: 0 + O(5^1); p=7: 12 + O(7^2); p=65537: 0 + O(65537^3); p=18446744073709551557: 152 + O(18446744073709551557^3)}": the round trip changed the set
FAIL tests/test_text_local.c:1225: round_trips_of_generated_values: check failed: adf_lball_identical(&x->loc[k], &y->loc[k]) | "{inf: -10; p=3: 4 + O(3^3); p=5: 0 + O(5^0); p=7: 0 + O(7^1); p=65537: 0 + O(65537^3)}": the component 2
FAIL tests/test_text_local.c:1225: round_trips_of_generated_values: check failed: adf_lball_identical(&x->loc[k], &y->loc[k]) | "{inf: -10; p=3: 4 + O(3^3); p=5: 0 + O(5^0); p=7: 0 + O(7^1); p=65537: 0 + O(65537^3)}": the component 3
FAIL tests/test_text_local.c:1232: round_trips_of_generated_values: check failed: adf_sball_equal_set(x, y) | "{inf: -10; p=3: 4 + O(3^3); p=5: 0 + O(5^0); p=7: 0 + O(7^1); p=65537: 0 + O(65537^3)}": the round trip changed the set
FAIL tests/test_text_local.c:1225: round_trips_of_generated_values: check failed: adf_lball_identical(&x->loc[k], &y->loc[k]) | "{p=2: 3 + O(2^3); p=7: 0 + O(7^3); p=18446744073709551557: 0 + O(18446744073709551557^0)}": the component 1
FAIL tests/test_text_local.c:1232: round_trips_of_generated_values: check failed: adf_sball_equal_set(x, y) | "{p=2: 3 + O(2^3); p=7: 0 + O(7^3); p=18446744073709551557: 0 + O(18446744073709551557^0)}": the round trip changed the set
FAIL tests/test_text_local.c:1225: round_trips_of_generated_values: check failed: adf_lball_identical(&x->loc[k], &y->loc[k]) | "{inf: 712; p=2: 1/4 + O(2^1); p=7: 0 + O(7^2); p=18446744073709551557: 427197407184182009647271076232254936631035070720815328697540718952583103969759474187324982389915 + O(18446744073709551557^5)}": the component 0
FAIL tests/test_text_local.c:1232: round_trips_of_generated_values: check failed: adf_sball_equal_set(x, y) | "{inf: 712; p=2: 1/4 + O(2^1); p=7: 0 + O(7^2); p=18446744073709551557: 427197407184182009647271076232254936631035070720815328697540718952583103969759474187324982389915 + O(18446744073709551557^5)}": the round trip changed the set
FAIL tests/test_text_local.c:1225: round_trips_of_generated_values: check failed: adf_lball_identical(&x->loc[k], &y->loc[k]) | "{p=3: 0 + O(3^1); p=5: 0 + O(5^1); p=7: 108 + O(7^3); p=65537: 0 + O(65537^1); p=18446744073709551557: 0 + O(18446744073709551557^3)}": the component 0
FAIL tests/test_text_local.c:1225: round_trips_of_generated_values: check failed: adf_lball_identical(&x->loc[k], &y->loc[k]) | "{p=3: 0 + O(3^1); p=5: 0 + O(5^1); p=7: 108 + O(7^3); p=65537: 0 + O(65537^1); p=18446744073709551557: 0 + O(18446744073709551557^3)}": the component 1
FAIL tests/test_text_local.c:1225: round_trips_of_generated_values: check failed: adf_lball_identical(&x->loc[k], &y->loc[k]) | "{p=3: 0 + O(3^1); p=5: 0 + O(5^1); p=7: 108 + O(7^3); p=65537: 0 + O(65537^1); p=18446744073709551557: 0 + O(18446744073709551557^3)}": the component 3
FAIL tests/test_text_local.c:1225: round_trips_of_generated_values: check failed: adf_lball_identical(&x->loc[k], &y->loc[k]) | "{p=3: 0 + O(3^1); p=5: 0 + O(5^1); p=7: 108 + O(7^3); p=65537: 0 + O(65537^1); p=18446744073709551557: 0 + O(18446744073709551557^3)}": the component 4
FAIL tests/test_text_local.c:1232: round_trips_of_generated_values: check failed: adf_sball_equal_set(x, y) | "{p=3: 0 + O(3^1); p=5: 0 + O(5^1); p=7: 108 + O(7^3); p=65537: 0 + O(65537^1); p=18446744073709551557: 0 + O(18446744073709551557^3)}": the round trip changed the set
FAIL tests/test_text_local.c:1225: round_trips_of_generated_values: check failed: adf_lball_identical(&x->loc[k], &y->loc[k]) | "{inf: -186; p=2: 0 + O(2^2); p=3: 1/3 + O(3^0); p=18446744073709551557: 75 + O(18446744073709551557^2)}": the component 0
FAIL tests/test_text_local.c:1232: round_trips_of_generated_values: check failed: adf_sball_equal_set(x, y) | "{inf: -186; p=2: 0 + O(2^2); p=3: 1/3 + O(3^0); p=18446744073709551557: 75 + O(18446744073709551557^2)}": the round trip changed the set
FAIL tests/test_text_local.c:1225: round_trips_of_generated_values: check failed: adf_lball_identical(&x->loc[k], &y->loc[k]) | "{inf: 0.5546875; p=2: 24 + O(2^5); p=5: 0 + O(5^1); p=7: 1600 + O(7^4); p=18446744073709551557: 0 + O(18446744073709551557^0)}": the component 1
FAIL tests/test_text_local.c:1232: round_trips_of_generated_values: check failed: adf_sball_equal_set(x, y) | "{inf: 0.5546875; p=2: 24 + O(2^5); p=5: 0 + O(5^1); p=7: 1600 + O(7^4); p=18446744073709551557: 0 + O(18446744073709551557^0)}": the round trip changed the set
FAIL tests/test_text_local.c:1225: round_trips_of_generated_values: check failed: adf_lball_identical(&x->loc[k], &y->loc[k]) | "{p=7: 2192 + O(7^4); p=18446744073709551557: 0 + O(18446744073709551557^3)}": the component 1
FAIL tests/test_text_local.c:1232: round_trips_of_generated_values: check failed: adf_sball_equal_set(x, y) | "{p=7: 2192 + O(7^4); p=18446744073709551557: 0 + O(18446744073709551557^3)}": the round trip changed the set
FAIL tests/test_text_local.c:1225: round_trips_of_generated_values: check failed: adf_lball_identical(&x->loc[k], &y->loc[k]) | "{inf: 848; p=2: 2 + O(2^4); p=7: 5512 + O(7^5); p=65537: 0 + O(65537^2); p=18446744073709551557: 0 + O(18446744073709551557^1)}": the component 2
FAIL tests/test_text_local.c:1225: round_trips_of_generated_values: check failed: adf_lball_identical(&x->loc[k], &y->loc[k]) | "{inf: 848; p=2: 2 + O(2^4); p=7: 5512 + O(7^5); p=65537: 0 + O(65537^2); p=18446744073709551557: 0 + O(18446744073709551557^1)}": the component 3
FAIL tests/test_text_local.c:1232: round_trips_of_generated_values: check failed: adf_sball_equal_set(x, y) | "{inf: 848; p=2: 2 + O(2^4); p=7: 5512 + O(7^5); p=65537: 0 + O(65537^2); p=18446744073709551557: 0 + O(18446744073709551557^1)}": the round trip changed the set
FAIL tests/test_text_local.c:1225: round_trips_of_generated_values: check failed: adf_lball_identical(&x->loc[k], &y->loc[k]) | "{inf: -112; p=2: 19/2 + O(2^4); p=3: 0 + O(3^1); p=5: 0 + O(5^3); p=7: 2247 + O(7^4); p=65537: 0 + O(65537^2)}": the component 1
FAIL tests/test_text_local.c:1225: round_trips_of_generated_values: check failed: adf_lball_identical(&x->loc[k], &y->loc[k]) | "{inf: -112; p=2: 19/2 + O(2^4); p=3: 0 + O(3^1); p=5: 0 + O(5^3); p=7: 2247 + O(7^4); p=65537: 0 + O(65537^2)}": the component 2
FAIL tests/test_text_local.c:1225: round_trips_of_generated_values: check failed: adf_lball_identical(&x->loc[k], &y->loc[k]) | "{inf: -112; p=2: 19/2 + O(2^4); p=3: 0 + O(3^1); p=5: 0 + O(5^3); p=7: 2247 + O(7^4); p=65537: 0 + O(65537^2)}": the component 4
FAIL tests/test_text_local.c:1232: round_trips_of_generated_values: check failed: adf_sball_equal_set(x, y) | "{inf: -112; p=2: 19/2 + O(2^4); p=3: 0 + O(3^1); p=5: 0 + O(5^3); p=7: 2247 + O(7^4); p=65537: 0 + O(65537^2)}": the round trip changed the set
FAIL tests/test_text_local.c:1225: round_trips_of_generated_values: check failed: adf_lball_identical(&x->loc[k], &y->loc[k]) | "{inf: 3104; p=2: 0 + O(2^3); p=5: 187/5 + O(5^4)}": the component 0
FAIL tests/test_text_local.c:1232: round_trips_of_generated_values: check failed: adf_sball_equal_set(x, y) | "{inf: 3104; p=2: 0 + O(2^3); p=5: 187/5 + O(5^4)}": the round trip changed the set
FAIL tests/test_text_local.c:1225: round_trips_of_generated_values: check failed: adf_lball_identical(&x->loc[k], &y->loc[k]) | "{inf: 41216; p=3: 21 + O(3^5); p=18446744073709551557: 0 + O(18446744073709551557^2)}": the component 1
FAIL tests/test_text_local.c:1232: round_trips_of_generated_values: check failed: adf_sball_equal_set(x, y) | "{inf: 41216; p=3: 21 + O(3^5); p=18446744073709551557: 0 + O(18446744073709551557^2)}": the round trip changed the set
FAIL tests/test_text_local.c:1225: round_trips_of_generated_values: check failed: adf_lball_identical(&x->loc[k], &y->loc[k]) | "{p=3: 0 + O(3^0); p=5: 3085 + O(5^5); p=7: 24 + O(7^3); p=65537: 0 + O(65537^2)}": the component 3
FAIL tests/test_text_local.c:1232: round_trips_of_generated_values: check failed: adf_sball_equal_set(x, y) | "{p=3: 0 + O(3^0); p=5: 3085 + O(5^5); p=7: 24 + O(7^3); p=65537: 0 + O(65537^2)}": the round trip changed the set
FAIL tests/test_text_local.c:1225: round_trips_of_generated_values: check failed: adf_lball_identical(&x->loc[k], &y->loc[k]) | "{inf: 93; p=3: 8/3 + O(3^1); p=7: 912 + O(7^4); p=18446744073709551557: 0 + O(18446744073709551557^1)}": the component 2
FAIL tests/test_text_local.c:1232: round_trips_of_generated_values: check failed: adf_sball_equal_set(x, y) | "{inf: 93; p=3: 8/3 + O(3^1); p=7: 912 + O(7^4); p=18446744073709551557: 0 + O(18446744073709551557^1)}": the round trip changed the set
FAIL tests/test_text_local.c:1225: round_trips_of_generated_values: check failed: adf_lball_identical(&x->loc[k], &y->loc[k]) | "{inf: 276; p=3: 0 + O(3^2); p=5: 0 + O(5^1); p=7: 0 + O(7^2); p=18446744073709551557: 0 + O(18446744073709551557^1)}": the component 0
FAIL tests/test_text_local.c:1225: round_trips_of_generated_values: check failed: adf_lball_identical(&x->loc[k], &y->loc[k]) | "{inf: 276; p=3: 0 + O(3^2); p=5: 0 + O(5^1); p=7: 0 + O(7^2); p=18446744073709551557: 0 + O(18446744073709551557^1)}": the component 1
FAIL tests/test_text_local.c:1225: round_trips_of_generated_values: check failed: adf_lball_identical(&x->loc[k], &y->loc[k]) | "{inf: 276; p=3: 0 + O(3^2); p=5: 0 + O(5^1); p=7: 0 + O(7^2); p=18446744073709551557: 0 + O(18446744073709551557^1)}": the component 2
FAIL tests/test_text_local.c:1225: round_trips_of_generated_values: check failed: adf_lball_identical(&x->loc[k], &y->loc[k]) | "{inf: 276; p=3: 0 + O(3^2); p=5: 0 + O(5^1); p=7: 0 + O(7^2); p=18446744073709551557: 0 + O(18446744073709551557^1)}": the component 3
FAIL tests/test_text_local.c:1232: round_trips_of_generated_values: check failed: adf_sball_equal_set(x, y) | "{inf: 276; p=3: 0 + O(3^2); p=5: 0 + O(5^1); p=7: 0 + O(7^2); p=18446744073709551557: 0 + O(18446744073709551557^1)}": the round trip changed the set
FAIL tests/test_text_local.c:1225: round_trips_of_generated_values: check failed: adf_lball_identical(&x->loc[k], &y->loc[k]) | "{inf: 0.1953125; p=2: 0 + O(2^3); p=5: 0 + O(5^1); p=7: 0 + O(7^3); p=65537: 0 + O(65537^2); p=18446744073709551557: 0 + O(18446744073709551557^0)}": the component 0
FAIL tests/test_text_local.c:1225: round_trips_of_generated_values: check failed: adf_lball_identical(&x->loc[k], &y->loc[k]) | "{inf: 0.1953125; p=2: 0 + O(2^3); p=5: 0 + O(5^1); p=7: 0 + O(7^3); p=65537: 0 + O(65537^2); p=18446744073709551557: 0 + O(18446744073709551557^0)}": the component 1
FAIL tests/test_text_local.c:1225: round_trips_of_generated_values: check failed: adf_lball_identical(&x->loc[k], &y->loc[k]) | "{inf: 0.1953125; p=2: 0 + O(2^3); p=5: 0 + O(5^1); p=7: 0 + O(7^3); p=65537: 0 + O(65537^2); p=18446744073709551557: 0 + O(18446744073709551557^0)}": the component 2
FAIL tests/test_text_local.c:1225: round_trips_of_generated_values: check failed: adf_lball_identical(&x->loc[k], &y->loc[k]) | "{inf: 0.1953125; p=2: 0 + O(2^3); p=5: 0 + O(5^1); p=7: 0 + O(7^3); p=65537: 0 + O(65537^2); p=18446744073709551557: 0 + O(18446744073709551557^0)}": the component 3
FAIL tests/test_text_local.c:1232: round_trips_of_generated_values: check failed: adf_sball_equal_set(x, y) | "{inf: 0.1953125; p=2: 0 + O(2^3); p=5: 0 + O(5^1); p=7: 0 + O(7^3); p=65537: 0 + O(65537^2); p=18446744073709551557: 0 + O(18446744073709551557^0)}": the round trip changed the set
FAIL tests/test_text_local.c:1225: round_trips_of_generated_values: check failed: adf_lball_identical(&x->loc[k], &y->loc[k]) | "{inf: -29.25; p=3: 0 + O(3^3); p=5: 1 + O(5^1); p=7: 2 + O(7^2); p=65537: 6149289999795486656 + O(65537^4); p=18446744073709551557: 0 + O(18446744073709551557^1)}": the component 0
FAIL tests/test_text_local.c:1225: round_trips_of_generated_values: check failed: adf_lball_identical(&x->loc[k], &y->loc[k]) | "{inf: -29.25; p=3: 0 + O(3^3); p=5: 1 + O(5^1); p=7: 2 + O(7^2); p=65537: 6149289999795486656 + O(65537^4); p=18446744073709551557: 0 + O(18446744073709551557^1)}": the component 4
FAIL tests/test_text_local.c:1232: round_trips_of_generated_values: check failed: adf_sball_equal_set(x, y) | "{inf: -29.25; p=3: 0 + O(3^3); p=5: 1 + O(5^1); p=7: 2 + O(7^2); p=65537: 6149289999795486656 + O(65537^4); p=18446744073709551557: 0 + O(18446744073709551557^1)}": the round trip changed the set
FAIL tests/test_text_local.c:1225: round_trips_of_generated_values: check failed: adf_lball_identical(&x->loc[k], &y->loc[k]) | "{inf: 43; p=2: 0 + O(2^1); p=7: 134 + O(7^4); p=65537: 150 + O(65537^4); p=18446744073709551557: 340282366920938461286658806734041124007 + O(18446744073709551557^2)}": the component 0
FAIL tests/test_text_local.c:1232: round_trips_of_generated_values: check failed: adf_sball_equal_set(x, y) | "{inf: 43; p=2: 0 + O(2^1); p=7: 134 + O(7^4); p=65537: 150 + O(65537^4); p=18446744073709551557: 340282366920938461286658806734041124007 + O(18446744073709551557^2)}": the round trip changed the set
FAIL tests/test_text_local.c:1225: round_trips_of_generated_values: check failed: adf_lball_identical(&x->loc[k], &y->loc[k]) | "{p=2: 109/4 + O(2^5); p=3: 0 + O(3^3); p=5: 94 + O(5^3); p=65537: 6149289999795486780 + O(65537^4); p=18446744073709551557: 0 + O(18446744073709551557^2)}": the component 1
FAIL tests/test_text_local.c:1225: round_trips_of_generated_values: check failed: adf_lball_identical(&x->loc[k], &y->loc[k]) | "{p=2: 109/4 + O(2^5); p=3: 0 + O(3^3); p=5: 94 + O(5^3); p=65537: 6149289999795486780 + O(65537^4); p=18446744073709551557: 0 + O(18446744073709551557^2)}": the component 4
FAIL tests/test_text_local.c:1232: round_trips_of_generated_values: check failed: adf_sball_equal_set(x, y) | "{p=2: 109/4 + O(2^5); p=3: 0 + O(3^3); p=5: 94 + O(5^3); p=65537: 6149289999795486780 + O(65537^4); p=18446744073709551557: 0 + O(18446744073709551557^2)}": the round trip changed the set
FAIL tests/test_text_local.c:1225: round_trips_of_generated_values: check failed: adf_lball_identical(&x->loc[k], &y->loc[k]) | "{p=2: 0 + O(2^2); p=3: 0 + O(3^1); p=5: 561 + O(5^5)}": the component 0
FAIL tests/test_text_local.c:1225: round_trips_of_generated_values: check failed: adf_lball_identical(&x->loc[k], &y->loc[k]) | "{p=2: 0 + O(2^2); p=3: 0 + O(3^1); p=5: 561 + O(5^5)}": the component 1
FAIL tests/test_text_local.c:1232: round_trips_of_generated_values: check failed: adf_sball_equal_set(x, y) | "{p=2: 0 + O(2^2); p=3: 0 + O(3^1); p=5: 561 + O(5^5)}": the round trip changed the set
FAIL tests/test_text_local.c:1225: round_trips_of_generated_values: check failed: adf_lball_identical(&x->loc[k], &y->loc[k]) | "{p=2: 0 + O(2^2); p=3: 0 + O(3^1); p=5: 0 + O(5^0); p=7: 0 + O(7^2); p=65537: 0 + O(65537^0)}": the component 0
FAIL tests/test_text_local.c:1225: round_trips_of_generated_values: check failed: adf_lball_identical(&x->loc[k], &y->loc[k]) | "{p=2: 0 + O(2^2); p=3: 0 + O(3^1); p=5: 0 + O(5^0); p=7: 0 + O(7^2); p=65537: 0 + O(65537^0)}": the component 1
FAIL tests/test_text_local.c:1225: round_trips_of_generated_values: check failed: adf_lball_identical(&x->loc[k], &y->loc[k]) | "{p=2: 0 + O(2^2); p=3: 0 + O(3^1); p=5: 0 + O(5^0); p=7: 0 + O(7^2); p=65537: 0 + O(65537^0)}": the component 3
FAIL tests/test_text_local.c:1232: round_trips_of_generated_values: check failed: adf_sball_equal_set(x, y) | "{p=2: 0 + O(2^2); p=3: 0 + O(3^1); p=5: 0 + O(5^0); p=7: 0 + O(7^2); p=65537: 0 + O(65537^0)}": the round trip changed the set
FAIL tests/test_text_local.c:1225: round_trips_of_generated_values: check failed: adf_lball_identical(&x->loc[k], &y->loc[k]) | "{p=2: 0 + O(2^0); p=5: 1555 + O(5^5); p=65537: 0 + O(65537^2); p=18446744073709551557: 711995678640303349412118460387091561051725117868025547829234531587638506616265790312208303983216 + O(18446744073709551557^5)}": the component 2
FAIL tests/test_text_local.c:1232: round_trips_of_generated_values: check failed: adf_sball_equal_set(x, y) | "{p=2: 0 + O(2^0); p=5: 1555 + O(5^5); p=65537: 0 + O(65537^2); p=18446744073709551557: 711995678640303349412118460387091561051725117868025547829234531587638506616265790312208303983216 + O(18446744073709551557^5)}": the round trip changed the set
FAIL tests/test_text_local.c:1225: round_trips_of_generated_values: check failed: adf_lball_identical(&x->loc[k], &y->loc[k]) | "{inf: 8192; p=5: 0 + O(5^1); p=7: 0 + O(7^0); p=65537: 0 + O(65537^3); p=18446744073709551557: 0 + O(18446744073709551557^1)}": the component 0
FAIL tests/test_text_local.c:1225: round_trips_of_generated_values: check failed: adf_lball_identical(&x->loc[k], &y->loc[k]) | "{inf: 8192; p=5: 0 + O(5^1); p=7: 0 + O(7^0); p=65537: 0 + O(65537^3); p=18446744073709551557: 0 + O(18446744073709551557^1)}": the component 2
FAIL tests/test_text_local.c:1225: round_trips_of_generated_values: check failed: adf_lball_identical(&x->loc[k], &y->loc[k]) | "{inf: 8192; p=5: 0 + O(5^1); p=7: 0 + O(7^0); p=65537: 0 + O(65537^3); p=18446744073709551557: 0 + O(18446744073709551557^1)}": the component 3
FAIL tests/test_text_local.c:1232: round_trips_of_generated_values: check failed: adf_sball_equal_set(x, y) | "{inf: 8192; p=5: 0 + O(5^1); p=7: 0 + O(7^0); p=65537: 0 + O(65537^3); p=18446744073709551557: 0 + O(18446744073709551557^1)}": the round trip changed the set
FAIL tests/test_text_local.c:1225: round_trips_of_generated_values: check failed: adf_lball_identical(&x->loc[k], &y->loc[k]) | "{inf: 2.53125; p=7: 0 + O(7^3)}": the component 0
FAIL tests/test_text_local.c:1232: round_trips_of_generated_values: check failed: adf_sball_equal_set(x, y) | "{inf: 2.53125; p=7: 0 + O(7^3)}": the round trip changed the set
FAIL tests/test_text_local.c:1225: round_trips_of_generated_values: check failed: adf_lball_identical(&x->loc[k], &y->loc[k]) | "{inf: 3008; p=2: 0 + O(2^3); p=3: 1 + O(3^1); p=5: 4/5 + O(5^0); p=7: 4160 + O(7^5)}": the component 0
FAIL tests/test_text_local.c:1232: round_trips_of_generated_values: check failed: adf_sball_equal_set(x, y) | "{inf: 3008; p=2: 0 + O(2^3); p=3: 1 + O(3^1); p=5: 4/5 + O(5^0); p=7: 4160 + O(7^5)}": the round trip changed the set
FAIL tests/test_text_local.c:1225: round_trips_of_generated_values: check failed: adf_lball_identical(&x->loc[k], &y->loc[k]) | "{inf: -4.875; p=3: 0 + O(3^1); p=5: 85 + O(5^3); p=7: 1958 + O(7^4); p=65537: 0 + O(65537^0); p=18446744073709551557: 19 + O(18446744073709551557^5)}": the component 0
FAIL tests/test_text_local.c:1232: round_trips_of_generated_values: check failed: adf_sball_equal_set(x, y) | "{inf: -4.875; p=3: 0 + O(3^1); p=5: 85 + O(5^3); p=7: 1958 + O(7^4); p=65537: 0 + O(65537^0); p=18446744073709551557: 19 + O(18446744073709551557^5)}": the round trip changed the set
FAIL tests/test_text_local.c:1225: round_trips_of_generated_values: check failed: adf_lball_identical(&x->loc[k], &y->loc[k]) | "{inf: 11520; p=2: 0 + O(2^2); p=3: 614/3 + O(3^5); p=5: 23 + O(5^2); p=65537: 0 + O(65537^2); p=18446744073709551557: 427197407184182009647271076232254936631035070720815328697540718952583103969759474187324982389879 + O(18446744073709551557^5)}": the component 0
FAIL tests/test_text_local.c:1225: round_trips_of_generated_values: check failed: adf_lball_identical(&x->loc[k], &y->loc[k]) | "{inf: 11520; p=2: 0 + O(2^2); p=3: 614/3 + O(3^5); p=5: 23 + O(5^2); p=65537: 0 + O(65537^2); p=18446744073709551557: 427197407184182009647271076232254936631035070720815328697540718952583103969759474187324982389879 + O(18446744073709551557^5)}": the component 3
FAIL tests/test_text_local.c:1232: round_trips_of_generated_values: check failed: adf_sball_equal_set(x, y) | "{inf: 11520; p=2: 0 + O(2^2); p=3: 614/3 + O(3^5); p=5: 23 + O(5^2); p=65537: 0 + O(65537^2); p=18446744073709551557: 427197407184182009647271076232254936631035070720815328697540718952583103969759474187324982389879 + O(18446744073709551557^5)}": the round trip changed the set
FAIL tests/test_text_local.c:1225: round_trips_of_generated_values: check failed: adf_lball_identical(&x->loc[k], &y->loc[k]) | "{inf: -1480; p=3: 0 + O(3^1); p=7: 0 + O(7^2); p=18446744073709551557: 12297829382473034334 + O(18446744073709551557^1)}": the component 0
FAIL tests/test_text_local.c:1225: round_trips_of_generated_values: check failed: adf_lball_identical(&x->loc[k], &y->loc[k]) | "{inf: -1480; p=3: 0 + O(3^1); p=7: 0 + O(7^2); p=18446744073709551557: 12297829382473034334 + O(18446744073709551557^1)}": the component 1
FAIL tests/test_text_local.c:1232: round_trips_of_generated_values: check failed: adf_sball_equal_set(x, y) | "{inf: -1480; p=3: 0 + O(3^1); p=7: 0 + O(7^2); p=18446744073709551557: 12297829382473034334 + O(18446744073709551557^1)}": the round trip changed the set
FAIL tests/test_text_local.c:1225: round_trips_of_generated_values: check failed: adf_lball_identical(&x->loc[k], &y->loc[k]) | "{inf: 6400; p=2: 0 + O(2^0); p=3: 13 + O(3^4); p=7: 215 + O(7^5); p=18446744073709551557: 0 + O(18446744073709551557^2)}": the component 3
FAIL tests/test_text_local.c:1232: round_trips_of_generated_values: check failed: adf_sball_equal_set(x, y) | "{inf: 6400; p=2: 0 + O(2^0); p=3: 13 + O(3^4); p=7: 215 + O(7^5); p=18446744073709551557: 0 + O(18446744073709551557^2)}": the round trip changed the set
FAIL tests/test_text_local.c:1225: round_trips_of_generated_values: check failed: adf_lball_identical(&x->loc[k], &y->loc[k]) | "{inf: -2688; p=2: 0 + O(2^3)}": the component 0
FAIL tests/test_text_local.c:1232: round_trips_of_generated_values: check failed: adf_sball_equal_set(x, y) | "{inf: -2688; p=2: 0 + O(2^3)}": the round trip changed the set
FAIL tests/test_text_local.c:1225: round_trips_of_generated_values: check failed: adf_lball_identical(&x->loc[k], &y->loc[k]) | "{inf: 928; p=3: 1 + O(3^1); p=5: 0 + O(5^1)}": the component 1
FAIL tests/test_text_local.c:1232: round_trips_of_generated_values: check failed: adf_sball_equal_set(x, y) | "{inf: 928; p=3: 1 + O(3^1); p=5: 0 + O(5^1)}": the round trip changed the set
FAIL tests/test_text_local.c:1225: round_trips_of_generated_values: check failed: adf_lball_identical(&x->loc[k], &y->loc[k]) | "{inf: -6048; p=2: 26 + O(2^5); p=5: 15 + O(5^4); p=7: 3349 + O(7^5); p=18446744073709551557: 0 + O(18446744073709551557^2)}": the component 3
FAIL tests/test_text_local.c:1232: round_trips_of_generated_values: check failed: adf_sball_equal_set(x, y) | "{inf: -6048; p=2: 26 + O(2^5); p=5: 15 + O(5^4); p=7: 3349 + O(7^5); p=18446744073709551557: 0 + O(18446744073709551557^2)}": the round trip changed the set
FAIL tests/test_text_local.c:1225: round_trips_of_generated_values: check failed: adf_lball_identical(&x->loc[k], &y->loc[k]) | "{inf: -180; p=2: 7/4 + O(2^1); p=5: 0 + O(5^2); p=18446744073709551557: 0 + O(18446744073709551557^0)}": the component 1
FAIL tests/test_text_local.c:1232: round_trips_of_generated_values: check failed: adf_sball_equal_set(x, y) | "{inf: -180; p=2: 7/4 + O(2^1); p=5: 0 + O(5^2); p=18446744073709551557: 0 + O(18446744073709551557^0)}": the round trip changed the set
FAIL tests/test_text_local.c:1225: round_trips_of_generated_values: check failed: adf_lball_identical(&x->loc[k], &y->loc[k]) | "{inf: 0.71875; p=2: 0 + O(2^0); p=3: 0 + O(3^1)}": the component 1
FAIL tests/test_text_local.c:1232: round_trips_of_generated_values: check failed: adf_sball_equal_set(x, y) | "{inf: 0.71875; p=2: 0 + O(2^0); p=3: 0 + O(3^1)}": the round trip changed the set
FAIL tests/test_text_local.c:1225: round_trips_of_generated_values: check failed: adf_lball_identical(&x->loc[k], &y->loc[k]) | "{inf: -17664; p=2: 7 + O(2^5); p=3: 0 + O(3^2); p=5: 0 + O(5^2)}": the component 1
FAIL tests/test_text_local.c:1225: round_trips_of_generated_values: check failed: adf_lball_identical(&x->loc[k], &y->loc[k]) | "{inf: -17664; p=2: 7 + O(2^5); p=3: 0 + O(3^2); p=5: 0 + O(5^2)}": the component 2
FAIL tests/test_text_local.c:1232: round_trips_of_generated_values: check failed: adf_sball_equal_set(x, y) | "{inf: -17664; p=2: 7 + O(2^5); p=3: 0 + O(3^2); p=5: 0 + O(5^2)}": the round trip changed the set
FAIL tests/test_text_local.c:1225: round_trips_of_generated_values: check failed: adf_lball_identical(&x->loc[k], &y->loc[k]) | "{inf: -9472; p=3: 0 + O(3^0); p=5: 1050 + O(5^5); p=65537: 0 + O(65537^1); p=18446744073709551557: 0 + O(18446744073709551557^0)}": the component 2
FAIL tests/test_text_local.c:1232: round_trips_of_generated_values: check failed: adf_sball_equal_set(x, y) | "{inf: -9472; p=3: 0 + O(3^0); p=5: 1050 + O(5^5); p=65537: 0 + O(65537^1); p=18446744073709551557: 0 + O(18446744073709551557^0)}": the round trip changed the set
FAIL tests/test_text_local.c:1225: round_trips_of_generated_values: check failed: adf_lball_identical(&x->loc[k], &y->loc[k]) | "{inf: 0.96875; p=2: 0 + O(2^3); p=3: 0 + O(3^1); p=5: 5 + O(5^3); p=18446744073709551557: 0 + O(18446744073709551557^3)}": the component 1
FAIL tests/test_text_local.c:1225: round_trips_of_generated_values: check failed: adf_lball_identical(&x->loc[k], &y->loc[k]) | "{inf: 0.96875; p=2: 0 + O(2^3); p=3: 0 + O(3^1); p=5: 5 + O(5^3); p=18446744073709551557: 0 + O(18446744073709551557^3)}": the component 3
FAIL tests/test_text_local.c:1232: round_trips_of_generated_values: check failed: adf_sball_equal_set(x, y) | "{inf: 0.96875; p=2: 0 + O(2^3); p=3: 0 + O(3^1); p=5: 5 + O(5^3); p=18446744073709551557: 0 + O(18446744073709551557^3)}": the round trip changed the set
FAIL tests/test_text_local.c:1225: round_trips_of_generated_values: check failed: adf_lball_identical(&x->loc[k], &y->loc[k]) | "{inf: -456; p=5: 0 + O(5^3)}": the component 0
FAIL tests/test_text_local.c:1232: round_trips_of_generated_values: check failed: adf_sball_equal_set(x, y) | "{inf: -456; p=5: 0 + O(5^3)}": the round trip changed the set
FAIL tests/test_text_local.c:1225: round_trips_of_generated_values: check failed: adf_lball_identical(&x->loc[k], &y->loc[k]) | "{p=3: 0 + O(3^2); p=5: 0 + O(5^1)}": the component 0
FAIL tests/test_text_local.c:1225: round_trips_of_generated_values: check failed: adf_lball_identical(&x->loc[k], &y->loc[k]) | "{p=3: 0 + O(3^2); p=5: 0 + O(5^1)}": the component 1
FAIL tests/test_text_local.c:1232: round_trips_of_generated_values: check failed: adf_sball_equal_set(x, y) | "{p=3: 0 + O(3^2); p=5: 0 + O(5^1)}": the round trip changed the set
FAIL tests/test_text_local.c:1225: round_trips_of_generated_values: check failed: adf_lball_identical(&x->loc[k], &y->loc[k]) | "{inf: -1.265625; p=2: 0 + O(2^3); p=3: 0 + O(3^3); p=65537: 0 + O(65537^1); p=18446744073709551557: 253 + O(18446744073709551557^1)}": the component 0
FAIL tests/test_text_local.c:1225: round_trips_of_generated_values: check failed: adf_lball_identical(&x->loc[k], &y->loc[k]) | "{inf: -1.265625; p=2: 0 + O(2^3); p=3: 0 + O(3^3); p=65537: 0 + O(65537^1); p=18446744073709551557: 253 + O(18446744073709551557^1)}": the component 1
FAIL tests/test_text_local.c:1225: round_trips_of_generated_values: check failed: adf_lball_identical(&x->loc[k], &y->loc[k]) | "{inf: -1.265625; p=2: 0 + O(2^3); p=3: 0 + O(3^3); p=65537: 0 + O(65537^1); p=18446744073709551557: 253 + O(18446744073709551557^1)}": the component 2
FAIL tests/test_text_local.c:1232: round_trips_of_generated_values: check failed: adf_sball_equal_set(x, y) | "{inf: -1.265625; p=2: 0 + O(2^3); p=3: 0 + O(3^3); p=65537: 0 + O(65537^1); p=18446744073709551557: 253 + O(18446744073709551557^1)}": the round trip changed the set
FAIL tests/test_text_local.c:1225: round_trips_of_generated_values: check failed: adf_lball_identical(&x->loc[k], &y->loc[k]) | "{inf: 36; p=2: 0 + O(2^1)}": the component 0
FAIL tests/test_text_local.c:1232: round_trips_of_generated_values: check failed: adf_sball_equal_set(x, y) | "{inf: 36; p=2: 0 + O(2^1)}": the round trip changed the set
FAIL tests/test_text_local.c:1225: round_trips_of_generated_values: check failed: adf_lball_identical(&x->loc[k], &y->loc[k]) | "{inf: -4.5; p=2: 3 + O(2^2); p=5: 0 + O(5^1)}": the component 1
FAIL tests/test_text_local.c:1232: round_trips_of_generated_values: check failed: adf_sball_equal_set(x, y) | "{inf: -4.5; p=2: 3 + O(2^2); p=5: 0 + O(5^1)}": the round trip changed the set
FAIL tests/test_text_local.c:1225: round_trips_of_generated_values: check failed: adf_lball_identical(&x->loc[k], &y->loc[k]) | "{p=2: 6 + O(2^5); p=3: 0 + O(3^3); p=7: 0 + O(7^3); p=65537: 0 + O(65537^2); p=18446744073709551557: 116 + O(18446744073709551557^4)}": the component 1
FAIL tests/test_text_local.c:1225: round_trips_of_generated_values: check failed: adf_lball_identical(&x->loc[k], &y->loc[k]) | "{p=2: 6 + O(2^5); p=3: 0 + O(3^3); p=7: 0 + O(7^3); p=65537: 0 + O(65537^2); p=18446744073709551557: 116 + O(18446744073709551557^4)}": the component 2
FAIL tests/test_text_local.c:1225: round_trips_of_generated_values: check failed: adf_lball_identical(&x->loc[k], &y->loc[k]) | "{p=2: 6 + O(2^5); p=3: 0 + O(3^3); p=7: 0 + O(7^3); p=65537: 0 + O(65537^2); p=18446744073709551557: 116 + O(18446744073709551557^4)}": the component 3
FAIL tests/test_text_local.c:1232: round_trips_of_generated_values: check failed: adf_sball_equal_set(x, y) | "{p=2: 6 + O(2^5); p=3: 0 + O(3^3); p=7: 0 + O(7^3); p=65537: 0 + O(65537^2); p=18446744073709551557: 116 + O(18446744073709551557^4)}": the round trip changed the set
FAIL tests/test_text_local.c:1225: round_trips_of_generated_values: check failed: adf_lball_identical(&x->loc[k], &y->loc[k]) | "{inf: 5632; p=2: 11/2 + O(2^3); p=3: 3 + O(3^2); p=5: 0 + O(5^1); p=7: 0 + O(7^1)}": the component 3
FAIL tests/test_text_local.c:1232: round_trips_of_generated_values: check failed: adf_sball_equal_set(x, y) | "{inf: 5632; p=2: 11/2 + O(2^3); p=3: 3 + O(3^2); p=5: 0 + O(5^1); p=7: 0 + O(7^1)}": the round trip changed the set
FAIL tests/test_text_local.c:1225: round_trips_of_generated_values: check failed: adf_lball_identical(&x->loc[k], &y->loc[k]) | "{inf: -54; p=3: 0 + O(3^1); p=65537: 1073774583 + O(65537^2); p=18446744073709551557: 9223372036854775786 + O(18446744073709551557^1)}": the component 0
FAIL tests/test_text_local.c:1232: round_trips_of_generated_values: check failed: adf_sball_equal_set(x, y) | "{inf: -54; p=3: 0 + O(3^1); p=65537: 1073774583 + O(65537^2); p=18446744073709551557: 9223372036854775786 + O(18446744073709551557^1)}": the round trip changed the set
FAIL tests/test_text_local.c:1225: round_trips_of_generated_values: check failed: adf_lball_identical(&x->loc[k], &y->loc[k]) | "{inf: 18560; p=3: 0 + O(3^1); p=5: 0 + O(5^3); p=7: 0 + O(7^3); p=65537: 16386 + O(65537^1); p=18446744073709551557: 0 + O(18446744073709551557^1)}": the component 0
FAIL tests/test_text_local.c:1225: round_trips_of_generated_values: check failed: adf_lball_identical(&x->loc[k], &y->loc[k]) | "{inf: 18560; p=3: 0 + O(3^1); p=5: 0 + O(5^3); p=7: 0 + O(7^3); p=65537: 16386 + O(65537^1); p=18446744073709551557: 0 + O(18446744073709551557^1)}": the component 1
FAIL tests/test_text_local.c:1225: round_trips_of_generated_values: check failed: adf_lball_identical(&x->loc[k], &y->loc[k]) | "{inf: 18560; p=3: 0 + O(3^1); p=5: 0 + O(5^3); p=7: 0 + O(7^3); p=65537: 16386 + O(65537^1); p=18446744073709551557: 0 + O(18446744073709551557^1)}": the component 2
FAIL tests/test_text_local.c:1225: round_trips_of_generated_values: check failed: adf_lball_identical(&x->loc[k], &y->loc[k]) | "{inf: 18560; p=3: 0 + O(3^1); p=5: 0 + O(5^3); p=7: 0 + O(7^3); p=65537: 16386 + O(65537^1); p=18446744073709551557: 0 + O(18446744073709551557^1)}": the component 4
FAIL tests/test_text_local.c:1232: round_trips_of_generated_values: check failed: adf_sball_equal_set(x, y) | "{inf: 18560; p=3: 0 + O(3^1); p=5: 0 + O(5^3); p=7: 0 + O(7^3); p=65537: 16386 + O(65537^1); p=18446744073709551557: 0 + O(18446744073709551557^1)}": the round trip changed the set
FAIL tests/test_text_local.c:1225: round_trips_of_generated_values: check failed: adf_lball_identical(&x->loc[k], &y->loc[k]) | "{inf: 1.234375; p=5: 0 + O(5^1); p=7: 2140 + O(7^4); p=65537: 29 + O(65537^2)}": the component 0
FAIL tests/test_text_local.c:1232: round_trips_of_generated_values: check failed: adf_sball_equal_set(x, y) | "{inf: 1.234375; p=5: 0 + O(5^1); p=7: 2140 + O(7^4); p=65537: 29 + O(65537^2)}": the round trip changed the set
FAIL tests/test_text_local.c:1225: round_trips_of_generated_values: check failed: adf_lball_identical(&x->loc[k], &y->loc[k]) | "{inf: 54; p=65537: 0 + O(65537^2); p=18446744073709551557: 0 + O(18446744073709551557^0)}": the component 0
FAIL tests/test_text_local.c:1232: round_trips_of_generated_values: check failed: adf_sball_equal_set(x, y) | "{inf: 54; p=65537: 0 + O(65537^2); p=18446744073709551557: 0 + O(18446744073709551557^0)}": the round trip changed the set
FAIL tests/test_text_local.c:1225: round_trips_of_generated_values: check failed: adf_lball_identical(&x->loc[k], &y->loc[k]) | "{inf: -18560; p=2: 0 + O(2^2); p=7: 1473 + O(7^4); p=65537: 0 + O(65537^2)}": the component 0
FAIL tests/test_text_local.c:1225: round_trips_of_generated_values: check failed: adf_lball_identical(&x->loc[k], &y->loc[k]) | "{inf: -18560; p=2: 0 + O(2^2); p=7: 1473 + O(7^4); p=65537: 0 + O(65537^2)}": the component 2
FAIL tests/test_text_local.c:1232: round_trips_of_generated_values: check failed: adf_sball_equal_set(x, y) | "{inf: -18560; p=2: 0 + O(2^2); p=7: 1473 + O(7^4); p=65537: 0 + O(65537^2)}": the round trip changed the set
FAIL tests/test_text_local.c:1225: round_trips_of_generated_values: check failed: adf_lball_identical(&x->loc[k], &y->loc[k]) | "{p=2: 0 + O(2^2); p=5: 0 + O(5^0); p=7: 0 + O(7^3); p=65537: 0 + O(65537^1)}": the component 0
FAIL tests/test_text_local.c:1225: round_trips_of_generated_values: check failed: adf_lball_identical(&x->loc[k], &y->loc[k]) | "{p=2: 0 + O(2^2); p=5: 0 + O(5^0); p=7: 0 + O(7^3); p=65537: 0 + O(65537^1)}": the component 2
FAIL tests/test_text_local.c:1225: round_trips_of_generated_values: check failed: adf_lball_identical(&x->loc[k], &y->loc[k]) | "{p=2: 0 + O(2^2); p=5: 0 + O(5^0); p=7: 0 + O(7^3); p=65537: 0 + O(65537^1)}": the component 3
FAIL tests/test_text_local.c:1232: round_trips_of_generated_values: check failed: adf_sball_equal_set(x, y) | "{p=2: 0 + O(2^2); p=5: 0 + O(5^0); p=7: 0 + O(7^3); p=65537: 0 + O(65537^1)}": the round trip changed the set
FAIL tests/test_text_local.c:1225: round_trips_of_generated_values: check failed: adf_lball_identical(&x->loc[k], &y->loc[k]) | "{inf: -24.375; p=2: 0 + O(2^3); p=3: 0 + O(3^1); p=5: 96 + O(5^3); p=7: 0 + O(7^2); p=65537: 120 + O(65537^5)}": the component 0
FAIL tests/test_text_local.c:1225: round_trips_of_generated_values: check failed: adf_lball_identical(&x->loc[k], &y->loc[k]) | "{inf: -24.375; p=2: 0 + O(2^3); p=3: 0 + O(3^1); p=5: 96 + O(5^3); p=7: 0 + O(7^2); p=65537: 120 + O(65537^5)}": the component 1
FAIL tests/test_text_local.c:1225: round_trips_of_generated_values: check failed: adf_lball_identical(&x->loc[k], &y->loc[k]) | "{inf: -24.375; p=2: 0 + O(2^3); p=3: 0 + O(3^1); p=5: 96 + O(5^3); p=7: 0 + O(7^2); p=65537: 120 + O(65537^5)}": the component 3
FAIL tests/test_text_local.c:1232: round_trips_of_generated_values: check failed: adf_sball_equal_set(x, y) | "{inf: -24.375; p=2: 0 + O(2^3); p=3: 0 + O(3^1); p=5: 96 + O(5^3); p=7: 0 + O(7^2); p=65537: 120 + O(65537^5)}": the round trip changed the set
FAIL tests/test_text_local.c:1225: round_trips_of_generated_values: check failed: adf_lball_identical(&x->loc[k], &y->loc[k]) | "{inf: -83; p=3: 28 + O(3^4); p=5: 0 + O(5^0); p=7: 0 + O(7^3); p=65537: 4295098269 + O(65537^2); p=18446744073709551557: 0 + O(18446744073709551557^3)}": the component 2
FAIL tests/test_text_local.c:1225: round_trips_of_generated_values: check failed: adf_lball_identical(&x->loc[k], &y->loc[k]) | "{inf: -83; p=3: 28 + O(3^4); p=5: 0 + O(5^0); p=7: 0 + O(7^3); p=65537: 4295098269 + O(65537^2); p=18446744073709551557: 0 + O(18446744073709551557^3)}": the component 4
FAIL tests/test_text_local.c:1232: round_trips_of_generated_values: check failed: adf_sball_equal_set(x, y) | "{inf: -83; p=3: 28 + O(3^4); p=5: 0 + O(5^0); p=7: 0 + O(7^3); p=65537: 4295098269 + O(65537^2); p=18446744073709551557: 0 + O(18446744073709551557^3)}": the round trip changed the set
FAIL tests/test_text_local.c:1225: round_trips_of_generated_values: check failed: adf_lball_identical(&x->loc[k], &y->loc[k]) | "{p=2: 0 + O(2^2); p=5: 3062/5 + O(5^4); p=65537: 0 + O(65537^3); p=18446744073709551557: 25 + O(18446744073709551557^4)}": the component 0
FAIL tests/test_text_local.c:1225: round_trips_of_generated_values: check failed: adf_lball_identical(&x->loc[k], &y->loc[k]) | "{p=2: 0 + O(2^2); p=5: 3062/5 + O(5^4); p=65537: 0 + O(65537^3); p=18446744073709551557: 25 + O(18446744073709551557^4)}": the component 2
FAIL tests/test_text_local.c:1232: round_trips_of_generated_values: check failed: adf_sball_equal_set(x, y) | "{p=2: 0 + O(2^2); p=5: 3062/5 + O(5^4); p=65537: 0 + O(65537^3); p=18446744073709551557: 25 + O(18446744073709551557^4)}": the round trip changed the set
FAIL tests/test_text_local.c:1225: round_trips_of_generated_values: check failed: adf_lball_identical(&x->loc[k], &y->loc[k]) | "{inf: -0.328125; p=2: 0 + O(2^3); p=3: 10/3 + O(3^2); p=7: 0 + O(7^3)}": the component 0
FAIL tests/test_text_local.c:1225: round_trips_of_generated_values: check failed: adf_lball_identical(&x->loc[k], &y->loc[k]) | "{inf: -0.328125; p=2: 0 + O(2^3); p=3: 10/3 + O(3^2); p=7: 0 + O(7^3)}": the component 2
FAIL tests/test_text_local.c:1232: round_trips_of_generated_values: check failed: adf_sball_equal_set(x, y) | "{inf: -0.328125; p=2: 0 + O(2^3); p=3: 10/3 + O(3^2); p=7: 0 + O(7^3)}": the round trip changed the set
FAIL tests/test_text_local.c:1225: round_trips_of_generated_values: check failed: adf_lball_identical(&x->loc[k], &y->loc[k]) | "{inf: 3904; p=7: 0 + O(7^3)}": the component 0
FAIL tests/test_text_local.c:1232: round_trips_of_generated_values: check failed: adf_sball_equal_set(x, y) | "{inf: 3904; p=7: 0 + O(7^3)}": the round trip changed the set
FAIL tests/test_text_local.c:1225: round_trips_of_generated_values: check failed: adf_lball_identical(&x->loc[k], &y->loc[k]) | "{inf: -1.890625; p=2: 22 + O(2^5); p=5: 0 + O(5^2); p=65537: 70371965452282 + O(65537^3)}": the component 1
FAIL tests/test_text_local.c:1232: round_trips_of_generated_values: check failed: adf_sball_equal_set(x, y) | "{inf: -1.890625; p=2: 22 + O(2^5); p=5: 0 + O(5^2); p=65537: 70371965452282 + O(65537^3)}": the round trip changed the set
FAIL tests/test_text_local.c:1225: round_trips_of_generated_values: check failed: adf_lball_identical(&x->loc[k], &y->loc[k]) | "{p=2: 0 + O(2^2); p=3: 1 + O(3^5); p=5: 2060 + O(5^5); p=18446744073709551557: 38597363079105397980724991819143751565053732099784007527016115158911951937997 + O(18446744073709551557^4)}": the component 0
FAIL tests/test_text_local.c:1232: round_trips_of_generated_values: check failed: adf_sball_equal_set(x, y) | "{p=2: 0 + O(2^2); p=3: 1 + O(3^5); p=5: 2060 + O(5^5); p=18446744073709551557: 38597363079105397980724991819143751565053732099784007527016115158911951937997 + O(18446744073709551557^4)}": the round trip changed the set
FAIL tests/test_text_local.c:1225: round_trips_of_generated_values: check failed: adf_lball_identical(&x->loc[k], &y->loc[k]) | "{inf: 0.26953125; p=5: 0 + O(5^3)}": the component 0
FAIL tests/test_text_local.c:1232: round_trips_of_generated_values: check failed: adf_sball_equal_set(x, y) | "{inf: 0.26953125; p=5: 0 + O(5^3)}": the round trip changed the set
FAIL tests/test_text_local.c:1225: round_trips_of_generated_values: check failed: adf_lball_identical(&x->loc[k], &y->loc[k]) | "{p=2: 0 + O(2^4); p=3: 0 + O(3^3); p=7: 16701 + O(7^5); p=65537: 20 + O(65537^3); p=18446744073709551557: 0 + O(18446744073709551557^2)}": the component 1
FAIL tests/test_text_local.c:1225: round_trips_of_generated_values: check failed: adf_lball_identical(&x->loc[k], &y->loc[k]) | "{p=2: 0 + O(2^4); p=3: 0 + O(3^3); p=7: 16701 + O(7^5); p=65537: 20 + O(65537^3); p=18446744073709551557: 0 + O(18446744073709551557^2)}": the component 4
FAIL tests/test_text_local.c:1232: round_trips_of_generated_values: check failed: adf_sball_equal_set(x, y) | "{p=2: 0 + O(2^4); p=3: 0 + O(3^3); p=7: 16701 + O(7^5); p=65537: 20 + O(65537^3); p=18446744073709551557: 0 + O(18446744073709551557^2)}": the round trip changed the set
FAIL tests/test_text_local.c:1225: round_trips_of_generated_values: check failed: adf_lball_identical(&x->loc[k], &y->loc[k]) | "{inf: 1.2265625; p=3: 0 + O(3^3); p=5: 0 + O(5^0); p=7: 12 + O(7^3); p=65537: 67 + O(65537^3); p=18446744073709551557: 3074457345618258586 + O(18446744073709551557^1)}": the component 0
FAIL tests/test_text_local.c:1232: round_trips_of_generated_values: check failed: adf_sball_equal_set(x, y) | "{inf: 1.2265625; p=3: 0 + O(3^3); p=5: 0 + O(5^0); p=7: 12 + O(7^3); p=65537: 67 + O(65537^3); p=18446744073709551557: 3074457345618258586 + O(18446744073709551557^1)}": the round trip changed the set
FAIL tests/test_text_local.c:1225: round_trips_of_generated_values: check failed: adf_lball_identical(&x->loc[k], &y->loc[k]) | "{inf: 12032; p=2: 101/4 + O(2^5); p=3: 0 + O(3^2); p=5: 0 + O(5^1); p=7: 8332 + O(7^5); p=65537: 65501 + O(65537^1)}": the component 1
FAIL tests/test_text_local.c:1225: round_trips_of_generated_values: check failed: adf_lball_identical(&x->loc[k], &y->loc[k]) | "{inf: 12032; p=2: 101/4 + O(2^5); p=3: 0 + O(3^2); p=5: 0 + O(5^1); p=7: 8332 + O(7^5); p=65537: 65501 + O(65537^1)}": the component 2
FAIL tests/test_text_local.c:1232: round_trips_of_generated_values: check failed: adf_sball_equal_set(x, y) | "{inf: 12032; p=2: 101/4 + O(2^5); p=3: 0 + O(3^2); p=5: 0 + O(5^1); p=7: 8332 + O(7^5); p=65537: 65501 + O(65537^1)}": the round trip changed the set
FAIL tests/test_text_local.c:1225: round_trips_of_generated_values: check failed: adf_lball_identical(&x->loc[k], &y->loc[k]) | "{inf: 39.5; p=2: 0 + O(2^1); p=3: 10 + O(3^3); p=7: 0 + O(7^2); p=18446744073709551557: 6277101735386680703605810478201558575724398290789908405623 + O(18446744073709551557^3)}": the component 2
FAIL tests/test_text_local.c:1232: round_trips_of_generated_values: check failed: adf_sball_equal_set(x, y) | "{inf: 39.5; p=2: 0 + O(2^1); p=3: 10 + O(3^3); p=7: 0 + O(7^2); p=18446744073709551557: 6277101735386680703605810478201558575724398290789908405623 + O(18446744073709551557^3)}": the round trip changed the set
FAIL tests/test_text_local.c:1225: round_trips_of_generated_values: check failed: adf_lball_identical(&x->loc[k], &y->loc[k]) | "{p=7: 205 + O(7^3); p=65537: 0 + O(65537^2); p=18446744073709551557: 340282366920938461286658806734041124172 + O(18446744073709551557^2)}": the component 1
FAIL tests/test_text_local.c:1232: round_trips_of_generated_values: check failed: adf_sball_equal_set(x, y) | "{p=7: 205 + O(7^3); p=65537: 0 + O(65537^2); p=18446744073709551557: 340282366920938461286658806734041124172 + O(18446744073709551557^2)}": the round trip changed the set
FAIL tests/test_text_local.c:1225: round_trips_of_generated_values: check failed: adf_lball_identical(&x->loc[k], &y->loc[k]) | "{inf: -632; p=2: 0 + O(2^2); p=3: 40/3 + O(3^3); p=5: 0 + O(5^2); p=65537: 0 + O(65537^0); p=18446744073709551557: 19298681539552698990362495909571875782526866049892003763508057579455975969001 + O(18446744073709551557^4)}": the component 0
FAIL tests/test_text_local.c:1225: round_trips_of_generated_values: check failed: adf_lball_identical(&x->loc[k], &y->loc[k]) | "{inf: -632; p=2: 0 + O(2^2); p=3: 40/3 + O(3^3); p=5: 0 + O(5^2); p=65537: 0 + O(65537^0); p=18446744073709551557: 19298681539552698990362495909571875782526866049892003763508057579455975969001 + O(18446744073709551557^4)}": the component 2
FAIL tests/test_text_local.c:1232: round_trips_of_generated_values: check failed: adf_sball_equal_set(x, y) | "{inf: -632; p=2: 0 + O(2^2); p=3: 40/3 + O(3^3); p=5: 0 + O(5^2); p=65537: 0 + O(65537^0); p=18446744073709551557: 19298681539552698990362495909571875782526866049892003763508057579455975969001 + O(18446744073709551557^4)}": the round trip changed the set
FAIL tests/test_text_local.c:1225: round_trips_of_generated_values: check failed: adf_lball_identical(&x->loc[k], &y->loc[k]) | "{inf: 5.375; p=2: 3 + O(2^3); p=3: 26 + O(3^4); p=5: 21 + O(5^2); p=7: 8431 + O(7^5); p=65537: 0 + O(65537^2)}": the component 4
FAIL tests/test_text_local.c:1232: round_trips_of_generated_values: check failed: adf_sball_equal_set(x, y) | "{inf: 5.375; p=2: 3 + O(2^3); p=3: 26 + O(3^4); p=5: 21 + O(5^2); p=7: 8431 + O(7^5); p=65537: 0 + O(65537^2)}": the round trip changed the set
FAIL tests/test_text_local.c:1225: round_trips_of_generated_values: check failed: adf_lball_identical(&x->loc[k], &y->loc[k]) | "{p=2: 0 + O(2^1); p=3: 0 + O(3^2); p=65537: 0 + O(65537^2)}": the component 0
FAIL tests/test_text_local.c:1225: round_trips_of_generated_values: check failed: adf_lball_identical(&x->loc[k], &y->loc[k]) | "{p=2: 0 + O(2^1); p=3: 0 + O(3^2); p=65537: 0 + O(65537^2)}": the component 2
FAIL tests/test_text_local.c:1232: round_trips_of_generated_values: check failed: adf_sball_equal_set(x, y) | "{p=2: 0 + O(2^1); p=3: 0 + O(3^2); p=65537: 0 + O(65537^2)}": the round trip changed the set
FAIL tests/test_text_local.c:1225: round_trips_of_generated_values: check failed: adf_lball_identical(&x->loc[k], &y->loc[k]) | "{inf: -396; p=2: 0 + O(2^4); p=7: 0 + O(7^1)}": the component 1
FAIL tests/test_text_local.c:1232: round_trips_of_generated_values: check failed: adf_sball_equal_set(x, y) | "{inf: -396; p=2: 0 + O(2^4); p=7: 0 + O(7^1)}": the round trip changed the set
FAIL tests/test_text_local.c:1225: round_trips_of_generated_values: check failed: adf_lball_identical(&x->loc[k], &y->loc[k]) | "{p=3: 533/3 + O(3^5); p=7: 79 + O(7^3); p=18446744073709551557: 0 + O(18446744073709551557^1)}": the component 2
FAIL tests/test_text_local.c:1232: round_trips_of_generated_values: check failed: adf_sball_equal_set(x, y) | "{p=3: 533/3 + O(3^5); p=7: 79 + O(7^3); p=18446744073709551557: 0 + O(18446744073709551557^1)}": the round trip changed the set
FAIL tests/test_text_local.c:1225: round_trips_of_generated_values: check failed: adf_lball_identical(&x->loc[k], &y->loc[k]) | "{p=2: 10 + O(2^4); p=3: 0 + O(3^2); p=5: 0 + O(5^3); p=65537: 8 + O(65537^1)}": the component 1
FAIL tests/test_text_local.c:1225: round_trips_of_generated_values: check failed: adf_lball_identical(&x->loc[k], &y->loc[k]) | "{p=2: 10 + O(2^4); p=3: 0 + O(3^2); p=5: 0 + O(5^3); p=65537: 8 + O(65537^1)}": the component 2
FAIL tests/test_text_local.c:1232: round_trips_of_generated_values: check failed: adf_sball_equal_set(x, y) | "{p=2: 10 + O(2^4); p=3: 0 + O(3^2); p=5: 0 + O(5^3); p=65537: 8 + O(65537^1)}": the round trip changed the set
FAIL tests/test_text_local.c:1225: round_trips_of_generated_values: check failed: adf_lball_identical(&x->loc[k], &y->loc[k]) | "{inf: -3904; p=2: 0 + O(2^0); p=5: 2/5 + O(5^0); p=7: 0 + O(7^3); p=65537: 0 + O(65537^1)}": the component 2
FAIL tests/test_text_local.c:1225: round_trips_of_generated_values: check failed: adf_lball_identical(&x->loc[k], &y->loc[k]) | "{inf: -3904; p=2: 0 + O(2^0); p=5: 2/5 + O(5^0); p=7: 0 + O(7^3); p=65537: 0 + O(65537^1)}": the component 3
FAIL tests/test_text_local.c:1232: round_trips_of_generated_values: check failed: adf_sball_equal_set(x, y) | "{inf: -3904; p=2: 0 + O(2^0); p=5: 2/5 + O(5^0); p=7: 0 + O(7^3); p=65537: 0 + O(65537^1)}": the round trip changed the set
FAIL tests/test_text_local.c:1225: round_trips_of_generated_values: check failed: adf_lball_identical(&x->loc[k], &y->loc[k]) | "{inf: -0.5703125; p=5: 0 + O(5^1); p=7: 0 + O(7^2); p=18446744073709551557: 0 + O(18446744073709551557^0)}": the component 0
FAIL tests/test_text_local.c:1225: round_trips_of_generated_values: check failed: adf_lball_identical(&x->loc[k], &y->loc[k]) | "{inf: -0.5703125; p=5: 0 + O(5^1); p=7: 0 + O(7^2); p=18446744073709551557: 0 + O(18446744073709551557^0)}": the component 1
FAIL tests/test_text_local.c:1232: round_trips_of_generated_values: check failed: adf_sball_equal_set(x, y) | "{inf: -0.5703125; p=5: 0 + O(5^1); p=7: 0 + O(7^2); p=18446744073709551557: 0 + O(18446744073709551557^0)}": the round trip changed the set
FAIL tests/test_text_local.c:1225: round_trips_of_generated_values: check failed: adf_lball_identical(&x->loc[k], &y->loc[k]) | "{p=2: 0 + O(2^3); p=5: 41 + O(5^3); p=18446744073709551557: 5021681388309344562884648382561246860579518632631926724548 + O(18446744073709551557^3)}": the component 0
FAIL tests/test_text_local.c:1232: round_trips_of_generated_values: check failed: adf_sball_equal_set(x, y) | "{p=2: 0 + O(2^3); p=5: 41 + O(5^3); p=18446744073709551557: 5021681388309344562884648382561246860579518632631926724548 + O(18446744073709551557^3)}": the round trip changed the set
FAIL tests/test_text_local.c:1225: round_trips_of_generated_values: check failed: adf_lball_identical(&x->loc[k], &y->loc[k]) | "{p=5: 0 + O(5^1); p=7: 0 + O(7^1)}": the component 0
FAIL tests/test_text_local.c:1225: round_trips_of_generated_values: check failed: adf_lball_identical(&x->loc[k], &y->loc[k]) | "{p=5: 0 + O(5^1); p=7: 0 + O(7^1)}": the component 1
FAIL tests/test_text_local.c:1232: round_trips_of_generated_values: check failed: adf_sball_equal_set(x, y) | "{p=5: 0 + O(5^1); p=7: 0 + O(7^1)}": the round trip changed the set
FAIL tests/test_text_local.c:1225: round_trips_of_generated_values: check failed: adf_lball_identical(&x->loc[k], &y->loc[k]) | "{p=2: 0 + O(2^2); p=5: 11/5 + O(5^1); p=65537: 0 + O(65537^2); p=18446744073709551557: 340282366920938461286658806734041124234 + O(18446744073709551557^2)}": the component 0
FAIL tests/test_text_local.c:1225: round_trips_of_generated_values: check failed: adf_lball_identical(&x->loc[k], &y->loc[k]) | "{p=2: 0 + O(2^2); p=5: 11/5 + O(5^1); p=65537: 0 + O(65537^2); p=18446744073709551557: 340282366920938461286658806734041124234 + O(18446744073709551557^2)}": the component 2
FAIL tests/test_text_local.c:1232: round_trips_of_generated_values: check failed: adf_sball_equal_set(x, y) | "{p=2: 0 + O(2^2); p=5: 11/5 + O(5^1); p=65537: 0 + O(65537^2); p=18446744073709551557: 340282366920938461286658806734041124234 + O(18446744073709551557^2)}": the round trip changed the set
FAIL tests/test_text_local.c:1225: round_trips_of_generated_values: check failed: adf_lball_identical(&x->loc[k], &y->loc[k]) | "{inf: 2.75; p=2: 0 + O(2^1); p=7: 32 + O(7^2); p=18446744073709551557: 0 + O(18446744073709551557^3)}": the component 2
FAIL tests/test_text_local.c:1232: round_trips_of_generated_values: check failed: adf_sball_equal_set(x, y) | "{inf: 2.75; p=2: 0 + O(2^1); p=7: 32 + O(7^2); p=18446744073709551557: 0 + O(18446744073709551557^3)}": the round trip changed the set
FAIL tests/test_text_local.c:1225: round_trips_of_generated_values: check failed: adf_lball_identical(&x->loc[k], &y->loc[k]) | "{inf: 7; p=2: 0 + O(2^1); p=3: 69 + O(3^4); p=7: 3 + O(7^2); p=65537: 0 + O(65537^3)}": the component 0
FAIL tests/test_text_local.c:1225: round_trips_of_generated_values: check failed: adf_lball_identical(&x->loc[k], &y->loc[k]) | "{inf: 7; p=2: 0 + O(2^1); p=3: 69 + O(3^4); p=7: 3 + O(7^2); p=65537: 0 + O(65537^3)}": the component 3
FAIL tests/test_text_local.c:1232: round_trips_of_generated_values: check failed: adf_sball_equal_set(x, y) | "{inf: 7; p=2: 0 + O(2^1); p=3: 69 + O(3^4); p=7: 3 + O(7^2); p=65537: 0 + O(65537^3)}": the round trip changed the set
FAIL tests/test_text_local.c:1225: round_trips_of_generated_values: check failed: adf_lball_identical(&x->loc[k], &y->loc[k]) | "{p=2: 1 + O(2^1); p=3: 10/3 + O(3^4); p=7: 0 + O(7^3); p=65537: 65303 + O(65537^1); p=18446744073709551557: 60 + O(18446744073709551557^1)}": the component 2
FAIL tests/test_text_local.c:1232: round_trips_of_generated_values: check failed: adf_sball_equal_set(x, y) | "{p=2: 1 + O(2^1); p=3: 10/3 + O(3^4); p=7: 0 + O(7^3); p=65537: 65303 + O(65537^1); p=18446744073709551557: 60 + O(18446744073709551557^1)}": the round trip changed the set
FAIL tests/test_text_local.c:1225: round_trips_of_generated_values: check failed: adf_lball_identical(&x->loc[k], &y->loc[k]) | "{inf: -0.7578125; p=2: 0 + O(2^4); p=3: 2 + O(3^2); p=5: 0 + O(5^1)}": the component 2
FAIL tests/test_text_local.c:1232: round_trips_of_generated_values: check failed: adf_sball_equal_set(x, y) | "{inf: -0.7578125; p=2: 0 + O(2^4); p=3: 2 + O(3^2); p=5: 0 + O(5^1)}": the round trip changed the set
FAIL tests/test_text_local.c:1225: round_trips_of_generated_values: check failed: adf_lball_identical(&x->loc[k], &y->loc[k]) | "{p=3: 20 + O(3^4); p=5: 2 + O(5^1); p=65537: 0 + O(65537^1); p=18446744073709551557: 0 + O(18446744073709551557^1)}": the component 2
FAIL tests/test_text_local.c:1225: round_trips_of_generated_values: check failed: adf_lball_identical(&x->loc[k], &y->loc[k]) | "{p=3: 20 + O(3^4); p=5: 2 + O(5^1); p=65537: 0 + O(65537^1); p=18446744073709551557: 0 + O(18446744073709551557^1)}": the component 3
FAIL tests/test_text_local.c:1232: round_trips_of_generated_values: check failed: adf_sball_equal_set(x, y) | "{p=3: 20 + O(3^4); p=5: 2 + O(5^1); p=65537: 0 + O(65537^1); p=18446744073709551557: 0 + O(18446744073709551557^1)}": the round trip changed the set
FAIL tests/test_text_local.c:1225: round_trips_of_generated_values: check failed: adf_lball_identical(&x->loc[k], &y->loc[k]) | "{p=3: 7/3 + O(3^1); p=5: 0 + O(5^1); p=7: 4143 + O(7^5)}": the component 1
FAIL tests/test_text_local.c:1232: round_trips_of_generated_values: check failed: adf_sball_equal_set(x, y) | "{p=3: 7/3 + O(3^1); p=5: 0 + O(5^1); p=7: 4143 + O(7^5)}": the round trip changed the set
FAIL tests/test_text_local.c:1225: round_trips_of_generated_values: check failed: adf_lball_identical(&x->loc[k], &y->loc[k]) | "{p=3: 31/3 + O(3^3); p=5: 3/5 + O(5^0); p=7: 0 + O(7^1); p=65537: 0 + O(65537^1)}": the component 2
FAIL tests/test_text_local.c:1225: round_trips_of_generated_values: check failed: adf_lball_identical(&x->loc[k], &y->loc[k]) | "{p=3: 31/3 + O(3^3); p=5: 3/5 + O(5^0); p=7: 0 + O(7^1); p=65537: 0 + O(65537^1)}": the component 3
FAIL tests/test_text_local.c:1232: round_trips_of_generated_values: check failed: adf_sball_equal_set(x, y) | "{p=3: 31/3 + O(3^3); p=5: 3/5 + O(5^0); p=7: 0 + O(7^1); p=65537: 0 + O(65537^1)}": the round trip changed the set
FAIL tests/test_text_local.c:1225: round_trips_of_generated_values: check failed: adf_lball_identical(&x->loc[k], &y->loc[k]) | "{inf: -23.5; p=3: 1 + O(3^2); p=7: 22 + O(7^2); p=65537: 1209018056149790439571350 + O(65537^5); p=18446744073709551557: 0 + O(18446744073709551557^2)}": the component 3
FAIL tests/test_text_local.c:1232: round_trips_of_generated_values: check failed: adf_sball_equal_set(x, y) | "{inf: -23.5; p=3: 1 + O(3^2); p=7: 22 + O(7^2); p=65537: 1209018056149790439571350 + O(65537^5); p=18446744073709551557: 0 + O(18446744073709551557^2)}": the round trip changed the set
FAIL tests/test_text_local.c:1225: round_trips_of_generated_values: check failed: adf_lball_identical(&x->loc[k], &y->loc[k]) | "{inf: -328; p=5: 0 + O(5^2); p=7: 8489 + O(7^5)}": the component 0
FAIL tests/test_text_local.c:1232: round_trips_of_generated_values: check failed: adf_sball_equal_set(x, y) | "{inf: -328; p=5: 0 + O(5^2); p=7: 8489 + O(7^5)}": the round trip changed the set
FAIL tests/test_text_local.c:1225: round_trips_of_generated_values: check failed: adf_lball_identical(&x->loc[k], &y->loc[k]) | "{inf: 0.828125; p=18446744073709551557: 0 + O(18446744073709551557^3)}": the component 0
FAIL tests/test_text_local.c:1232: round_trips_of_generated_values: check failed: adf_sball_equal_set(x, y) | "{inf: 0.828125; p=18446744073709551557: 0 + O(18446744073709551557^3)}": the round trip changed the set
FAIL tests/test_text_local.c:1225: round_trips_of_generated_values: check failed: adf_lball_identical(&x->loc[k], &y->loc[k]) | "{inf: -0.09375; p=2: 3 + O(2^3); p=5: 0 + O(5^3); p=7: 167 + O(7^3); p=65537: 0 + O(65537^2); p=18446744073709551557: 0 + O(18446744073709551557^3)}": the component 1
FAIL tests/test_text_local.c:1225: round_trips_of_generated_values: check failed: adf_lball_identical(&x->loc[k], &y->loc[k]) | "{inf: -0.09375; p=2: 3 + O(2^3); p=5: 0 + O(5^3); p=7: 167 + O(7^3); p=65537: 0 + O(65537^2); p=18446744073709551557: 0 + O(18446744073709551557^3)}": the component 3
FAIL tests/test_text_local.c:1225: round_trips_of_generated_values: check failed: adf_lball_identical(&x->loc[k], &y->loc[k]) | "{inf: -0.09375; p=2: 3 + O(2^3); p=5: 0 + O(5^3); p=7: 167 + O(7^3); p=65537: 0 + O(65537^2); p=18446744073709551557: 0 + O(18446744073709551557^3)}": the component 4
FAIL tests/test_text_local.c:1232: round_trips_of_generated_values: check failed: adf_sball_equal_set(x, y) | "{inf: -0.09375; p=2: 3 + O(2^3); p=5: 0 + O(5^3); p=7: 167 + O(7^3); p=65537: 0 + O(65537^2); p=18446744073709551557: 0 + O(18446744073709551557^3)}": the round trip changed the set
FAIL tests/test_text_local.c:1225: round_trips_of_generated_values: check failed: adf_lball_identical(&x->loc[k], &y->loc[k]) | "{p=2: 4 + O(2^3); p=3: 0 + O(3^2); p=7: 0 + O(7^2); p=18446744073709551557: 0 + O(18446744073709551557^3)}": the component 1
FAIL tests/test_text_local.c:1225: round_trips_of_generated_values: check failed: adf_lball_identical(&x->loc[k], &y->loc[k]) | "{p=2: 4 + O(2^3); p=3: 0 + O(3^2); p=7: 0 + O(7^2); p=18446744073709551557: 0 + O(18446744073709551557^3)}": the component 2
FAIL tests/test_text_local.c:1225: round_trips_of_generated_values: check failed: adf_lball_identical(&x->loc[k], &y->loc[k]) | "{p=2: 4 + O(2^3); p=3: 0 + O(3^2); p=7: 0 + O(7^2); p=18446744073709551557: 0 + O(18446744073709551557^3)}": the component 3
FAIL tests/test_text_local.c:1232: round_trips_of_generated_values: check failed: adf_sball_equal_set(x, y) | "{p=2: 4 + O(2^3); p=3: 0 + O(3^2); p=7: 0 + O(7^2); p=18446744073709551557: 0 + O(18446744073709551557^3)}": the round trip changed the set
FAIL tests/test_text_local.c:1225: round_trips_of_generated_values: check failed: adf_lball_identical(&x->loc[k], &y->loc[k]) | "{inf: -296; p=65537: 403006018716596813190497 + O(65537^5); p=18446744073709551557: 0 + O(18446744073709551557^1)}": the component 1
FAIL tests/test_text_local.c:1232: round_trips_of_generated_values: check failed: adf_sball_equal_set(x, y) | "{inf: -296; p=65537: 403006018716596813190497 + O(65537^5); p=18446744073709551557: 0 + O(18446744073709551557^1)}": the round trip changed the set
FAIL tests/test_text_local.c:1225: round_trips_of_generated_values: check failed: adf_lball_identical(&x->loc[k], &y->loc[k]) | "{inf: 41.5; p=18446744073709551557: 0 + O(18446744073709551557^3)}": the component 0
FAIL tests/test_text_local.c:1232: round_trips_of_generated_values: check failed: adf_sball_equal_set(x, y) | "{inf: 41.5; p=18446744073709551557: 0 + O(18446744073709551557^3)}": the round trip changed the set
FAIL tests/test_text_local.c:1225: round_trips_of_generated_values: check failed: adf_lball_identical(&x->loc[k], &y->loc[k]) | "{p=2: 3/4 + O(2^1); p=3: 3 + O(3^2); p=5: 2 + O(5^1); p=65537: 0 + O(65537^1); p=18446744073709551557: 170 + O(18446744073709551557^1)}": the component 3
FAIL tests/test_text_local.c:1232: round_trips_of_generated_values: check failed: adf_sball_equal_set(x, y) | "{p=2: 3/4 + O(2^1); p=3: 3 + O(3^2); p=5: 2 + O(5^1); p=65537: 0 + O(65537^1); p=18446744073709551557: 170 + O(18446744073709551557^1)}": the round trip changed the set
FAIL tests/test_text_local.c:1225: round_trips_of_generated_values: check failed: adf_lball_identical(&x->loc[k], &y->loc[k]) | "{inf: -0.44921875; p=2: 35/2 + O(2^5); p=5: 0 + O(5^1); p=18446744073709551557: 0 + O(18446744073709551557^1)}": the component 1
FAIL tests/test_text_local.c:1225: round_trips_of_generated_values: check failed: adf_lball_identical(&x->loc[k], &y->loc[k]) | "{inf: -0.44921875; p=2: 35/2 + O(2^5); p=5: 0 + O(5^1); p=18446744073709551557: 0 + O(18446744073709551557^1)}": the component 2
FAIL tests/test_text_local.c:1232: round_trips_of_generated_values: check failed: adf_sball_equal_set(x, y) | "{inf: -0.44921875; p=2: 35/2 + O(2^5); p=5: 0 + O(5^1); p=18446744073709551557: 0 + O(18446744073709551557^1)}": the round trip changed the set
FAIL tests/test_text_local.c:1225: round_trips_of_generated_values: check failed: adf_lball_identical(&x->loc[k], &y->loc[k]) | "{inf: -2.28125; p=2: 0 + O(2^3); p=3: 0 + O(3^0); p=5: 2646 + O(5^5); p=65537: 1209018056149790439571364 + O(65537^5)}": the component 0
FAIL tests/test_text_local.c:1232: round_trips_of_generated_values: check failed: adf_sball_equal_set(x, y) | "{inf: -2.28125; p=2: 0 + O(2^3); p=3: 0 + O(3^0); p=5: 2646 + O(5^5); p=65537: 1209018056149790439571364 + O(65537^5)}": the round trip changed the set
FAIL tests/test_text_local.c:1225: round_trips_of_generated_values: check failed: adf_lball_identical(&x->loc[k], &y->loc[k]) | "{inf: -976; p=3: 0 + O(3^1); p=7: 4 + O(7^1); p=65537: 225190289447336 + O(65537^3); p=18446744073709551557: 23158417847463238788434995091486250939032239259870404516209669095347171162816 + O(18446744073709551557^4)}": the component 0
FAIL tests/test_text_local.c:1232: round_trips_of_generated_values: check failed: adf_sball_equal_set(x, y) | "{inf: -976; p=3: 0 + O(3^1); p=7: 4 + O(7^1); p=65537: 225190289447336 + O(65537^3); p=18446744073709551557: 23158417847463238788434995091486250939032239259870404516209669095347171162816 + O(18446744073709551557^4)}": the round trip changed the set
FAIL tests/test_text_local.c:1225: round_trips_of_generated_values: check failed: adf_lball_identical(&x->loc[k], &y->loc[k]) | "{p=2: 0 + O(2^3); p=3: 0 + O(3^3); p=65537: 0 + O(65537^3); p=18446744073709551557: 0 + O(18446744073709551557^3)}": the component 1
FAIL tests/test_text_local.c:1225: round_trips_of_generated_values: check failed: adf_lball_identical(&x->loc[k], &y->loc[k]) | "{p=2: 0 + O(2^3); p=3: 0 + O(3^3); p=65537: 0 + O(65537^3); p=18446744073709551557: 0 + O(18446744073709551557^3)}": the component 2
FAIL tests/test_text_local.c:1225: round_trips_of_generated_values: check failed: adf_lball_identical(&x->loc[k], &y->loc[k]) | "{p=2: 0 + O(2^3); p=3: 0 + O(3^3); p=65537: 0 + O(65537^3); p=18446744073709551557: 0 + O(18446744073709551557^3)}": the component 3
FAIL tests/test_text_local.c:1232: round_trips_of_generated_values: check failed: adf_sball_equal_set(x, y) | "{p=2: 0 + O(2^3); p=3: 0 + O(3^3); p=65537: 0 + O(65537^3); p=18446744073709551557: 0 + O(18446744073709551557^3)}": the round trip changed the set
FAIL tests/test_text_local.c:1225: round_trips_of_generated_values: check failed: adf_lball_identical(&x->loc[k], &y->loc[k]) | "{inf: -1472; p=3: 0 + O(3^3); p=5: 0 + O(5^0); p=7: 0 + O(7^2); p=65537: 43644 + O(65537^1)}": the component 0
FAIL tests/test_text_local.c:1225: round_trips_of_generated_values: check failed: adf_lball_identical(&x->loc[k], &y->loc[k]) | "{inf: -1472; p=3: 0 + O(3^3); p=5: 0 + O(5^0); p=7: 0 + O(7^2); p=65537: 43644 + O(65537^1)}": the component 2
FAIL tests/test_text_local.c:1232: round_trips_of_generated_values: check failed: adf_sball_equal_set(x, y) | "{inf: -1472; p=3: 0 + O(3^3); p=5: 0 + O(5^0); p=7: 0 + O(7^2); p=65537: 43644 + O(65537^1)}": the round trip changed the set
FAIL tests/test_text_local.c:1225: round_trips_of_generated_values: check failed: adf_lball_identical(&x->loc[k], &y->loc[k]) | "{inf: -2272; p=2: 1/2 + O(2^2); p=3: 46/3 + O(3^3); p=5: 0 + O(5^2); p=7: 8273 + O(7^5); p=18446744073709551557: 33 + O(18446744073709551557^4)}": the component 2
FAIL tests/test_text_local.c:1232: round_trips_of_generated_values: check failed: adf_sball_equal_set(x, y) | "{inf: -2272; p=2: 1/2 + O(2^2); p=3: 46/3 + O(3^3); p=5: 0 + O(5^2); p=7: 8273 + O(7^5); p=18446744073709551557: 33 + O(18446744073709551557^4)}": the round trip changed the set
FAIL tests/test_text_local.c:1225: round_trips_of_generated_values: check failed: adf_lball_identical(&x->loc[k], &y->loc[k]) | "{inf: -10.25; p=2: 0 + O(2^2); p=5: 0 + O(5^1); p=7: 0 + O(7^1); p=65537: 187658574539517 + O(65537^3); p=18446744073709551557: 113427455640312820428886268911347041369 + O(18446744073709551557^2)}": the component 0
FAIL tests/test_text_local.c:1225: round_trips_of_generated_values: check failed: adf_lball_identical(&x->loc[k], &y->loc[k]) | "{inf: -10.25; p=2: 0 + O(2^2); p=5: 0 + O(5^1); p=7: 0 + O(7^1); p=65537: 187658574539517 + O(65537^3); p=18446744073709551557: 113427455640312820428886268911347041369 + O(18446744073709551557^2)}": the component 1
FAIL tests/test_text_local.c:1225: round_trips_of_generated_values: check failed: adf_lball_identical(&x->loc[k], &y->loc[k]) | "{inf: -10.25; p=2: 0 + O(2^2); p=5: 0 + O(5^1); p=7: 0 + O(7^1); p=65537: 187658574539517 + O(65537^3); p=18446744073709551557: 113427455640312820428886268911347041369 + O(18446744073709551557^2)}": the component 2
FAIL tests/test_text_local.c:1232: round_trips_of_generated_values: check failed: adf_sball_equal_set(x, y) | "{inf: -10.25; p=2: 0 + O(2^2); p=5: 0 + O(5^1); p=7: 0 + O(7^1); p=65537: 187658574539517 + O(65537^3); p=18446744073709551557: 113427455640312820428886268911347041369 + O(18446744073709551557^2)}": the round trip changed the set
FAIL tests/test_text_local.c:1225: round_trips_of_generated_values: check failed: adf_lball_identical(&x->loc[k], &y->loc[k]) | "{inf: 30.75; p=3: 0 + O(3^3); p=7: 0 + O(7^0)}": the component 0
FAIL tests/test_text_local.c:1232: round_trips_of_generated_values: check failed: adf_sball_equal_set(x, y) | "{inf: 30.75; p=3: 0 + O(3^3); p=7: 0 + O(7^0)}": the round trip changed the set
FAIL tests/test_text_local.c:1225: round_trips_of_generated_values: check failed: adf_lball_identical(&x->loc[k], &y->loc[k]) | "{inf: 0.3046875; p=5: 0 + O(5^1); p=7: 0 + O(7^1); p=65537: 101 + O(65537^2)}": the component 0
FAIL tests/test_text_local.c:1225: round_trips_of_generated_values: check failed: adf_lball_identical(&x->loc[k], &y->loc[k]) | "{inf: 0.3046875; p=5: 0 + O(5^1); p=7: 0 + O(7^1); p=65537: 101 + O(65537^2)}": the component 1
FAIL tests/test_text_local.c:1232: round_trips_of_generated_values: check failed: adf_sball_equal_set(x, y) | "{inf: 0.3046875; p=5: 0 + O(5^1); p=7: 0 + O(7^1); p=65537: 101 + O(65537^2)}": the round trip changed the set
FAIL tests/test_text_local.c:1225: round_trips_of_generated_values: check failed: adf_lball_identical(&x->loc[k], &y->loc[k]) | "{inf: -1.125; p=2: 9 + O(2^5); p=3: 0 + O(3^1); p=5: 106/5 + O(5^2); p=7: 0 + O(7^2); p=18446744073709551557: 14757395258967641285 + O(18446744073709551557^1)}": the component 1
FAIL tests/test_text_local.c:1225: round_trips_of_generated_values: check failed: adf_lball_identical(&x->loc[k], &y->loc[k]) | "{inf: -1.125; p=2: 9 + O(2^5); p=3: 0 + O(3^1); p=5: 106/5 + O(5^2); p=7: 0 + O(7^2); p=18446744073709551557: 14757395258967641285 + O(18446744073709551557^1)}": the component 3
FAIL tests/test_text_local.c:1232: round_trips_of_generated_values: check failed: adf_sball_equal_set(x, y) | "{inf: -1.125; p=2: 9 + O(2^5); p=3: 0 + O(3^1); p=5: 106/5 + O(5^2); p=7: 0 + O(7^2); p=18446744073709551557: 14757395258967641285 + O(18446744073709551557^1)}": the round trip changed the set
FAIL tests/test_text_local.c:1225: round_trips_of_generated_values: check failed: adf_lball_identical(&x->loc[k], &y->loc[k]) | "{inf: -352; p=5: 0 + O(5^3); p=7: 1472 + O(7^4); p=65537: 0 + O(65537^1); p=18446744073709551557: 115792089237316193942174975457431254695161196299352022581048345476735855813940 + O(18446744073709551557^4)}": the component 0
FAIL tests/test_text_local.c:1225: round_trips_of_generated_values: check failed: adf_lball_identical(&x->loc[k], &y->loc[k]) | "{inf: -352; p=5: 0 + O(5^3); p=7: 1472 + O(7^4); p=65537: 0 + O(65537^1); p=18446744073709551557: 115792089237316193942174975457431254695161196299352022581048345476735855813940 + O(18446744073709551557^4)}": the component 2
FAIL tests/test_text_local.c:1232: round_trips_of_generated_values: check failed: adf_sball_equal_set(x, y) | "{inf: -352; p=5: 0 + O(5^3); p=7: 1472 + O(7^4); p=65537: 0 + O(65537^1); p=18446744073709551557: 115792089237316193942174975457431254695161196299352022581048345476735855813940 + O(18446744073709551557^4)}": the round trip changed the set
FAIL tests/test_text_local.c:1225: round_trips_of_generated_values: check failed: adf_lball_identical(&x->loc[k], &y->loc[k]) | "{p=2: 0 + O(2^1); p=18446744073709551557: 0 + O(18446744073709551557^1)}": the component 1
FAIL tests/test_text_local.c:1232: round_trips_of_generated_values: check failed: adf_sball_equal_set(x, y) | "{p=2: 0 + O(2^1); p=18446744073709551557: 0 + O(18446744073709551557^1)}": the round trip changed the set
FAIL tests/test_text_local.c:1225: round_trips_of_generated_values: check failed: adf_lball_identical(&x->loc[k], &y->loc[k]) | "{inf: 184; p=2: 0 + O(2^1); p=5: 0 + O(5^1); p=7: 0 + O(7^1); p=65537: 0 + O(65537^2); p=18446744073709551557: 22 + O(18446744073709551557^3)}": the component 0
FAIL tests/test_text_local.c:1225: round_trips_of_generated_values: check failed: adf_lball_identical(&x->loc[k], &y->loc[k]) | "{inf: 184; p=2: 0 + O(2^1); p=5: 0 + O(5^1); p=7: 0 + O(7^1); p=65537: 0 + O(65537^2); p=18446744073709551557: 22 + O(18446744073709551557^3)}": the component 1
FAIL tests/test_text_local.c:1225: round_trips_of_generated_values: check failed: adf_lball_identical(&x->loc[k], &y->loc[k]) | "{inf: 184; p=2: 0 + O(2^1); p=5: 0 + O(5^1); p=7: 0 + O(7^1); p=65537: 0 + O(65537^2); p=18446744073709551557: 22 + O(18446744073709551557^3)}": the component 2
FAIL tests/test_text_local.c:1225: round_trips_of_generated_values: check failed: adf_lball_identical(&x->loc[k], &y->loc[k]) | "{inf: 184; p=2: 0 + O(2^1); p=5: 0 + O(5^1); p=7: 0 + O(7^1); p=65537: 0 + O(65537^2); p=18446744073709551557: 22 + O(18446744073709551557^3)}": the component 3
FAIL tests/test_text_local.c:1232: round_trips_of_generated_values: check failed: adf_sball_equal_set(x, y) | "{inf: 184; p=2: 0 + O(2^1); p=5: 0 + O(5^1); p=7: 0 + O(7^1); p=65537: 0 + O(65537^2); p=18446744073709551557: 22 + O(18446744073709551557^3)}": the round trip changed the set
FAIL tests/test_text_local.c:1225: round_trips_of_generated_values: check failed: adf_lball_identical(&x->loc[k], &y->loc[k]) | "{p=3: 0 + O(3^1); p=5: 369 + O(5^4)}": the component 0
FAIL tests/test_text_local.c:1232: round_trips_of_generated_values: check failed: adf_sball_equal_set(x, y) | "{p=3: 0 + O(3^1); p=5: 369 + O(5^4)}": the round trip changed the set
FAIL tests/test_text_local.c:1225: round_trips_of_generated_values: check failed: adf_lball_identical(&x->loc[k], &y->loc[k]) | "{inf: 2768; p=3: 20 + O(3^3); p=5: 2 + O(5^1); p=7: 215 + O(7^3); p=65537: 0 + O(65537^1); p=18446744073709551557: 0 + O(18446744073709551557^0)}": the component 3
FAIL tests/test_text_local.c:1232: round_trips_of_generated_values: check failed: adf_sball_equal_set(x, y) | "{inf: 2768; p=3: 20 + O(3^3); p=5: 2 + O(5^1); p=7: 215 + O(7^3); p=65537: 0 + O(65537^1); p=18446744073709551557: 0 + O(18446744073709551557^0)}": the round trip changed the set
FAIL tests/test_text_local.c:1225: round_trips_of_generated_values: check failed: adf_lball_identical(&x->loc[k], &y->loc[k]) | "{p=3: 1/3 + O(3^0); p=5: 116 + O(5^5); p=65537: 0 + O(65537^3); p=18446744073709551557: 0 + O(18446744073709551557^1)}": the component 2
FAIL tests/test_text_local.c:1225: round_trips_of_generated_values: check failed: adf_lball_identical(&x->loc[k], &y->loc[k]) | "{p=3: 1/3 + O(3^0); p=5: 116 + O(5^5); p=65537: 0 + O(65537^3); p=18446744073709551557: 0 + O(18446744073709551557^1)}": the component 3
FAIL tests/test_text_local.c:1232: round_trips_of_generated_values: check failed: adf_sball_equal_set(x, y) | "{p=3: 1/3 + O(3^0); p=5: 116 + O(5^5); p=65537: 0 + O(65537^3); p=18446744073709551557: 0 + O(18446744073709551557^1)}": the round trip changed the set
FAIL tests/test_text_local.c:1225: round_trips_of_generated_values: check failed: adf_lball_identical(&x->loc[k], &y->loc[k]) | "{inf: -512; p=2: 0 + O(2^1)}": the component 0
FAIL tests/test_text_local.c:1232: round_trips_of_generated_values: check failed: adf_sball_equal_set(x, y) | "{inf: -512; p=2: 0 + O(2^1)}": the round trip changed the set
FAIL tests/test_text_local.c:1225: round_trips_of_generated_values: check failed: adf_lball_identical(&x->loc[k], &y->loc[k]) | "{inf: -157; p=3: 0 + O(3^3); p=5: 3037 + O(5^5); p=65537: 0 + O(65537^2)}": the component 0
FAIL tests/test_text_local.c:1225: round_trips_of_generated_values: check failed: adf_lball_identical(&x->loc[k], &y->loc[k]) | "{inf: -157; p=3: 0 + O(3^3); p=5: 3037 + O(5^5); p=65537: 0 + O(65537^2)}": the component 2
FAIL tests/test_text_local.c:1232: round_trips_of_generated_values: check failed: adf_sball_equal_set(x, y) | "{inf: -157; p=3: 0 + O(3^3); p=5: 3037 + O(5^5); p=65537: 0 + O(65537^2)}": the round trip changed the set
FAIL tests/test_text_local.c:1225: round_trips_of_generated_values: check failed: adf_lball_identical(&x->loc[k], &y->loc[k]) | "{inf: 2.21875; p=2: 0 + O(2^2); p=7: 845 + O(7^4); p=65537: 0 + O(65537^2); p=18446744073709551557: 0 + O(18446744073709551557^1)}": the component 0
FAIL tests/test_text_local.c:1225: round_trips_of_generated_values: check failed: adf_lball_identical(&x->loc[k], &y->loc[k]) | "{inf: 2.21875; p=2: 0 + O(2^2); p=7: 845 + O(7^4); p=65537: 0 + O(65537^2); p=18446744073709551557: 0 + O(18446744073709551557^1)}": the component 2
FAIL tests/test_text_local.c:1225: round_trips_of_generated_values: check failed: adf_lball_identical(&x->loc[k], &y->loc[k]) | "{inf: 2.21875; p=2: 0 + O(2^2); p=7: 845 + O(7^4); p=65537: 0 + O(65537^2); p=18446744073709551557: 0 + O(18446744073709551557^1)}": the component 3
FAIL tests/test_text_local.c:1232: round_trips_of_generated_values: check failed: adf_sball_equal_set(x, y) | "{inf: 2.21875; p=2: 0 + O(2^2); p=7: 845 + O(7^4); p=65537: 0 + O(65537^2); p=18446744073709551557: 0 + O(18446744073709551557^1)}": the round trip changed the set
FAIL tests/test_text_local.c:1225: round_trips_of_generated_values: check failed: adf_lball_identical(&x->loc[k], &y->loc[k]) | "{inf: -176; p=3: 0 + O(3^3)}": the component 0
FAIL tests/test_text_local.c:1232: round_trips_of_generated_values: check failed: adf_sball_equal_set(x, y) | "{inf: -176; p=3: 0 + O(3^3)}": the round trip changed the set
FAIL tests/test_text_local.c:1225: round_trips_of_generated_values: check failed: adf_lball_identical(&x->loc[k], &y->loc[k]) | "{inf: 752; p=2: 21/2 + O(2^4); p=3: 1 + O(3^1); p=5: 0 + O(5^3); p=7: 5 + O(7^1); p=18446744073709551557: 92633671389852955153739980365945003756128957039481618064838676381388684651167 + O(18446744073709551557^4)}": the component 2
FAIL tests/test_text_local.c:1232: round_trips_of_generated_values: check failed: adf_sball_equal_set(x, y) | "{inf: 752; p=2: 21/2 + O(2^4); p=3: 1 + O(3^1); p=5: 0 + O(5^3); p=7: 5 + O(7^1); p=18446744073709551557: 92633671389852955153739980365945003756128957039481618064838676381388684651167 + O(18446744073709551557^4)}": the round trip changed the set
FAIL tests/test_text_local.c:1225: round_trips_of_generated_values: check failed: adf_lball_identical(&x->loc[k], &y->loc[k]) | "{inf: -416; p=5: 0 + O(5^3); p=7: 0 + O(7^1)}": the component 0
FAIL tests/test_text_local.c:1225: round_trips_of_generated_values: check failed: adf_lball_identical(&x->loc[k], &y->loc[k]) | "{inf: -416; p=5: 0 + O(5^3); p=7: 0 + O(7^1)}": the component 1
FAIL tests/test_text_local.c:1232: round_trips_of_generated_values: check failed: adf_sball_equal_set(x, y) | "{inf: -416; p=5: 0 + O(5^3); p=7: 0 + O(7^1)}": the round trip changed the set
FAIL tests/test_text_local.c:1225: round_trips_of_generated_values: check failed: adf_lball_identical(&x->loc[k], &y->loc[k]) | "{inf: -764; p=2: 0 + O(2^2); p=3: 46/3 + O(3^3); p=5: 0 + O(5^1); p=7: 0 + O(7^3); p=18446744073709551557: 38597363079105397980724991819143751565053732099784007527016115158911951937953 + O(18446744073709551557^4)}": the component 0
FAIL tests/test_text_local.c:1225: round_trips_of_generated_values: check failed: adf_lball_identical(&x->loc[k], &y->loc[k]) | "{inf: -764; p=2: 0 + O(2^2); p=3: 46/3 + O(3^3); p=5: 0 + O(5^1); p=7: 0 + O(7^3); p=18446744073709551557: 38597363079105397980724991819143751565053732099784007527016115158911951937953 + O(18446744073709551557^4)}": the component 3
FAIL tests/test_text_local.c:1232: round_trips_of_generated_values: check failed: adf_sball_equal_set(x, y) | "{inf: -764; p=2: 0 + O(2^2); p=3: 46/3 + O(3^3); p=5: 0 + O(5^1); p=7: 0 + O(7^3); p=18446744073709551557: 38597363079105397980724991819143751565053732099784007527016115158911951937953 + O(18446744073709551557^4)}": the round trip changed the set
FAIL tests/test_text_local.c:1225: round_trips_of_generated_values: check failed: adf_lball_identical(&x->loc[k], &y->loc[k]) | "{p=5: 0 + O(5^1); p=65537: 0 + O(65537^3)}": the component 0
FAIL tests/test_text_local.c:1225: round_trips_of_generated_values: check failed: adf_lball_identical(&x->loc[k], &y->loc[k]) | "{p=5: 0 + O(5^1); p=65537: 0 + O(65537^3)}": the component 1
FAIL tests/test_text_local.c:1232: round_trips_of_generated_values: check failed: adf_sball_equal_set(x, y) | "{p=5: 0 + O(5^1); p=65537: 0 + O(65537^3)}": the round trip changed the set
FAIL tests/test_text_local.c:1225: round_trips_of_generated_values: check failed: adf_lball_identical(&x->loc[k], &y->loc[k]) | "{inf: -3072; p=7: 0 + O(7^1); p=65537: 32871 + O(65537^1)}": the component 0
FAIL tests/test_text_local.c:1232: round_trips_of_generated_values: check failed: adf_sball_equal_set(x, y) | "{inf: -3072; p=7: 0 + O(7^1); p=65537: 32871 + O(65537^1)}": the round trip changed the set
FAIL tests/test_text_local.c:1225: round_trips_of_generated_values: check failed: adf_lball_identical(&x->loc[k], &y->loc[k]) | "{inf: -0.59375; p=2: 0 + O(2^2)}": the component 0
FAIL tests/test_text_local.c:1232: round_trips_of_generated_values: check failed: adf_sball_equal_set(x, y) | "{inf: -0.59375; p=2: 0 + O(2^2)}": the round trip changed the set
FAIL tests/test_text_local.c:1225: round_trips_of_generated_values: check failed: adf_lball_identical(&x->loc[k], &y->loc[k]) | "{p=2: 25/2 + O(2^4); p=5: 17/5 + O(5^5); p=7: 0 + O(7^2)}": the component 2
FAIL tests/test_text_local.c:1232: round_trips_of_generated_values: check failed: adf_sball_equal_set(x, y) | "{p=2: 25/2 + O(2^4); p=5: 17/5 + O(5^5); p=7: 0 + O(7^2)}": the round trip changed the set
FAIL tests/test_text_local.c:1225: round_trips_of_generated_values: check failed: adf_lball_identical(&x->loc[k], &y->loc[k]) | "{inf: -1.75; p=2: 1/2 + O(2^1); p=3: 0 + O(3^1); p=18446744073709551557: 0 + O(18446744073709551557^3)}": the component 1
FAIL tests/test_text_local.c:1225: round_trips_of_generated_values: check failed: adf_lball_identical(&x->loc[k], &y->loc[k]) | "{inf: -1.75; p=2: 1/2 + O(2^1); p=3: 0 + O(3^1); p=18446744073709551557: 0 + O(18446744073709551557^3)}": the component 2
FAIL tests/test_text_local.c:1232: round_trips_of_generated_values: check failed: adf_sball_equal_set(x, y) | "{inf: -1.75; p=2: 1/2 + O(2^1); p=3: 0 + O(3^1); p=18446744073709551557: 0 + O(18446744073709551557^3)}": the round trip changed the set
FAIL tests/test_text_local.c:1225: round_trips_of_generated_values: check failed: adf_lball_identical(&x->loc[k], &y->loc[k]) | "{p=3: 0 + O(3^1); p=5: 0 + O(5^0); p=7: 57 + O(7^3)}": the component 0
FAIL tests/test_text_local.c:1232: round_trips_of_generated_values: check failed: adf_sball_equal_set(x, y) | "{p=3: 0 + O(3^1); p=5: 0 + O(5^0); p=7: 57 + O(7^3)}": the round trip changed the set
FAIL tests/test_text_local.c:1225: round_trips_of_generated_values: check failed: adf_lball_identical(&x->loc[k], &y->loc[k]) | "{p=2: 2 + O(2^4); p=5: 419 + O(5^4); p=7: 0 + O(7^1); p=65537: 6149289999795486656 + O(65537^4); p=18446744073709551557: 0 + O(18446744073709551557^3)}": the component 2
FAIL tests/test_text_local.c:1225: round_trips_of_generated_values: check failed: adf_lball_identical(&x->loc[k], &y->loc[k]) | "{p=2: 2 + O(2^4); p=5: 419 + O(5^4); p=7: 0 + O(7^1); p=65537: 6149289999795486656 + O(65537^4); p=18446744073709551557: 0 + O(18446744073709551557^3)}": the component 4
FAIL tests/test_text_local.c:1232: round_trips_of_generated_values: check failed: adf_sball_equal_set(x, y) | "{p=2: 2 + O(2^4); p=5: 419 + O(5^4); p=7: 0 + O(7^1); p=65537: 6149289999795486656 + O(65537^4); p=18446744073709551557: 0 + O(18446744073709551557^3)}": the round trip changed the set
FAIL tests/test_text_local.c:1225: round_trips_of_generated_values: check failed: adf_lball_identical(&x->loc[k], &y->loc[k]) | "{inf: 378; p=2: 0 + O(2^1); p=7: 0 + O(7^1); p=18446744073709551557: 0 + O(18446744073709551557^1)}": the component 0
FAIL tests/test_text_local.c:1225: round_trips_of_generated_values: check failed: adf_lball_identical(&x->loc[k], &y->loc[k]) | "{inf: 378; p=2: 0 + O(2^1); p=7: 0 + O(7^1); p=18446744073709551557: 0 + O(18446744073709551557^1)}": the component 2
FAIL tests/test_text_local.c:1232: round_trips_of_generated_values: check failed: adf_sball_equal_set(x, y) | "{inf: 378; p=2: 0 + O(2^1); p=7: 0 + O(7^1); p=18446744073709551557: 0 + O(18446744073709551557^1)}": the round trip changed the set
FAIL tests/test_text_local.c:1225: round_trips_of_generated_values: check failed: adf_lball_identical(&x->loc[k], &y->loc[k]) | "{p=2: 0 + O(2^1); p=5: 8 + O(5^2); p=7: 0 + O(7^2); p=65537: 14758295999509168098 + O(65537^4); p=18446744073709551557: 0 + O(18446744073709551557^0)}": the component 0
FAIL tests/test_text_local.c:1225: round_trips_of_generated_values: check failed: adf_lball_identical(&x->loc[k], &y->loc[k]) | "{p=2: 0 + O(2^1); p=5: 8 + O(5^2); p=7: 0 + O(7^2); p=65537: 14758295999509168098 + O(65537^4); p=18446744073709551557: 0 + O(18446744073709551557^0)}": the component 2
FAIL tests/test_text_local.c:1232: round_trips_of_generated_values: check failed: adf_sball_equal_set(x, y) | "{p=2: 0 + O(2^1); p=5: 8 + O(5^2); p=7: 0 + O(7^2); p=65537: 14758295999509168098 + O(65537^4); p=18446744073709551557: 0 + O(18446744073709551557^0)}": the round trip changed the set
FAIL tests/test_text_local.c:1225: round_trips_of_generated_values: check failed: adf_lball_identical(&x->loc[k], &y->loc[k]) | "{p=3: 0 + O(3^3); p=5: 0 + O(5^0); p=7: 246 + O(7^5); p=65537: 1209018056149790439571421 + O(65537^5)}": the component 0
FAIL tests/test_text_local.c:1232: round_trips_of_generated_values: check failed: adf_sball_equal_set(x, y) | "{p=3: 0 + O(3^3); p=5: 0 + O(5^0); p=7: 246 + O(7^5); p=65537: 1209018056149790439571421 + O(65537^5)}": the round trip changed the set
FAIL tests/test_text_local.c:1225: round_trips_of_generated_values: check failed: adf_lball_identical(&x->loc[k], &y->loc[k]) | "{inf: 548; p=2: 0 + O(2^3); p=3: 0 + O(3^1); p=5: 58 + O(5^3); p=7: 0 + O(7^1); p=65537: 0 + O(65537^2)}": the component 0
FAIL tests/test_text_local.c:1225: round_trips_of_generated_values: check failed: adf_lball_identical(&x->loc[k], &y->loc[k]) | "{inf: 548; p=2: 0 + O(2^3); p=3: 0 + O(3^1); p=5: 58 + O(5^3); p=7: 0 + O(7^1); p=65537: 0 + O(65537^2)}": the component 1
FAIL tests/test_text_local.c:1225: round_trips_of_generated_values: check failed: adf_lball_identical(&x->loc[k], &y->loc[k]) | "{inf: 548; p=2: 0 + O(2^3); p=3: 0 + O(3^1); p=5: 58 + O(5^3); p=7: 0 + O(7^1); p=65537: 0 + O(65537^2)}": the component 3
FAIL tests/test_text_local.c:1225: round_trips_of_generated_values: check failed: adf_lball_identical(&x->loc[k], &y->loc[k]) | "{inf: 548; p=2: 0 + O(2^3); p=3: 0 + O(3^1); p=5: 58 + O(5^3); p=7: 0 + O(7^1); p=65537: 0 + O(65537^2)}": the component 4
FAIL tests/test_text_local.c:1232: round_trips_of_generated_values: check failed: adf_sball_equal_set(x, y) | "{inf: 548; p=2: 0 + O(2^3); p=3: 0 + O(3^1); p=5: 58 + O(5^3); p=7: 0 + O(7^1); p=65537: 0 + O(65537^2)}": the round trip changed the set
FAIL tests/test_text_local.c:1225: round_trips_of_generated_values: check failed: adf_lball_identical(&x->loc[k], &y->loc[k]) | "{p=3: 6 + O(3^2); p=5: 0 + O(5^1)}": the component 1
FAIL tests/test_text_local.c:1232: round_trips_of_generated_values: check failed: adf_sball_equal_set(x, y) | "{p=3: 6 + O(3^2); p=5: 0 + O(5^1)}": the round trip changed the set
FAIL tests/test_text_local.c:1225: round_trips_of_generated_values: check failed: adf_lball_identical(&x->loc[k], &y->loc[k]) | "{p=65537: 0 + O(65537^2)}": the component 0
FAIL tests/test_text_local.c:1232: round_trips_of_generated_values: check failed: adf_sball_equal_set(x, y) | "{p=65537: 0 + O(65537^2)}": the round trip changed the set
FAIL tests/test_text_local.c:1225: round_trips_of_generated_values: check failed: adf_lball_identical(&x->loc[k], &y->loc[k]) | "{inf: 26624; p=18446744073709551557: 0 + O(18446744073709551557^1)}": the component 0
FAIL tests/test_text_local.c:1232: round_trips_of_generated_values: check failed: adf_sball_equal_set(x, y) | "{inf: 26624; p=18446744073709551557: 0 + O(18446744073709551557^1)}": the round trip changed the set
FAIL tests/test_text_local.c:1225: round_trips_of_generated_values: check failed: adf_lball_identical(&x->loc[k], &y->loc[k]) | "{inf: 2432; p=5: 0 + O(5^3); p=18446744073709551557: 0 + O(18446744073709551557^1)}": the component 0
FAIL tests/test_text_local.c:1225: round_trips_of_generated_values: check failed: adf_lball_identical(&x->loc[k], &y->loc[k]) | "{inf: 2432; p=5: 0 + O(5^3); p=18446744073709551557: 0 + O(18446744073709551557^1)}": the component 1
FAIL tests/test_text_local.c:1232: round_trips_of_generated_values: check failed: adf_sball_equal_set(x, y) | "{inf: 2432; p=5: 0 + O(5^3); p=18446744073709551557: 0 + O(18446744073709551557^1)}": the round trip changed the set
FAIL tests/test_text_local.c:1225: round_trips_of_generated_values: check failed: adf_lball_identical(&x->loc[k], &y->loc[k]) | "{p=3: 1 + O(3^1); p=5: 0 + O(5^1); p=7: 6 + O(7^1); p=65537: 249 + O(65537^1); p=18446744073709551557: 3138550867693340351802905239100779287862199145394954202947 + O(18446744073709551557^3)}": the component 1
FAIL tests/test_text_local.c:1232: round_trips_of_generated_values: check failed: adf_sball_equal_set(x, y) | "{p=3: 1 + O(3^1); p=5: 0 + O(5^1); p=7: 6 + O(7^1); p=65537: 249 + O(65537^1); p=18446744073709551557: 3138550867693340351802905239100779287862199145394954202947 + O(18446744073709551557^3)}": the round trip changed the set
FAIL tests/test_text_local.c:1225: round_trips_of_generated_values: check failed: adf_lball_identical(&x->loc[k], &y->loc[k]) | "{p=3: 0 + O(3^2); p=5: 0 + O(5^3); p=7: 10 + O(7^2); p=65537: 0 + O(65537^3)}": the component 0
FAIL tests/test_text_local.c:1225: round_trips_of_generated_values: check failed: adf_lball_identical(&x->loc[k], &y->loc[k]) | "{p=3: 0 + O(3^2); p=5: 0 + O(5^3); p=7: 10 + O(7^2); p=65537: 0 + O(65537^3)}": the component 1
FAIL tests/test_text_local.c:1225: round_trips_of_generated_values: check failed: adf_lball_identical(&x->loc[k], &y->loc[k]) | "{p=3: 0 + O(3^2); p=5: 0 + O(5^3); p=7: 10 + O(7^2); p=65537: 0 + O(65537^3)}": the component 3
FAIL tests/test_text_local.c:1232: round_trips_of_generated_values: check failed: adf_sball_equal_set(x, y) | "{p=3: 0 + O(3^2); p=5: 0 + O(5^3); p=7: 10 + O(7^2); p=65537: 0 + O(65537^3)}": the round trip changed the set
FAIL tests/test_text_local.c:1225: round_trips_of_generated_values: check failed: adf_lball_identical(&x->loc[k], &y->loc[k]) | "{inf: -10.4375; p=3: 22/3 + O(3^2); p=7: 0 + O(7^3); p=18446744073709551557: 0 + O(18446744073709551557^0)}": the component 1
FAIL tests/test_text_local.c:1232: round_trips_of_generated_values: check failed: adf_sball_equal_set(x, y) | "{inf: -10.4375; p=3: 22/3 + O(3^2); p=7: 0 + O(7^3); p=18446744073709551557: 0 + O(18446744073709551557^0)}": the round trip changed the set
FAIL tests/test_text_local.c:1225: round_trips_of_generated_values: check failed: adf_lball_identical(&x->loc[k], &y->loc[k]) | "{p=5: 0 + O(5^1)}": the component 0
FAIL tests/test_text_local.c:1232: round_trips_of_generated_values: check failed: adf_sball_equal_set(x, y) | "{p=5: 0 + O(5^1)}": the round trip changed the set
FAIL tests/test_text_local.c:1225: round_trips_of_generated_values: check failed: adf_lball_identical(&x->loc[k], &y->loc[k]) | "{inf: -4224; p=5: 0 + O(5^1); p=7: 0 + O(7^2); p=18446744073709551557: 1067993517960455024118177690580637341577587676802038321743851797381457759924398685468312455974825 + O(18446744073709551557^5)}": the component 0
FAIL tests/test_text_local.c:1225: round_trips_of_generated_values: check failed: adf_lball_identical(&x->loc[k], &y->loc[k]) | "{inf: -4224; p=5: 0 + O(5^1); p=7: 0 + O(7^2); p=18446744073709551557: 1067993517960455024118177690580637341577587676802038321743851797381457759924398685468312455974825 + O(18446744073709551557^5)}": the component 1
FAIL tests/test_text_local.c:1232: round_trips_of_generated_values: check failed: adf_sball_equal_set(x, y) | "{inf: -4224; p=5: 0 + O(5^1); p=7: 0 + O(7^2); p=18446744073709551557: 1067993517960455024118177690580637341577587676802038321743851797381457759924398685468312455974825 + O(18446744073709551557^5)}": the round trip changed the set
FAIL tests/test_text_local.c:1225: round_trips_of_generated_values: check failed: adf_lball_identical(&x->loc[k], &y->loc[k]) | "{inf: 320; p=2: 0 + O(2^1); p=5: 18 + O(5^2); p=7: 113 + O(7^3); p=18446744073709551557: 6277101735386680703605810478201558575724398290789908405506 + O(18446744073709551557^3)}": the component 0
FAIL tests/test_text_local.c:1232: round_trips_of_generated_values: check failed: adf_sball_equal_set(x, y) | "{inf: 320; p=2: 0 + O(2^1); p=5: 18 + O(5^2); p=7: 113 + O(7^3); p=18446744073709551557: 6277101735386680703605810478201558575724398290789908405506 + O(18446744073709551557^3)}": the round trip changed the set
FAIL tests/test_text_local.c:1225: round_trips_of_generated_values: check failed: adf_lball_identical(&x->loc[k], &y->loc[k]) | "{p=2: 0 + O(2^2); p=5: 0 + O(5^2); p=7: 44 + O(7^2)}": the component 1
FAIL tests/test_text_local.c:1232: round_trips_of_generated_values: check failed: adf_sball_equal_set(x, y) | "{p=2: 0 + O(2^2); p=5: 0 + O(5^2); p=7: 44 + O(7^2)}": the round trip changed the set
FAIL tests/test_text_local.c:1225: round_trips_of_generated_values: check failed: adf_lball_identical(&x->loc[k], &y->loc[k]) | "{inf: -2176; p=2: 3 + O(2^2); p=7: 0 + O(7^0); p=65537: 967214444919832351657164 + O(65537^5); p=18446744073709551557: 0 + O(18446744073709551557^1)}": the component 3
FAIL tests/test_text_local.c:1232: round_trips_of_generated_values: check failed: adf_sball_equal_set(x, y) | "{inf: -2176; p=2: 3 + O(2^2); p=7: 0 + O(7^0); p=65537: 967214444919832351657164 + O(65537^5); p=18446744073709551557: 0 + O(18446744073709551557^1)}": the round trip changed the set
FAIL tests/test_text_local.c:1225: round_trips_of_generated_values: check failed: adf_lball_identical(&x->loc[k], &y->loc[k]) | "{p=2: 0 + O(2^0); p=3: 9 + O(3^4); p=5: 2 + O(5^2); p=7: 0 + O(7^3); p=65537: 0 + O(65537^3)}": the component 3
FAIL tests/test_text_local.c:1225: round_trips_of_generated_values: check failed: adf_lball_identical(&x->loc[k], &y->loc[k]) | "{p=2: 0 + O(2^0); p=3: 9 + O(3^4); p=5: 2 + O(5^2); p=7: 0 + O(7^3); p=65537: 0 + O(65537^3)}": the component 4
FAIL tests/test_text_local.c:1232: round_trips_of_generated_values: check failed: adf_sball_equal_set(x, y) | "{p=2: 0 + O(2^0); p=3: 9 + O(3^4); p=5: 2 + O(5^2); p=7: 0 + O(7^3); p=65537: 0 + O(65537^3)}": the round trip changed the set
FAIL tests/test_text_local.c:1225: round_trips_of_generated_values: check failed: adf_lball_identical(&x->loc[k], &y->loc[k]) | "{inf: 400; p=5: 0 + O(5^2); p=65537: 0 + O(65537^2); p=18446744073709551557: 340282366920938461286658806734041124090 + O(18446744073709551557^2)}": the component 0
FAIL tests/test_text_local.c:1225: round_trips_of_generated_values: check failed: adf_lball_identical(&x->loc[k], &y->loc[k]) | "{inf: 400; p=5: 0 + O(5^2); p=65537: 0 + O(65537^2); p=18446744073709551557: 340282366920938461286658806734041124090 + O(18446744073709551557^2)}": the component 1
FAIL tests/test_text_local.c:1232: round_trips_of_generated_values: check failed: adf_sball_equal_set(x, y) | "{inf: 400; p=5: 0 + O(5^2); p=65537: 0 + O(65537^2); p=18446744073709551557: 340282366920938461286658806734041124090 + O(18446744073709551557^2)}": the round trip changed the set
FAIL tests/test_text_local.c:1225: round_trips_of_generated_values: check failed: adf_lball_identical(&x->loc[k], &y->loc[k]) | "{p=3: 0 + O(3^1); p=5: 0 + O(5^1); p=7: 0 + O(7^3); p=18446744073709551557: 19 + O(18446744073709551557^4)}": the component 0
FAIL tests/test_text_local.c:1225: round_trips_of_generated_values: check failed: adf_lball_identical(&x->loc[k], &y->loc[k]) | "{p=3: 0 + O(3^1); p=5: 0 + O(5^1); p=7: 0 + O(7^3); p=18446744073709551557: 19 + O(18446744073709551557^4)}": the component 2
FAIL tests/test_text_local.c:1232: round_trips_of_generated_values: check failed: adf_sball_equal_set(x, y) | "{p=3: 0 + O(3^1); p=5: 0 + O(5^1); p=7: 0 + O(7^3); p=18446744073709551557: 19 + O(18446744073709551557^4)}": the round trip changed the set
FAIL tests/test_text_local.c:1225: round_trips_of_generated_values: check failed: adf_lball_identical(&x->loc[k], &y->loc[k]) | "{inf: -6.5; p=5: 123 + O(5^5); p=7: 0 + O(7^0); p=65537: 0 + O(65537^2); p=18446744073709551557: 0 + O(18446744073709551557^2)}": the component 3
FAIL tests/test_text_local.c:1232: round_trips_of_generated_values: check failed: adf_sball_equal_set(x, y) | "{inf: -6.5; p=5: 123 + O(5^5); p=7: 0 + O(7^0); p=65537: 0 + O(65537^2); p=18446744073709551557: 0 + O(18446744073709551557^2)}": the round trip changed the set
FAIL tests/test_text_local.c:1225: round_trips_of_generated_values: check failed: adf_lball_identical(&x->loc[k], &y->loc[k]) | "{inf: 1440; p=3: 0 + O(3^3); p=5: 0 + O(5^0)}": the component 0
FAIL tests/test_text_local.c:1232: round_trips_of_generated_values: check failed: adf_sball_equal_set(x, y) | "{inf: 1440; p=3: 0 + O(3^3); p=5: 0 + O(5^0)}": the round trip changed the set
FAIL tests/test_text_local.c:1225: round_trips_of_generated_values: check failed: adf_lball_identical(&x->loc[k], &y->loc[k]) | "{inf: -2.8125; p=3: 8 + O(3^3); p=5: 110 + O(5^3); p=7: 1612 + O(7^4); p=65537: 0 + O(65537^3)}": the component 3
FAIL tests/test_text_local.c:1232: round_trips_of_generated_values: check failed: adf_sball_equal_set(x, y) | "{inf: -2.8125; p=3: 8 + O(3^3); p=5: 110 + O(5^3); p=7: 1612 + O(7^4); p=65537: 0 + O(65537^3)}": the round trip changed the set
FAIL tests/test_text_local.c:1225: round_trips_of_generated_values: check failed: adf_lball_identical(&x->loc[k], &y->loc[k]) | "{p=2: 0 + O(2^2); p=5: 0 + O(5^0); p=65537: 5 + O(65537^5); p=18446744073709551557: 113427455640312820428886268911347041377 + O(18446744073709551557^2)}": the component 0
FAIL tests/test_text_local.c:1232: round_trips_of_generated_values: check failed: adf_sball_equal_set(x, y) | "{p=2: 0 + O(2^2); p=5: 0 + O(5^0); p=65537: 5 + O(65537^5); p=18446744073709551557: 113427455640312820428886268911347041377 + O(18446744073709551557^2)}": the round trip changed the set
FAIL tests/test_text_local.c:1225: round_trips_of_generated_values: check failed: adf_lball_identical(&x->loc[k], &y->loc[k]) | "{p=2: 0 + O(2^0); p=3: 63 + O(3^4); p=7: 0 + O(7^2); p=65537: 0 + O(65537^1); p=18446744073709551557: 0 + O(18446744073709551557^0)}": the component 2
FAIL tests/test_text_local.c:1225: round_trips_of_generated_values: check failed: adf_lball_identical(&x->loc[k], &y->loc[k]) | "{p=2: 0 + O(2^0); p=3: 63 + O(3^4); p=7: 0 + O(7^2); p=65537: 0 + O(65537^1); p=18446744073709551557: 0 + O(18446744073709551557^0)}": the component 3
FAIL tests/test_text_local.c:1232: round_trips_of_generated_values: check failed: adf_sball_equal_set(x, y) | "{p=2: 0 + O(2^0); p=3: 63 + O(3^4); p=7: 0 + O(7^2); p=65537: 0 + O(65537^1); p=18446744073709551557: 0 + O(18446744073709551557^0)}": the round trip changed the set
FAIL tests/test_text_local.c:1225: round_trips_of_generated_values: check failed: adf_lball_identical(&x->loc[k], &y->loc[k]) | "{inf: -0.1171875; p=2: 0 + O(2^2); p=7: 5525 + O(7^5); p=65537: 65406 + O(65537^1); p=18446744073709551557: 32 + O(18446744073709551557^3)}": the component 0
FAIL tests/test_text_local.c:1232: round_trips_of_generated_values: check failed: adf_sball_equal_set(x, y) | "{inf: -0.1171875; p=2: 0 + O(2^2); p=7: 5525 + O(7^5); p=65537: 65406 + O(65537^1); p=18446744073709551557: 32 + O(18446744073709551557^3)}": the round trip changed the set
FAIL tests/test_text_local.c:1225: round_trips_of_generated_values: check failed: adf_lball_identical(&x->loc[k], &y->loc[k]) | "{p=18446744073709551557: 0 + O(18446744073709551557^2)}": the component 0
FAIL tests/test_text_local.c:1232: round_trips_of_generated_values: check failed: adf_sball_equal_set(x, y) | "{p=18446744073709551557: 0 + O(18446744073709551557^2)}": the round trip changed the set
FAIL tests/test_text_local.c:1225: round_trips_of_generated_values: check failed: adf_lball_identical(&x->loc[k], &y->loc[k]) | "{inf: 45.5; p=2: 0 + O(2^1); p=3: 24 + O(3^3); p=5: 42 + O(5^3); p=7: 35 + O(7^2); p=65537: 1209018056149790439571343 + O(65537^5)}": the component 0
FAIL tests/test_text_local.c:1232: round_trips_of_generated_values: check failed: adf_sball_equal_set(x, y) | "{inf: 45.5; p=2: 0 + O(2^1); p=3: 24 + O(3^3); p=5: 42 + O(5^3); p=7: 35 + O(7^2); p=65537: 1209018056149790439571343 + O(65537^5)}": the round trip changed the set
FAIL tests/test_text_local.c:1225: round_trips_of_generated_values: check failed: adf_lball_identical(&x->loc[k], &y->loc[k]) | "{inf: -53.5; p=3: 184 + O(3^5); p=7: 0 + O(7^1); p=65537: 0 + O(65537^2)}": the component 1
FAIL tests/test_text_local.c:1225: round_trips_of_generated_values: check failed: adf_lball_identical(&x->loc[k], &y->loc[k]) | "{inf: -53.5; p=3: 184 + O(3^5); p=7: 0 + O(7^1); p=65537: 0 + O(65537^2)}": the component 2
FAIL tests/test_text_local.c:1232: round_trips_of_generated_values: check failed: adf_sball_equal_set(x, y) | "{inf: -53.5; p=3: 184 + O(3^5); p=7: 0 + O(7^1); p=65537: 0 + O(65537^2)}": the round trip changed the set
FAIL tests/test_text_local.c:1225: round_trips_of_generated_values: check failed: adf_lball_identical(&x->loc[k], &y->loc[k]) | "{p=2: 2 + O(2^3); p=5: 554 + O(5^5); p=65537: 231 + O(65537^1); p=18446744073709551557: 0 + O(18446744073709551557^2)}": the component 3
FAIL tests/test_text_local.c:1232: round_trips_of_generated_values: check failed: adf_sball_equal_set(x, y) | "{p=2: 2 + O(2^3); p=5: 554 + O(5^5); p=65537: 231 + O(65537^1); p=18446744073709551557: 0 + O(18446744073709551557^2)}": the round trip changed the set
FAIL tests/test_text_local.c:1225: round_trips_of_generated_values: check failed: adf_lball_identical(&x->loc[k], &y->loc[k]) | "{inf: -1.0625; p=5: 2 + O(5^1); p=7: 14 + O(7^2); p=65537: 0 + O(65537^3); p=18446744073709551557: 0 + O(18446744073709551557^0)}": the component 2
FAIL tests/test_text_local.c:1232: round_trips_of_generated_values: check failed: adf_sball_equal_set(x, y) | "{inf: -1.0625; p=5: 2 + O(5^1); p=7: 14 + O(7^2); p=65537: 0 + O(65537^3); p=18446744073709551557: 0 + O(18446744073709551557^0)}": the round trip changed the set
FAIL tests/test_text_local.c:1225: round_trips_of_generated_values: check failed: adf_lball_identical(&x->loc[k], &y->loc[k]) | "{inf: 2368; p=7: 1219 + O(7^4); p=18446744073709551557: 0 + O(18446744073709551557^2)}": the component 1
FAIL tests/test_text_local.c:1232: round_trips_of_generated_values: check failed: adf_sball_equal_set(x, y) | "{inf: 2368; p=7: 1219 + O(7^4); p=18446744073709551557: 0 + O(18446744073709551557^2)}": the round trip changed the set
FAIL tests/test_text_local.c:1225: round_trips_of_generated_values: check failed: adf_lball_identical(&x->loc[k], &y->loc[k]) | "{inf: 130; p=2: 0 + O(2^1); p=3: 18 + O(3^3); p=5: 0 + O(5^2); p=7: 0 + O(7^2); p=18446744073709551557: 0 + O(18446744073709551557^3)}": the component 0
FAIL tests/test_text_local.c:1225: round_trips_of_generated_values: check failed: adf_lball_identical(&x->loc[k], &y->loc[k]) | "{inf: 130; p=2: 0 + O(2^1); p=3: 18 + O(3^3); p=5: 0 + O(5^2); p=7: 0 + O(7^2); p=18446744073709551557: 0 + O(18446744073709551557^3)}": the component 2
FAIL tests/test_text_local.c:1225: round_trips_of_generated_values: check failed: adf_lball_identical(&x->loc[k], &y->loc[k]) | "{inf: 130; p=2: 0 + O(2^1); p=3: 18 + O(3^3); p=5: 0 + O(5^2); p=7: 0 + O(7^2); p=18446744073709551557: 0 + O(18446744073709551557^3)}": the component 3
FAIL tests/test_text_local.c:1225: round_trips_of_generated_values: check failed: adf_lball_identical(&x->loc[k], &y->loc[k]) | "{inf: 130; p=2: 0 + O(2^1); p=3: 18 + O(3^3); p=5: 0 + O(5^2); p=7: 0 + O(7^2); p=18446744073709551557: 0 + O(18446744073709551557^3)}": the component 4
FAIL tests/test_text_local.c:1232: round_trips_of_generated_values: check failed: adf_sball_equal_set(x, y) | "{inf: 130; p=2: 0 + O(2^1); p=3: 18 + O(3^3); p=5: 0 + O(5^2); p=7: 0 + O(7^2); p=18446744073709551557: 0 + O(18446744073709551557^3)}": the round trip changed the set
FAIL tests/test_text_local.c:1225: round_trips_of_generated_values: check failed: adf_lball_identical(&x->loc[k], &y->loc[k]) | "{p=2: 27/2 + O(2^4); p=3: 10/3 + O(3^2); p=5: 0 + O(5^2); p=7: 0 + O(7^0); p=18446744073709551557: 0 + O(18446744073709551557^3)}": the component 2
FAIL tests/test_text_local.c:1225: round_trips_of_generated_values: check failed: adf_lball_identical(&x->loc[k], &y->loc[k]) | "{p=2: 27/2 + O(2^4); p=3: 10/3 + O(3^2); p=5: 0 + O(5^2); p=7: 0 + O(7^0); p=18446744073709551557: 0 + O(18446744073709551557^3)}": the component 4
FAIL tests/test_text_local.c:1232: round_trips_of_generated_values: check failed: adf_sball_equal_set(x, y) | "{p=2: 27/2 + O(2^4); p=3: 10/3 + O(3^2); p=5: 0 + O(5^2); p=7: 0 + O(7^0); p=18446744073709551557: 0 + O(18446744073709551557^3)}": the round trip changed the set
FAIL tests/test_text_local.c:1225: round_trips_of_generated_values: check failed: adf_lball_identical(&x->loc[k], &y->loc[k]) | "{inf: 0.28125; p=3: 0 + O(3^1); p=5: 2 + O(5^1); p=7: 1857 + O(7^4); p=65537: 187658574539468 + O(65537^3)}": the component 0
FAIL tests/test_text_local.c:1232: round_trips_of_generated_values: check failed: adf_sball_equal_set(x, y) | "{inf: 0.28125; p=3: 0 + O(3^1); p=5: 2 + O(5^1); p=7: 1857 + O(7^4); p=65537: 187658574539468 + O(65537^3)}": the round trip changed the set
FAIL tests/test_text_local.c:1225: round_trips_of_generated_values: check failed: adf_lball_identical(&x->loc[k], &y->loc[k]) | "{p=2: 0 + O(2^2); p=7: 6668 + O(7^5); p=65537: 0 + O(65537^0); p=18446744073709551557: 340282366920938461286658806734041124205 + O(18446744073709551557^2)}": the component 0
FAIL tests/test_text_local.c:1232: round_trips_of_generated_values: check failed: adf_sball_equal_set(x, y) | "{p=2: 0 + O(2^2); p=7: 6668 + O(7^5); p=65537: 0 + O(65537^0); p=18446744073709551557: 340282366920938461286658806734041124205 + O(18446744073709551557^2)}": the round trip changed the set
FAIL tests/test_text_local.c:1225: round_trips_of_generated_values: check failed: adf_lball_identical(&x->loc[k], &y->loc[k]) | "{p=3: 0 + O(3^3); p=5: 2 + O(5^1); p=65537: 0 + O(65537^0); p=18446744073709551557: 0 + O(18446744073709551557^2)}": the component 0
FAIL tests/test_text_local.c:1225: round_trips_of_generated_values: check failed: adf_lball_identical(&x->loc[k], &y->loc[k]) | "{p=3: 0 + O(3^3); p=5: 2 + O(5^1); p=65537: 0 + O(65537^0); p=18446744073709551557: 0 + O(18446744073709551557^2)}": the component 3
FAIL tests/test_text_local.c:1232: round_trips_of_generated_values: check failed: adf_sball_equal_set(x, y) | "{p=3: 0 + O(3^3); p=5: 2 + O(5^1); p=65537: 0 + O(65537^0); p=18446744073709551557: 0 + O(18446744073709551557^2)}": the round trip changed the set
FAIL tests/test_text_local.c:1225: round_trips_of_generated_values: check failed: adf_lball_identical(&x->loc[k], &y->loc[k]) | "{inf: 30; p=2: 0 + O(2^0); p=3: 0 + O(3^1); p=7: 0 + O(7^1)}": the component 1
FAIL tests/test_text_local.c:1225: round_trips_of_generated_values: check failed: adf_lball_identical(&x->loc[k], &y->loc[k]) | "{inf: 30; p=2: 0 + O(2^0); p=3: 0 + O(3^1); p=7: 0 + O(7^1)}": the component 2
FAIL tests/test_text_local.c:1232: round_trips_of_generated_values: check failed: adf_sball_equal_set(x, y) | "{inf: 30; p=2: 0 + O(2^0); p=3: 0 + O(3^1); p=7: 0 + O(7^1)}": the round trip changed the set
FAIL tests/test_text_local.c:1225: round_trips_of_generated_values: check failed: adf_lball_identical(&x->loc[k], &y->loc[k]) | "{inf: 2080; p=2: 0 + O(2^5); p=3: 1 + O(3^2); p=5: 23/5 + O(5^1); p=65537: 9223934999693230012 + O(65537^4); p=18446744073709551557: 0 + O(18446744073709551557^3)}": the component 4
FAIL tests/test_text_local.c:1232: round_trips_of_generated_values: check failed: adf_sball_equal_set(x, y) | "{inf: 2080; p=2: 0 + O(2^5); p=3: 1 + O(3^2); p=5: 23/5 + O(5^1); p=65537: 9223934999693230012 + O(65537^4); p=18446744073709551557: 0 + O(18446744073709551557^3)}": the round trip changed the set
FAIL tests/test_text_local.c:1225: round_trips_of_generated_values: check failed: adf_lball_identical(&x->loc[k], &y->loc[k]) | "{p=7: 0 + O(7^1); p=65537: 1209018056149790439571455 + O(65537^5)}": the component 0
FAIL tests/test_text_local.c:1232: round_trips_of_generated_values: check failed: adf_sball_equal_set(x, y) | "{p=7: 0 + O(7^1); p=65537: 1209018056149790439571455 + O(65537^5)}": the round trip changed the set
FAIL tests/test_text_local.c:1225: round_trips_of_generated_values: check failed: adf_lball_identical(&x->loc[k], &y->loc[k]) | "{p=2: 0 + O(2^2); p=3: 0 + O(3^3); p=5: 4 + O(5^1); p=7: 6 + O(7^1); p=65537: 0 + O(65537^3)}": the component 0
FAIL tests/test_text_local.c:1225: round_trips_of_generated_values: check failed: adf_lball_identical(&x->loc[k], &y->loc[k]) | "{p=2: 0 + O(2^2); p=3: 0 + O(3^3); p=5: 4 + O(5^1); p=7: 6 + O(7^1); p=65537: 0 + O(65537^3)}": the component 1
FAIL tests/test_text_local.c:1225: round_trips_of_generated_values: check failed: adf_lball_identical(&x->loc[k], &y->loc[k]) | "{p=2: 0 + O(2^2); p=3: 0 + O(3^3); p=5: 4 + O(5^1); p=7: 6 + O(7^1); p=65537: 0 + O(65537^3)}": the component 4
FAIL tests/test_text_local.c:1232: round_trips_of_generated_values: check failed: adf_sball_equal_set(x, y) | "{p=2: 0 + O(2^2); p=3: 0 + O(3^3); p=5: 4 + O(5^1); p=7: 6 + O(7^1); p=65537: 0 + O(65537^3)}": the round trip changed the set
FAIL tests/test_text_local.c:1225: round_trips_of_generated_values: check failed: adf_lball_identical(&x->loc[k], &y->loc[k]) | "{p=2: 1/4 + O(2^1); p=5: 0 + O(5^2); p=7: 489 + O(7^4); p=65537: 10898 + O(65537^1); p=18446744073709551557: 226854911280625640857772537822694082748 + O(18446744073709551557^2)}": the component 0
FAIL tests/test_text_local.c:1225: round_trips_of_generated_values: check failed: adf_lball_identical(&x->loc[k], &y->loc[k]) | "{p=2: 1/4 + O(2^1); p=5: 0 + O(5^2); p=7: 489 + O(7^4); p=65537: 10898 + O(65537^1); p=18446744073709551557: 226854911280625640857772537822694082748 + O(18446744073709551557^2)}": the component 1
FAIL tests/test_text_local.c:1232: round_trips_of_generated_values: check failed: adf_sball_equal_set(x, y) | "{p=2: 1/4 + O(2^1); p=5: 0 + O(5^2); p=7: 489 + O(7^4); p=65537: 10898 + O(65537^1); p=18446744073709551557: 226854911280625640857772537822694082748 + O(18446744073709551557^2)}": the round trip changed the set
FAIL tests/test_text_local.c:1225: round_trips_of_generated_values: check failed: adf_lball_identical(&x->loc[k], &y->loc[k]) | "{inf: -54; p=3: 0 + O(3^2); p=5: 0 + O(5^3); p=18446744073709551557: 0 + O(18446744073709551557^3)}": the component 0
FAIL tests/test_text_local.c:1225: round_trips_of_generated_values: check failed: adf_lball_identical(&x->loc[k], &y->loc[k]) | "{inf: -54; p=3: 0 + O(3^2); p=5: 0 + O(5^3); p=18446744073709551557: 0 + O(18446744073709551557^3)}": the component 1
FAIL tests/test_text_local.c:1225: round_trips_of_generated_values: check failed: adf_lball_identical(&x->loc[k], &y->loc[k]) | "{inf: -54; p=3: 0 + O(3^2); p=5: 0 + O(5^3); p=18446744073709551557: 0 + O(18446744073709551557^3)}": the component 2
FAIL tests/test_text_local.c:1232: round_trips_of_generated_values: check failed: adf_sball_equal_set(x, y) | "{inf: -54; p=3: 0 + O(3^2); p=5: 0 + O(5^3); p=18446744073709551557: 0 + O(18446744073709551557^3)}": the round trip changed the set
FAIL tests/test_text_local.c:1225: round_trips_of_generated_values: check failed: adf_lball_identical(&x->loc[k], &y->loc[k]) | "{inf: 18.5; p=2: 3/2 + O(2^4); p=3: 0 + O(3^1); p=7: 5 + O(7^5); p=65537: 14 + O(65537^1); p=18446744073709551557: 0 + O(18446744073709551557^1)}": the component 1
FAIL tests/test_text_local.c:1225: round_trips_of_generated_values: check failed: adf_lball_identical(&x->loc[k], &y->loc[k]) | "{inf: 18.5; p=2: 3/2 + O(2^4); p=3: 0 + O(3^1); p=7: 5 + O(7^5); p=65537: 14 + O(65537^1); p=18446744073709551557: 0 + O(18446744073709551557^1)}": the component 4
FAIL tests/test_text_local.c:1232: round_trips_of_generated_values: check failed: adf_sball_equal_set(x, y) | "{inf: 18.5; p=2: 3/2 + O(2^4); p=3: 0 + O(3^1); p=7: 5 + O(7^5); p=65537: 14 + O(65537^1); p=18446744073709551557: 0 + O(18446744073709551557^1)}": the round trip changed the set
FAIL tests/test_text_local.c:1225: round_trips_of_generated_values: check failed: adf_lball_identical(&x->loc[k], &y->loc[k]) | "{p=65537: 0 + O(65537^1)}": the component 0
FAIL tests/test_text_local.c:1232: round_trips_of_generated_values: check failed: adf_sball_equal_set(x, y) | "{p=65537: 0 + O(65537^1)}": the round trip changed the set
FAIL tests/test_text_local.c:1225: round_trips_of_generated_values: check failed: adf_lball_identical(&x->loc[k], &y->loc[k]) | "{p=2: 29/2 + O(2^4); p=3: 0 + O(3^1); p=7: 0 + O(7^3); p=65537: 32712 + O(65537^1)}": the component 2
FAIL tests/test_text_local.c:1232: round_trips_of_generated_values: check failed: adf_sball_equal_set(x, y) | "{p=2: 29/2 + O(2^4); p=3: 0 + O(3^1); p=7: 0 + O(7^3); p=65537: 32712 + O(65537^1)}": the round trip changed the set
FAIL tests/test_text_local.c:1225: round_trips_of_generated_values: check failed: adf_lball_identical(&x->loc[k], &y->loc[k]) | "{p=2: 0 + O(2^1); p=3: 22 + O(3^3); p=7: 0 + O(7^2); p=65537: 0 + O(65537^3)}": the component 0
FAIL tests/test_text_local.c:1225: round_trips_of_generated_values: check failed: adf_lball_identical(&x->loc[k], &y->loc[k]) | "{p=2: 0 + O(2^1); p=3: 22 + O(3^3); p=7: 0 + O(7^2); p=65537: 0 + O(65537^3)}": the component 2
FAIL tests/test_text_local.c:1225: round_trips_of_generated_values: check failed: adf_lball_identical(&x->loc[k], &y->loc[k]) | "{p=2: 0 + O(2^1); p=3: 22 + O(3^3); p=7: 0 + O(7^2); p=65537: 0 + O(65537^3)}": the component 3
FAIL tests/test_text_local.c:1232: round_trips_of_generated_values: check failed: adf_sball_equal_set(x, y) | "{p=2: 0 + O(2^1); p=3: 22 + O(3^3); p=7: 0 + O(7^2); p=65537: 0 + O(65537^3)}": the round trip changed the set
FAIL tests/test_text_local.c:1225: round_trips_of_generated_values: check failed: adf_lball_identical(&x->loc[k], &y->loc[k]) | "{inf: -21120; p=2: 0 + O(2^2); p=5: 15563/5 + O(5^5); p=18446744073709551557: 1708789628736728038589084304929019746524140282883261314790162875810332415879037896749299929559680 + O(18446744073709551557^5)}": the component 0
FAIL tests/test_text_local.c:1232: round_trips_of_generated_values: check failed: adf_sball_equal_set(x, y) | "{inf: -21120; p=2: 0 + O(2^2); p=5: 15563/5 + O(5^5); p=18446744073709551557: 1708789628736728038589084304929019746524140282883261314790162875810332415879037896749299929559680 + O(18446744073709551557^5)}": the round trip changed the set
FAIL tests/test_text_local.c:1225: round_trips_of_generated_values: check failed: adf_lball_identical(&x->loc[k], &y->loc[k]) | "{inf: 632; p=2: 1 + O(2^2); p=3: 0 + O(3^1); p=5: 0 + O(5^2); p=65537: 9223934999693230205 + O(65537^4); p=18446744073709551557: 4611686018427387961 + O(18446744073709551557^1)}": the component 1
FAIL tests/test_text_local.c:1225: round_trips_of_generated_values: check failed: adf_lball_identical(&x->loc[k], &y->loc[k]) | "{inf: 632; p=2: 1 + O(2^2); p=3: 0 + O(3^1); p=5: 0 + O(5^2); p=65537: 9223934999693230205 + O(65537^4); p=18446744073709551557: 4611686018427387961 + O(18446744073709551557^1)}": the component 2
FAIL tests/test_text_local.c:1232: round_trips_of_generated_values: check failed: adf_sball_equal_set(x, y) | "{inf: 632; p=2: 1 + O(2^2); p=3: 0 + O(3^1); p=5: 0 + O(5^2); p=65537: 9223934999693230205 + O(65537^4); p=18446744073709551557: 4611686018427387961 + O(18446744073709551557^1)}": the round trip changed the set
FAIL tests/test_text_local.c:1225: round_trips_of_generated_values: check failed: adf_lball_identical(&x->loc[k], &y->loc[k]) | "{inf: -41.75; p=2: 0 + O(2^1); p=3: 1 + O(3^1); p=5: 0 + O(5^1); p=7: 1078 + O(7^4); p=18446744073709551557: 0 + O(18446744073709551557^1)}": the component 2
FAIL tests/test_text_local.c:1225: round_trips_of_generated_values: check failed: adf_lball_identical(&x->loc[k], &y->loc[k]) | "{inf: -41.75; p=2: 0 + O(2^1); p=3: 1 + O(3^1); p=5: 0 + O(5^1); p=7: 1078 + O(7^4); p=18446744073709551557: 0 + O(18446744073709551557^1)}": the component 4
FAIL tests/test_text_local.c:1232: round_trips_of_generated_values: check failed: adf_sball_equal_set(x, y) | "{inf: -41.75; p=2: 0 + O(2^1); p=3: 1 + O(3^1); p=5: 0 + O(5^1); p=7: 1078 + O(7^4); p=18446744073709551557: 0 + O(18446744073709551557^1)}": the round trip changed the set
FAIL tests/test_text_local.c:1225: round_trips_of_generated_values: check failed: adf_lball_identical(&x->loc[k], &y->loc[k]) | "{inf: 592; p=2: 8 + O(2^4); p=3: 44 + O(3^5); p=5: 0 + O(5^2); p=7: 8465 + O(7^5)}": the component 2
FAIL tests/test_text_local.c:1232: round_trips_of_generated_values: check failed: adf_sball_equal_set(x, y) | "{inf: 592; p=2: 8 + O(2^4); p=3: 44 + O(3^5); p=5: 0 + O(5^2); p=7: 8465 + O(7^5)}": the round trip changed the set
FAIL tests/test_text_local.c:1225: round_trips_of_generated_values: check failed: adf_lball_identical(&x->loc[k], &y->loc[k]) | "{inf: -36; p=3: 0 + O(3^2); p=5: 6/5 + O(5^2); p=7: 43 + O(7^2); p=65537: 12298579999590973454 + O(65537^4); p=18446744073709551557: 3138550867693340351802905239100779287862199145394954202913 + O(18446744073709551557^3)}": the component 0
FAIL tests/test_text_local.c:1232: round_trips_of_generated_values: check failed: adf_sball_equal_set(x, y) | "{inf: -36; p=3: 0 + O(3^2); p=5: 6/5 + O(5^2); p=7: 43 + O(7^2); p=65537: 12298579999590973454 + O(65537^4); p=18446744073709551557: 3138550867693340351802905239100779287862199145394954202913 + O(18446744073709551557^3)}": the round trip changed the set
FAIL tests/test_text_local.c:1225: round_trips_of_generated_values: check failed: adf_lball_identical(&x->loc[k], &y->loc[k]) | "{p=2: 0 + O(2^2)}": the component 0
FAIL tests/test_text_local.c:1232: round_trips_of_generated_values: check failed: adf_sball_equal_set(x, y) | "{p=2: 0 + O(2^2)}": the round trip changed the set
FAIL tests/test_text_local.c:1225: round_trips_of_generated_values: check failed: adf_lball_identical(&x->loc[k], &y->loc[k]) | "{p=2: 0 + O(2^2)}": the component 0
FAIL tests/test_text_local.c:1232: round_trips_of_generated_values: check failed: adf_sball_equal_set(x, y) | "{p=2: 0 + O(2^2)}": the round trip changed the set
FAIL tests/test_text_local.c:1225: round_trips_of_generated_values: check failed: adf_lball_identical(&x->loc[k], &y->loc[k]) | "{p=2: 0 + O(2^2); p=65537: 0 + O(65537^2); p=18446744073709551557: 711995678640303349412118460387091561051725117868025547829234531587638506616265790312208303983265 + O(18446744073709551557^5)}": the component 0
FAIL tests/test_text_local.c:1225: round_trips_of_generated_values: check failed: adf_lball_identical(&x->loc[k], &y->loc[k]) | "{p=2: 0 + O(2^2); p=65537: 0 + O(65537^2); p=18446744073709551557: 711995678640303349412118460387091561051725117868025547829234531587638506616265790312208303983265 + O(18446744073709551557^5)}": the component 1
FAIL tests/test_text_local.c:1232: round_trips_of_generated_values: check failed: adf_sball_equal_set(x, y) | "{p=2: 0 + O(2^2); p=65537: 0 + O(65537^2); p=18446744073709551557: 711995678640303349412118460387091561051725117868025547829234531587638506616265790312208303983265 + O(18446744073709551557^5)}": the round trip changed the set
FAIL tests/test_text_local.c:1225: round_trips_of_generated_values: check failed: adf_lball_identical(&x->loc[k], &y->loc[k]) | "{inf: -41; p=3: 0 + O(3^2); p=7: 192 + O(7^3); p=65537: 0 + O(65537^0); p=18446744073709551557: 0 + O(18446744073709551557^1)}": the component 0
FAIL tests/test_text_local.c:1225: round_trips_of_generated_values: check failed: adf_lball_identical(&x->loc[k], &y->loc[k]) | "{inf: -41; p=3: 0 + O(3^2); p=7: 192 + O(7^3); p=65537: 0 + O(65537^0); p=18446744073709551557: 0 + O(18446744073709551557^1)}": the component 3
FAIL tests/test_text_local.c:1232: round_trips_of_generated_values: check failed: adf_sball_equal_set(x, y) | "{inf: -41; p=3: 0 + O(3^2); p=7: 192 + O(7^3); p=65537: 0 + O(65537^0); p=18446744073709551557: 0 + O(18446744073709551557^1)}": the round trip changed the set
FAIL tests/test_text_local.c:1225: round_trips_of_generated_values: check failed: adf_lball_identical(&x->loc[k], &y->loc[k]) | "{p=5: 0 + O(5^1); p=65537: 6149289999795486690 + O(65537^4); p=18446744073709551557: 0 + O(18446744073709551557^2)}": the component 0
FAIL tests/test_text_local.c:1225: round_trips_of_generated_values: check failed: adf_lball_identical(&x->loc[k], &y->loc[k]) | "{p=5: 0 + O(5^1); p=65537: 6149289999795486690 + O(65537^4); p=18446744073709551557: 0 + O(18446744073709551557^2)}": the component 2
FAIL tests/test_text_local.c:1232: round_trips_of_generated_values: check failed: adf_sball_equal_set(x, y) | "{p=5: 0 + O(5^1); p=65537: 6149289999795486690 + O(65537^4); p=18446744073709551557: 0 + O(18446744073709551557^2)}": the round trip changed the set
FAIL tests/test_text_local.c:1225: round_trips_of_generated_values: check failed: adf_lball_identical(&x->loc[k], &y->loc[k]) | "{inf: -204; p=3: 0 + O(3^2); p=5: 618 + O(5^4); p=7: 68 + O(7^4); p=65537: 0 + O(65537^0); p=18446744073709551557: 167 + O(18446744073709551557^3)}": the component 0
FAIL tests/test_text_local.c:1232: round_trips_of_generated_values: check failed: adf_sball_equal_set(x, y) | "{inf: -204; p=3: 0 + O(3^2); p=5: 618 + O(5^4); p=7: 68 + O(7^4); p=65537: 0 + O(65537^0); p=18446744073709551557: 167 + O(18446744073709551557^3)}": the round trip changed the set
FAIL tests/test_text_local.c:1225: round_trips_of_generated_values: check failed: adf_lball_identical(&x->loc[k], &y->loc[k]) | "{inf: 4.9375; p=2: 3 + O(2^2); p=3: 0 + O(3^2); p=5: 1 + O(5^1); p=18446744073709551557: 711995678640303349412118460387091561051725117868025547829234531587638506616265790312208303983178 + O(18446744073709551557^5)}": the component 1
FAIL tests/test_text_local.c:1232: round_trips_of_generated_values: check failed: adf_sball_equal_set(x, y) | "{inf: 4.9375; p=2: 3 + O(2^2); p=3: 0 + O(3^2); p=5: 1 + O(5^1); p=18446744073709551557: 711995678640303349412118460387091561051725117868025547829234531587638506616265790312208303983178 + O(18446744073709551557^5)}": the round trip changed the set
FAIL tests/test_text_local.c:1225: round_trips_of_generated_values: check failed: adf_lball_identical(&x->loc[k], &y->loc[k]) | "{inf: 1984; p=2: 7 + O(2^5); p=3: 1 + O(3^1); p=7: 0 + O(7^1); p=65537: 201503009358298406595204 + O(65537^5); p=18446744073709551557: 1067993517960455024118177690580637341577587676802038321743851797381457759924398685468312455974797 + O(18446744073709551557^5)}": the component 2
FAIL tests/test_text_local.c:1232: round_trips_of_generated_values: check failed: adf_sball_equal_set(x, y) | "{inf: 1984; p=2: 7 + O(2^5); p=3: 1 + O(3^1); p=7: 0 + O(7^1); p=65537: 201503009358298406595204 + O(65537^5); p=18446744073709551557: 1067993517960455024118177690580637341577587676802038321743851797381457759924398685468312455974797 + O(18446744073709551557^5)}": the round trip changed the set
FAIL tests/test_text_local.c:1225: round_trips_of_generated_values: check failed: adf_lball_identical(&x->loc[k], &y->loc[k]) | "{inf: 6176; p=3: 23 + O(3^3); p=7: 0 + O(7^3); p=65537: 0 + O(65537^2); p=18446744073709551557: 255211775190703845964994105050530843162 + O(18446744073709551557^2)}": the component 1
FAIL tests/test_text_local.c:1225: round_trips_of_generated_values: check failed: adf_lball_identical(&x->loc[k], &y->loc[k]) | "{inf: 6176; p=3: 23 + O(3^3); p=7: 0 + O(7^3); p=65537: 0 + O(65537^2); p=18446744073709551557: 255211775190703845964994105050530843162 + O(18446744073709551557^2)}": the component 2
FAIL tests/test_text_local.c:1232: round_trips_of_generated_values: check failed: adf_sball_equal_set(x, y) | "{inf: 6176; p=3: 23 + O(3^3); p=7: 0 + O(7^3); p=65537: 0 + O(65537^2); p=18446744073709551557: 255211775190703845964994105050530843162 + O(18446744073709551557^2)}": the round trip changed the set
FAIL tests/test_text_local.c:1225: round_trips_of_generated_values: check failed: adf_lball_identical(&x->loc[k], &y->loc[k]) | "{inf: 0.68359375; p=2: 0 + O(2^1); p=7: 0 + O(7^2)}": the component 0
FAIL tests/test_text_local.c:1225: round_trips_of_generated_values: check failed: adf_lball_identical(&x->loc[k], &y->loc[k]) | "{inf: 0.68359375; p=2: 0 + O(2^1); p=7: 0 + O(7^2)}": the component 1
FAIL tests/test_text_local.c:1232: round_trips_of_generated_values: check failed: adf_sball_equal_set(x, y) | "{inf: 0.68359375; p=2: 0 + O(2^1); p=7: 0 + O(7^2)}": the round trip changed the set
FAIL tests/test_text_local.c:1225: round_trips_of_generated_values: check failed: adf_lball_identical(&x->loc[k], &y->loc[k]) | "{p=2: 0 + O(2^3); p=5: 0 + O(5^5); p=18446744073709551557: 255211775190703845964994105050530843209 + O(18446744073709551557^2)}": the component 0
FAIL tests/test_text_local.c:1232: round_trips_of_generated_values: check failed: adf_sball_equal_set(x, y) | "{p=2: 0 + O(2^3); p=5: 0 + O(5^5); p=18446744073709551557: 255211775190703845964994105050530843209 + O(18446744073709551557^2)}": the round trip changed the set
FAIL tests/test_text_local.c:1225: round_trips_of_generated_values: check failed: adf_lball_identical(&x->loc[k], &y->loc[k]) | "{p=7: 0 + O(7^1); p=18446744073709551557: 177 + O(18446744073709551557^4)}": the component 0
FAIL tests/test_text_local.c:1232: round_trips_of_generated_values: check failed: adf_sball_equal_set(x, y) | "{p=7: 0 + O(7^1); p=18446744073709551557: 177 + O(18446744073709551557^4)}": the round trip changed the set
FAIL tests/test_text_local.c:1225: round_trips_of_generated_values: check failed: adf_lball_identical(&x->loc[k], &y->loc[k]) | "{inf: -178; p=2: 0 + O(2^2)}": the component 0
FAIL tests/test_text_local.c:1232: round_trips_of_generated_values: check failed: adf_sball_equal_set(x, y) | "{inf: -178; p=2: 0 + O(2^2)}": the round trip changed the set
FAIL tests/test_text_local.c:1225: round_trips_of_generated_values: check failed: adf_lball_identical(&x->loc[k], &y->loc[k]) | "{inf: 0.2578125; p=2: 0 + O(2^1); p=3: 2 + O(3^1); p=18446744073709551557: 1067993517960455024118177690580637341577587676802038321743851797381457759924398685468312455974746 + O(18446744073709551557^5)}": the component 0
FAIL tests/test_text_local.c:1232: round_trips_of_generated_values: check failed: adf_sball_equal_set(x, y) | "{inf: 0.2578125; p=2: 0 + O(2^1); p=3: 2 + O(3^1); p=18446744073709551557: 1067993517960455024118177690580637341577587676802038321743851797381457759924398685468312455974746 + O(18446744073709551557^5)}": the round trip changed the set
FAIL tests/test_text_local.c:1225: round_trips_of_generated_values: check failed: adf_lball_identical(&x->loc[k], &y->loc[k]) | "{inf: 12; p=3: 2 + O(3^2); p=5: 16 + O(5^2); p=7: 0 + O(7^2); p=18446744073709551557: 0 + O(18446744073709551557^3)}": the component 2
FAIL tests/test_text_local.c:1225: round_trips_of_generated_values: check failed: adf_lball_identical(&x->loc[k], &y->loc[k]) | "{inf: 12; p=3: 2 + O(3^2); p=5: 16 + O(5^2); p=7: 0 + O(7^2); p=18446744073709551557: 0 + O(18446744073709551557^3)}": the component 3
FAIL tests/test_text_local.c:1232: round_trips_of_generated_values: check failed: adf_sball_equal_set(x, y) | "{inf: 12; p=3: 2 + O(3^2); p=5: 16 + O(5^2); p=7: 0 + O(7^2); p=18446744073709551557: 0 + O(18446744073709551557^3)}": the round trip changed the set
FAIL tests/test_text_local.c:1225: round_trips_of_generated_values: check failed: adf_lball_identical(&x->loc[k], &y->loc[k]) | "{inf: -0.35546875; p=3: 0 + O(3^1)}": the component 0
FAIL tests/test_text_local.c:1232: round_trips_of_generated_values: check failed: adf_sball_equal_set(x, y) | "{inf: -0.35546875; p=3: 0 + O(3^1)}": the round trip changed the set
FAIL tests/test_text_local.c:1225: round_trips_of_generated_values: check failed: adf_lball_identical(&x->loc[k], &y->loc[k]) | "{p=2: 1/4 + O(2^1); p=5: 0 + O(5^0); p=18446744073709551557: 2135987035920910048236355381161274683155175353604076643487703594762915519848797370936624911949547 + O(18446744073709551557^5)}": the component 0
FAIL tests/test_text_local.c:1232: round_trips_of_generated_values: check failed: adf_sball_equal_set(x, y) | "{p=2: 1/4 + O(2^1); p=5: 0 + O(5^0); p=18446744073709551557: 2135987035920910048236355381161274683155175353604076643487703594762915519848797370936624911949547 + O(18446744073709551557^5)}": the round trip changed the set
FAIL tests/test_text_local.c:1225: round_trips_of_generated_values: check failed: adf_lball_identical(&x->loc[k], &y->loc[k]) | "{inf: -20.25; p=2: 0 + O(2^2); p=3: 49 + O(3^5); p=5: 0 + O(5^3)}": the component 0
FAIL tests/test_text_local.c:1225: round_trips_of_generated_values: check failed: adf_lball_identical(&x->loc[k], &y->loc[k]) | "{inf: -20.25; p=2: 0 + O(2^2); p=3: 49 + O(3^5); p=5: 0 + O(5^3)}": the component 2
FAIL tests/test_text_local.c:1232: round_trips_of_generated_values: check failed: adf_sball_equal_set(x, y) | "{inf: -20.25; p=2: 0 + O(2^2); p=3: 49 + O(3^5); p=5: 0 + O(5^3)}": the round trip changed the set
FAIL tests/test_text_local.c:1225: round_trips_of_generated_values: check failed: adf_lball_identical(&x->loc[k], &y->loc[k]) | "{inf: 2592; p=2: 0 + O(2^3); p=5: 1571 + O(5^5); p=7: 0 + O(7^3); p=65537: 0 + O(65537^3); p=18446744073709551557: 0 + O(18446744073709551557^2)}": the component 0
FAIL tests/test_text_local.c:1225: round_trips_of_generated_values: check failed: adf_lball_identical(&x->loc[k], &y->loc[k]) | "{inf: 2592; p=2: 0 + O(2^3); p=5: 1571 + O(5^5); p=7: 0 + O(7^3); p=65537: 0 + O(65537^3); p=18446744073709551557: 0 + O(18446744073709551557^2)}": the component 2
FAIL tests/test_text_local.c:1225: round_trips_of_generated_values: check failed: adf_lball_identical(&x->loc[k], &y->loc[k]) | "{inf: 2592; p=2: 0 + O(2^3); p=5: 1571 + O(5^5); p=7: 0 + O(7^3); p=65537: 0 + O(65537^3); p=18446744073709551557: 0 + O(18446744073709551557^2)}": the component 3
FAIL tests/test_text_local.c:1225: round_trips_of_generated_values: check failed: adf_lball_identical(&x->loc[k], &y->loc[k]) | "{inf: 2592; p=2: 0 + O(2^3); p=5: 1571 + O(5^5); p=7: 0 + O(7^3); p=65537: 0 + O(65537^3); p=18446744073709551557: 0 + O(18446744073709551557^2)}": the component 4
FAIL tests/test_text_local.c:1232: round_trips_of_generated_values: check failed: adf_sball_equal_set(x, y) | "{inf: 2592; p=2: 0 + O(2^3); p=5: 1571 + O(5^5); p=7: 0 + O(7^3); p=65537: 0 + O(65537^3); p=18446744073709551557: 0 + O(18446744073709551557^2)}": the round trip changed the set
FAIL tests/test_text_local.c:1225: round_trips_of_generated_values: check failed: adf_lball_identical(&x->loc[k], &y->loc[k]) | "{inf: -0.921875; p=7: 0 + O(7^1)}": the component 0
FAIL tests/test_text_local.c:1232: round_trips_of_generated_values: check failed: adf_sball_equal_set(x, y) | "{inf: -0.921875; p=7: 0 + O(7^1)}": the round trip changed the set
FAIL tests/test_text_local.c:1225: round_trips_of_generated_values: check failed: adf_lball_identical(&x->loc[k], &y->loc[k]) | "{inf: -2304; p=5: 0 + O(5^2); p=7: 0 + O(7^1)}": the component 0
FAIL tests/test_text_local.c:1225: round_trips_of_generated_values: check failed: adf_lball_identical(&x->loc[k], &y->loc[k]) | "{inf: -2304; p=5: 0 + O(5^2); p=7: 0 + O(7^1)}": the component 1
FAIL tests/test_text_local.c:1232: round_trips_of_generated_values: check failed: adf_sball_equal_set(x, y) | "{inf: -2304; p=5: 0 + O(5^2); p=7: 0 + O(7^1)}": the round trip changed the set
FAIL tests/test_text_local.c:1225: round_trips_of_generated_values: check failed: adf_lball_identical(&x->loc[k], &y->loc[k]) | "{inf: -0.6953125; p=2: 3/4 + O(2^0); p=5: 0 + O(5^1); p=7: 0 + O(7^4); p=18446744073709551557: 38597363079105397980724991819143751565053732099784007527016115158911951937948 + O(18446744073709551557^4)}": the component 1
FAIL tests/test_text_local.c:1232: round_trips_of_generated_values: check failed: adf_sball_equal_set(x, y) | "{inf: -0.6953125; p=2: 3/4 + O(2^0); p=5: 0 + O(5^1); p=7: 0 + O(7^4); p=18446744073709551557: 38597363079105397980724991819143751565053732099784007527016115158911951937948 + O(18446744073709551557^4)}": the round trip changed the set
FAIL tests/test_text_local.c:1225: round_trips_of_generated_values: check failed: adf_lball_identical(&x->loc[k], &y->loc[k]) | "{inf: -358; p=2: 0 + O(2^1); p=3: 6 + O(3^2); p=5: 0 + O(5^3); p=65537: 281487861809132 + O(65537^3)}": the component 0
FAIL tests/test_text_local.c:1225: round_trips_of_generated_values: check failed: adf_lball_identical(&x->loc[k], &y->loc[k]) | "{inf: -358; p=2: 0 + O(2^1); p=3: 6 + O(3^2); p=5: 0 + O(5^3); p=65537: 281487861809132 + O(65537^3)}": the component 2
FAIL tests/test_text_local.c:1232: round_trips_of_generated_values: check failed: adf_sball_equal_set(x, y) | "{inf: -358; p=2: 0 + O(2^1); p=3: 6 + O(3^2); p=5: 0 + O(5^3); p=65537: 281487861809132 + O(65537^3)}": the round trip changed the set
FAIL tests/test_text_local.c:1225: round_trips_of_generated_values: check failed: adf_lball_identical(&x->loc[k], &y->loc[k]) | "{inf: 0.9765625; p=2: 0 + O(2^2); p=5: 216/5 + O(5^5); p=7: 13396 + O(7^5); p=65537: 281487861809130 + O(65537^3); p=18446744073709551557: 9223372036854775923 + O(18446744073709551557^1)}": the component 0
FAIL tests/test_text_local.c:1232: round_trips_of_generated_values: check failed: adf_sball_equal_set(x, y) | "{inf: 0.9765625; p=2: 0 + O(2^2); p=5: 216/5 + O(5^5); p=7: 13396 + O(7^5); p=65537: 281487861809130 + O(65537^3); p=18446744073709551557: 9223372036854775923 + O(18446744073709551557^1)}": the round trip changed the set
FAIL tests/test_text_local.c:1225: round_trips_of_generated_values: check failed: adf_lball_identical(&x->loc[k], &y->loc[k]) | "{p=7: 0 + O(7^1)}": the component 0
FAIL tests/test_text_local.c:1232: round_trips_of_generated_values: check failed: adf_sball_equal_set(x, y) | "{p=7: 0 + O(7^1)}": the round trip changed the set
FAIL tests/test_text_local.c:1225: round_trips_of_generated_values: check failed: adf_lball_identical(&x->loc[k], &y->loc[k]) | "{inf: -50; p=2: 0 + O(2^2); p=65537: 234573218174265 + O(65537^3)}": the component 0
FAIL tests/test_text_local.c:1232: round_trips_of_generated_values: check failed: adf_sball_equal_set(x, y) | "{inf: -50; p=2: 0 + O(2^2); p=65537: 234573218174265 + O(65537^3)}": the round trip changed the set
FAIL tests/test_text_local.c:1225: round_trips_of_generated_values: check failed: adf_lball_identical(&x->loc[k], &y->loc[k]) | "{p=5: 0 + O(5^1)}": the component 0
FAIL tests/test_text_local.c:1232: round_trips_of_generated_values: check failed: adf_sball_equal_set(x, y) | "{p=5: 0 + O(5^1)}": the round trip changed the set
FAIL tests/test_text_local.c:1225: round_trips_of_generated_values: check failed: adf_lball_identical(&x->loc[k], &y->loc[k]) | "{inf: -1.421875; p=5: 3 + O(5^2); p=7: 0 + O(7^3)}": the component 1
FAIL tests/test_text_local.c:1232: round_trips_of_generated_values: check failed: adf_sball_equal_set(x, y) | "{inf: -1.421875; p=5: 3 + O(5^2); p=7: 0 + O(7^3)}": the round trip changed the set
FAIL tests/test_text_local.c:1225: round_trips_of_generated_values: check failed: adf_lball_identical(&x->loc[k], &y->loc[k]) | "{p=2: 3/2 + O(2^1); p=3: 628/3 + O(3^5); p=7: 16594 + O(7^5); p=18446744073709551557: 0 + O(18446744073709551557^2)}": the component 3
FAIL tests/test_text_local.c:1232: round_trips_of_generated_values: check failed: adf_sball_equal_set(x, y) | "{p=2: 3/2 + O(2^1); p=3: 628/3 + O(3^5); p=7: 16594 + O(7^5); p=18446744073709551557: 0 + O(18446744073709551557^2)}": the round trip changed the set
FAIL tests/test_text_local.c:1225: round_trips_of_generated_values: check failed: adf_lball_identical(&x->loc[k], &y->loc[k]) | "{inf: -0.35546875; p=3: 0 + O(3^1); p=5: 595 + O(5^4); p=7: 3 + O(7^1)}": the component 0
FAIL tests/test_text_local.c:1232: round_trips_of_generated_values: check failed: adf_sball_equal_set(x, y) | "{inf: -0.35546875; p=3: 0 + O(3^1); p=5: 595 + O(5^4); p=7: 3 + O(7^1)}": the round trip changed the set
FAIL tests/test_text_local.c:1225: round_trips_of_generated_values: check failed: adf_lball_identical(&x->loc[k], &y->loc[k]) | "{p=2: 0 + O(2^2); p=3: 0 + O(3^1); p=7: 0 + O(7^0); p=65537: 112595144723670 + O(65537^3); p=18446744073709551557: 0 + O(18446744073709551557^1)}": the component 0
FAIL tests/test_text_local.c:1225: round_trips_of_generated_values: check failed: adf_lball_identical(&x->loc[k], &y->loc[k]) | "{p=2: 0 + O(2^2); p=3: 0 + O(3^1); p=7: 0 + O(7^0); p=65537: 112595144723670 + O(65537^3); p=18446744073709551557: 0 + O(18446744073709551557^1)}": the component 4
FAIL tests/test_text_local.c:1232: round_trips_of_generated_values: check failed: adf_sball_equal_set(x, y) | "{p=2: 0 + O(2^2); p=3: 0 + O(3^1); p=7: 0 + O(7^0); p=65537: 112595144723670 + O(65537^3); p=18446744073709551557: 0 + O(18446744073709551557^1)}": the round trip changed the set
FAIL tests/test_text_local.c:1225: round_trips_of_generated_values: check failed: adf_lball_identical(&x->loc[k], &y->loc[k]) | "{inf: 3.625; p=3: 0 + O(3^3)}": the component 0
FAIL tests/test_text_local.c:1232: round_trips_of_generated_values: check failed: adf_sball_equal_set(x, y) | "{inf: 3.625; p=3: 0 + O(3^3)}": the round trip changed the set
FAIL tests/test_text_local.c:1225: round_trips_of_generated_values: check failed: adf_lball_identical(&x->loc[k], &y->loc[k]) | "{p=3: 0 + O(3^1); p=65537: 21811 + O(65537^1); p=18446744073709551557: 0 + O(18446744073709551557^0)}": the component 0
FAIL tests/test_text_local.c:1232: round_trips_of_generated_values: check failed: adf_sball_equal_set(x, y) | "{p=3: 0 + O(3^1); p=65537: 21811 + O(65537^1); p=18446744073709551557: 0 + O(18446744073709551557^0)}": the round trip changed the set
FAIL tests/test_text_local.c:1225: round_trips_of_generated_values: check failed: adf_lball_identical(&x->loc[k], &y->loc[k]) | "{inf: 17664; p=5: 0 + O(5^3); p=65537: 0 + O(65537^0); p=18446744073709551557: 4611686018427387866 + O(18446744073709551557^1)}": the component 0
FAIL tests/test_text_local.c:1232: round_trips_of_generated_values: check failed: adf_sball_equal_set(x, y) | "{inf: 17664; p=5: 0 + O(5^3); p=65537: 0 + O(65537^0); p=18446744073709551557: 4611686018427387866 + O(18446744073709551557^1)}": the round trip changed the set
FAIL tests/test_text_local.c:1225: round_trips_of_generated_values: check failed: adf_lball_identical(&x->loc[k], &y->loc[k]) | "{p=18446744073709551557: 0 + O(18446744073709551557^2)}": the component 0
FAIL tests/test_text_local.c:1232: round_trips_of_generated_values: check failed: adf_sball_equal_set(x, y) | "{p=18446744073709551557: 0 + O(18446744073709551557^2)}": the round trip changed the set
FAIL tests/test_text_local.c:1225: round_trips_of_generated_values: check failed: adf_lball_identical(&x->loc[k], &y->loc[k]) | "{inf: -21888; p=3: 0 + O(3^1); p=5: 0 + O(5^0); p=7: 273 + O(7^3); p=18446744073709551557: 0 + O(18446744073709551557^3)}": the component 3
FAIL tests/test_text_local.c:1232: round_trips_of_generated_values: check failed: adf_sball_equal_set(x, y) | "{inf: -21888; p=3: 0 + O(3^1); p=5: 0 + O(5^0); p=7: 273 + O(7^3); p=18446744073709551557: 0 + O(18446744073709551557^3)}": the round trip changed the set
FAIL tests/test_text_local.c:1225: round_trips_of_generated_values: check failed: adf_lball_identical(&x->loc[k], &y->loc[k]) | "{inf: 20352; p=2: 15/4 + O(2^4); p=3: 0 + O(3^1)}": the component 1
FAIL tests/test_text_local.c:1232: round_trips_of_generated_values: check failed: adf_sball_equal_set(x, y) | "{inf: 20352; p=2: 15/4 + O(2^4); p=3: 0 + O(3^1)}": the round trip changed the set
FAIL tests/test_text_local.c:1225: round_trips_of_generated_values: check failed: adf_lball_identical(&x->loc[k], &y->loc[k]) | "{inf: 1.46875; p=7: 0 + O(7^3)}": the component 0
FAIL tests/test_text_local.c:1232: round_trips_of_generated_values: check failed: adf_sball_equal_set(x, y) | "{inf: 1.46875; p=7: 0 + O(7^3)}": the round trip changed the set
FAIL tests/test_text_local.c:1225: round_trips_of_generated_values: check failed: adf_lball_identical(&x->loc[k], &y->loc[k]) | "{inf: 346; p=18446744073709551557: 0 + O(18446744073709551557^1)}": the component 0
FAIL tests/test_text_local.c:1232: round_trips_of_generated_values: check failed: adf_sball_equal_set(x, y) | "{inf: 346; p=18446744073709551557: 0 + O(18446744073709551557^1)}": the round trip changed the set
FAIL tests/test_text_local.c:1225: round_trips_of_generated_values: check failed: adf_lball_identical(&x->loc[k], &y->loc[k]) | "{p=3: 40/3 + O(3^3); p=5: 0 + O(5^2); p=7: 0 + O(7^2); p=65537: 140743930904613 + O(65537^3); p=18446744073709551557: 0 + O(18446744073709551557^1)}": the component 1
FAIL tests/test_text_local.c:1225: round_trips_of_generated_values: check failed: adf_lball_identical(&x->loc[k], &y->loc[k]) | "{p=3: 40/3 + O(3^3); p=5: 0 + O(5^2); p=7: 0 + O(7^2); p=65537: 140743930904613 + O(65537^3); p=18446744073709551557: 0 + O(18446744073709551557^1)}": the component 2
FAIL tests/test_text_local.c:1225: round_trips_of_generated_values: check failed: adf_lball_identical(&x->loc[k], &y->loc[k]) | "{p=3: 40/3 + O(3^3); p=5: 0 + O(5^2); p=7: 0 + O(7^2); p=65537: 140743930904613 + O(65537^3); p=18446744073709551557: 0 + O(18446744073709551557^1)}": the component 4
FAIL tests/test_text_local.c:1232: round_trips_of_generated_values: check failed: adf_sball_equal_set(x, y) | "{p=3: 40/3 + O(3^3); p=5: 0 + O(5^2); p=7: 0 + O(7^2); p=65537: 140743930904613 + O(65537^3); p=18446744073709551557: 0 + O(18446744073709551557^1)}": the round trip changed the set
FAIL tests/test_text_local.c:1225: round_trips_of_generated_values: check failed: adf_lball_identical(&x->loc[k], &y->loc[k]) | "{p=2: 11 + O(2^4); p=18446744073709551557: 0 + O(18446744073709551557^2)}": the component 1
FAIL tests/test_text_local.c:1232: round_trips_of_generated_values: check failed: adf_sball_equal_set(x, y) | "{p=2: 11 + O(2^4); p=18446744073709551557: 0 + O(18446744073709551557^2)}": the round trip changed the set
FAIL tests/test_text_local.c:1225: round_trips_of_generated_values: check failed: adf_lball_identical(&x->loc[k], &y->loc[k]) | "{inf: 5.46875; p=3: 62 + O(3^4); p=7: 0 + O(7^1)}": the component 1
FAIL tests/test_text_local.c:1232: round_trips_of_generated_values: check failed: adf_sball_equal_set(x, y) | "{inf: 5.46875; p=3: 62 + O(3^4); p=7: 0 + O(7^1)}": the round trip changed the set
FAIL tests/test_text_local.c:1225: round_trips_of_generated_values: check failed: adf_lball_identical(&x->loc[k], &y->loc[k]) | "{inf: 10496; p=2: 2 + O(2^2); p=5: 0 + O(5^1); p=7: 12664 + O(7^5); p=18446744073709551557: 4184734490257787135737206985467705717149598860526605603750 + O(18446744073709551557^3)}": the component 1
FAIL tests/test_text_local.c:1232: round_trips_of_generated_values: check failed: adf_sball_equal_set(x, y) | "{inf: 10496; p=2: 2 + O(2^2); p=5: 0 + O(5^1); p=7: 12664 + O(7^5); p=18446744073709551557: 4184734490257787135737206985467705717149598860526605603750 + O(18446744073709551557^3)}": the round trip changed the set
FAIL tests/test_text_local.c:1225: round_trips_of_generated_values: check failed: adf_lball_identical(&x->loc[k], &y->loc[k]) | "{inf: -0.74609375; p=2: 10 + O(2^5); p=7: 0 + O(7^2); p=65537: 104 + O(65537^2)}": the component 1
FAIL tests/test_text_local.c:1232: round_trips_of_generated_values: check failed: adf_sball_equal_set(x, y) | "{inf: -0.74609375; p=2: 10 + O(2^5); p=7: 0 + O(7^2); p=65537: 104 + O(65537^2)}": the round trip changed the set
FAIL tests/test_text_local.c:1225: round_trips_of_generated_values: check failed: adf_lball_identical(&x->loc[k], &y->loc[k]) | "{p=2: 0 + O(2^2); p=3: 0 + O(3^1); p=5: 27 + O(5^3); p=65537: 0 + O(65537^1); p=18446744073709551557: 6148914691236517201 + O(18446744073709551557^1)}": the component 0
FAIL tests/test_text_local.c:1225: round_trips_of_generated_values: check failed: adf_lball_identical(&x->loc[k], &y->loc[k]) | "{p=2: 0 + O(2^2); p=3: 0 + O(3^1); p=5: 27 + O(5^3); p=65537: 0 + O(65537^1); p=18446744073709551557: 6148914691236517201 + O(18446744073709551557^1)}": the component 1
FAIL tests/test_text_local.c:1225: round_trips_of_generated_values: check failed: adf_lball_identical(&x->loc[k], &y->loc[k]) | "{p=2: 0 + O(2^2); p=3: 0 + O(3^1); p=5: 27 + O(5^3); p=65537: 0 + O(65537^1); p=18446744073709551557: 6148914691236517201 + O(18446744073709551557^1)}": the component 3
FAIL tests/test_text_local.c:1232: round_trips_of_generated_values: check failed: adf_sball_equal_set(x, y) | "{p=2: 0 + O(2^2); p=3: 0 + O(3^1); p=5: 27 + O(5^3); p=65537: 0 + O(65537^1); p=18446744073709551557: 6148914691236517201 + O(18446744073709551557^1)}": the round trip changed the set
FAIL tests/test_text_local.c:1225: round_trips_of_generated_values: check failed: adf_lball_identical(&x->loc[k], &y->loc[k]) | "{inf: 110; p=2: 0 + O(2^3); p=3: 4/3 + O(3^3); p=5: 0 + O(5^2); p=65537: 0 + O(65537^0)}": the component 0
FAIL tests/test_text_local.c:1225: round_trips_of_generated_values: check failed: adf_lball_identical(&x->loc[k], &y->loc[k]) | "{inf: 110; p=2: 0 + O(2^3); p=3: 4/3 + O(3^3); p=5: 0 + O(5^2); p=65537: 0 + O(65537^0)}": the component 2
FAIL tests/test_text_local.c:1232: round_trips_of_generated_values: check failed: adf_sball_equal_set(x, y) | "{inf: 110; p=2: 0 + O(2^3); p=3: 4/3 + O(3^3); p=5: 0 + O(5^2); p=65537: 0 + O(65537^0)}": the round trip changed the set
FAIL tests/test_text_local.c:1225: round_trips_of_generated_values: check failed: adf_lball_identical(&x->loc[k], &y->loc[k]) | "{p=3: 0 + O(3^3); p=7: 0 + O(7^3); p=65537: 52438 + O(65537^1); p=18446744073709551557: 0 + O(18446744073709551557^3)}": the component 0
FAIL tests/test_text_local.c:1225: round_trips_of_generated_values: check failed: adf_lball_identical(&x->loc[k], &y->loc[k]) | "{p=3: 0 + O(3^3); p=7: 0 + O(7^3); p=65537: 52438 + O(65537^1); p=18446744073709551557: 0 + O(18446744073709551557^3)}": the component 1
FAIL tests/test_text_local.c:1225: round_trips_of_generated_values: check failed: adf_lball_identical(&x->loc[k], &y->loc[k]) | "{p=3: 0 + O(3^3); p=7: 0 + O(7^3); p=65537: 52438 + O(65537^1); p=18446744073709551557: 0 + O(18446744073709551557^3)}": the component 3
FAIL tests/test_text_local.c:1232: round_trips_of_generated_values: check failed: adf_sball_equal_set(x, y) | "{p=3: 0 + O(3^3); p=7: 0 + O(7^3); p=65537: 52438 + O(65537^1); p=18446744073709551557: 0 + O(18446744073709551557^3)}": the round trip changed the set
FAIL tests/test_text_local.c:1225: round_trips_of_generated_values: check failed: adf_lball_identical(&x->loc[k], &y->loc[k]) | "{inf: 3232; p=2: 0 + O(2^2); p=3: 89 + O(3^5); p=5: 0 + O(5^2)}": the component 0
FAIL tests/test_text_local.c:1225: round_trips_of_generated_values: check failed: adf_lball_identical(&x->loc[k], &y->loc[k]) | "{inf: 3232; p=2: 0 + O(2^2); p=3: 89 + O(3^5); p=5: 0 + O(5^2)}": the component 2
FAIL tests/test_text_local.c:1232: round_trips_of_generated_values: check failed: adf_sball_equal_set(x, y) | "{inf: 3232; p=2: 0 + O(2^2); p=3: 89 + O(3^5); p=5: 0 + O(5^2)}": the round trip changed the set
FAIL tests/test_text_local.c:1225: round_trips_of_generated_values: check failed: adf_lball_identical(&x->loc[k], &y->loc[k]) | "{p=2: 2 + O(2^2); p=7: 0 + O(7^1)}": the component 1
FAIL tests/test_text_local.c:1232: round_trips_of_generated_values: check failed: adf_sball_equal_set(x, y) | "{p=2: 2 + O(2^2); p=7: 0 + O(7^1)}": the round trip changed the set
FAIL tests/test_text_local.c:1225: round_trips_of_generated_values: check failed: adf_lball_identical(&x->loc[k], &y->loc[k]) | "{p=2: 15/2 + O(2^3); p=65537: 0 + O(65537^3)}": the component 1
FAIL tests/test_text_local.c:1232: round_trips_of_generated_values: check failed: adf_sball_equal_set(x, y) | "{p=2: 15/2 + O(2^3); p=65537: 0 + O(65537^3)}": the round trip changed the set
FAIL tests/test_text_local.c:1225: round_trips_of_generated_values: check failed: adf_lball_identical(&x->loc[k], &y->loc[k]) | "{p=3: 0 + O(3^1); p=7: 2 + O(7^1)}": the component 0
FAIL tests/test_text_local.c:1232: round_trips_of_generated_values: check failed: adf_sball_equal_set(x, y) | "{p=3: 0 + O(3^1); p=7: 2 + O(7^1)}": the round trip changed the set
FAIL tests/test_text_local.c:1225: round_trips_of_generated_values: check failed: adf_lball_identical(&x->loc[k], &y->loc[k]) | "{p=3: 1 + O(3^1); p=5: 0 + O(5^1); p=18446744073709551557: 4184734490257787135737206985467705717149598860526605603735 + O(18446744073709551557^3)}": the component 1
FAIL tests/test_text_local.c:1232: round_trips_of_generated_values: check failed: adf_sball_equal_set(x, y) | "{p=3: 1 + O(3^1); p=5: 0 + O(5^1); p=18446744073709551557: 4184734490257787135737206985467705717149598860526605603735 + O(18446744073709551557^3)}": the round trip changed the set
FAIL tests/test_text_local.c:1225: round_trips_of_generated_values: check failed: adf_lball_identical(&x->loc[k], &y->loc[k]) | "{p=65537: 0 + O(65537^1)}": the component 0
FAIL tests/test_text_local.c:1232: round_trips_of_generated_values: check failed: adf_sball_equal_set(x, y) | "{p=65537: 0 + O(65537^1)}": the round trip changed the set
FAIL tests/test_text_local.c:1225: round_trips_of_generated_values: check failed: adf_lball_identical(&x->loc[k], &y->loc[k]) | "{p=2: 5/4 + O(2^1); p=3: 0 + O(3^2); p=5: 49 + O(5^4); p=7: 196 + O(7^3); p=18446744073709551557: 0 + O(18446744073709551557^1)}": the component 1
FAIL tests/test_text_local.c:1225: round_trips_of_generated_values: check failed: adf_lball_identical(&x->loc[k], &y->loc[k]) | "{p=2: 5/4 + O(2^1); p=3: 0 + O(3^2); p=5: 49 + O(5^4); p=7: 196 + O(7^3); p=18446744073709551557: 0 + O(18446744073709551557^1)}": the component 4
FAIL tests/test_text_local.c:1232: round_trips_of_generated_values: check failed: adf_sball_equal_set(x, y) | "{p=2: 5/4 + O(2^1); p=3: 0 + O(3^2); p=5: 49 + O(5^4); p=7: 196 + O(7^3); p=18446744073709551557: 0 + O(18446744073709551557^1)}": the round trip changed the set
FAIL tests/test_text_local.c:1225: round_trips_of_generated_values: check failed: adf_lball_identical(&x->loc[k], &y->loc[k]) | "{inf: 688; p=5: 0 + O(5^3)}": the component 0
FAIL tests/test_text_local.c:1232: round_trips_of_generated_values: check failed: adf_sball_equal_set(x, y) | "{inf: 688; p=5: 0 + O(5^3)}": the round trip changed the set
FAIL tests/test_text_local.c:1225: round_trips_of_generated_values: check failed: adf_lball_identical(&x->loc[k], &y->loc[k]) | "{inf: -2560; p=2: 0 + O(2^2); p=3: 0 + O(3^3); p=5: 0 + O(5^2); p=65537: 0 + O(65537^2)}": the component 0
FAIL tests/test_text_local.c:1225: round_trips_of_generated_values: check failed: adf_lball_identical(&x->loc[k], &y->loc[k]) | "{inf: -2560; p=2: 0 + O(2^2); p=3: 0 + O(3^3); p=5: 0 + O(5^2); p=65537: 0 + O(65537^2)}": the component 1
FAIL tests/test_text_local.c:1225: round_trips_of_generated_values: check failed: adf_lball_identical(&x->loc[k], &y->loc[k]) | "{inf: -2560; p=2: 0 + O(2^2); p=3: 0 + O(3^3); p=5: 0 + O(5^2); p=65537: 0 + O(65537^2)}": the component 2
FAIL tests/test_text_local.c:1225: round_trips_of_generated_values: check failed: adf_lball_identical(&x->loc[k], &y->loc[k]) | "{inf: -2560; p=2: 0 + O(2^2); p=3: 0 + O(3^3); p=5: 0 + O(5^2); p=65537: 0 + O(65537^2)}": the component 3
FAIL tests/test_text_local.c:1232: round_trips_of_generated_values: check failed: adf_sball_equal_set(x, y) | "{inf: -2560; p=2: 0 + O(2^2); p=3: 0 + O(3^3); p=5: 0 + O(5^2); p=65537: 0 + O(65537^2)}": the round trip changed the set
FAIL tests/test_text_local.c:1225: round_trips_of_generated_values: check failed: adf_lball_identical(&x->loc[k], &y->loc[k]) | "{p=2: 9/2 + O(2^4); p=5: 1602 + O(5^5); p=7: 0 + O(7^2); p=65537: 806012037433193626380982 + O(65537^5); p=18446744073709551557: 2135987035920910048236355381161274683155175353604076643487703594762915519848797370936624911949553 + O(18446744073709551557^5)}": the component 2
FAIL tests/test_text_local.c:1232: round_trips_of_generated_values: check failed: adf_sball_equal_set(x, y) | "{p=2: 9/2 + O(2^4); p=5: 1602 + O(5^5); p=7: 0 + O(7^2); p=65537: 806012037433193626380982 + O(65537^5); p=18446744073709551557: 2135987035920910048236355381161274683155175353604076643487703594762915519848797370936624911949553 + O(18446744073709551557^5)}": the round trip changed the set
FAIL tests/test_text_local.c:1225: round_trips_of_generated_values: check failed: adf_lball_identical(&x->loc[k], &y->loc[k]) | "{inf: 1.75; p=3: 0 + O(3^2); p=5: 0 + O(5^2); p=18446744073709551557: 15372286728091293012 + O(18446744073709551557^1)}": the component 0
FAIL tests/test_text_local.c:1225: round_trips_of_generated_values: check failed: adf_lball_identical(&x->loc[k], &y->loc[k]) | "{inf: 1.75; p=3: 0 + O(3^2); p=5: 0 + O(5^2); p=18446744073709551557: 15372286728091293012 + O(18446744073709551557^1)}": the component 1
FAIL tests/test_text_local.c:1232: round_trips_of_generated_values: check failed: adf_sball_equal_set(x, y) | "{inf: 1.75; p=3: 0 + O(3^2); p=5: 0 + O(5^2); p=18446744073709551557: 15372286728091293012 + O(18446744073709551557^1)}": the round trip changed the set
FAIL tests/test_text_local.c:1225: round_trips_of_generated_values: check failed: adf_lball_identical(&x->loc[k], &y->loc[k]) | "{inf: -1456; p=3: 0 + O(3^1)}": the component 0
FAIL tests/test_text_local.c:1232: round_trips_of_generated_values: check failed: adf_sball_equal_set(x, y) | "{inf: -1456; p=3: 0 + O(3^1)}": the round trip changed the set
FAIL tests/test_text_local.c:1225: round_trips_of_generated_values: check failed: adf_lball_identical(&x->loc[k], &y->loc[k]) | "{p=2: 0 + O(2^1); p=3: 0 + O(3^2); p=5: 4 + O(5^1); p=7: 1 + O(7^1); p=18446744073709551557: 272225893536750769029327045387232899368 + O(18446744073709551557^2)}": the component 0
FAIL tests/test_text_local.c:1225: round_trips_of_generated_values: check failed: adf_lball_identical(&x->loc[k], &y->loc[k]) | "{p=2: 0 + O(2^1); p=3: 0 + O(3^2); p=5: 4 + O(5^1); p=7: 1 + O(7^1); p=18446744073709551557: 272225893536750769029327045387232899368 + O(18446744073709551557^2)}": the component 1
FAIL tests/test_text_local.c:1232: round_trips_of_generated_values: check failed: adf_sball_equal_set(x, y) | "{p=2: 0 + O(2^1); p=3: 0 + O(3^2); p=5: 4 + O(5^1); p=7: 1 + O(7^1); p=18446744073709551557: 272225893536750769029327045387232899368 + O(18446744073709551557^2)}": the round trip changed the set
FAIL tests/test_text_local.c:1225: round_trips_of_generated_values: check failed: adf_lball_identical(&x->loc[k], &y->loc[k]) | "{p=3: 6 + O(3^2); p=5: 0 + O(5^3); p=7: 35 + O(7^2); p=65537: 0 + O(65537^1); p=18446744073709551557: 1255420347077336140721162095640311715144879658157981681104 + O(18446744073709551557^3)}": the component 1
FAIL tests/test_text_local.c:1225: round_trips_of_generated_values: check failed: adf_lball_identical(&x->loc[k], &y->loc[k]) | "{p=3: 6 + O(3^2); p=5: 0 + O(5^3); p=7: 35 + O(7^2); p=65537: 0 + O(65537^1); p=18446744073709551557: 1255420347077336140721162095640311715144879658157981681104 + O(18446744073709551557^3)}": the component 3
FAIL tests/test_text_local.c:1232: round_trips_of_generated_values: check failed: adf_sball_equal_set(x, y) | "{p=3: 6 + O(3^2); p=5: 0 + O(5^3); p=7: 35 + O(7^2); p=65537: 0 + O(65537^1); p=18446744073709551557: 1255420347077336140721162095640311715144879658157981681104 + O(18446744073709551557^3)}": the round trip changed the set
FAIL round_trips_of_generated_values (tests/test_text_local.c:1101, 3400 failed checks)
ok   hostile_input
ok   the_order_of_the_stages
ok   printer_bounds_and_digits
10 tests, 68863 checks, 3648 failed checks, 3 failed tests
